{
  "results": [
    {
      "command": "3.0.5",
      "mean": 1.0153206133000001,
      "stddev": 0.03666295141839181,
      "median": 1.0102188177000002,
      "user": 3.44300216,
      "system": 0.09877413999999998,
      "min": 0.9568668832000001,
      "max": 1.0612520972000001,
      "times": [
        1.0003216622,
        1.0612520972000001,
        1.0595703782,
        1.0371332422000001,
        1.0538505162,
        1.0126115952,
        0.9738707932000001,
        0.9568668832000001,
        0.9899029252000001,
        1.0078260402
      ],
      "exit_codes": [
        0,
        0,
        0,
        0,
        0,
        0,
        0,
        0,
        0,
        0
      ],
      "parameters": {
        "VERSION": "3.0.5"
      }
    },
    {
      "command": "3.1.1",
      "mean": 1.1065038139,
      "stddev": 0.04739849560702867,
      "median": 1.0959942962,
      "user": 3.719387259999999,
      "system": 0.10827313999999999,
      "min": 1.0649747682000001,
      "max": 1.2328156532,
      "times": [
        1.1130727432,
        1.0964317662,
        1.0776322412000001,
        1.2328156532,
        1.1146574442000001,
        1.0868736372,
        1.1079561362,
        1.0649747682000001,
        1.0955568262,
        1.0750669232
      ],
      "exit_codes": [
        0,
        0,
        0,
        0,
        0,
        0,
        0,
        0,
        0,
        0
      ],
      "parameters": {
        "VERSION": "3.1.1"
      }
    },
    {
      "command": "3.2.5",
      "mean": 1.163322331,
      "stddev": 0.026192641336143355,
      "median": 1.1630077387000002,
      "user": 4.02159336,
      "system": 0.12769544000000002,
      "min": 1.1283004442,
      "max": 1.2204264932,
      "times": [
        1.1628953862,
        1.1613633832,
        1.1470145602000001,
        1.1631200912000002,
        1.1283004442,
        1.1668723902,
        1.1674106572,
        1.1836894322,
        1.1321304722,
        1.2204264932
      ],
      "exit_codes": [
        0,
        0,
        0,
        0,
        0,
        0,
        0,
        0,
        0,
        0
      ],
      "parameters": {
        "VERSION": "3.2.5"
      }
    },
    {
      "command": "3.3.9",
      "mean": 1.2289830773000001,
      "stddev": 0.026359125895055038,
      "median": 1.2241321632000002,
      "user": 4.34202236,
      "system": 0.15889543999999997,
      "min": 1.1776325202,
      "max": 1.2640238272,
      "times": [
        1.2163174932,
        1.1776325202,
        1.2254875502,
        1.2640238272,
        1.2180528912000002,
        1.2495834372,
        1.2576191642,
        1.2090016802,
        1.2227767762000001,
        1.2493354332000002
      ],
      "exit_codes": [
        0,
        0,
        0,
        0,
        0,
        0,
        0,
        0,
        0,
        0
      ],
      "parameters": {
        "VERSION": "3.3.9"
      }
    },
    {
      "command": "3.5.4",
      "mean": 1.2559090413,
      "stddev": 0.012905452085632367,
      "median": 1.2552919642,
      "user": 4.405972660000001,
      "system": 0.21220754,
      "min": 1.2359568672,
      "max": 1.2792835982000001,
      "times": [
        1.2359568672,
        1.2562003172,
        1.2478889872,
        1.2543836112000002,
        1.2566703662,
        1.2706284982,
        1.2444466222000001,
        1.2651070522,
        1.2485244932000001,
        1.2792835982000001
      ],
      "exit_codes": [
        0,
        0,
        0,
        0,
        0,
        0,
        0,
        0,
        0,
        0
      ],
      "parameters": {
        "VERSION": "3.5.4"
      }
    },
    {
      "command": "3.6.3",
      "mean": 1.2310909951000002,
      "stddev": 0.03418914293801352,
      "median": 1.2231522522,
      "user": 4.28266616,
      "system": 0.20376624000000004,
      "min": 1.1870064322,
      "max": 1.2935747022,
      "times": [
        1.1931001362,
        1.2123532892,
        1.2301426082,
        1.2161618962,
        1.1870064322,
        1.2561990862,
        1.2935747022,
        1.2681191492000001,
        1.2095011582000001,
        1.2447514932000001
      ],
      "exit_codes": [
        0,
        0,
        0,
        0,
        0,
        0,
        0,
        0,
        0,
        0
      ],
      "parameters": {
        "VERSION": "3.6.3"
      }
    },
    {
      "command": "3.8.1",
      "mean": 1.259646944,
      "stddev": 0.032408787366385056,
      "median": 1.2640988507,
      "user": 4.382596959999999,
      "system": 0.18806084,
      "min": 1.2082584182,
      "max": 1.3262502012000001,
      "times": [
        1.2082584182,
        1.3262502012000001,
        1.2690446762,
        1.2333531902000001,
        1.2739422982000002,
        1.2591530252,
        1.2767890092,
        1.2298290762000001,
        1.2701424302,
        1.2497071152
      ],
      "exit_codes": [
        0,
        0,
        0,
        0,
        0,
        0,
        0,
        0,
        0,
        0
      ],
      "parameters": {
        "VERSION": "3.8.1"
      }
    },
    {
      "command": "3.8.2",
      "mean": 1.1988566368,
      "stddev": 0.048605942400159995,
      "median": 1.1885506702000002,
      "user": 4.176155159999999,
      "system": 0.10594914,
      "min": 1.1390142052,
      "max": 1.2744697752,
      "times": [
        1.1936460812,
        1.2684409912,
        1.2163668722,
        1.1413834382,
        1.2352743032,
        1.1632862972,
        1.2744697752,
        1.1390142052,
        1.1732291452,
        1.1834552592
      ],
      "exit_codes": [
        0,
        0,
        0,
        0,
        0,
        0,
        0,
        0,
        0,
        0
      ],
      "parameters": {
        "VERSION": "3.8.2"
      }
    },
    {
      "command": "3.8.3",
      "mean": 1.1756152764999999,
      "stddev": 0.029341975682904146,
      "median": 1.1736178417,
      "user": 4.000956759999999,
      "system": 0.10847314,
      "min": 1.1300252322,
      "max": 1.2239122092,
      "times": [
        1.1917261682,
        1.1842523092000001,
        1.2239122092,
        1.1300252322,
        1.1557757092,
        1.1584980832,
        1.2155590812000001,
        1.1762467122,
        1.1709889712000001,
        1.1491682892000001
      ],
      "exit_codes": [
        0,
        0,
        0,
        0,
        0,
        0,
        0,
        0,
        0,
        0
      ],
      "parameters": {
        "VERSION": "3.8.3"
      }
    },
    {
      "command": "3.8.4",
      "mean": 1.1752959451,
      "stddev": 0.02910699849078473,
      "median": 1.1731544472,
      "user": 4.03493536,
      "system": 0.11391043999999997,
      "min": 1.1324671922,
      "max": 1.2166707852,
      "times": [
        1.1603541382,
        1.2107722372,
        1.1836964022,
        1.1466709592000002,
        1.1491835092,
        1.2166707852,
        1.1324671922,
        1.1764125182,
        1.2068353332000001,
        1.1698963762
      ],
      "exit_codes": [
        0,
        0,
        0,
        0,
        0,
        0,
        0,
        0,
        0,
        0
      ],
      "parameters": {
        "VERSION": "3.8.4"
      }
    },
    {
      "command": "3.8.5",
      "mean": 1.177035477,
      "stddev": 0.0192983100676943,
      "median": 1.1801451742000002,
      "user": 4.08313056,
      "system": 0.11580974,
      "min": 1.1434974152000001,
      "max": 1.2087951042,
      "times": [
        1.1859437392,
        1.1924110312,
        1.2087951042,
        1.1743466092000001,
        1.1897927762,
        1.1617769132,
        1.1873829642,
        1.1609573132,
        1.1434974152000001,
        1.1654509042
      ],
      "exit_codes": [
        0,
        0,
        0,
        0,
        0,
        0,
        0,
        0,
        0,
        0
      ],
      "parameters": {
        "VERSION": "3.8.5"
      }
    },
    {
      "command": "3.8.6",
      "mean": 1.1648998727,