{
  "results": [
    {
      "command": "3.0.5",
      "mean": 0.9821412914,
      "stddev": 0.016997301715329205,
      "median": 0.9836874551000001,
      "user": 3.3533026,
      "system": 0.17052853999999998,
      "min": 0.9540003946000001,
      "max": 1.0132642376,
      "times": [
        0.9873087696,
        0.9787796716,
        0.9540003946000001,
        0.9933930656000001,
        0.9945937076000001,
        0.9865475486,
        0.9664687506,
        1.0132642376,
        0.9808273616000001,
        0.9662294066
      ],
      "exit_codes": [
        0,
        0,
        0,
        0,
        0,
        0,
        0,
        0,
        0,
        0
      ],
      "parameters": {
        "VERSION": "3.0.5"
      }
    },
    {
      "command": "3.1.1",
      "mean": 1.0675824815000001,
      "stddev": 0.017962728325415803,
      "median": 1.0711452521,
      "user": 3.6468509000000005,
      "system": 0.17807704,
      "min": 1.0405949826,
      "max": 1.0909714456000001,
      "times": [
        1.0549424846000002,
        1.0820697356000002,
        1.0565116366,
        1.0842711936,
        1.0909714456000001,
        1.0673504516,
        1.0749400526000001,
        1.0813638616,
        1.0405949826,
        1.0428089706
      ],
      "exit_codes": [
        0,
        0,
        0,
        0,
        0,
        0,
        0,
        0,
        0,
        0
      ],
      "parameters": {
        "VERSION": "3.1.1"
      }
    },
    {
      "command": "3.2.5",
      "mean": 1.1080110984,
      "stddev": 0.02569580415383734,
      "median": 1.1060360351000003,
      "user": 3.8410317,
      "system": 0.18504384,
      "min": 1.0685050046000002,
      "max": 1.1518305596,
      "times": [
        1.1371365566,
        1.1072629116000001,
        1.1128858886000002,
        1.0685050046000002,
        1.1048091586000002,
        1.0772727086,
        1.1272769386000001,
        1.0971596286,
        1.1518305596,
        1.0959716286
      ],
      "exit_codes": [
        0,
        0,
        0,
        0,
        0,
        0,
        0,
        0,
        0,
        0
      ],
      "parameters": {
        "VERSION": "3.2.5"
      }
    },
    {
      "command": "3.3.9",
      "mean": 1.1269011301000003,
      "stddev": 0.013683026174725518,
      "median": 1.1301844506,
      "user": 3.8502129,
      "system": 0.19785493999999998,
      "min": 1.1057124976000001,
      "max": 1.1492581606,
      "times": [
        1.1330757216,
        1.1057124976000001,
        1.1347276446,
        1.1492581606,
        1.1293641106,
        1.1386367916000002,
        1.1149182206000001,
        1.1090242396,
        1.1310047906,
        1.1232891236000002
      ],
      "exit_codes": [
        0,
        0,
        0,
        0,
        0,
        0,
        0,
        0,
        0,
        0
      ],
      "parameters": {
        "VERSION": "3.3.9"
      }
    },
    {
      "command": "3.5.4",
      "mean": 1.1933550150000003,
      "stddev": 0.023407246525048074,
      "median": 1.1879141041,
      "user": 4.073456000000001,
      "system": 0.31103804,
      "min": 1.1637751686000002,
      "max": 1.2239467596,
      "times": [
        1.2221818816,
        1.2063343956,
        1.1870792486000001,
        1.2219926056000001,
        1.1887489596,
        1.1637751686000002,
        1.1699054946,
        1.2239467596,
        1.1755395106000002,
        1.1740461256
      ],
      "exit_codes": [
        0,
        0,
        0,
        0,
        0,
        0,
        0,
        0,
        0,
        0
      ],
      "parameters": {
        "VERSION": "3.5.4"
      }
    },
    {
      "command": "3.6.3",
      "mean": 1.1317748372,
      "stddev": 0.016578126978376583,
      "median": 1.1369605411,
      "user": 3.7749835999999997,
      "system": 0.28231434,
      "min": 1.1054692436000002,
      "max": 1.1492035426,
      "times": [
        1.1461147346,
        1.1492035426,
        1.1054692436000002,
        1.1224623726,
        1.1133808066000002,
        1.1150551576,
        1.1463319596000001,
        1.1297197516000002,
        1.1458094726,
        1.1442013306
      ],
      "exit_codes": [
        0,
        0,
        0,
        0,
        0,
        0,
        0,
        0,
        0,
        0
      ],
      "parameters": {
        "VERSION": "3.6.3"
      }
    },
    {
      "command": "3.8.1",
      "mean": 1.1568706194,
      "stddev": 0.034151771923218215,
      "median": 1.1617505411,
      "user": 3.8595195999999996,
      "system": 0.31615224,
      "min": 1.1100724846,
      "max": 1.2011227486,
      "times": [
        1.1916154516000002,
        1.1889794846000001,
        1.1513273716,
        1.1800806936000001,
        1.2011227486,
        1.1238157216000002,
        1.1100724846,
        1.1160395036000001,
        1.1334790236,
        1.1721737106
      ],
      "exit_codes": [
        0,
        0,
        0,
        0,
        0,
        0,
        0,
        0,
        0,
        0
      ],
      "parameters": {
        "VERSION": "3.8.1"
      }
    },
    {
      "command": "3.8.2",
      "mean": 1.0887831218000001,
      "stddev": 0.037369268522597435,
      "median": 1.0836615976,
      "user": 3.6242834999999998,
      "system": 0.16974654,
      "min": 1.0249587316000002,
      "max": 1.1699009946,
      "times": [
        1.0894160116,
        1.0940460926000002,
        1.1145139396000001,
        1.0655573446000002,
        1.0249587316000002,
        1.0735311866000001,
        1.0760792366,
        1.0779071836,
        1.1699009946,
        1.1019204966
      ],
      "exit_codes": [
        0,
        0,
        0,
        0,
        0,
        0,
        0,
        0,
        0,
        0
      ],
      "parameters": {
        "VERSION": "3.8.2"
      }
    },
    {
      "command": "3.8.3",
      "mean": 1.047930136,
      "stddev": 0.023977575151667836,
      "median": 1.0572235856,
      "user": 3.4634880000000003,
      "system": 0.15461684,
      "min": 1.0053952226,
      "max": 1.0790078176000002,
      "times": [
        1.0524390636,
        1.0391173676,
        1.0202385636000002,
        1.0640987486000002,
        1.0657299306,
        1.0053952226,
        1.0790078176000002,
        1.0620081076,
        1.0263011696000002,
        1.0649653686
      ],
      "exit_codes": [
        0,
        0,
        0,
        0,
        0,
        0,
        0,
        0,
        0,
        0
      ],
      "parameters": {
        "VERSION": "3.8.3"
      }
    },
    {
      "command": "3.8.4",
      "mean": 1.0496018359000003,
      "stddev": 0.024304287747209188,
      "median": 1.0443689046000002,
      "user": 3.5161659,
      "system": 0.16487954,
      "min": 1.0208314686000002,
      "max": 1.1051043816000001,
      "times": [
        1.0662683876,
        1.0260392276,
        1.1051043816000001,
        1.0630322636,
        1.0340925566,
        1.0470709506,
        1.0513497796000002,
        1.0416668586000002,
        1.0208314686000002,
        1.0405624846000001
      ],
      "exit_codes": [
        0,
        0,
        0,
        0,
        0,
        0,
        0,
        0,
        0,
        0
      ],
      "parameters": {
        "VERSION": "3.8.4"
      }
    },
    {
      "command": "3.8.5",
      "mean": 1.0537638474000002,
      "stddev": 0.02914608491083023,
      "median": 1.0450153186,
      "user": 3.4596857,
      "system": 0.16137114,
      "min": 1.0092590926,
      "max": 1.1133871566000002,
      "times": [
        1.0385799106000002,
        1.0380572026000001,
        1.0732967616000002,
        1.0598175086000001,
        1.0484952566,
        1.0415353806,
        1.0800505926000001,
        1.1133871566000002,
        1.0351596116000001,
        1.0092590926
      ],
      "exit_codes": [
        0,
        0,
        0,
        0,
        0,
        0,
        0,
        0,
        0,
        0
      ],