{
  "results": [
    {
      "command": "3.0.5",
      "mean": 0.7539880433,
      "stddev": 0.01948049390530122,
      "median": 0.7490292748,
      "user": 2.34457288,
      "system": 0.09514628,
      "min": 0.7258228438000001,
      "max": 0.7928986378,
      "times": [
        0.7411312848,
        0.7439865858000001,
        0.7719974618000001,
        0.7258228438000001,
        0.7444995238000001,
        0.7535590258000001,
        0.7562644698000001,
        0.7403429038000001,
        0.7693776958,
        0.7928986378
      ],
      "exit_codes": [
        0,
        0,
        0,
        0,
        0,
        0,
        0,
        0,
        0,
        0
      ],
      "parameters": {
        "VERSION": "3.0.5"
      }
    },
    {
      "command": "3.6.3",
      "mean": 0.8535744987000001,
      "stddev": 0.01875636770808582,
      "median": 0.8498124023000001,
      "user": 2.79665928,
      "system": 0.11346817999999999,
      "min": 0.8182447378000001,
      "max": 0.8881004048000001,
      "times": [
        0.8475970008000001,
        0.8619878638,
        0.8468032708000001,
        0.8182447378000001,
        0.8659953878000001,
        0.8881004048000001,
        0.8675864088,
        0.8514095988000001,
        0.8482152058000001,
        0.8398051078000001
      ],
      "exit_codes": [
        0,
        0,
        0,
        0,
        0,
        0,
        0,
        0,
        0,
        0
      ],
      "parameters": {
        "VERSION": "3.6.3"
      }
    },
    {
      "command": "3.8.8",
      "mean": 0.8431047616,
      "stddev": 0.019864878933556544,
      "median": 0.8341367693,
      "user": 2.73915248,
      "system": 0.08472158,
      "min": 0.8221601528000001,
      "max": 0.8731237258000001,
      "times": [
        0.8296591728000001,
        0.8225741828,
        0.8690866918000001,
        0.8731237258000001,
        0.8565551848,
        0.8221601528000001,
        0.8362512838,
        0.8618053088000001,
        0.8278096578,
        0.8320222548
      ],
      "exit_codes": [
        0,
        0,
        0,
        0,
        0,
        0,
        0,
        0,
        0,
        0
      ],
      "parameters": {
        "VERSION": "3.8.8"
      }
    },
    {
      "command": "3.9.4",
      "mean": 1.0280440151,
      "stddev": 0.023903263507700896,
      "median": 1.0226215848,
      "user": 3.3699623799999996,
      "system": 0.09260117999999999,
      "min": 0.9991935088000001,
      "max": 1.0729789418,
      "times": [
        1.0729789418,
        1.0428082488,
        1.0021618278,
        1.0599191358,
        1.0129272178,
        1.0181128538,
        1.0227796707999999,
        0.9991935088000001,
        1.0270952467999999,
        1.0224634987999999
      ],
      "exit_codes": [
        0,
        0,
        0,
        0,
        0,
        0,
        0,
        0,
        0,
        0
      ],
      "parameters": {
        "VERSION": "3.9.4"
      }
    },
    {
      "command": "3.9.5",
      "mean": 1.0238025988,
      "stddev": 0.0144247491958479,
      "median": 1.0231178223,
      "user": 3.36109898,
      "system": 0.11030537999999998,
      "min": 1.0039350748,
      "max": 1.0472596807999999,
      "times": [
        1.0144892598,
        1.0452196197999999,
        1.0472596807999999,
        1.0200406357999998,
        1.0058139287999999,
        1.0216044888,
        1.0251246647999999,
        1.0299074788,
        1.0246311557999999,
        1.0039350748
      ],
      "exit_codes": [
        0,
        0,
        0,
        0,
        0,
        0,
        0,
        0,
        0,
        0
      ],
      "parameters": {
        "VERSION": "3.9.5"
      }
    },
    {
      "command": "4.0.0-alpha-7",
      "mean": 1.2905607272999997,
      "stddev": 0.02488279517056757,
      "median": 1.2871809318,
      "user": 4.220151979999999,
      "system": 0.11902318,
      "min": 1.2522899418,
      "max": 1.3423717228,
      "times": [
        1.2826837707999998,
        1.2834838607999999,
        1.2774233767999998,
        1.2522899418,
        1.2983089937999999,
        1.3423717228,
        1.3061637248,
        1.2908780028,
        1.2660836588,
        1.3059202198
      ],
      "exit_codes": [
        0,
        0,
        0,
        0,
        0,
        0,
        0,
        0,
        0,
        0
      ],
      "parameters": {
        "VERSION": "4.0.0-alpha-7"
      }
    },
    {
      "command": "4.0.0-alpha-8",
      "mean": 1.3594178149,
      "stddev": 0.018778097237310706,
      "median": 1.3537758078,
      "user": 4.579260779999999,
      "system": 0.12260008,
      "min": 1.3305474277999998,
      "max": 1.3971271128,
      "times": [
        1.3718900418,
        1.3563346667999998,
        1.3714062928,
        1.3501518148,
        1.3710134027999998,
        1.3305474277999998,
        1.3436842208,
        1.3508062198,
        1.3971271128,
        1.3512169487999999
      ],
      "exit_codes": [
        0,
        0,
        0,
        0,
        0,
        0,
        0,
        0,
        0,
        0
      ],
      "parameters": {
        "VERSION": "4.0.0-alpha-8"
      }
    }
  ]
}
