{
  "results": [
    {
      "command": "3.0.5",
      "mean": 0.8184491479799998,
      "stddev": 0.015777897701033362,
      "median": 0.8221515378800001,
      "user": 2.4866320200000005,
      "system": 0.13382036,
      "min": 0.79161905938,
      "max": 0.83634547138,
      "times": [
        0.81491764438,
        0.7972196513800001,
        0.80620893538,
        0.83486014538,
        0.79161905938,
        0.83634547138,
        0.8249639923800001,
        0.8206209733800001,
        0.83405350438,
        0.8236821023800001
      ],
      "exit_codes": [
        0,
        0,
        0,
        0,
        0,
        0,
        0,
        0,
        0,
        0
      ],
      "parameters": {
        "VERSION": "3.0.5"
      }
    },
    {
      "command": "3.6.3",
      "mean": 1.0939758966800002,
      "stddev": 0.023610449674320105,
      "median": 1.0924789963800001,
      "user": 3.5642024199999995,
      "system": 0.26379446,
      "min": 1.05872526238,
      "max": 1.1298530553800001,
      "times": [
        1.1298530553800001,
        1.1174162623800001,
        1.1135760113800002,
        1.05872526238,
        1.10958930238,
        1.09037117538,
        1.07432702338,
        1.08659552138,
        1.0945868173800002,
        1.0647185353800002
      ],
      "exit_codes": [
        0,
        0,
        0,
        0,
        0,
        0,
        0,
        0,
        0,
        0
      ],
      "parameters": {
        "VERSION": "3.6.3"
      }
    },
    {
      "command": "3.8.8",
      "mean": 1.0144162787800002,
      "stddev": 0.022082707580053523,
      "median": 1.01509892238,
      "user": 3.2811360199999995,
      "system": 0.15259586,
      "min": 0.9899395063800001,
      "max": 1.05453176938,
      "times": [
        1.01143024138,
        1.0396492323800002,
        0.9911339193800001,
        0.9983120023800001,
        1.02583478038,
        0.99175288438,
        1.05453176938,
        1.02281084838,
        0.9899395063800001,
        1.0187676033800002
      ],
      "exit_codes": [
        0,
        0,
        0,
        0,
        0,
        0,
        0,
        0,
        0,
        0
      ],
      "parameters": {
        "VERSION": "3.8.8"
      }
    },
    {
      "command": "3.9.9",
      "mean": 1.2416015471800002,
      "stddev": 0.034244429619443996,
      "median": 1.2413283703800002,
      "user": 4.04617322,
      "system": 0.15690146,
      "min": 1.1833501153800001,
      "max": 1.30228295738,
      "times": [
        1.2506813353800001,
        1.1833501153800001,
        1.2236093973800002,
        1.24386046238,
        1.30228295738,
        1.2181748833800001,
        1.2387962783800002,
        1.28326451538,
        1.21712824738,
        1.25486727938
      ],
      "exit_codes": [
        0,
        0,
        0,
        0,
        0,
        0,
        0,
        0,
        0,
        0
      ],
      "parameters": {
        "VERSION": "3.9.9"
      }
    },
    {
      "command": "4.0.0-alpha-13",
      "mean": 1.70989086308,
      "stddev": 0.035036541587828755,
      "median": 1.70464381238,
      "user": 7.033501920000001,
      "system": 0.28398895999999996,
      "min": 1.66332460838,
      "max": 1.7791299923800001,
      "times": [
        1.7791299923800001,
        1.6910922293800001,
        1.7303700743800001,
        1.6881159973800002,
        1.7231238113800003,
        1.67984670738,
        1.6839211033800001,
        1.66332460838,
        1.71819539538,
        1.7417887113800001
      ],
      "exit_codes": [
        0,
        0,
        0,
        0,
        0,
        0,
        0,
        0,
        0,
        0
      ],
      "parameters": {
        "VERSION": "4.0.0-alpha-13"
      }
    },
    {
      "command": "4.0.0-beta-3",
      "mean": 1.74457186108,
      "stddev": 0.03682508143584731,
      "median": 1.73026074288,
      "user": 6.759597619999999,
      "system": 0.28379706000000005,
      "min": 1.6972303973800003,
      "max": 1.80641373438,
      "times": [
        1.72201930638,
        1.80641373438,
        1.6972303973800003,
        1.77514312438,
        1.7953699493800002,
        1.7538756933800002,
        1.7244649813800002,
        1.7106799383800002,
        1.73602077538,
        1.72450071038
      ],
      "exit_codes": [
        0,
        0,
        0,
        0,
        0,
        0,
        0,
        0,
        0,
        0
      ],
      "parameters": {
        "VERSION": "4.0.0-beta-3"
      }
    },
    {
      "command": "4.0.0-beta-4",
      "mean": 1.8314937385800003,
      "stddev": 0.03986509523958624,
      "median": 1.82694281738,
      "user": 7.279636919999999,
      "system": 0.29231466,
      "min": 1.76943283638,
      "max": 1.9013751893800002,
      "times": [
        1.88963405938,
        1.8285401753800001,
        1.81567499138,
        1.82537682838,
        1.8084304183800002,
        1.7991052233800002,
        1.8285088063800001,
        1.8488588573800002,
        1.76943283638,
        1.9013751893800002
      ],
      "exit_codes": [
        0,
        0,
        0,
        0,
        0,
        0,
        0,
        0,
        0,
        0
      ],
      "parameters": {
        "VERSION": "4.0.0-beta-4"
      }
    }
  ]
}
