{
  "results": [
    {
      "command": "3.0.5",
      "mean": 2.3048440053,
      "stddev": 0.020245410432658612,
      "median": 2.3008760278000002,
      "user": 6.66071468,
      "system": 0.48056595999999996,
      "min": 2.2692222098,
      "max": 2.3395262938,
      "times": [
        2.3265648358,
        2.2883738928,
        2.2962634338,
        2.3046609058,
        2.2692222098,
        2.3154605878,
        2.3162759678000002,
        2.2970911498,
        2.2950007758,
        2.3395262938
      ],
      "exit_codes": [
        0,
        0,
        0,
        0,
        0,
        0,
        0,
        0,
        0,
        0
      ],
      "parameters": {
        "VERSION": "3.0.5"
      }
    },
    {
      "command": "3.6.3",
      "mean": 3.8829306184000005,
      "stddev": 0.04391217803865864,
      "median": 3.8789977968000002,
      "user": 11.46160608,
      "system": 1.56540666,
      "min": 3.8195347328,
      "max": 3.9544916718,
      "times": [
        3.8650988468000005,
        3.8726649428,
        3.8561254628,
        3.9544916718,
        3.8293514868000003,
        3.9243483848,
        3.8853306508000003,
        3.8195347328,
        3.8901484908,
        3.9322115138000004
      ],
      "exit_codes": [
        0,
        0,
        0,
        0,
        0,
        0,
        0,
        0,
        0,
        0
      ],
      "parameters": {
        "VERSION": "3.6.3"
      }
    },
    {
      "command": "3.8.8",
      "mean": 2.549910926,
      "stddev": 0.02583829761783428,
      "median": 2.5615812528000004,
      "user": 9.77426878,
      "system": 0.5448751599999999,
      "min": 2.5162314048,
      "max": 2.5812758008000003,
      "times": [
        2.5606037948000004,
        2.5802842728,
        2.5252145978000002,
        2.5162314048,
        2.5812758008000003,
        2.5654317748000004,
        2.5625587108000003,
        2.5641456438000003,
        2.5264998298,
        2.5168634298000003
      ],
      "exit_codes": [
        0,
        0,
        0,
        0,
        0,
        0,
        0,
        0,
        0,
        0
      ],
      "parameters": {
        "VERSION": "3.8.8"
      }
    },
    {
      "command": "3.9.9",
      "mean": 2.8686980903000006,
      "stddev": 0.02634187024679168,
      "median": 2.8664010398000004,
      "user": 11.122136280000001,
      "system": 0.5852480599999998,
      "min": 2.8305465938000003,
      "max": 2.9161621768000003,
      "times": [
        2.8380995098,
        2.8520418798000002,
        2.8668288908000004,
        2.9161621768000003,
        2.8998206728,
        2.8305465938000003,
        2.8865662868,
        2.8641128128,
        2.8664693678,
        2.8663327118
      ],
      "exit_codes": [
        0,
        0,
        0,
        0,
        0,
        0,
        0,
        0,
        0,
        0
      ],
      "parameters": {
        "VERSION": "3.9.9"
      }
    },
    {
      "command": "4.0.0-alpha-13",
      "mean": 4.019784818500001,
      "stddev": 0.19976710021308133,
      "median": 4.1067897438,
      "user": 22.242546179999998,
      "system": 1.07423926,
      "min": 3.7539093708,
      "max": 4.2304503528,
      "times": [
        4.2161777998000005,
        4.2304503528,
        4.0811353328,
        4.204172696800001,
        4.1553451178000005,
        3.7707996128000003,
        3.8183758998000004,
        4.1324441548,
        3.7539093708,
        3.8350378468
      ],
      "exit_codes": [
        0,
        0,
        0,
        0,
        0,
        0,
        0,
        0,
        0,
        0
      ],
      "parameters": {
        "VERSION": "4.0.0-alpha-13"
      }
    },
    {
      "command": "4.0.0-beta-3",
      "mean": 4.1540089608,
      "stddev": 0.2296884247109189,
      "median": 4.0513884308,
      "user": 21.62296328,
      "system": 0.98767706,
      "min": 3.8966456608,
      "max": 4.4750057338,
      "times": [
        4.4231078768000005,
        4.3962271648,
        4.0937841518,
        4.3491047568,
        3.8966456608,
        3.9835316658,
        4.0064602288,
        4.4750057338,
        3.9072296588000004,
        4.0089927098
      ],
      "exit_codes": [
        0,
        0,
        0,
        0,
        0,
        0,
        0,
        0,
        0,
        0
      ],
      "parameters": {
        "VERSION": "4.0.0-beta-3"
      }
    },
    {
      "command": "4.0.0-beta-4",
      "mean": 4.6409952449,
      "stddev": 0.2475906223399343,
      "median": 4.5284830913,
      "user": 24.86747148,
      "system": 1.17982726,
      "min": 4.4157340558,
      "max": 5.1085164098,
      "times": [
        5.1085164098,
        4.4157340558,
        4.4565843278,
        4.8850934328,
        4.4295207288,
        4.7616699088,
        4.4675681558,
        4.867798129800001,
        4.5893980268000005,
        4.4280692728
      ],
      "exit_codes": [
        0,
        0,
        0,
        0,
        0,
        0,
        0,
        0,
        0,
        0
      ],
      "parameters": {
        "VERSION": "4.0.0-beta-4"
      }
    }
  ]
}
