{
  "results": [
    {
      "command": "3.0.5",
      "mean": 2.6508693056999997,
      "stddev": 0.04395259434084705,
      "median": 2.651038874,
      "user": 8.852479919999999,
      "system": 0.49954869999999996,
      "min": 2.593265235,
      "max": 2.720303811,
      "times": [
        2.6916906259999998,
        2.671107761,
        2.614336108,
        2.637501973,
        2.696052553,
        2.720303811,
        2.664575775,
        2.616104118,
        2.603755097,
        2.593265235
      ],
      "exit_codes": [
        0,
        0,
        0,
        0,
        0,
        0,
        0,
        0,
        0,
        0
      ],
      "parameters": {
        "VERSION": "3.0.5"
      }
    },
    {
      "command": "3.6.3",
      "mean": 3.3633087341999994,
      "stddev": 0.03322519545061865,
      "median": 3.3605231415,
      "user": 10.61804952,
      "system": 1.0557565,
      "min": 3.313433705,
      "max": 3.404101689,
      "times": [
        3.404101689,
        3.366161374,
        3.4011211489999997,
        3.3933483019999997,
        3.389119752,
        3.316580502,
        3.346273031,
        3.354884909,
        3.313433705,
        3.348062929
      ],
      "exit_codes": [
        0,
        0,
        0,
        0,
        0,
        0,
        0,
        0,
        0,
        0
      ],
      "parameters": {
        "VERSION": "3.6.3"
      }
    },
    {
      "command": "3.8.8",
      "mean": 2.5107372554999996,
      "stddev": 0.05379040663454285,
      "median": 2.5005013255,
      "user": 9.615186819999998,
      "system": 0.42705969999999993,
      "min": 2.4453363599999998,
      "max": 2.590479931,
      "times": [
        2.5902999849999997,
        2.507483915,
        2.5673002169999997,
        2.590479931,
        2.465174323,
        2.509684685,
        2.4717519269999997,
        2.4453363599999998,
        2.466342476,
        2.493518736
      ],
      "exit_codes": [
        0,
        0,
        0,
        0,
        0,
        0,
        0,
        0,
        0,
        0
      ],
      "parameters": {
        "VERSION": "3.8.8"
      }
    },
    {
      "command": "3.9.4",
      "mean": 2.729580073,
      "stddev": 0.03992175890665319,
      "median": 2.73075676,
      "user": 10.36482632,
      "system": 0.43176009999999987,
      "min": 2.674021412,
      "max": 2.808285629,
      "times": [
        2.748503267,
        2.690339688,
        2.719255266,
        2.674021412,
        2.688673047,
        2.7275921199999997,
        2.764881821,
        2.74032708,
        2.7339214,
        2.808285629
      ],
      "exit_codes": [
        0,
        0,
        0,
        0,
        0,
        0,
        0,
        0,
        0,
        0
      ],
      "parameters": {
        "VERSION": "3.9.4"
      }
    },
    {
      "command": "3.9.5",
      "mean": 2.7281189172,
      "stddev": 0.0471165891894762,
      "median": 2.730381409,
      "user": 10.479055220000001,
      "system": 0.40063429999999994,
      "min": 2.646174778,
      "max": 2.801458119,
      "times": [
        2.801458119,
        2.646174778,
        2.778831533,
        2.719227606,
        2.749398276,
        2.703679042,
        2.697184106,
        2.683315973,
        2.741535212,
        2.760384527
      ],
      "exit_codes": [
        0,
        0,
        0,
        0,
        0,
        0,
        0,
        0,
        0,
        0
      ],
      "parameters": {
        "VERSION": "3.9.5"
      }
    },
    {
      "command": "4.0.0-alpha-7",
      "mean": 3.9334568896,
      "stddev": 0.04182351101345575,
      "median": 3.928291248,
      "user": 14.105277719999998,
      "system": 0.6363494000000001,
      "min": 3.883324367,
      "max": 4.016318115,
      "times": [
        3.883324367,
        3.894356578,
        4.016318115,
        3.960742213,
        3.89767025,
        3.912332364,
        3.906938522,
        3.949168807,
        3.944250132,
        3.969467548
      ],
      "exit_codes": [
        0,
        0,
        0,
        0,
        0,
        0,
        0,
        0,
        0,
        0
      ],
      "parameters": {
        "VERSION": "4.0.0-alpha-7"
      }
    },
    {
      "command": "4.0.0-alpha-8",
      "mean": 4.2475633967,
      "stddev": 0.036728365795641364,
      "median": 4.243837613,
      "user": 15.17717902,
      "system": 0.6950266,
      "min": 4.203462986,
      "max": 4.322567869,
      "times": [
        4.246285565,
        4.2413896609999995,
        4.322567869,
        4.251052413,
        4.246668907,
        4.293665599,
        4.204348784,
        4.203462986,
        4.240376055,
        4.225816128
      ],
      "exit_codes": [
        0,
        0,
        0,
        0,
        0,
        0,
        0,
        0,
        0,
        0
      ],
      "parameters": {
        "VERSION": "4.0.0-alpha-8"
      }
    }
  ]
}
