{
  "results": [
    {
      "command": "3.0.5",
      "mean": 0.69694922272,
      "stddev": 0.024688039965611672,
      "median": 0.7037919286200001,
      "user": 2.1398944799999997,
      "system": 0.09170116,
      "min": 0.6506062651200001,
      "max": 0.72434020212,
      "times": [
        0.71734763712,
        0.6506062651200001,
        0.7077103161200001,
        0.66326651012,
        0.72434020212,
        0.6984066981200001,
        0.7086285241200001,
        0.6998735411200001,
        0.6801703911200001,
        0.71914214212
      ],
      "exit_codes": [
        0,
        0,
        0,
        0,
        0,
        0,
        0,
        0,
        0,
        0
      ],
      "parameters": {
        "VERSION": "3.0.5"
      }
    },
    {
      "command": "3.1.1",
      "mean": 0.7412469715200001,
      "stddev": 0.018919927862449715,
      "median": 0.7384345381200002,
      "user": 2.3479062799999997,
      "system": 0.08963836,
      "min": 0.7139824011200001,
      "max": 0.77382225412,
      "times": [
        0.7496797141200001,
        0.7139824011200001,
        0.75522208712,
        0.7251486131200001,
        0.7341997681200001,
        0.7376217931200001,
        0.7214721851200001,
        0.77382225412,
        0.7392472831200001,
        0.7620736161200001
      ],
      "exit_codes": [
        0,
        0,
        0,
        0,
        0,
        0,
        0,
        0,
        0,
        0
      ],
      "parameters": {
        "VERSION": "3.1.1"
      }
    },
    {
      "command": "3.2.5",
      "mean": 0.7743011175200001,
      "stddev": 0.014993747156600153,
      "median": 0.7672724871200001,
      "user": 2.42224418,
      "system": 0.10079405999999999,
      "min": 0.7568862851200001,
      "max": 0.7975016661200001,
      "times": [
        0.7613678841200001,
        0.79609645112,
        0.7893499091200001,
        0.7568862851200001,
        0.7783838711200001,
        0.76846663812,
        0.7647516991200001,
        0.7975016661200001,
        0.7660783361200001,
        0.7641284351200001
      ],
      "exit_codes": [
        0,
        0,
        0,
        0,
        0,
        0,
        0,
        0,
        0,
        0
      ],
      "parameters": {
        "VERSION": "3.2.5"
      }
    },
    {
      "command": "3.3.9",
      "mean": 0.78754000152,
      "stddev": 0.021957675729313078,
      "median": 0.78147840962,
      "user": 2.48082518,
      "system": 0.11183906000000002,
      "min": 0.76153573912,
      "max": 0.82851270612,
      "times": [
        0.8186442111200001,
        0.76153573912,
        0.7996976311200001,
        0.7701103961200001,
        0.76848112712,
        0.7763832801200001,
        0.7805740071200001,
        0.82851270612,
        0.7890781051200001,
        0.78238281212
      ],
      "exit_codes": [
        0,
        0,
        0,
        0,
        0,
        0,
        0,
        0,
        0,
        0
      ],
      "parameters": {
        "VERSION": "3.3.9"
      }
    },
    {
      "command": "3.5.4",
      "mean": 0.8062154846200003,
      "stddev": 0.03133558152141373,
      "median": 0.80446200312,
      "user": 2.58223038,
      "system": 0.10331146,
      "min": 0.76663985312,
      "max": 0.8666049201200001,
      "times": [
        0.79688606112,
        0.8666049201200001,
        0.81203794512,
        0.76663985312,
        0.79072642412,
        0.77433300112,
        0.82047372512,
        0.8314788521200001,
        0.7754048651200001,
        0.82756919912
      ],
      "exit_codes": [
        0,
        0,
        0,
        0,
        0,
        0,
        0,
        0,
        0,
        0
      ],
      "parameters": {
        "VERSION": "3.5.4"
      }
    },
    {
      "command": "3.6.3",
      "mean": 0.7762802631200001,
      "stddev": 0.016666238830586145,
      "median": 0.7728375036200001,
      "user": 2.4013224799999997,
      "system": 0.09890446000000001,
      "min": 0.7554912791200001,
      "max": 0.8058859581200001,
      "times": [
        0.7554912791200001,
        0.78399762112,
        0.7753266971200001,
        0.77166522812,
        0.7688483881200001,
        0.7740097791200001,
        0.8058859581200001,
        0.7571801371200001,
        0.8014028591200001,
        0.76899468412
      ],
      "exit_codes": [
        0,
        0,
        0,
        0,
        0,
        0,
        0,
        0,
        0,
        0
      ],
      "parameters": {
        "VERSION": "3.6.3"
      }
    },
    {
      "command": "3.8.1",
      "mean": 0.7867065620200001,
      "stddev": 0.0188300085410447,
      "median": 0.7901046546200001,
      "user": 2.51474948,
      "system": 0.09557436000000001,
      "min": 0.7520652941200001,
      "max": 0.80789098812,
      "times": [
        0.7765694461200001,
        0.7880289111200001,
        0.7708788471200001,
        0.7694123841200001,
        0.7921803981200001,
        0.80258939912,
        0.80789098812,
        0.8073808301200001,
        0.8000691221200001,
        0.7520652941200001
      ],
      "exit_codes": [
        0,
        0,
        0,
        0,
        0,
        0,
        0,
        0,
        0,
        0
      ],
      "parameters": {
        "VERSION": "3.8.1"
      }
    },
    {
      "command": "3.8.2",
      "mean": 0.7700151219200002,
      "stddev": 0.0153646878881342,
      "median": 0.7699636901200001,
      "user": 2.47638018,
      "system": 0.06876686000000001,
      "min": 0.7448940431200001,
      "max": 0.8010070791200001,
      "times": [
        0.7708464481200001,
        0.8010070791200001,
        0.7743716901200001,
        0.78062313512,
        0.7690809321200001,
        0.7793908061200001,
        0.75980870312,
        0.7622893611200001,
        0.7448940431200001,
        0.7578390211200001
      ],
      "exit_codes": [
        0,
        0,
        0,
        0,
        0,
        0,
        0,
        0,
        0,
        0
      ],
      "parameters": {
        "VERSION": "3.8.2"
      }
    },
    {
      "command": "3.8.3",
      "mean": 0.7636449210200001,
      "stddev": 0.028834738993948013,
      "median": 0.7650663766200001,
      "user": 2.39629498,
      "system": 0.07435506,
      "min": 0.7181173981200001,
      "max": 0.81171090312,
      "times": [
        0.7692299581200001,
        0.7891762031200001,
        0.7778058151200001,
        0.73648503212,
        0.7424860031200001,
        0.81171090312,
        0.76090279512,
        0.7878304761200001,
        0.7427046261200001,
        0.7181173981200001
      ],
      "exit_codes": [
        0,
        0,
        0,
        0,
        0,
        0,
        0,
        0,
        0,
        0
      ],
      "parameters": {
        "VERSION": "3.8.3"
      }
    },
    {
      "command": "3.8.4",
      "mean": 0.7705215781200001,
      "stddev": 0.013227746287618462,
      "median": 0.7685119611200001,
      "user": 2.42685438,
      "system": 0.07747516000000002,
      "min": 0.7569989321200001,
      "max": 0.7987448951200001,
      "times": [
        0.7775662111200001,
        0.76103994212,
        0.7695971291200001,
        0.7849152581200001,
        0.7987448951200001,
        0.76071746912,
        0.7569989321200001,
        0.7586120221200001,
        0.7694462431200001,
        0.7675776791200001
      ],
      "exit_codes": [
        0,
        0,
        0,
        0,
        0,
        0,
        0,
        0,
        0,
        0
      ],
      "parameters": {
        "VERSION": "3.8.4"
      }
    },
    {
      "command": "3.8.5",
      "mean": 0.75006344532,
      "stddev": 0.00963664287848587,
      "median": 0.74964099462,
      "user": 2.40444118,
      "system": 0.06496716,
      "min": 0.7356066331200001,
      "max": 0.76709084112,