{
  "results": [
    {
      "command": "3.0.5",
      "mean": 0.8199130137399999,
      "stddev": 0.03327934091640698,
      "median": 0.81641624274,
      "user": 2.4477334599999994,
      "system": 0.08698395999999999,
      "min": 0.77759847224,
      "max": 0.88072740124,
      "times": [
        0.80088698324,
        0.77759847224,
        0.78676377824,
        0.81431902424,
        0.82711502224,
        0.82106185924,
        0.87077933424,
        0.80136480124,
        0.88072740124,
        0.81851346124
      ],
      "exit_codes": [
        0,
        0,
        0,
        0,
        0,
        0,
        0,
        0,
        0,
        0
      ],
      "parameters": {
        "VERSION": "3.0.5"
      }
    },
    {
      "command": "3.6.3",
      "mean": 0.9265242092399999,
      "stddev": 0.03641533135541547,
      "median": 0.9147824682400001,
      "user": 2.9224905599999995,
      "system": 0.10093496000000002,
      "min": 0.89929432724,
      "max": 1.01842899424,
      "times": [
        0.90698338824,
        1.01842899424,
        0.89929432724,
        0.91235540824,
        0.96102108824,
        0.9062566762400001,
        0.9089429612400001,
        0.91720952824,
        0.91723283824,
        0.91751688224
      ],
      "exit_codes": [
        0,
        0,
        0,
        0,
        0,
        0,
        0,
        0,
        0,
        0
      ],
      "parameters": {
        "VERSION": "3.6.3"
      }
    },
    {
      "command": "3.8.8",
      "mean": 0.8966700653399998,
      "stddev": 0.02665775535744928,
      "median": 0.88711137974,
      "user": 2.84114026,
      "system": 0.07367936,
      "min": 0.86998783424,
      "max": 0.93796873124,
      "times": [
        0.88752162524,
        0.93617875524,
        0.86998783424,
        0.87341001024,
        0.88101831324,
        0.89460090224,
        0.88670113424,
        0.87295402124,
        0.9263593262400001,
        0.93796873124
      ],
      "exit_codes": [
        0,
        0,
        0,
        0,
        0,
        0,
        0,
        0,
        0,
        0
      ],
      "parameters": {
        "VERSION": "3.8.8"
      }
    },
    {
      "command": "3.9.4",
      "mean": 1.11065590364,
      "stddev": 0.025382701562978328,
      "median": 1.11936848674,
      "user": 3.6296209599999996,
      "system": 0.09547925999999998,
      "min": 1.06547085424,
      "max": 1.13388960224,
      "times": [
        1.13388960224,
        1.1330173832400001,
        1.11617515524,
        1.12328594924,
        1.12992594924,
        1.10863431924,
        1.06547085424,
        1.10767421224,
        1.1225618182400001,
        1.06592379324
      ],
      "exit_codes": [
        0,
        0,
        0,
        0,
        0,
        0,
        0,
        0,
        0,
        0
      ],
      "parameters": {
        "VERSION": "3.9.4"
      }
    },
    {
      "command": "3.9.5",
      "mean": 1.09563006094,
      "stddev": 0.01601587359179019,
      "median": 1.0965485897400002,
      "user": 3.6152855599999993,
      "system": 0.08533096000000001,
      "min": 1.07629187924,
      "max": 1.1316602662400002,
      "times": [
        1.08364188024,
        1.09479811724,
        1.0873159702400002,
        1.0982990622400002,
        1.09933042724,
        1.07629187924,
        1.10030256224,
        1.1057181602400001,
        1.1316602662400002,
        1.07894228424
      ],
      "exit_codes": [
        0,
        0,
        0,
        0,
        0,
        0,
        0,
        0,
        0,
        0
      ],
      "parameters": {
        "VERSION": "3.9.5"
      }
    },
    {
      "command": "4.0.0-alpha-7",
      "mean": 1.29128713544,
      "stddev": 0.026604434213854174,
      "median": 1.2829031182400001,
      "user": 4.14867806,
      "system": 0.10434576,
      "min": 1.25544075924,
      "max": 1.33751883324,
      "times": [
        1.27803597724,
        1.31574662524,
        1.30456887924,
        1.3182689732400001,
        1.25544075924,
        1.27751750024,
        1.26290666824,
        1.2750968792400001,
        1.2877702592400002,
        1.33751883324
      ],
      "exit_codes": [
        0,
        0,
        0,
        0,
        0,
        0,
        0,
        0,
        0,
        0
      ],
      "parameters": {
        "VERSION": "4.0.0-alpha-7"
      }
    },
    {
      "command": "4.0.0-alpha-8",
      "mean": 1.3846570532400002,
      "stddev": 0.01592343280848084,
      "median": 1.38452091924,
      "user": 4.53791536,
      "system": 0.10760236000000001,
      "min": 1.35610599924,
      "max": 1.4066999632400001,
      "times": [
        1.4066999632400001,
        1.3830888592400001,
        1.38595297924,
        1.35610599924,
        1.3772731012400001,
        1.37906233824,
        1.3889231672400002,
        1.36695189424,
        1.3992243052400002,
        1.4032879252400001
      ],
      "exit_codes": [
        0,
        0,
        0,
        0,
        0,
        0,
        0,
        0,
        0,
        0
      ],
      "parameters": {
        "VERSION": "4.0.0-alpha-8"
      }
    }
  ]
}
