{
  "results": [
    {
      "command": "3.0.5",
      "mean": 1.0505737364799999,
      "stddev": 0.013106712249578866,
      "median": 1.04755806168,
      "user": 3.7086894,
      "system": 0.15175688,
      "min": 1.03644868568,
      "max": 1.07222568868,
      "times": [
        1.06005786468,
        1.03644868568,
        1.04048806768,
        1.04572300068,
        1.06904851568,
        1.05551057368,
        1.07222568868,
        1.03862656268,
        1.04939312268,
        1.03821528268
      ],
      "exit_codes": [
        0,
        0,
        0,
        0,
        0,
        0,
        0,
        0,
        0,
        0
      ],
      "parameters": {
        "VERSION": "3.0.5"
      }
    },
    {
      "command": "3.1.1",
      "mean": 1.1177309774800002,
      "stddev": 0.018472259533097925,
      "median": 1.12236668218,
      "user": 4.025588,
      "system": 0.17154607999999996,
      "min": 1.0795375006799999,
      "max": 1.13532787768,
      "times": [
        1.13336650568,
        1.12840444568,
        1.11868902168,
        1.13432993268,
        1.13532787768,
        1.09396139968,
        1.11256679968,
        1.0795375006799999,
        1.12604434268,
        1.1150819486799999
      ],
      "exit_codes": [
        0,
        0,
        0,
        0,
        0,
        0,
        0,
        0,
        0,
        0
      ],
      "parameters": {
        "VERSION": "3.1.1"
      }
    },
    {
      "command": "3.2.5",
      "mean": 1.1849217065799997,
      "stddev": 0.015431265933580846,
      "median": 1.18106472518,
      "user": 4.2903911,
      "system": 0.17825878,
      "min": 1.1653838696799999,
      "max": 1.2114078746799999,
      "times": [
        1.17681212268,
        1.1653838696799999,
        1.18592432168,
        1.1800730046799999,
        1.2114078746799999,
        1.18205644568,
        1.1703788096799999,
        1.1967083916799999,
        1.1735856816799999,
        1.20688654368
      ],
      "exit_codes": [
        0,
        0,
        0,
        0,
        0,
        0,
        0,
        0,
        0,
        0
      ],
      "parameters": {
        "VERSION": "3.2.5"
      }
    },
    {
      "command": "3.3.9",
      "mean": 1.20398610658,
      "stddev": 0.025314887853041923,
      "median": 1.20205811068,
      "user": 4.3200652999999996,
      "system": 0.20988847999999996,
      "min": 1.1742606146799999,
      "max": 1.25301392668,
      "times": [
        1.20420463868,
        1.19991158268,
        1.18307721068,
        1.1742606146799999,
        1.17754923468,
        1.18644639068,
        1.21684439368,
        1.25301392668,
        1.21264680568,
        1.23190626768
      ],
      "exit_codes": [
        0,
        0,
        0,
        0,
        0,
        0,
        0,
        0,
        0,
        0
      ],
      "parameters": {
        "VERSION": "3.3.9"
      }
    },
    {
      "command": "3.5.4",
      "mean": 1.2290444734800001,
      "stddev": 0.028141893634201876,
      "median": 1.22740088718,
      "user": 4.4407505,
      "system": 0.24345657999999992,
      "min": 1.18836097268,
      "max": 1.27362942768,
      "times": [
        1.21152397168,
        1.27362942768,
        1.24164767268,
        1.18836097268,
        1.2057662006799998,
        1.20245082168,
        1.22852408068,
        1.22627769368,
        1.24399866568,
        1.26826522768
      ],
      "exit_codes": [
        0,
        0,
        0,
        0,
        0,
        0,
        0,
        0,
        0,
        0
      ],
      "parameters": {
        "VERSION": "3.5.4"
      }
    },
    {
      "command": "3.6.3",
      "mean": 1.2142783604800003,
      "stddev": 0.02156786437605376,
      "median": 1.21335492318,
      "user": 4.371745,
      "system": 0.25045818,
      "min": 1.1851495806799999,
      "max": 1.24833929068,
      "times": [
        1.19225524968,
        1.20618048168,
        1.21118558068,
        1.24011237968,
        1.23488080568,
        1.1851495806799999,
        1.21552426568,
        1.24833929068,
        1.21754254668,
        1.19161342368
      ],
      "exit_codes": [
        0,
        0,
        0,
        0,
        0,
        0,
        0,
        0,
        0,
        0
      ],
      "parameters": {
        "VERSION": "3.6.3"
      }
    },
    {
      "command": "3.8.1",
      "mean": 1.21519226718,
      "stddev": 0.027995891601585988,
      "median": 1.2088139781799998,
      "user": 4.4241235,
      "system": 0.23164807999999995,
      "min": 1.18520965968,
      "max": 1.26894530068,
      "times": [
        1.18997151368,
        1.18520965968,
        1.18540480468,
        1.24577190168,
        1.2122480656799999,
        1.20537989068,
        1.23707947368,
        1.20128135968,
        1.22063070168,
        1.26894530068
      ],
      "exit_codes": [
        0,
        0,
        0,
        0,
        0,
        0,
        0,
        0,
        0,
        0
      ],
      "parameters": {
        "VERSION": "3.8.1"
      }
    },
    {
      "command": "3.8.2",
      "mean": 1.17290182098,
      "stddev": 0.024503679933383492,
      "median": 1.18271260068,
      "user": 4.184971699999999,
      "system": 0.13455667999999998,
      "min": 1.12364566068,
      "max": 1.19668648168,
      "times": [
        1.12364566068,
        1.19668648168,
        1.15561604568,
        1.17556723368,
        1.19484224668,
        1.15853207668,
        1.19193576668,
        1.18985796768,
        1.15164301368,
        1.19069171668
      ],
      "exit_codes": [
        0,
        0,
        0,
        0,
        0,
        0,
        0,
        0,
        0,
        0
      ],
      "parameters": {
        "VERSION": "3.8.2"
      }
    },
    {
      "command": "3.8.3",
      "mean": 1.1246817362800001,
      "stddev": 0.019472733316489403,
      "median": 1.11914454018,
      "user": 4.011057099999999,
      "system": 0.13445997999999998,
      "min": 1.08921257668,
      "max": 1.1560256066799999,
      "times": [
        1.08921257668,
        1.15064669768,
        1.13329980768,
        1.11811224468,
        1.1560256066799999,
        1.13360549968,
        1.1126289786799999,
        1.11861644268,
        1.11499687068,
        1.11967263768
      ],
      "exit_codes": [
        0,
        0,
        0,
        0,
        0,
        0,
        0,
        0,
        0,
        0
      ],
      "parameters": {
        "VERSION": "3.8.3"
      }
    },
    {
      "command": "3.8.4",
      "mean": 1.1252987881799998,
      "stddev": 0.022196104741054264,
      "median": 1.12275411318,
      "user": 4.0566735,
      "system": 0.11854838000000001,
      "min": 1.09952315568,
      "max": 1.1730862926799999,
      "times": [
        1.09952315568,
        1.13079613768,
        1.1730862926799999,
        1.10702659368,
        1.12383085768,
        1.13335945568,
        1.10653684668,
        1.14685332868,
        1.11029784468,
        1.12167736868
      ],
      "exit_codes": [
        0,
        0,
        0,
        0,
        0,
        0,
        0,
        0,
        0,
        0
      ],
      "parameters": {
        "VERSION": "3.8.4"
      }
    },
    {
      "command": "3.8.5",
      "mean": 1.12124187078,
      "stddev": 0.026554559415634744,
      "median": 1.11553240868,
      "user": 3.9495742,
      "system": 0.14184848,
      "min": 1.08288864868,
      "max": 1.15478692668,
      "times": [
        1.10467576168,
        1.1510776866799999,
        1.10346504068,
        1.1494853946799999,
        1.10073176668,
        1.12638905568,
        1.08288864868,
        1.09689570968,
        1.15478692668,
        1.1420227166799999
      ],
      "exit_codes": [
        0,
        0,
        0,
        0,
        0,
        0,
        0,
        0,
        0,
        0
      ],
      "parameters": {
        "VERSION": "3.8.5"
      }
    },
    {
      "command": "3.8.6",