{
  "results": [
    {
      "command": "3.0.5",
      "mean": 12.180062491380001,
      "stddev": 0.08900841027853303,
      "median": 12.197711687680002,
      "user": 25.47393206,
      "system": 1.7430263,
      "min": 12.04677572868,
      "max": 12.30024137468,
      "times": [
        12.24677365168,
        12.05776567668,
        12.24604825768,
        12.229930318680001,
        12.16549305668,
        12.142233325680001,
        12.10788436168,
        12.04677572868,
        12.30024137468,
        12.257479161680001
      ],
      "exit_codes": [
        0,
        0,
        0,
        0,
        0,
        0,
        0,
        0,
        0,
        0
      ],
      "parameters": {
        "VERSION": "3.0.5"
      }
    },
    {
      "command": "3.1.1",
      "mean": 31.364980823179998,
      "stddev": 0.6405194599484296,
      "median": 31.431731845679998,
      "user": 76.35393436,
      "system": 3.9286253,
      "min": 30.30444394368,
      "max": 32.28460004968,
      "times": [
        32.09050912868,
        32.28460004968,
        31.249649044679998,
        30.83752518368,
        31.613814646679998,
        30.30444394368,
        31.65124937568,
        30.71198199268,
        31.851934781679997,
        31.054100084679998
      ],
      "exit_codes": [
        0,
        0,
        0,
        0,
        0,
        0,
        0,
        0,
        0,
        0
      ],
      "parameters": {
        "VERSION": "3.1.1"
      }
    },
    {
      "command": "3.2.5",
      "mean": 32.28853275068,
      "stddev": 0.8040826425274016,
      "median": 32.365873566679994,
      "user": 78.23058906000001,
      "system": 3.9285753999999997,
      "min": 30.96643838868,
      "max": 33.70262680968,
      "times": [
        31.071317870679998,
        33.70262680968,
        32.37003418368,
        32.45643389868,
        32.36171294968,
        32.190975523679995,
        32.453825787679996,
        33.00431147068,
        32.30765062368,
        30.96643838868
      ],
      "exit_codes": [
        0,
        0,
        0,
        0,
        0,
        0,
        0,
        0,
        0,
        0
      ],
      "parameters": {
        "VERSION": "3.2.5"
      }
    },
    {
      "command": "3.3.9",
      "mean": 33.28716335498,
      "stddev": 0.33220870754488774,
      "median": 33.29221253668,
      "user": 80.07429146,
      "system": 3.9833045,
      "min": 32.87394238268,
      "max": 33.757103117679996,
      "times": [
        32.90087478868,
        33.46915153568,
        33.12041026468,
        33.757103117679996,
        32.87394238268,
        33.60389361268,
        33.41354300768,
        33.64260290068,
        32.919229873679996,
        33.17088206568
      ],
      "exit_codes": [
        0,
        0,
        0,
        0,
        0,
        0,
        0,
        0,
        0,
        0
      ],
      "parameters": {
        "VERSION": "3.3.9"
      }
    },
    {
      "command": "3.5.4",
      "mean": 19.00712429008,
      "stddev": 0.23272161118131737,
      "median": 18.971294888179997,
      "user": 33.22977546,
      "system": 5.054703599999999,
      "min": 18.68778498268,
      "max": 19.35694053768,
      "times": [
        19.35694053768,
        18.84444743068,
        19.05424665868,
        19.21414766168,
        18.79631048568,
        19.04433538168,
        19.33333277468,
        18.89825439468,
        18.68778498268,
        18.84144259268
      ],
      "exit_codes": [
        0,
        0,
        0,
        0,
        0,
        0,
        0,
        0,
        0,
        0
      ],
      "parameters": {
        "VERSION": "3.5.4"
      }
    },
    {
      "command": "3.6.3",
      "mean": 17.89073733778,
      "stddev": 0.187392689179802,
      "median": 17.84762296468,
      "user": 31.630002759999996,
      "system": 5.175147,
      "min": 17.67386822768,
      "max": 18.31137801268,
      "times": [
        17.72213507068,
        17.734089219679998,
        17.847214514679997,
        17.848031414679998,
        18.046754145679998,
        17.92930667168,
        18.31137801268,
        17.966127833679998,
        17.828468266679998,
        17.67386822768
      ],
      "exit_codes": [
        0,
        0,
        0,
        0,
        0,
        0,
        0,
        0,
        0,
        0
      ],
      "parameters": {
        "VERSION": "3.6.3"
      }
    },
    {
      "command": "3.8.1",
      "mean": 18.14932771658,
      "stddev": 0.29407053106176106,
      "median": 18.219506723179997,
      "user": 32.04258116,
      "system": 5.1416803999999985,
      "min": 17.53241661568,
      "max": 18.57340252868,
      "times": [
        18.394981860679998,
        17.878740129679997,
        18.57340252868,
        18.08575411468,
        18.294939586679998,
        18.24266599768,
        18.30215458768,
        18.196347448679997,
        17.53241661568,
        17.99187429568
      ],
      "exit_codes": [
        0,
        0,
        0,
        0,
        0,
        0,
        0,
        0,
        0,
        0
      ],
      "parameters": {
        "VERSION": "3.8.1"
      }
    },
    {
      "command": "3.8.2",
      "mean": 15.41862080558,
      "stddev": 0.27753017983384076,
      "median": 15.42758730018,
      "user": 29.785405159999993,
      "system": 1.5577059,
      "min": 15.06405897568,
      "max": 15.971304231680001,
      "times": [
        15.64948147968,
        15.53656578868,
        15.39480736668,
        15.10446363468,
        15.55100589968,
        15.06405897568,
        15.18888235668,
        15.26527108868,
        15.971304231680001,
        15.460367233680001
      ],
      "exit_codes": [
        0,
        0,
        0,
        0,
        0,
        0,
        0,
        0,
        0,
        0
      ],
      "parameters": {
        "VERSION": "3.8.2"
      }
    },
    {
      "command": "3.8.3",
      "mean": 10.454970371080002,
      "stddev": 0.11832030642712656,
      "median": 10.513700004180002,
      "user": 24.474273559999993,
      "system": 1.5153428999999998,
      "min": 10.22382158668,
      "max": 10.576442247680001,
      "times": [
        10.517159902680001,
        10.397630126680001,
        10.510240105680001,
        10.52519287268,
        10.54170121468,
        10.52891874468,
        10.22382158668,
        10.44565353468,
        10.576442247680001,
        10.28294337468
      ],
      "exit_codes": [
        0,
        0,
        0,
        0,
        0,
        0,
        0,
        0,
        0,
        0
      ],
      "parameters": {
        "VERSION": "3.8.3"
      }
    },
    {
      "command": "3.8.4",
      "mean": 10.506318052480001,
      "stddev": 0.19051482575408035,
      "median": 10.58349343718,
      "user": 24.462516759999996,
      "system": 1.56208,
      "min": 10.139397733680001,
      "max": 10.691774438680001,
      "times": [
        10.62668457468,
        10.597974689680001,
        10.139397733680001,
        10.63038857768,
        10.453541469680001,
        10.58388570168,
        10.188693024680001,
        10.56773914168,
        10.691774438680001,
        10.583101172680001
      ],
      "exit_codes": [
        0,
        0,
        0,
        0,
        0,
        0,
        0,
        0,
        0,
        0
      ],
      "parameters": {
        "VERSION": "3.8.4"
      }
    },
    {
      "command": "3.8.5",
      "mean": 10.42321813728,
      "stddev": 0.1456655818036389,
      "median": 10.466396222180002,
      "user": 24.94016156,
      "system": 1.5145785999999999,
      "min": 10.20359165168,
      "max": 10.61694215668,
      "times": [
        10.20359165168,
        10.41661090468,
        10.26489326768,
        10.54320870468,
        10.52365603368,
        10.21611047668,
        10.448046083680001,
        10.48474636068,
        10.51437573268,
        10.61694215668
      ],