{
  "results": [
    {
      "command": "3.0.5",
      "mean": 11.50101017728,
      "stddev": 0.14428940715816477,
      "median": 11.49131854838,
      "user": 24.42086014,
      "system": 1.09621704,
      "min": 11.367225924380001,
      "max": 11.811705336380001,
      "times": [
        11.36774782138,
        11.49223488638,
        11.38826812738,
        11.587929351380001,
        11.50122567538,
        11.633457809380001,
        11.36990463038,
        11.367225924380001,
        11.811705336380001,
        11.490402210380001
      ],
      "exit_codes": [
        0,
        0,
        0,
        0,
        0,
        0,
        0,
        0,
        0,
        0
      ],
      "parameters": {
        "VERSION": "3.0.5"
      }
    },
    {
      "command": "3.6.3",
      "mean": 15.207504064480002,
      "stddev": 0.34120699847029345,
      "median": 15.07720016688,
      "user": 29.218711739999996,
      "system": 2.5885000400000004,
      "min": 14.679513939380001,
      "max": 15.67826429538,
      "times": [
        14.913898084380001,
        15.593069043380002,
        15.05527728238,
        15.092961863380001,
        15.02959534738,
        15.300185928380001,
        15.67826429538,
        14.679513939380001,
        15.67083639038,
        15.06143847038
      ],
      "exit_codes": [
        0,
        0,
        0,
        0,
        0,
        0,
        0,
        0,
        0,
        0
      ],
      "parameters": {
        "VERSION": "3.6.3"
      }
    },
    {
      "command": "3.8.8",
      "mean": 7.60302827168,
      "stddev": 0.12144245960832267,
      "median": 7.64809434188,
      "user": 21.474497539999998,
      "system": 0.98041394,
      "min": 7.40512723038,
      "max": 7.74645275138,
      "times": [
        7.74645275138,
        7.65910421238,
        7.44151348038,
        7.46848807538,
        7.66120486238,
        7.63708447138,
        7.71152732538,
        7.69967958538,
        7.60010072238,
        7.40512723038
      ],
      "exit_codes": [
        0,
        0,
        0,
        0,
        0,
        0,
        0,
        0,
        0,
        0
      ],
      "parameters": {
        "VERSION": "3.8.8"
      }
    },
    {
      "command": "3.9.4",
      "mean": 8.042783816080002,
      "stddev": 0.1193084952439925,
      "median": 8.044407962880001,
      "user": 23.234900340000003,
      "system": 0.96924864,
      "min": 7.87248003138,
      "max": 8.239514918380001,
      "times": [
        8.00618287838,
        8.09278136738,
        8.17447883138,
        8.239514918380001,
        7.90335713338,
        7.96705155138,
        8.08263304738,
        8.123580610380001,
        7.87248003138,
        7.96577779138
      ],
      "exit_codes": [
        0,
        0,
        0,
        0,
        0,
        0,
        0,
        0,
        0,
        0
      ],
      "parameters": {
        "VERSION": "3.9.4"
      }
    },
    {
      "command": "3.9.5",
      "mean": 8.00163416618,
      "stddev": 0.14478089595910515,
      "median": 8.03518871538,
      "user": 22.946027139999995,
      "system": 0.97632564,
      "min": 7.78466514138,
      "max": 8.16199170538,
      "times": [
        7.82090149638,
        8.10765324638,
        8.16199170538,
        7.91807440638,
        7.78466514138,
        7.98969139838,
        8.151402215380001,
        8.135086169380001,
        7.86618985038,
        8.080686032380001
      ],
      "exit_codes": [
        0,
        0,
        0,
        0,
        0,
        0,
        0,
        0,
        0,
        0
      ],
      "parameters": {
        "VERSION": "3.9.5"
      }
    },
    {
      "command": "4.0.0-alpha-7",
      "mean": 11.05064048398,
      "stddev": 0.1715253056561495,
      "median": 11.00336491638,
      "user": 29.613937240000002,
      "system": 1.4752326400000002,
      "min": 10.83432827138,
      "max": 11.36712703038,
      "times": [
        11.01681837938,
        10.95699900938,
        11.36712703038,
        11.166291844380002,
        10.989911453380001,
        10.83432827138,
        10.86140982238,
        11.14694371238,
        11.23100956438,
        10.93556575238
      ],
      "exit_codes": [
        0,
        0,
        0,
        0,
        0,
        0,
        0,
        0,
        0,
        0
      ],
      "parameters": {
        "VERSION": "4.0.0-alpha-7"
      }
    },
    {
      "command": "4.0.0-alpha-8",
      "mean": 12.05133440748,
      "stddev": 0.10802874054187955,
      "median": 12.010074728880001,
      "user": 31.93540814,
      "system": 1.4453592399999997,
      "min": 11.95216606938,
      "max": 12.25979152438,
      "times": [
        11.957490873380001,
        12.029643012380001,
        11.95446199438,
        11.990506445380001,
        12.09204208038,
        11.95216606938,
        12.13856648438,
        11.970679482380001,
        12.16799610838,
        12.25979152438
      ],
      "exit_codes": [
        0,
        0,
        0,
        0,
        0,
        0,
        0,
        0,
        0,
        0
      ],
      "parameters": {
        "VERSION": "4.0.0-alpha-8"
      }
    }
  ]
}
