{
  "results": [
    {
      "command": "3.0.5",
      "mean": 6.37712811444,
      "stddev": 0.04950750593966928,
      "median": 6.38345798834,
      "user": 15.83409586,
      "system": 0.9350136799999997,
      "min": 6.27235914784,
      "max": 6.44846714984,
      "times": [
        6.37409052584,
        6.392825450839999,
        6.334152276839999,
        6.4020345468399995,
        6.35775130284,
        6.27235914784,
        6.3664586518399995,
        6.4258596488399995,
        6.44846714984,
        6.39728244284
      ],
      "exit_codes": [
        0,
        0,
        0,
        0,
        0,
        0,
        0,
        0,
        0,
        0
      ],
      "parameters": {
        "VERSION": "3.0.5"
      }
    },
    {
      "command": "3.1.1",
      "mean": 11.47948534344,
      "stddev": 0.0923898846457287,
      "median": 11.46847849034,
      "user": 28.316649459999997,
      "system": 1.8024962800000002,
      "min": 11.35734355484,
      "max": 11.64321842884,
      "times": [
        11.512807087839999,
        11.42707857084,
        11.51165787584,
        11.59943519284,
        11.359219659839999,
        11.46284734184,
        11.44713608284,
        11.47410963884,
        11.35734355484,
        11.64321842884
      ],
      "exit_codes": [
        0,
        0,
        0,
        0,
        0,
        0,
        0,
        0,
        0,
        0
      ],
      "parameters": {
        "VERSION": "3.1.1"
      }
    },
    {
      "command": "3.2.5",
      "mean": 11.694476942740001,
      "stddev": 0.19554590332347843,
      "median": 11.62411477734,
      "user": 28.993157760000003,
      "system": 1.8143196799999999,
      "min": 11.415635568839999,
      "max": 12.01695665984,
      "times": [
        12.01695665984,
        11.55721568884,
        11.58803108984,
        11.415635568839999,
        11.52679097784,
        11.93185337684,
        11.60055283584,
        11.82965288984,
        11.83040362084,
        11.64767671884
      ],
      "exit_codes": [
        0,
        0,
        0,
        0,
        0,
        0,
        0,
        0,
        0,
        0
      ],
      "parameters": {
        "VERSION": "3.2.5"
      }
    },
    {
      "command": "3.3.9",
      "mean": 12.01911814014,
      "stddev": 0.177252970488021,
      "median": 11.966219106339999,
      "user": 29.740034459999997,
      "system": 1.8705111799999998,
      "min": 11.80139575584,
      "max": 12.32045591484,
      "times": [
        12.32045591484,
        12.11324176984,
        11.89170727184,
        11.80139575584,
        11.972965927839999,
        11.95947228484,
        11.94138305584,
        11.816484448839999,
        12.25874047584,
        12.115334495839999
      ],
      "exit_codes": [
        0,
        0,
        0,
        0,
        0,
        0,
        0,
        0,
        0,
        0
      ],
      "parameters": {
        "VERSION": "3.3.9"
      }
    },
    {
      "command": "3.5.4",
      "mean": 8.642935964740001,
      "stddev": 0.0535970128241203,
      "median": 8.66123059384,
      "user": 19.608844060000003,
      "system": 1.8754937799999998,
      "min": 8.545989452839999,
      "max": 8.73086475184,
      "times": [
        8.66597164884,
        8.68156931884,
        8.60663633884,
        8.62165740484,
        8.545989452839999,
        8.73086475184,
        8.66743678284,
        8.58396149984,
        8.656489538839999,
        8.668782909839999
      ],
      "exit_codes": [
        0,
        0,
        0,
        0,
        0,
        0,
        0,
        0,
        0,
        0
      ],
      "parameters": {
        "VERSION": "3.5.4"
      }
    },
    {
      "command": "3.6.3",
      "mean": 8.183109760239999,
      "stddev": 0.08857220050266136,
      "median": 8.16013930884,
      "user": 18.39988176,
      "system": 1.8686207799999999,
      "min": 8.07873640184,
      "max": 8.34656560584,
      "times": [
        8.122411290839999,
        8.28661932184,
        8.12955310684,
        8.242147191839999,
        8.13213961384,
        8.34656560584,
        8.07873640184,
        8.18813900384,
        8.09021928384,
        8.21456678184
      ],
      "exit_codes": [
        0,
        0,
        0,
        0,
        0,
        0,
        0,
        0,
        0,
        0
      ],
      "parameters": {
        "VERSION": "3.6.3"
      }
    },
    {
      "command": "3.8.1",
      "mean": 8.259302335540001,
      "stddev": 0.06482328978592367,
      "median": 8.24397472784,
      "user": 18.81777626,
      "system": 1.8964353799999998,
      "min": 8.16303266384,
      "max": 8.39858630184,
      "times": [
        8.27263998284,
        8.22922995584,
        8.24864763384,
        8.23930182184,
        8.31807973784,
        8.20831512384,
        8.23025860084,
        8.39858630184,
        8.28493153284,
        8.16303266384
      ],
      "exit_codes": [
        0,
        0,
        0,
        0,
        0,
        0,
        0,
        0,
        0,
        0
      ],
      "parameters": {
        "VERSION": "3.8.1"
      }
    },
    {
      "command": "3.8.2",
      "mean": 7.4985868703400005,
      "stddev": 0.10872787579509627,
      "median": 7.48526980684,
      "user": 17.85819986,
      "system": 0.77873848,
      "min": 7.372154173839999,
      "max": 7.70213533884,
      "times": [
        7.3794711158399995,
        7.640204724839999,
        7.70213533884,
        7.542845767839999,
        7.41803982984,
        7.372154173839999,
        7.45495225384,
        7.51558735984,
        7.43887835384,
        7.521599784839999
      ],
      "exit_codes": [
        0,
        0,
        0,
        0,
        0,
        0,
        0,
        0,
        0,
        0
      ],
      "parameters": {
        "VERSION": "3.8.2"
      }
    },
    {
      "command": "3.8.3",
      "mean": 4.68530663884,
      "stddev": 0.07255352591203221,
      "median": 4.679254502339999,
      "user": 14.900462560000003,
      "system": 0.7129436800000002,
      "min": 4.59308052584,
      "max": 4.813691867839999,
      "times": [
        4.7666131818399995,
        4.62093517984,
        4.69691121384,
        4.7485262508399995,
        4.68919603084,
        4.61120543484,
        4.59308052584,
        4.64359372884,
        4.813691867839999,
        4.669312973839999
      ],
      "exit_codes": [
        0,
        0,
        0,
        0,
        0,
        0,
        0,
        0,
        0,
        0
      ],
      "parameters": {
        "VERSION": "3.8.3"
      }
    },
    {
      "command": "3.8.4",
      "mean": 4.703423501040001,
      "stddev": 0.05601587964943013,
      "median": 4.69164317234,
      "user": 14.898557860000002,
      "system": 0.7418654800000001,
      "min": 4.631241118839999,
      "max": 4.816840571839999,
      "times": [
        4.69988049184,
        4.674601335839999,
        4.816840571839999,
        4.72390528784,
        4.68340585284,
        4.645760236839999,
        4.713056142839999,
        4.631241118839999,
        4.67620894684,
        4.76933502484
      ],
      "exit_codes": [
        0,
        0,
        0,
        0,
        0,
        0,
        0,
        0,
        0,
        0
      ],
      "parameters": {
        "VERSION": "3.8.4"
      }
    },
    {
      "command": "3.8.5",
      "mean": 4.710250669940001,
      "stddev": 0.05298638159536449,
      "median": 4.69532087284,
      "user": 15.006826760000001,
      "system": 0.72915928,
      "min": 4.66690984284,
      "max": 4.80774851184,
      "times": [
        4.66690984284,
        4.66861455084,
        4.68195416684,
        4.80767942384,
        4.80774851184,
        4.69133577884,
        4.69930596684,
        4.70275813184,
        4.67502069484,
        4.70117963084
      ],
      "exit_codes": [
        0,
        0,
        0,
        0,
        0,
        0,
        0,
        0,
        0,
        0
      ],