{
  "results": [
    {
      "command": "3.0.5",
      "mean": 0.6527736309600001,
      "stddev": 0.017024811843306065,
      "median": 0.65137722196,
      "user": 1.8115532399999998,
      "system": 0.10199765999999999,
      "min": 0.6292815524600001,
      "max": 0.68836148846,
      "times": [
        0.6561725714600001,
        0.65198530846,
        0.64009442346,
        0.67088949146,
        0.64041698546,
        0.6292815524600001,
        0.65076913546,
        0.68836148846,
        0.6422772924600001,
        0.6574880604600001
      ],
      "exit_codes": [
        0,
        0,
        0,
        0,
        0,
        0,
        0,
        0,
        0,
        0
      ],
      "parameters": {
        "VERSION": "3.0.5"
      }
    },
    {
      "command": "3.6.3",
      "mean": 0.8539297354600001,
      "stddev": 0.02488918784125622,
      "median": 0.84798226596,
      "user": 2.69328854,
      "system": 0.15652936,
      "min": 0.82192467246,
      "max": 0.9076668024600001,
      "times": [
        0.8453523014600001,
        0.84835242146,
        0.8286896464600001,
        0.9076668024600001,
        0.82192467246,
        0.84072608946,
        0.8618859384600001,
        0.8476121104600001,
        0.8581316064600001,
        0.8789557654600001
      ],
      "exit_codes": [
        0,
        0,
        0,
        0,
        0,
        0,
        0,
        0,
        0,
        0
      ],
      "parameters": {
        "VERSION": "3.6.3"
      }
    },
    {
      "command": "3.8.8",
      "mean": 0.83489797716,
      "stddev": 0.02119635574647527,
      "median": 0.8318635429600001,
      "user": 2.60587054,
      "system": 0.11202835999999998,
      "min": 0.8046302524600001,
      "max": 0.86430891446,
      "times": [
        0.8205265244600001,
        0.8046302524600001,
        0.8296214044600001,
        0.8341056814600001,
        0.86430891446,
        0.85689459446,
        0.8417503054600001,
        0.8113195884600001,
        0.8227586934600001,
        0.8630638124600001
      ],
      "exit_codes": [
        0,
        0,
        0,
        0,
        0,
        0,
        0,
        0,
        0,
        0
      ],
      "parameters": {
        "VERSION": "3.8.8"
      }
    },
    {
      "command": "3.9.9",
      "mean": 1.0545724666600003,
      "stddev": 0.027604981994745616,
      "median": 1.04375593346,
      "user": 3.42252374,
      "system": 0.13810945999999996,
      "min": 1.02703071546,
      "max": 1.11337269046,
      "times": [
        1.08602273246,
        1.11337269046,
        1.03837061346,
        1.02703071546,
        1.04697922346,
        1.04053264346,
        1.03689497646,
        1.05756569846,
        1.06900383546,
        1.02995153746
      ],
      "exit_codes": [
        0,
        0,
        0,
        0,
        0,
        0,
        0,
        0,
        0,
        0
      ],
      "parameters": {
        "VERSION": "3.9.9"
      }
    },
    {
      "command": "4.0.0-alpha-13",
      "mean": 1.49165008126,
      "stddev": 0.02007726640989338,
      "median": 1.48862855796,
      "user": 5.7826602399999985,
      "system": 0.20614575999999998,
      "min": 1.46641497646,
      "max": 1.5217695264600002,
      "times": [
        1.51273675646,
        1.48795086846,
        1.47336468646,
        1.5217695264600002,
        1.47077604546,
        1.48930624746,
        1.46641497646,
        1.49977037546,
        1.5162096554600002,
        1.47820167446
      ],
      "exit_codes": [
        0,
        0,
        0,
        0,
        0,
        0,
        0,
        0,
        0,
        0
      ],
      "parameters": {
        "VERSION": "4.0.0-alpha-13"
      }
    },
    {
      "command": "4.0.0-beta-3",
      "mean": 1.54997061596,
      "stddev": 0.03302463629025796,
      "median": 1.55492105146,
      "user": 5.887779040000001,
      "system": 0.21397225999999997,
      "min": 1.49323750546,
      "max": 1.5928193264600001,
      "times": [
        1.58854822546,
        1.49323750546,
        1.5700608924600001,
        1.52189455446,
        1.55357873146,
        1.56907250446,
        1.54470323746,
        1.55626337146,
        1.5928193264600001,
        1.50952781046
      ],
      "exit_codes": [
        0,
        0,
        0,
        0,
        0,
        0,
        0,
        0,
        0,
        0
      ],
      "parameters": {
        "VERSION": "4.0.0-beta-3"
      }
    },
    {
      "command": "4.0.0-beta-4",
      "mean": 1.6055872021600002,
      "stddev": 0.040249453123684095,
      "median": 1.60621684646,
      "user": 6.214775339999999,
      "system": 0.24476515999999995,
      "min": 1.5265338474599999,
      "max": 1.6635941414600002,
      "times": [
        1.60166717246,
        1.63388324746,
        1.5265338474599999,
        1.5547452154599999,
        1.64293492846,
        1.60624283546,
        1.60198730346,
        1.6635941414600002,
        1.61809247246,
        1.60619085746
      ],
      "exit_codes": [
        0,
        0,
        0,
        0,
        0,
        0,
        0,
        0,
        0,
        0
      ],
      "parameters": {
        "VERSION": "4.0.0-beta-4"
      }
    }
  ]
}
