{
  "results": [
    {
      "command": "3.0.5",
      "mean": 2.86753258066,
      "stddev": 0.07343787154453012,
      "median": 2.87823245906,
      "user": 15.186445120000002,
      "system": 0.8221808999999999,
      "min": 2.7488875715599996,
      "max": 2.97195554256,
      "times": [
        2.87716196856,
        2.97195554256,
        2.87930294956,
        2.80946349156,
        2.7488875715599996,
        2.9388013325599998,
        2.78364140756,
        2.83088930056,
        2.9448011515599997,
        2.89042109056
      ],
      "exit_codes": [
        0,
        0,
        0,
        0,
        0,
        0,
        0,
        0,
        0,
        0
      ],
      "parameters": {
        "VERSION": "3.0.5"
      }
    },
    {
      "command": "3.1.1",
      "mean": 3.5623201596599996,
      "stddev": 0.06471536265718333,
      "median": 3.56085232506,
      "user": 17.84188242,
      "system": 1.0668032,
      "min": 3.46701478456,
      "max": 3.6991517955599997,
      "times": [
        3.59686142156,
        3.56903259956,
        3.5613269445599998,
        3.55029720756,
        3.46701478456,
        3.56037770556,
        3.47356913856,
        3.55858189656,
        3.6991517955599997,
        3.58698810256
      ],
      "exit_codes": [
        0,
        0,
        0,
        0,
        0,
        0,
        0,
        0,
        0,
        0
      ],
      "parameters": {
        "VERSION": "3.1.1"
      }
    },
    {
      "command": "3.2.5",
      "mean": 3.747653787059999,
      "stddev": 0.07016272998640831,
      "median": 3.75734288356,
      "user": 18.19860602,
      "system": 1.0997964,
      "min": 3.59127500956,
      "max": 3.86924336856,
      "times": [
        3.7211195465599998,
        3.59127500956,
        3.7773031805599997,
        3.72078176056,
        3.7269445855599996,
        3.74428471456,
        3.86924336856,
        3.77997764256,
        3.77040105256,
        3.77520700956
      ],
      "exit_codes": [
        0,
        0,
        0,
        0,
        0,
        0,
        0,
        0,
        0,
        0
      ],
      "parameters": {
        "VERSION": "3.2.5"
      }
    },
    {
      "command": "3.3.9",
      "mean": 3.8595417200599997,
      "stddev": 0.07899217642073803,
      "median": 3.8555512795599998,
      "user": 19.165401420000002,
      "system": 1.2253555999999999,
      "min": 3.75646427156,
      "max": 4.006474868560001,
      "times": [
        3.86088499756,
        3.81977518356,
        3.8570405225599997,
        3.9241654275599998,
        3.75646427156,
        3.81015930056,
        3.85406203656,
        3.76479648656,
        4.006474868560001,
        3.9415941055599997
      ],
      "exit_codes": [
        0,
        0,
        0,
        0,
        0,
        0,
        0,
        0,
        0,
        0
      ],
      "parameters": {
        "VERSION": "3.3.9"
      }
    },
    {
      "command": "3.5.4",
      "mean": 4.02131300636,
      "stddev": 0.05236576190047279,
      "median": 4.01441107456,
      "user": 18.118550320000004,
      "system": 1.5004468,
      "min": 3.95254929456,
      "max": 4.1014443935600005,
      "times": [
        4.052498190560001,
        4.05521314856,
        4.01032607356,
        4.01849607556,
        4.1014443935600005,
        3.99557449456,
        4.09128089156,
        3.95254929456,
        3.96561513556,
        3.97013236556
      ],
      "exit_codes": [
        0,
        0,
        0,
        0,
        0,
        0,
        0,
        0,
        0,
        0
      ],
      "parameters": {
        "VERSION": "3.5.4"
      }
    },
    {
      "command": "3.6.3",
      "mean": 3.92566206046,
      "stddev": 0.0846978843500756,
      "median": 3.90387420056,
      "user": 17.788723020000003,
      "system": 1.5086414000000001,
      "min": 3.8144060015599996,
      "max": 4.07955818156,
      "times": [
        3.99613914056,
        3.85619031956,
        3.90814610156,
        3.89300048956,
        4.07955818156,
        4.00683128756,
        3.9680340835599996,
        3.83471269956,
        3.8144060015599996,
        3.8996022995599997
      ],
      "exit_codes": [
        0,
        0,
        0,
        0,
        0,
        0,
        0,
        0,
        0,
        0
      ],
      "parameters": {
        "VERSION": "3.6.3"
      }
    },
    {
      "command": "3.8.1",
      "mean": 3.9289754058599997,
      "stddev": 0.09142787893207859,
      "median": 3.9109851025599998,
      "user": 17.93366062,
      "system": 1.4942919999999997,
      "min": 3.7754795835599997,
      "max": 4.0866260615600005,
      "times": [
        3.84966985156,
        4.04004985556,
        3.90671295656,
        3.91525724856,
        3.95566340656,
        3.7754795835599997,
        4.0866260615600005,
        3.8878784885599997,
        3.88620694156,
        3.98620966456
      ],
      "exit_codes": [
        0,
        0,
        0,
        0,
        0,
        0,
        0,
        0,
        0,
        0
      ],
      "parameters": {
        "VERSION": "3.8.1"
      }
    },
    {
      "command": "3.8.2",
      "mean": 3.41189502446,
      "stddev": 0.07215573801627521,
      "median": 3.40576135706,
      "user": 17.72234932,
      "system": 0.9188997000000001,
      "min": 3.2845424725599996,
      "max": 3.5269234155599998,
      "times": [
        3.4683055665599998,
        3.49025979856,
        3.37683091656,
        3.2845424725599996,
        3.37553778356,
        3.39797898456,
        3.44039742256,
        3.4135437295599997,
        3.5269234155599998,
        3.34463015456
      ],
      "exit_codes": [
        0,
        0,
        0,
        0,
        0,
        0,
        0,
        0,
        0,
        0
      ],
      "parameters": {
        "VERSION": "3.8.2"
      }
    },
    {
      "command": "3.8.3",
      "mean": 3.0189776441600005,
      "stddev": 0.06449007111188064,
      "median": 3.01915394206,
      "user": 17.23031232,
      "system": 0.7390985999999999,
      "min": 2.8867063325599998,
      "max": 3.1255366695599998,
      "times": [
        2.8867063325599998,
        3.0782447175599996,
        2.9736891975599997,
        3.0574436605599997,
        2.99171596056,
        3.00057770256,
        3.1255366695599998,
        3.0117370115599997,
        3.02657087256,
        3.0375543165599996
      ],
      "exit_codes": [
        0,
        0,
        0,
        0,
        0,
        0,
        0,
        0,
        0,
        0
      ],
      "parameters": {
        "VERSION": "3.8.3"
      }
    },
    {
      "command": "3.8.4",
      "mean": 3.0379235072599995,
      "stddev": 0.06785580464700046,
      "median": 3.0281354820599997,
      "user": 17.09968722,
      "system": 0.7399223999999999,
      "min": 2.92454660056,
      "max": 3.1666889805599996,
      "times": [
        2.97763507756,
        3.1148890355599996,
        3.0718546125599997,
        3.02527226956,
        3.00899867556,
        3.1666889805599996,
        3.0361544215599996,
        3.02219670456,
        2.92454660056,
        3.0309986945599996
      ],
      "exit_codes": [
        0,
        0,
        0,
        0,
        0,
        0,
        0,
        0,
        0,
        0
      ],
      "parameters": {
        "VERSION": "3.8.4"
      }
    },
    {
      "command": "4.0.0-alpha-1",
      "mean": 3.4782126741599995,
      "stddev": 0.07152092138943957,
      "median": 3.4847359445599997,
      "user": 18.731728519999997,
      "system": 0.8852054999999999,
      "min": 3.37001697956,
      "max": 3.55296840156,
      "times": [
        3.3784073205599996,
        3.4655137195599997,
        3.55296840156,
        3.47318173256,
        3.4107115905599996,
        3.4962901565599998,
        3.55193549556,
        3.53030078156,
        3.37001697956,
        3.55280056356
      ],