{
  "results": [
    {
      "command": "3.0.5",
      "mean": 0.83943277676,
      "stddev": 0.01595389954759033,
      "median": 0.83783715946,
      "user": 2.5919959199999996,
      "system": 0.14356064000000002,
      "min": 0.81323480146,
      "max": 0.8629365654600001,
      "times": [
        0.81323480146,
        0.85639917846,
        0.85761797046,
        0.8629365654600001,
        0.82013339846,
        0.83446121346,
        0.8380509994600001,
        0.83388736746,
        0.83762331946,
        0.8399829534600001
      ],
      "exit_codes": [
        0,
        0,
        0,
        0,
        0,
        0,
        0,
        0,
        0,
        0
      ],
      "parameters": {
        "VERSION": "3.0.5"
      }
    },
    {
      "command": "3.1.1",
      "mean": 0.9091056318600002,
      "stddev": 0.022216002294880667,
      "median": 0.90173837646,
      "user": 2.81056582,
      "system": 0.14825214000000003,
      "min": 0.88604219446,
      "max": 0.95214383546,
      "times": [
        0.88681869546,
        0.95214383546,
        0.90605552546,
        0.8943558594600001,
        0.9371805054600001,
        0.92684508846,
        0.88604219446,
        0.9006316924600001,
        0.90284506046,
        0.8981378614600001
      ],
      "exit_codes": [
        0,
        0,
        0,
        0,
        0,
        0,
        0,
        0,
        0,
        0
      ],
      "parameters": {
        "VERSION": "3.1.1"
      }
    },
    {
      "command": "3.2.5",
      "mean": 0.9443637349599999,
      "stddev": 0.017355645691296315,
      "median": 0.9427900839600001,
      "user": 2.98303902,
      "system": 0.15748034,
      "min": 0.9144354774600001,
      "max": 0.97283516946,
      "times": [
        0.94151122446,
        0.95112659846,
        0.93154272746,
        0.97283516946,
        0.96785412646,
        0.9298921664600001,
        0.94277966446,
        0.9144354774600001,
        0.94280050346,
        0.94885969146
      ],
      "exit_codes": [
        0,
        0,
        0,
        0,
        0,
        0,
        0,
        0,
        0,
        0
      ],
      "parameters": {
        "VERSION": "3.2.5"
      }
    },
    {
      "command": "3.3.9",
      "mean": 0.9492705479599998,
      "stddev": 0.02071276153348625,
      "median": 0.94933408996,
      "user": 3.0322459199999994,
      "system": 0.14383614000000003,
      "min": 0.9077396454600001,
      "max": 0.97291721846,
      "times": [
        0.93568335946,
        0.9077396454600001,
        0.94610159546,
        0.9525665844600001,
        0.97291721846,
        0.9716783374600001,
        0.93535828846,
        0.9396317874600001,
        0.9707765084600001,
        0.96025215446
      ],
      "exit_codes": [
        0,
        0,
        0,
        0,
        0,
        0,
        0,
        0,
        0,
        0
      ],
      "parameters": {
        "VERSION": "3.3.9"
      }
    },
    {
      "command": "3.5.4",
      "mean": 0.9896032826600001,
      "stddev": 0.016413900134307453,
      "median": 0.99041030746,
      "user": 3.18445352,
      "system": 0.18670893999999996,
      "min": 0.9710018824600001,
      "max": 1.01674461146,
      "times": [
        1.00557648246,
        0.98777886946,
        0.9721499854600001,
        0.99395625546,
        0.9734662644600001,
        0.9710018824600001,
        1.01674461146,
        0.97561840446,
        0.99304174546,
        1.00669832546
      ],
      "exit_codes": [
        0,
        0,
        0,
        0,
        0,
        0,
        0,
        0,
        0,
        0
      ],
      "parameters": {
        "VERSION": "3.5.4"
      }
    },
    {
      "command": "3.6.3",
      "mean": 0.9543067520599999,
      "stddev": 0.02744964550374208,
      "median": 0.9473709059600001,
      "user": 2.9762757199999994,
      "system": 0.20074904,
      "min": 0.92721646946,
      "max": 1.00427012346,
      "times": [
        0.94180574646,
        1.00427012346,
        0.9606266964600001,
        0.94051424746,
        0.92721646946,
        0.92724252846,
        0.9942831774600001,
        0.9529360654600001,
        0.9280082604600001,
        0.96616420546
      ],
      "exit_codes": [
        0,
        0,
        0,
        0,
        0,
        0,
        0,
        0,
        0,
        0
      ],
      "parameters": {
        "VERSION": "3.6.3"
      }
    },
    {
      "command": "3.8.1",
      "mean": 0.9613683334600001,
      "stddev": 0.02676256202487797,
      "median": 0.96369280846,
      "user": 2.9881393199999993,
      "system": 0.18398483999999998,
      "min": 0.9183178374600001,
      "max": 1.01201527146,
      "times": [
        0.96459742246,
        0.94778885646,
        0.96863882846,
        0.9183178374600001,
        0.9627881944600001,
        0.94787926446,
        1.01201527146,
        0.93409131846,
        0.98986031046,
        0.96770603046
      ],
      "exit_codes": [
        0,
        0,
        0,
        0,
        0,
        0,
        0,
        0,
        0,
        0
      ],
      "parameters": {
        "VERSION": "3.8.1"
      }
    },
    {
      "command": "3.8.2",
      "mean": 0.9268349968600003,
      "stddev": 0.028409272250541705,
      "median": 0.93038202946,
      "user": 2.9537587200000006,
      "system": 0.11355633999999999,
      "min": 0.8742984394600001,
      "max": 0.9624898014600001,
      "times": [
        0.9081584754600001,
        0.9624898014600001,
        0.94634265046,
        0.95733344346,
        0.94174953746,
        0.9046239984600001,
        0.8742984394600001,
        0.9190145214600001,
        0.9072226974600001,
        0.94711640346
      ],
      "exit_codes": [
        0,
        0,
        0,
        0,
        0,
        0,
        0,
        0,
        0,
        0
      ],
      "parameters": {
        "VERSION": "3.8.2"
      }
    },
    {
      "command": "3.8.3",
      "mean": 0.9257954952599998,
      "stddev": 0.03410863109436859,
      "median": 0.91757433046,
      "user": 2.92197972,
      "system": 0.11907184000000001,
      "min": 0.89635538246,
      "max": 1.00877515646,
      "times": [
        0.93357685946,
        0.89635538246,
        0.8973518784600001,
        1.00877515646,
        0.94534627346,
        0.90756164046,
        0.92031529146,
        0.93724420346,
        0.91483336946,
        0.89659489746
      ],
      "exit_codes": [
        0,
        0,
        0,
        0,
        0,
        0,
        0,
        0,
        0,
        0
      ],
      "parameters": {
        "VERSION": "3.8.3"
      }
    },
    {
      "command": "3.8.4",
      "mean": 0.90566179416,
      "stddev": 0.01766089657162056,
      "median": 0.90452999546,
      "user": 2.8942329199999994,
      "system": 0.13022873999999998,
      "min": 0.87621524446,
      "max": 0.93098885046,
      "times": [
        0.89221029846,
        0.93098885046,
        0.9036260824600001,
        0.87621524446,
        0.90390953446,
        0.88716920746,
        0.9244363144600001,
        0.9260137084600001,
        0.90689824446,
        0.90515045646
      ],
      "exit_codes": [
        0,
        0,
        0,
        0,
        0,
        0,
        0,
        0,
        0,
        0
      ],
      "parameters": {
        "VERSION": "3.8.4"
      }
    },
    {
      "command": "3.8.5",
      "mean": 0.9212416827600001,
      "stddev": 0.01015459484649213,
      "median": 0.9236519469600001,
      "user": 2.9072224199999996,
      "system": 0.12418193999999998,
      "min": 0.90105347246,
      "max": 0.9338507434600001,
      "times": [
        0.9338507434600001,
        0.9269614044600001,
        0.93159685646,
        0.92711740146,
        0.92696320446,
        0.90105347246,
        0.9183835854600001,
        0.91551109346,
        0.9203424894600001,
        0.9106365764600001
      ],