{
  "results": [
    {
      "command": "3.0.5",
      "mean": 0.7906260546600001,
      "stddev": 0.027044287847764362,
      "median": 0.79425221576,
      "user": 2.40860998,
      "system": 0.12022042,
      "min": 0.75705581326,
      "max": 0.84891292726,
      "times": [
        0.76638962826,
        0.84891292726,
        0.75705581326,
        0.77582964026,
        0.79709926026,
        0.7990828452600001,
        0.79140517126,
        0.76328013926,
        0.80876383226,
        0.79844128926
      ],
      "exit_codes": [
        0,
        0,
        0,
        0,
        0,
        0,
        0,
        0,
        0,
        0
      ],
      "parameters": {
        "VERSION": "3.0.5"
      }
    },
    {
      "command": "3.6.3",
      "mean": 1.04843964846,
      "stddev": 0.01731797315089002,
      "median": 1.04832209926,
      "user": 3.30170608,
      "system": 0.23392412,
      "min": 1.01990605826,
      "max": 1.07281592026,
      "times": [
        1.03655603526,
        1.05333520826,
        1.04800284126,
        1.07281592026,
        1.06591401926,
        1.03461102026,
        1.03500202026,
        1.06961200426,
        1.01990605826,
        1.04864135726
      ],
      "exit_codes": [
        0,
        0,
        0,
        0,
        0,
        0,
        0,
        0,
        0,
        0
      ],
      "parameters": {
        "VERSION": "3.6.3"
      }
    },
    {
      "command": "3.8.8",
      "mean": 0.9951502439600001,
      "stddev": 0.04522454578350568,
      "median": 0.97871858226,
      "user": 3.1832993800000002,
      "system": 0.14190451999999998,
      "min": 0.94639157226,
      "max": 1.10110189926,
      "times": [
        0.94639157226,
        1.03867784626,
        0.9956725162600001,
        0.9658834232600001,
        1.0070076562599999,
        0.97415459226,
        0.97363183426,
        1.10110189926,
        0.98328257226,
        0.96569852726
      ],
      "exit_codes": [
        0,
        0,
        0,
        0,
        0,
        0,
        0,
        0,
        0,
        0
      ],
      "parameters": {
        "VERSION": "3.8.8"
      }
    },
    {
      "command": "3.9.9",
      "mean": 1.18342907646,
      "stddev": 0.029552063585849695,
      "median": 1.17608058676,
      "user": 3.92116518,
      "system": 0.13827862000000002,
      "min": 1.14924019026,
      "max": 1.23190623526,
      "times": [
        1.23190623526,
        1.22906325126,
        1.15931001826,
        1.20557358226,
        1.17777005326,
        1.17439112026,
        1.14924019026,
        1.15209211426,
        1.17433094226,
        1.1806132572599999
      ],
      "exit_codes": [
        0,
        0,
        0,
        0,
        0,
        0,
        0,
        0,
        0,
        0
      ],
      "parameters": {
        "VERSION": "3.9.9"
      }
    },
    {
      "command": "4.0.0-alpha-13",
      "mean": 1.6486699939599998,
      "stddev": 0.036341572335502635,
      "median": 1.64650934126,
      "user": 6.58545288,
      "system": 0.26381372,
      "min": 1.60308508726,
      "max": 1.72284874826,
      "times": [
        1.65328224026,
        1.61237573226,
        1.60308508726,
        1.61797808426,
        1.63973644226,
        1.67711145226,
        1.6685579192600002,
        1.62681802026,
        1.72284874826,
        1.6649062132599999
      ],
      "exit_codes": [
        0,
        0,
        0,
        0,
        0,
        0,
        0,
        0,
        0,
        0
      ],
      "parameters": {
        "VERSION": "4.0.0-alpha-13"
      }
    },
    {
      "command": "4.0.0-beta-3",
      "mean": 1.7191588982600003,
      "stddev": 0.060066250248293304,
      "median": 1.7067558737600002,
      "user": 6.555113579999999,
      "system": 0.26458702,
      "min": 1.6536391022599999,
      "max": 1.8294940322600002,
      "times": [
        1.6536391022599999,
        1.74389814426,
        1.71388477426,
        1.76335056526,
        1.8294940322600002,
        1.6616478972600002,
        1.6869096052600001,
        1.7854582062600002,
        1.69962697326,
        1.6536796822600002
      ],
      "exit_codes": [
        0,
        0,
        0,
        0,
        0,
        0,
        0,
        0,
        0,
        0
      ],
      "parameters": {
        "VERSION": "4.0.0-beta-3"
      }
    },
    {
      "command": "4.0.0-beta-4",
      "mean": 1.7535259520599997,
      "stddev": 0.031116918803480404,
      "median": 1.75139365676,
      "user": 6.859141779999999,
      "system": 0.28108881999999996,
      "min": 1.71503514826,
      "max": 1.80357187926,
      "times": [
        1.72038239526,
        1.79489839926,
        1.77944293526,
        1.72234336926,
        1.75415551826,
        1.80357187926,
        1.74863179526,
        1.7583260012600002,
        1.73847207926,
        1.71503514826
      ],
      "exit_codes": [
        0,
        0,
        0,
        0,
        0,
        0,
        0,
        0,
        0,
        0
      ],
      "parameters": {
        "VERSION": "4.0.0-beta-4"
      }
    }
  ]
}
