{
  "results": [
    {
      "command": "3.0.5",
      "mean": 7.186963573940001,
      "stddev": 0.056673154938105715,
      "median": 7.17279809644,
      "user": 17.59489504,
      "system": 1.1244640999999997,
      "min": 7.12505964194,
      "max": 7.28432580694,
      "times": [
        7.157384379940001,
        7.245263679940001,
        7.28432580694,
        7.18455096994,
        7.13050610294,
        7.185552756940001,
        7.16104522294,
        7.12505964194,
        7.2580228489400005,
        7.1379243289400005
      ],
      "exit_codes": [
        0,
        0,
        0,
        0,
        0,
        0,
        0,
        0,
        0,
        0
      ],
      "parameters": {
        "VERSION": "3.0.5"
      }
    },
    {
      "command": "3.6.3",
      "mean": 9.49981989834,
      "stddev": 0.17367258289778467,
      "median": 9.45076173244,
      "user": 20.978731039999996,
      "system": 2.3549938,
      "min": 9.29299243394,
      "max": 9.84357016194,
      "times": [
        9.42558810094,
        9.71921390194,
        9.34753570894,
        9.38217315394,
        9.47593536394,
        9.56619128794,
        9.39072571194,
        9.84357016194,
        9.55427315794,
        9.29299243394
      ],
      "exit_codes": [
        0,
        0,
        0,
        0,
        0,
        0,
        0,
        0,
        0,
        0
      ],
      "parameters": {
        "VERSION": "3.6.3"
      }
    },
    {
      "command": "3.8.8",
      "mean": 5.741546163440001,
      "stddev": 0.048516513121873654,
      "median": 5.736457936940001,
      "user": 17.263319739999996,
      "system": 0.8215107999999999,
      "min": 5.68637126794,
      "max": 5.85782846794,
      "times": [
        5.762892824940001,
        5.74695056094,
        5.7355267989400005,
        5.690354662940001,
        5.85782846794,
        5.71040993194,
        5.73738907494,
        5.728383586940001,
        5.759354456940001,
        5.68637126794
      ],
      "exit_codes": [
        0,
        0,
        0,
        0,
        0,
        0,
        0,
        0,
        0,
        0
      ],
      "parameters": {
        "VERSION": "3.8.8"
      }
    },
    {
      "command": "3.9.4",
      "mean": 5.9941477592400005,
      "stddev": 0.037967942459534075,
      "median": 5.98347547294,
      "user": 18.639079039999995,
      "system": 0.8503274999999999,
      "min": 5.9573664629400005,
      "max": 6.07501690994,
      "times": [
        5.991407970940001,
        5.962655548940001,
        5.9573664629400005,
        6.00788146294,
        5.975542974940001,
        5.96546748094,
        5.96637587994,
        6.00214590894,
        6.07501690994,
        6.03761699194
      ],
      "exit_codes": [
        0,
        0,
        0,
        0,
        0,
        0,
        0,
        0,
        0,
        0
      ],
      "parameters": {
        "VERSION": "3.9.4"
      }
    },
    {
      "command": "3.9.5",
      "mean": 6.074226276340001,
      "stddev": 0.06511147497405842,
      "median": 6.05246888194,
      "user": 18.813184139999997,
      "system": 0.8485506999999999,
      "min": 6.007111210940001,
      "max": 6.16640870694,
      "times": [
        6.13687192294,
        6.03222719894,
        6.164602830940001,
        6.11097792294,
        6.007531820940001,
        6.01159338494,
        6.07019883494,
        6.007111210940001,
        6.03473892894,
        6.16640870694
      ],
      "exit_codes": [
        0,
        0,
        0,
        0,
        0,
        0,
        0,
        0,
        0,
        0
      ],
      "parameters": {
        "VERSION": "3.9.5"
      }
    },
    {
      "command": "4.0.0-alpha-7",
      "mean": 8.25574995174,
      "stddev": 0.09136853769231142,
      "median": 8.24137264544,
      "user": 24.075719239999994,
      "system": 1.2059925999999999,
      "min": 8.14052282594,
      "max": 8.43069676594,
      "times": [
        8.22742579994,
        8.43069676594,
        8.18562665294,
        8.16816921494,
        8.14052282594,
        8.28112477294,
        8.37686282694,
        8.211576260940001,
        8.280174905940001,
        8.25531949094
      ],
      "exit_codes": [
        0,
        0,
        0,
        0,
        0,
        0,
        0,
        0,
        0,
        0
      ],
      "parameters": {
        "VERSION": "4.0.0-alpha-7"
      }
    },
    {
      "command": "4.0.0-alpha-8",
      "mean": 9.05474943404,
      "stddev": 0.07680805835516316,
      "median": 9.068860667440001,
      "user": 25.630190639999995,
      "system": 1.2377267,
      "min": 8.93245913694,
      "max": 9.20393097994,
      "times": [
        9.07580427894,
        9.08579952294,
        8.99676191094,
        8.93245913694,
        8.99958640494,
        9.07495048894,
        9.062770845940001,
        9.11928771494,
        8.996143055940001,
        9.20393097994
      ],
      "exit_codes": [
        0,
        0,
        0,
        0,
        0,
        0,
        0,
        0,
        0,
        0
      ],
      "parameters": {
        "VERSION": "4.0.0-alpha-8"
      }
    }
  ]
}
