{
  "results": [
    {
      "command": "3.0.5",
      "mean": 0.79053383936,
      "stddev": 0.029355853147124224,
      "median": 0.7865313324600001,
      "user": 2.3857933599999996,
      "system": 0.07604267999999999,
      "min": 0.74606426096,
      "max": 0.83803263896,
      "times": [
        0.7798552239600001,
        0.74606426096,
        0.7867006789600001,
        0.79350963496,
        0.81885535296,
        0.83803263896,
        0.7863619859600001,
        0.76632661096,
        0.82598055096,
        0.7636514549600001
      ],
      "exit_codes": [
        0,
        0,
        0,
        0,
        0,
        0,
        0,
        0,
        0,
        0
      ],
      "parameters": {
        "VERSION": "3.0.5"
      }
    },
    {
      "command": "3.1.1",
      "mean": 0.8161541185600001,
      "stddev": 0.018779662193122725,
      "median": 0.8172432309600001,
      "user": 2.5570572599999997,
      "system": 0.08708598,
      "min": 0.79055141596,
      "max": 0.84051662896,
      "times": [
        0.8125558339600001,
        0.83615276496,
        0.8240848259600001,
        0.80231239196,
        0.7921183579600001,
        0.79055141596,
        0.82193062796,
        0.83806593896,
        0.80325239896,
        0.84051662896
      ],
      "exit_codes": [
        0,
        0,
        0,
        0,
        0,
        0,
        0,
        0,
        0,
        0
      ],
      "parameters": {
        "VERSION": "3.1.1"
      }
    },
    {
      "command": "3.2.5",
      "mean": 0.8673559150600001,
      "stddev": 0.023165450174933728,
      "median": 0.86629278196,
      "user": 2.8490780599999996,
      "system": 0.09906348,
      "min": 0.8226730199600001,
      "max": 0.9052237659600001,
      "times": [
        0.88808641996,
        0.86945694096,
        0.88351091096,
        0.8587540289600001,
        0.87683212296,
        0.84562746596,
        0.86026585196,
        0.9052237659600001,
        0.8226730199600001,
        0.86312862296
      ],
      "exit_codes": [
        0,
        0,
        0,
        0,
        0,
        0,
        0,
        0,
        0,
        0
      ],
      "parameters": {
        "VERSION": "3.2.5"
      }
    },
    {
      "command": "3.3.9",
      "mean": 0.8912232045600001,
      "stddev": 0.01898838775018129,
      "median": 0.88917410346,
      "user": 2.8915241600000003,
      "system": 0.08307957999999999,
      "min": 0.8494559029600001,
      "max": 0.9147487159600001,
      "times": [
        0.8494559029600001,
        0.9045368929600001,
        0.9147487159600001,
        0.90391507896,
        0.8807639569600001,
        0.91109583496,
        0.88688411996,
        0.88980923796,
        0.8824833359600001,
        0.8885389689600001
      ],
      "exit_codes": [
        0,
        0,
        0,
        0,
        0,
        0,
        0,
        0,
        0,
        0
      ],
      "parameters": {
        "VERSION": "3.3.9"
      }
    },
    {
      "command": "3.5.4",
      "mean": 0.88105900506,
      "stddev": 0.03483102460031987,
      "median": 0.86965381046,
      "user": 2.86980106,
      "system": 0.10980938,
      "min": 0.86043468796,
      "max": 0.97877003996,
      "times": [
        0.86829993796,
        0.8706971799600001,
        0.86043468796,
        0.8686104409600001,
        0.8648130429600001,
        0.88138975196,
        0.8745398979600001,
        0.86750212796,
        0.8755329429600001,
        0.97877003996
      ],
      "exit_codes": [
        0,
        0,
        0,
        0,
        0,
        0,
        0,
        0,
        0,
        0
      ],
      "parameters": {
        "VERSION": "3.5.4"
      }
    },
    {
      "command": "3.6.3",
      "mean": 0.88581104936,
      "stddev": 0.019206826197769585,
      "median": 0.8861606364600001,
      "user": 2.78228176,
      "system": 0.10798548,
      "min": 0.8596370869600001,
      "max": 0.92353549396,
      "times": [
        0.9009929479600001,
        0.8823131699600001,
        0.92353549396,
        0.8596370869600001,
        0.8870492549600001,
        0.8870631759600001,
        0.8852720179600001,
        0.87252045696,
        0.8988160819600001,
        0.86091080696
      ],
      "exit_codes": [
        0,
        0,
        0,
        0,
        0,
        0,
        0,
        0,
        0,
        0
      ],
      "parameters": {
        "VERSION": "3.6.3"
      }
    },
    {
      "command": "3.8.1",
      "mean": 0.8826346191600001,
      "stddev": 0.022505548085486556,
      "median": 0.88780392696,
      "user": 2.7631548599999998,
      "system": 0.11522708,
      "min": 0.84256645996,
      "max": 0.9220774999600001,
      "times": [
        0.8891525249600001,
        0.8552810029600001,
        0.87663349696,
        0.8717311949600001,
        0.84256645996,
        0.89794540296,
        0.88677102196,
        0.9220774999600001,
        0.8888368319600001,
        0.89535075496
      ],
      "exit_codes": [
        0,
        0,
        0,
        0,
        0,
        0,
        0,
        0,
        0,
        0
      ],
      "parameters": {
        "VERSION": "3.8.1"
      }
    },
    {
      "command": "3.8.2",
      "mean": 0.87750428686,
      "stddev": 0.02295192616449427,
      "median": 0.8798974029600001,
      "user": 2.82256706,
      "system": 0.06645168,
      "min": 0.84607366496,
      "max": 0.9127457749600001,
      "times": [
        0.84607366496,
        0.84838090996,
        0.8799426169600001,
        0.8798521889600001,
        0.9127457749600001,
        0.88761176196,
        0.85661862996,
        0.90838630996,
        0.88664529496,
        0.8687857159600001
      ],
      "exit_codes": [
        0,
        0,
        0,
        0,
        0,
        0,
        0,
        0,
        0,
        0
      ],
      "parameters": {
        "VERSION": "3.8.2"
      }
    },
    {
      "command": "3.8.3",
      "mean": 0.8565633974599999,
      "stddev": 0.02878336326011883,
      "median": 0.85017879546,
      "user": 2.67030246,
      "system": 0.07957988000000002,
      "min": 0.8248320879600001,
      "max": 0.9071022309600001,
      "times": [
        0.85533360096,
        0.85662250896,
        0.9071022309600001,
        0.8743140419600001,
        0.89978701796,
        0.8248320879600001,
        0.83836949096,
        0.82703970496,
        0.84502398996,
        0.83720929996
      ],
      "exit_codes": [
        0,
        0,
        0,
        0,
        0,
        0,
        0,
        0,
        0,
        0
      ],
      "parameters": {
        "VERSION": "3.8.3"
      }
    },
    {
      "command": "3.8.4",
      "mean": 0.8634034344600001,
      "stddev": 0.022348089436012884,
      "median": 0.86988504496,
      "user": 2.7717675599999994,
      "system": 0.07533158000000001,
      "min": 0.82895486896,
      "max": 0.8890182669600001,
      "times": [
        0.8551904949600001,
        0.86838904596,
        0.8890182669600001,
        0.84177398896,
        0.88260837296,
        0.8852206889600001,
        0.87138104396,
        0.8788390139600001,
        0.82895486896,
        0.8326585589600001
      ],
      "exit_codes": [
        0,
        0,
        0,
        0,
        0,
        0,
        0,
        0,
        0,
        0
      ],
      "parameters": {
        "VERSION": "3.8.4"
      }
    },
    {
      "command": "3.8.5",
      "mean": 0.85139319946,
      "stddev": 0.014733586184798446,
      "median": 0.8518440004600001,
      "user": 2.72062276,
      "system": 0.07066648,
      "min": 0.83056283996,
      "max": 0.87211546596,
      "times": [
        0.8403145239600001,
        0.87211546596,
        0.8684130249600001,
        0.8584500059600001,
        0.86262478596,
        0.83056283996,
        0.8607895789600001,
        0.83684667796,
        0.8385770959600001,
        0.8452379949600001
      ],