{
  "results": [
    {
      "command": "3.0.5",
      "mean": 0.9333130257200002,
      "stddev": 0.0399904343240965,
      "median": 0.92332863622,
      "user": 3.17144342,
      "system": 0.12203777999999998,
      "min": 0.9050901007200001,
      "max": 1.03980054272,
      "times": [
        0.92744648472,
        1.03980054272,
        0.9339398117200001,
        0.90536599472,
        0.93328783672,
        0.9098569977200001,
        0.9050901007200001,
        0.9113449637200001,
        0.94778673672,
        0.9192107877200001
      ],
      "exit_codes": [
        0,
        0,
        0,
        0,
        0,
        0,
        0,
        0,
        0,
        0
      ],
      "parameters": {
        "VERSION": "3.0.5"
      }
    },
    {
      "command": "3.6.3",
      "mean": 1.0776109445200004,
      "stddev": 0.021529039069957324,
      "median": 1.07728578022,
      "user": 3.81394832,
      "system": 0.17997347999999996,
      "min": 1.05202480472,
      "max": 1.12055312272,
      "times": [
        1.0569981077200001,
        1.0538775907200002,
        1.0820009087200002,
        1.0806125317200002,
        1.07395902872,
        1.06886171872,
        1.05202480472,
        1.12055312272,
        1.09883072272,
        1.08839090872
      ],
      "exit_codes": [
        0,
        0,
        0,
        0,
        0,
        0,
        0,
        0,
        0,
        0
      ],
      "parameters": {
        "VERSION": "3.6.3"
      }
    },
    {
      "command": "3.8.8",
      "mean": 1.04946815782,
      "stddev": 0.04013304259258688,
      "median": 1.03910550822,
      "user": 3.6534458199999995,
      "system": 0.11161238,
      "min": 1.0014584237200002,
      "max": 1.1161377377200001,
      "times": [
        1.0014584237200002,
        1.0129285837200002,
        1.1161377377200001,
        1.0404581967200002,
        1.1115888037200001,
        1.0146326247200002,
        1.0296953697200002,
        1.05392885972,
        1.07610015872,
        1.03775281972
      ],
      "exit_codes": [
        0,
        0,
        0,
        0,
        0,
        0,
        0,
        0,
        0,
        0
      ],
      "parameters": {
        "VERSION": "3.8.8"
      }
    },
    {
      "command": "3.9.4",
      "mean": 1.22107919912,
      "stddev": 0.019983714274900283,
      "median": 1.22285472622,
      "user": 4.21884592,
      "system": 0.10944438000000001,
      "min": 1.19519282672,
      "max": 1.25158021072,
      "times": [
        1.25158021072,
        1.19519282672,
        1.2269877287200002,
        1.24618968772,
        1.2349593917200001,
        1.19952082572,
        1.21872172372,
        1.2272548927200002,
        1.21301450772,
        1.19737019572
      ],
      "exit_codes": [
        0,
        0,
        0,
        0,
        0,
        0,
        0,
        0,
        0,
        0
      ],
      "parameters": {
        "VERSION": "3.9.4"
      }
    },
    {
      "command": "3.9.5",
      "mean": 1.2077642396200001,
      "stddev": 0.0187939180218157,
      "median": 1.2042158502200002,
      "user": 4.15854752,
      "system": 0.11123328000000002,
      "min": 1.18322740772,
      "max": 1.23973392972,
      "times": [
        1.1993990977200002,
        1.1948330257200002,
        1.21301138872,
        1.20567549072,
        1.2027562097200002,
        1.18322740772,
        1.1894725827200001,
        1.23973392972,
        1.23795507172,
        1.2115781917200001
      ],
      "exit_codes": [
        0,
        0,
        0,
        0,
        0,
        0,
        0,
        0,
        0,
        0
      ],
      "parameters": {
        "VERSION": "3.9.5"
      }
    },
    {
      "command": "4.0.0-alpha-7",
      "mean": 1.5887040223200002,
      "stddev": 0.029736282375615604,
      "median": 1.5878268972200003,
      "user": 5.53416672,
      "system": 0.17660137999999997,
      "min": 1.54613288272,
      "max": 1.6482076517200002,
      "times": [
        1.57762306172,
        1.59665968472,
        1.6482076517200002,
        1.55530545672,
        1.56909093372,
        1.6043781027200001,
        1.6089710237200001,
        1.54613288272,
        1.6016773157200002,
        1.5789941097200002
      ],
      "exit_codes": [
        0,
        0,
        0,
        0,
        0,
        0,
        0,
        0,
        0,
        0
      ],
      "parameters": {
        "VERSION": "4.0.0-alpha-7"
      }
    },
    {
      "command": "4.0.0-alpha-8",
      "mean": 1.68170050212,
      "stddev": 0.030572821447475796,
      "median": 1.6910471237200002,
      "user": 5.895014019999999,
      "system": 0.16637697999999998,
      "min": 1.62770654472,
      "max": 1.71183126572,
      "times": [
        1.71183126572,
        1.7011991447200001,
        1.6725072207200002,
        1.68118271572,
        1.71026413272,
        1.6790989657200002,
        1.6311600027200002,
        1.70091153172,
        1.62770654472,
        1.70114349672
      ],
      "exit_codes": [
        0,
        0,
        0,
        0,
        0,
        0,
        0,
        0,
        0,
        0
      ],
      "parameters": {
        "VERSION": "4.0.0-alpha-8"
      }
    }
  ]
}
