{
  "results": [
    {
      "command": "3.0.5",
      "mean": 1.68973104134,
      "stddev": 0.021248058387016842,
      "median": 1.69272726794,
      "user": 6.10051516,
      "system": 0.2251347,
      "min": 1.65698796994,
      "max": 1.72601511394,
      "times": [
        1.66571937394,
        1.72601511394,
        1.70354035194,
        1.68613110394,
        1.66746032294,
        1.69958936494,
        1.70641227594,
        1.65698796994,
        1.69431953994,
        1.6911349959400002
      ],
      "exit_codes": [
        0,
        0,
        0,
        0,
        0,
        0,
        0,
        0,
        0,
        0
      ],
      "parameters": {
        "VERSION": "3.0.5"
      }
    },
    {
      "command": "3.6.3",
      "mean": 2.23794207164,
      "stddev": 0.061688068941405716,
      "median": 2.2246514369400003,
      "user": 8.18685356,
      "system": 0.6064430000000001,
      "min": 2.16558945394,
      "max": 2.35451340294,
      "times": [
        2.25033488794,
        2.35451340294,
        2.17089020994,
        2.22373118394,
        2.21800147994,
        2.22557168994,
        2.20545355594,
        2.33250029094,
        2.16558945394,
        2.23283456094
      ],
      "exit_codes": [
        0,
        0,
        0,
        0,
        0,
        0,
        0,
        0,
        0,
        0
      ],
      "parameters": {
        "VERSION": "3.6.3"
      }
    },
    {
      "command": "3.8.8",
      "mean": 1.8775237038400001,
      "stddev": 0.0462619106782036,
      "median": 1.87520852194,
      "user": 7.196232159999999,
      "system": 0.3123543,
      "min": 1.80392270694,
      "max": 1.9414888859400001,
      "times": [
        1.82541975094,
        1.87388087794,
        1.86656213094,
        1.80392270694,
        1.8765361659400002,
        1.89423622894,
        1.8380141649400001,
        1.9414888859400001,
        1.9225674809400002,
        1.9326086449400002
      ],
      "exit_codes": [
        0,
        0,
        0,
        0,
        0,
        0,
        0,
        0,
        0,
        0
      ],
      "parameters": {
        "VERSION": "3.8.8"
      }
    },
    {
      "command": "3.9.4",
      "mean": 2.06034138594,
      "stddev": 0.025586860936416527,
      "median": 2.05758589894,
      "user": 7.95839316,
      "system": 0.2631598,
      "min": 2.03036413994,
      "max": 2.09942712294,
      "times": [
        2.04307730094,
        2.05492113194,
        2.03616741394,
        2.03436022794,
        2.08004221894,
        2.09848863394,
        2.03036413994,
        2.06025066594,
        2.06631500294,
        2.09942712294
      ],
      "exit_codes": [
        0,
        0,
        0,
        0,
        0,
        0,
        0,
        0,
        0,
        0
      ],
      "parameters": {
        "VERSION": "3.9.4"
      }
    },
    {
      "command": "3.9.5",
      "mean": 2.07262891314,
      "stddev": 0.04293542503471372,
      "median": 2.0564891244399996,
      "user": 7.964120260000001,
      "system": 0.28925899999999993,
      "min": 2.00628398794,
      "max": 2.15667878394,
      "times": [
        2.11176867194,
        2.00628398794,
        2.05821894294,
        2.05475930594,
        2.08350521794,
        2.15667878394,
        2.04845832394,
        2.10793725294,
        2.04533086594,
        2.05334777794
      ],
      "exit_codes": [
        0,
        0,
        0,
        0,
        0,
        0,
        0,
        0,
        0,
        0
      ],
      "parameters": {
        "VERSION": "3.9.5"
      }
    },
    {
      "command": "4.0.0-alpha-7",
      "mean": 2.82497095504,
      "stddev": 0.03729403000226699,
      "median": 2.83689030694,
      "user": 10.66592316,
      "system": 0.38862889999999994,
      "min": 2.76768926194,
      "max": 2.88156007894,
      "times": [
        2.84511269794,
        2.76768926194,
        2.80179002794,
        2.83452817794,
        2.78158111394,
        2.88156007894,
        2.79030013794,
        2.83925243594,
        2.8579274049400003,
        2.84996821294
      ],
      "exit_codes": [
        0,
        0,
        0,
        0,
        0,
        0,
        0,
        0,
        0,
        0
      ],
      "parameters": {
        "VERSION": "4.0.0-alpha-7"
      }
    },
    {
      "command": "4.0.0-alpha-8",
      "mean": 2.98032676294,
      "stddev": 0.031870752835870035,
      "median": 2.98310639244,
      "user": 11.205425159999999,
      "system": 0.39861379999999996,
      "min": 2.93716556994,
      "max": 3.02032267094,
      "times": [
        3.02032267094,
        2.95876781094,
        2.98422371094,
        2.98198907394,
        2.94113544494,
        2.93716556994,
        3.00796783194,
        2.94909346794,
        3.01232286994,
        3.01027917794
      ],
      "exit_codes": [
        0,
        0,
        0,
        0,
        0,
        0,
        0,
        0,
        0,
        0
      ],
      "parameters": {
        "VERSION": "4.0.0-alpha-8"
      }
    }
  ]
}
