{
  "results": [
    {
      "command": "3.0.5",
      "mean": 1.1701549963600002,
      "stddev": 0.03278676983282973,
      "median": 1.16029018406,
      "user": 4.30884288,
      "system": 0.17774272,
      "min": 1.13043485356,
      "max": 1.23207535656,
      "times": [
        1.15637865356,
        1.19296726656,
        1.14280661256,
        1.14454616056,
        1.20949462456,
        1.13043485356,
        1.23207535656,
        1.1642017145599999,
        1.14854407356,
        1.18010064756
      ],
      "exit_codes": [
        0,
        0,
        0,
        0,
        0,
        0,
        0,
        0,
        0,
        0
      ],
      "parameters": {
        "VERSION": "3.0.5"
      }
    },
    {
      "command": "3.1.1",
      "mean": 1.30797585126,
      "stddev": 0.02782064931423342,
      "median": 1.3039630070600001,
      "user": 4.82666128,
      "system": 0.23969472,
      "min": 1.26612933956,
      "max": 1.3583631815600001,
      "times": [
        1.26612933956,
        1.31253851256,
        1.34036188856,
        1.29311375456,
        1.28354426756,
        1.30304095456,
        1.32829239156,
        1.3048850595600001,
        1.3583631815600001,
        1.28948916256
      ],
      "exit_codes": [
        0,
        0,
        0,
        0,
        0,
        0,
        0,
        0,
        0,
        0
      ],
      "parameters": {
        "VERSION": "3.1.1"
      }
    },
    {
      "command": "3.2.5",
      "mean": 1.3641870275599999,
      "stddev": 0.02784852294785924,
      "median": 1.3555104245599998,
      "user": 5.11420118,
      "system": 0.21871042,
      "min": 1.33027511356,
      "max": 1.42629153256,
      "times": [
        1.35835407056,
        1.36834654856,
        1.3811446785600001,
        1.42629153256,
        1.34826413456,
        1.35266677856,
        1.38626133456,
        1.34927727156,
        1.33027511356,
        1.34098881256
      ],
      "exit_codes": [
        0,
        0,
        0,
        0,
        0,
        0,
        0,
        0,
        0,
        0
      ],
      "parameters": {
        "VERSION": "3.2.5"
      }
    },
    {
      "command": "3.3.9",
      "mean": 1.3821390794600004,
      "stddev": 0.015374133785716596,
      "median": 1.37890492306,
      "user": 5.14033268,
      "system": 0.23096221999999997,
      "min": 1.35033342656,
      "max": 1.40159279256,
      "times": [
        1.37448777056,
        1.35033342656,
        1.38601065956,
        1.3766492075599999,
        1.3966025635600001,
        1.37660843856,
        1.37719201456,
        1.40159279256,
        1.40129608956,
        1.38061783156
      ],
      "exit_codes": [
        0,
        0,
        0,
        0,
        0,
        0,
        0,
        0,
        0,
        0
      ],
      "parameters": {
        "VERSION": "3.3.9"
      }
    },
    {
      "command": "3.5.4",
      "mean": 1.43187161126,
      "stddev": 0.0358098868668258,
      "median": 1.41819708356,
      "user": 5.28314218,
      "system": 0.29569102,
      "min": 1.38348209156,
      "max": 1.48966820456,
      "times": [
        1.48966820456,
        1.39542590256,
        1.46185023956,
        1.38348209156,
        1.41711097456,
        1.47051754856,
        1.46064183956,
        1.41928319256,
        1.40816038356,
        1.41257573556
      ],
      "exit_codes": [
        0,
        0,
        0,
        0,
        0,
        0,
        0,
        0,
        0,
        0
      ],
      "parameters": {
        "VERSION": "3.5.4"
      }
    },
    {
      "command": "3.6.3",
      "mean": 1.36441106056,
      "stddev": 0.033049627247523534,
      "median": 1.36282975856,
      "user": 4.95105318,
      "system": 0.30605852,
      "min": 1.32168753156,
      "max": 1.43991939156,
      "times": [
        1.36978862456,
        1.38814561856,
        1.37261498556,
        1.35587089256,
        1.43991939156,
        1.34158237856,
        1.34179558356,
        1.32168753156,
        1.34205722656,
        1.37064837256
      ],
      "exit_codes": [
        0,
        0,
        0,
        0,
        0,
        0,
        0,
        0,
        0,
        0
      ],
      "parameters": {
        "VERSION": "3.6.3"
      }
    },
    {
      "command": "3.8.1",
      "mean": 1.37723712906,
      "stddev": 0.028209889984245482,
      "median": 1.37337873156,
      "user": 4.98928668,
      "system": 0.28457721999999996,
      "min": 1.32984152356,
      "max": 1.42308418056,
      "times": [
        1.36844001656,
        1.39864772356,
        1.35675086056,
        1.35780106456,
        1.32984152356,
        1.40301336756,
        1.35807506756,
        1.42308418056,
        1.37831744656,
        1.39840003956
      ],
      "exit_codes": [
        0,
        0,
        0,
        0,
        0,
        0,
        0,
        0,
        0,
        0
      ],
      "parameters": {
        "VERSION": "3.8.1"
      }
    },
    {
      "command": "3.8.2",
      "mean": 1.28299923546,
      "stddev": 0.03488418784502859,
      "median": 1.28566464606,
      "user": 4.601176280000001,
      "system": 0.15532962,
      "min": 1.23059264156,
      "max": 1.3576972975600001,
      "times": [
        1.28970219756,
        1.29456180956,
        1.25471163756,
        1.30043793756,
        1.2816270945600001,
        1.23059264156,
        1.25701707056,
        1.3576972975600001,
        1.26361159156,
        1.3000330765600001
      ],
      "exit_codes": [
        0,
        0,
        0,
        0,
        0,
        0,
        0,
        0,
        0,
        0
      ],
      "parameters": {
        "VERSION": "3.8.2"
      }
    },
    {
      "command": "3.8.3",
      "mean": 1.2325342622599997,
      "stddev": 0.03339815845458759,
      "median": 1.23603878006,
      "user": 4.45206348,
      "system": 0.15134682,
      "min": 1.19575404756,
      "max": 1.29636599556,
      "times": [
        1.24269561956,
        1.23489621756,
        1.19604375056,
        1.19981244956,
        1.29636599556,
        1.23718134256,
        1.24968959856,
        1.20683797856,
        1.26606562256,
        1.19575404756
      ],
      "exit_codes": [
        0,
        0,
        0,
        0,
        0,
        0,
        0,
        0,
        0,
        0
      ],
      "parameters": {
        "VERSION": "3.8.3"
      }
    },
    {
      "command": "3.8.4",
      "mean": 1.22937786476,
      "stddev": 0.02101539330284152,
      "median": 1.22355942306,
      "user": 4.448870080000001,
      "system": 0.14206552,
      "min": 1.19752841556,
      "max": 1.26998455556,
      "times": [
        1.24811629756,
        1.21327716256,
        1.21671567856,
        1.26998455556,
        1.22672459656,
        1.19752841556,
        1.22039424956,
        1.21747918056,
        1.24318010656,
        1.24037840456
      ],
      "exit_codes": [
        0,
        0,
        0,
        0,
        0,
        0,
        0,
        0,
        0,
        0
      ],
      "parameters": {
        "VERSION": "3.8.4"
      }
    },
    {
      "command": "3.8.5",
      "mean": 1.22307206726,
      "stddev": 0.024048684038953685,
      "median": 1.21925112756,
      "user": 4.41199188,
      "system": 0.14796602,
      "min": 1.18785064056,
      "max": 1.25690545356,
      "times": [
        1.18785064056,
        1.19034810956,
        1.21522626556,
        1.24672056056,
        1.25690545356,
        1.22327598956,
        1.24724833856,
        1.21406073456,
        1.23967635356,
        1.20940822656
      ],
      "exit_codes": [
        0,
        0,
        0,
        0,
        0,
        0,
        0,
        0,
        0,
        0
      ],
      "parameters": {
        "VERSION": "3.8.5"
      }
    },
    {
      "command": "3.8.6",
      "mean": 1.2397826671599999,
      "stddev": 0.02695339679253917,
      "median": 1.2428649650599999,
      "user": 4.476148780000001,