{
  "results": [
    {
      "command": "3.0.5",
      "mean": 0.9744084454399999,
      "stddev": 0.019316821147577993,
      "median": 0.9723339911400001,
      "user": 3.26079518,
      "system": 0.12768101999999998,
      "min": 0.95163373214,
      "max": 1.00227384214,
      "times": [
        0.9689306361400001,
        0.97970337314,
        0.95822849714,
        0.99715024314,
        1.00227384214,
        0.99763278314,
        0.9757373461400001,
        0.96064585014,
        0.95163373214,
        0.9521481511400001
      ],
      "exit_codes": [
        0,
        0,
        0,
        0,
        0,
        0,
        0,
        0,
        0,
        0
      ],
      "parameters": {
        "VERSION": "3.0.5"
      }
    },
    {
      "command": "3.6.3",
      "mean": 1.09233870584,
      "stddev": 0.028750889699215586,
      "median": 1.09037936414,
      "user": 3.7186248799999992,
      "system": 0.20113712,
      "min": 1.04920285014,
      "max": 1.14393391714,
      "times": [
        1.10225014514,
        1.08310138414,
        1.14393391714,
        1.09631831514,
        1.12600522714,
        1.05881328514,
        1.04920285014,
        1.07581809614,
        1.08444041314,
        1.10350342514
      ],
      "exit_codes": [
        0,
        0,
        0,
        0,
        0,
        0,
        0,
        0,
        0,
        0
      ],
      "parameters": {
        "VERSION": "3.6.3"
      }
    },
    {
      "command": "3.8.8",
      "mean": 1.0315880964399997,
      "stddev": 0.01927376124634539,
      "median": 1.03628589914,
      "user": 3.46100998,
      "system": 0.12223152,
      "min": 0.99576916614,
      "max": 1.05586444414,
      "times": [
        0.99576916614,
        1.04494356114,
        1.03793038514,
        1.05450009614,
        1.03464141314,
        1.04059928314,
        1.01783277714,
        1.01974536214,
        1.05586444414,
        1.0140544761399999
      ],
      "exit_codes": [
        0,
        0,
        0,
        0,
        0,
        0,
        0,
        0,
        0,
        0
      ],
      "parameters": {
        "VERSION": "3.8.8"
      }
    },
    {
      "command": "3.9.4",
      "mean": 1.19352013144,
      "stddev": 0.01590850344069278,
      "median": 1.19628057164,
      "user": 3.9658185799999996,
      "system": 0.10592912000000002,
      "min": 1.16451880314,
      "max": 1.22414509214,
      "times": [
        1.22414509214,
        1.19816853214,
        1.16451880314,
        1.17441594014,
        1.18823878514,
        1.19511882414,
        1.19923620614,
        1.19919808814,
        1.1974423191399999,
        1.19471872414
      ],
      "exit_codes": [
        0,
        0,
        0,
        0,
        0,
        0,
        0,
        0,
        0,
        0
      ],
      "parameters": {
        "VERSION": "3.9.4"
      }
    },
    {
      "command": "3.9.5",
      "mean": 1.2146047662400001,
      "stddev": 0.032611019426563755,
      "median": 1.20753193264,
      "user": 3.9820249799999994,
      "system": 0.12368981999999999,
      "min": 1.17412124714,
      "max": 1.27484755114,
      "times": [
        1.19665726714,
        1.21647321314,
        1.26222012814,
        1.19859065214,
        1.19015627014,
        1.27484755114,
        1.22523999614,
        1.17412124714,
        1.21988069214,
        1.18786064514
      ],
      "exit_codes": [
        0,
        0,
        0,
        0,
        0,
        0,
        0,
        0,
        0,
        0
      ],
      "parameters": {
        "VERSION": "3.9.5"
      }
    },
    {
      "command": "4.0.0-alpha-7",
      "mean": 1.5085712202400001,
      "stddev": 0.017329684582765358,
      "median": 1.5084141356399998,
      "user": 4.98913078,
      "system": 0.16396022,
      "min": 1.48467385414,
      "max": 1.5372115501399999,
      "times": [
        1.4935901841399999,
        1.50151846714,
        1.51933312014,
        1.48641626214,
        1.51066237314,
        1.52326214714,
        1.52287834614,
        1.50616589814,
        1.48467385414,
        1.5372115501399999
      ],
      "exit_codes": [
        0,
        0,
        0,
        0,
        0,
        0,
        0,
        0,
        0,
        0
      ],
      "parameters": {
        "VERSION": "4.0.0-alpha-7"
      }
    },
    {
      "command": "4.0.0-alpha-8",
      "mean": 1.63136226574,
      "stddev": 0.028596615843693177,
      "median": 1.62488918514,
      "user": 5.31662828,
      "system": 0.16290221999999996,
      "min": 1.57892561914,
      "max": 1.6744104871399998,
      "times": [
        1.6504559591399999,
        1.6744104871399998,
        1.66246659714,
        1.6183560031400002,
        1.6119538331399998,
        1.57892561914,
        1.61874153414,
        1.61480305614,
        1.6524727321400001,
        1.63103683614
      ],
      "exit_codes": [
        0,
        0,
        0,
        0,
        0,
        0,
        0,
        0,
        0,
        0
      ],
      "parameters": {
        "VERSION": "4.0.0-alpha-8"
      }
    }
  ]
}
