{
  "results": [
    {
      "command": "3.0.5",
      "mean": 0.76084427464,
      "stddev": 0.019662105992269727,
      "median": 0.7520076601400001,
      "user": 2.18578822,
      "system": 0.124619,
      "min": 0.7449882646400001,
      "max": 0.80211373364,
      "times": [
        0.7464054106400001,
        0.7508025186400001,
        0.80211373364,
        0.7509390556400001,
        0.7638317626400001,
        0.79057729464,
        0.7530762646400001,
        0.7449882646400001,
        0.7485897206400001,
        0.7571187206400001
      ],
      "exit_codes": [
        0,
        0,
        0,
        0,
        0,
        0,
        0,
        0,
        0,
        0
      ],
      "parameters": {
        "VERSION": "3.0.5"
      }
    },
    {
      "command": "3.1.1",
      "mean": 0.82419967804,
      "stddev": 0.018590133460313688,
      "median": 0.8310821776400001,
      "user": 2.4441837199999994,
      "system": 0.12474219999999998,
      "min": 0.7986371446400001,
      "max": 0.8518994136400001,
      "times": [
        0.8325857966400001,
        0.8011189066400001,
        0.8187189226400001,
        0.8369969326400001,
        0.8004246126400001,
        0.8518994136400001,
        0.8313795156400001,
        0.83078483964,
        0.8394506956400001,
        0.7986371446400001
      ],
      "exit_codes": [
        0,
        0,
        0,
        0,
        0,
        0,
        0,
        0,
        0,
        0
      ],
      "parameters": {
        "VERSION": "3.1.1"
      }
    },
    {
      "command": "3.2.5",
      "mean": 0.8505882795400002,
      "stddev": 0.03367353153122498,
      "median": 0.8437023111400002,
      "user": 2.55006722,
      "system": 0.1254139,
      "min": 0.8224421046400001,
      "max": 0.9384442906400001,
      "times": [
        0.8224421046400001,
        0.8407367856400001,
        0.8373655956400001,
        0.8684240456400001,
        0.8240465576400001,
        0.8466678366400001,
        0.9384442906400001,
        0.8472014546400001,
        0.8492303566400001,
        0.83132376764
      ],
      "exit_codes": [
        0,
        0,
        0,
        0,
        0,
        0,
        0,
        0,
        0,
        0
      ],
      "parameters": {
        "VERSION": "3.2.5"
      }
    },
    {
      "command": "3.3.9",
      "mean": 0.8683835571400002,
      "stddev": 0.02071136796990571,
      "median": 0.8655181821400001,
      "user": 2.58443102,
      "system": 0.12758039999999998,
      "min": 0.8379663416400001,
      "max": 0.9081283616400001,
      "times": [
        0.8782379146400001,
        0.8581608966400001,
        0.8531088256400001,
        0.8897382746400001,
        0.9081283616400001,
        0.8501325356400001,
        0.8773260566400001,
        0.8379663416400001,
        0.8613140756400001,
        0.8697222886400001
      ],
      "exit_codes": [
        0,
        0,
        0,
        0,
        0,
        0,
        0,
        0,
        0,
        0
      ],
      "parameters": {
        "VERSION": "3.3.9"
      }
    },
    {
      "command": "3.5.4",
      "mean": 0.8939727130400001,
      "stddev": 0.02229841782041037,
      "median": 0.8920958731400002,
      "user": 2.7477697199999995,
      "system": 0.1579696,
      "min": 0.8638042176400001,
      "max": 0.9257887716400001,
      "times": [
        0.9018252056400001,
        0.8971692836400001,
        0.9137401346400001,
        0.9248471536400001,
        0.8779377356400001,
        0.8767196236400001,
        0.87087254164,
        0.8870224626400001,
        0.8638042176400001,
        0.9257887716400001
      ],
      "exit_codes": [
        0,
        0,
        0,
        0,
        0,
        0,
        0,
        0,
        0,
        0
      ],
      "parameters": {
        "VERSION": "3.5.4"
      }
    },
    {
      "command": "3.6.3",
      "mean": 0.8684673220400002,
      "stddev": 0.02498909199015275,
      "median": 0.8650953221400001,
      "user": 2.5597256199999996,
      "system": 0.1477193,
      "min": 0.8341397936400001,
      "max": 0.9268307376400001,
      "times": [
        0.86642326564,
        0.8705344896400001,
        0.8455066066400001,
        0.8341397936400001,
        0.8726120406400001,
        0.85765659264,
        0.8856619746400001,
        0.9268307376400001,
        0.8615403406400001,
        0.8637673786400001
      ],
      "exit_codes": [
        0,
        0,
        0,
        0,
        0,
        0,
        0,
        0,
        0,
        0
      ],
      "parameters": {
        "VERSION": "3.6.3"
      }
    },
    {
      "command": "3.8.1",
      "mean": 0.85178870254,
      "stddev": 0.015937382244014895,
      "median": 0.8500622846400001,
      "user": 2.52475002,
      "system": 0.15313759999999998,
      "min": 0.8274005126400001,
      "max": 0.89091809064,
      "times": [
        0.8512861816400001,
        0.8492613286400001,
        0.8274005126400001,
        0.8530265496400001,
        0.84805981764,
        0.89091809064,
        0.8458968386400001,
        0.8435312436400001,
        0.8576432216400001,
        0.8508632406400001
      ],
      "exit_codes": [
        0,
        0,
        0,
        0,
        0,
        0,
        0,
        0,
        0,
        0
      ],
      "parameters": {
        "VERSION": "3.8.1"
      }
    },
    {
      "command": "3.8.2",
      "mean": 0.84453139144,
      "stddev": 0.012275523917459112,
      "median": 0.84970072914,
      "user": 2.5159891199999995,
      "system": 0.10910869999999999,
      "min": 0.8224723696400001,
      "max": 0.8583682946400001,
      "times": [
        0.8224723696400001,
        0.8489649466400001,
        0.8583682946400001,
        0.8362944236400001,
        0.8518407576400001,
        0.8344695566400001,
        0.8504365116400001,
        0.8544245386400001,
        0.83171883164,
        0.8563236836400001
      ],
      "exit_codes": [
        0,
        0,
        0,
        0,
        0,
        0,
        0,
        0,
        0,
        0
      ],
      "parameters": {
        "VERSION": "3.8.2"
      }
    },
    {
      "command": "3.8.3",
      "mean": 0.8386273122400001,
      "stddev": 0.022638993510816163,
      "median": 0.8394556496400001,
      "user": 2.5137180199999998,
      "system": 0.10514149999999997,
      "min": 0.8045383596400001,
      "max": 0.8655200076400001,
      "times": [
        0.8178595076400001,
        0.8332342156400001,
        0.8610000136400001,
        0.8647571156400001,
        0.8425309876400001,
        0.8363803116400002,
        0.8087517906400001,
        0.8045383596400001,
        0.8655200076400001,
        0.8517008126400001
      ],
      "exit_codes": [
        0,
        0,
        0,
        0,
        0,
        0,
        0,
        0,
        0,
        0
      ],
      "parameters": {
        "VERSION": "3.8.3"
      }
    },
    {
      "command": "3.8.4",
      "mean": 0.83102914224,
      "stddev": 0.031113035714618032,
      "median": 0.8273231591400001,
      "user": 2.5308155199999995,
      "system": 0.1064675,
      "min": 0.7985660696400001,
      "max": 0.89692700964,
      "times": [
        0.89692700964,
        0.8227716216400001,
        0.8368214206400001,
        0.84537224064,
        0.7992695536400001,
        0.8620912686400001,
        0.7985660696400001,
        0.8076800656400001,
        0.8318746966400001,
        0.80891747564
      ],
      "exit_codes": [
        0,
        0,
        0,
        0,
        0,
        0,
        0,
        0,
        0,
        0
      ],
      "parameters": {
        "VERSION": "3.8.4"
      }
    },
    {
      "command": "3.8.5",
      "mean": 0.8308667702400001,
      "stddev": 0.020730865173658727,
      "median": 0.83321597114,
      "user": 2.49052592,
      "system": 0.1058841,
      "min": 0.8037047696400001,
      "max": 0.8611289806400001,