{
  "results": [
    {
      "command": "3.0.5",
      "mean": 0.77817515764,
      "stddev": 0.017178536304305894,
      "median": 0.7719454274399999,
      "user": 2.3325158999999998,
      "system": 0.07953131999999999,
      "min": 0.75688001694,
      "max": 0.81105928094,
      "times": [
        0.76821381494,
        0.75688001694,
        0.76749443294,
        0.79251402094,
        0.76602593894,
        0.79886757394,
        0.77567703994,
        0.77779871694,
        0.81105928094,
        0.76722073994
      ],
      "exit_codes": [
        0,
        0,
        0,
        0,
        0,
        0,
        0,
        0,
        0,
        0
      ],
      "parameters": {
        "VERSION": "3.0.5"
      }
    },
    {
      "command": "3.1.1",
      "mean": 0.7933259123399999,
      "stddev": 0.02155788644709085,
      "median": 0.79005941744,
      "user": 2.4044649999999996,
      "system": 0.07162361999999999,
      "min": 0.76749005294,
      "max": 0.82957703994,
      "times": [
        0.76749005294,
        0.79148582694,
        0.80732165394,
        0.82957703994,
        0.7813132699399999,
        0.77200839094,
        0.76956067194,
        0.78863300794,
        0.80807519494,
        0.81779401394
      ],
      "exit_codes": [
        0,
        0,
        0,
        0,
        0,
        0,
        0,
        0,
        0,
        0
      ],
      "parameters": {
        "VERSION": "3.1.1"
      }
    },
    {
      "command": "3.2.5",
      "mean": 0.85812505864,
      "stddev": 0.035251735687196556,
      "median": 0.85492755144,
      "user": 2.6887014999999996,
      "system": 0.08847002000000001,
      "min": 0.82367273694,
      "max": 0.9386563919400001,
      "times": [
        0.86159177594,
        0.84826332694,
        0.83178683594,
        0.82367273694,
        0.88693188594,
        0.86649486394,
        0.86655789194,
        0.9386563919400001,
        0.82845763794,
        0.82883723894
      ],
      "exit_codes": [
        0,
        0,
        0,
        0,
        0,
        0,
        0,
        0,
        0,
        0
      ],
      "parameters": {
        "VERSION": "3.2.5"
      }
    },
    {
      "command": "3.3.9",
      "mean": 0.89919412664,
      "stddev": 0.025703445079610625,
      "median": 0.89887770444,
      "user": 2.7967332999999996,
      "system": 0.09446671999999999,
      "min": 0.86218630094,
      "max": 0.93539259294,
      "times": [
        0.86218630094,
        0.90382424594,
        0.89813695794,
        0.93539259294,
        0.8955320329400001,
        0.92339941994,
        0.86832857894,
        0.89961845094,
        0.87390028994,
        0.93162239594
      ],
      "exit_codes": [
        0,
        0,
        0,
        0,
        0,
        0,
        0,
        0,
        0,
        0
      ],
      "parameters": {
        "VERSION": "3.3.9"
      }
    },
    {
      "command": "3.5.4",
      "mean": 0.9065598315400001,
      "stddev": 0.024837835043368617,
      "median": 0.90558271244,
      "user": 2.9340802,
      "system": 0.09540271999999998,
      "min": 0.86835913894,
      "max": 0.95209760694,
      "times": [
        0.89013441594,
        0.91829712694,
        0.88674643094,
        0.86835913894,
        0.93587042994,
        0.90371939894,
        0.90744602594,
        0.88923175894,
        0.95209760694,
        0.91369598194
      ],
      "exit_codes": [
        0,
        0,
        0,
        0,
        0,
        0,
        0,
        0,
        0,
        0
      ],
      "parameters": {
        "VERSION": "3.5.4"
      }
    },
    {
      "command": "3.6.3",
      "mean": 0.90380348804,
      "stddev": 0.02375818118917537,
      "median": 0.9021104449399999,
      "user": 2.8650019999999996,
      "system": 0.11042391999999998,
      "min": 0.87252581394,
      "max": 0.94941679294,
      "times": [
        0.94941679294,
        0.90283011194,
        0.91617196994,
        0.89814114794,
        0.88216136394,
        0.87252581394,
        0.87561176694,
        0.92481762494,
        0.91496750994,
        0.90139077794
      ],
      "exit_codes": [
        0,
        0,
        0,
        0,
        0,
        0,
        0,
        0,
        0,
        0
      ],
      "parameters": {
        "VERSION": "3.6.3"
      }
    },
    {
      "command": "3.8.1",
      "mean": 0.8884007945400001,
      "stddev": 0.013396116693633744,
      "median": 0.88996908094,
      "user": 2.8901732,
      "system": 0.08549071999999999,
      "min": 0.86292734194,
      "max": 0.91026394694,
      "times": [
        0.91026394694,
        0.89397304094,
        0.88596512094,
        0.86292734194,
        0.88360619894,
        0.89727861894,
        0.89828708294,
        0.87984023194,
        0.89504972494,
        0.87681663694
      ],
      "exit_codes": [
        0,
        0,
        0,
        0,
        0,
        0,
        0,
        0,
        0,
        0
      ],
      "parameters": {
        "VERSION": "3.8.1"
      }
    },
    {
      "command": "3.8.2",
      "mean": 0.89440677954,
      "stddev": 0.023330986732519744,
      "median": 0.8900192044399999,
      "user": 2.9003441999999997,
      "system": 0.07589011999999999,
      "min": 0.86942739194,
      "max": 0.94977576494,
      "times": [
        0.89291643694,
        0.87306344094,
        0.91503803794,
        0.89783527594,
        0.94977576494,
        0.89211650694,
        0.88125247694,
        0.88472056094,
        0.88792190194,
        0.86942739194
      ],
      "exit_codes": [
        0,
        0,
        0,
        0,
        0,
        0,
        0,
        0,
        0,
        0
      ],
      "parameters": {
        "VERSION": "3.8.2"
      }
    },
    {
      "command": "3.8.3",
      "mean": 0.88966133704,
      "stddev": 0.027704689520885135,
      "median": 0.88307228194,
      "user": 2.8161493,
      "system": 0.07161862,
      "min": 0.86635574694,
      "max": 0.96265043494,
      "times": [
        0.87188913894,
        0.88243889694,
        0.90388134494,
        0.88584158294,
        0.88782868394,
        0.88370566694,
        0.87147881994,
        0.96265043494,
        0.88054305394,
        0.86635574694
      ],
      "exit_codes": [
        0,
        0,
        0,
        0,
        0,
        0,
        0,
        0,
        0,
        0
      ],
      "parameters": {
        "VERSION": "3.8.3"
      }
    },
    {
      "command": "3.8.4",
      "mean": 0.8974901835400001,
      "stddev": 0.029308972779187224,
      "median": 0.8886414434400001,
      "user": 2.8691704,
      "system": 0.07462682,
      "min": 0.86436071594,
      "max": 0.94711390094,
      "times": [
        0.88173391494,
        0.94711390094,
        0.9300994729400001,
        0.87197540694,
        0.86436071594,
        0.88237711894,
        0.86532582294,
        0.89490576794,
        0.91323345194,
        0.92377626194
      ],
      "exit_codes": [
        0,
        0,
        0,
        0,
        0,
        0,
        0,
        0,
        0,
        0
      ],
      "parameters": {
        "VERSION": "3.8.4"
      }
    },
    {
      "command": "3.8.5",
      "mean": 0.9011608706399998,
      "stddev": 0.02786947080126165,
      "median": 0.89520432044,
      "user": 2.8426505,
      "system": 0.07830531999999998,
      "min": 0.85698816994,
      "max": 0.93739835294,
      "times": [
        0.92837380594,
        0.93523675594,
        0.89332658694,
        0.85698816994,
        0.93739835294,
        0.88347694194,
        0.88854093594,
        0.87097279294,
        0.89708205394,
        0.92021230994
      ],
      "exit_codes": [
        0,
        0,
        0,
        0,
        0,
        0,
        0,
        0,
        0,
        0
      ],
      "parameters": {
        "VERSION": "3.8.5"
      }
    },
    {
      "command": "3.8.6",
      "mean": 0.8807850229399999,
      "stddev": 0.0214205790026181,