{
  "results": [
    {
      "command": "3.0.5",
      "mean": 0.8792078918399999,
      "stddev": 0.017733805950876754,
      "median": 0.8792673055400001,
      "user": 2.90686514,
      "system": 0.11337622,
      "min": 0.8559293010400001,
      "max": 0.9131258430400001,
      "times": [
        0.9131258430400001,
        0.8572205010400001,
        0.8748539590400001,
        0.8655515960400001,
        0.8559293010400001,
        0.8883033740400001,
        0.8878851740400001,
        0.8716771030400001,
        0.8836806520400001,
        0.8938514150400001
      ],
      "exit_codes": [
        0,
        0,
        0,
        0,
        0,
        0,
        0,
        0,
        0,
        0
      ],
      "parameters": {
        "VERSION": "3.0.5"
      }
    },
    {
      "command": "3.6.3",
      "mean": 0.9919159525400003,
      "stddev": 0.019053322704057914,
      "median": 0.9857171415400001,
      "user": 3.4132008399999996,
      "system": 0.15744912,
      "min": 0.9713525530400001,
      "max": 1.02139485204,
      "times": [
        1.02120102704,
        1.0065639290400001,
        0.9916651770400001,
        0.9976193180400001,
        0.9781319140400001,
        0.9778721600400001,
        0.9797691060400001,
        1.02139485204,
        0.9735894890400001,
        0.9713525530400001
      ],
      "exit_codes": [
        0,
        0,
        0,
        0,
        0,
        0,
        0,
        0,
        0,
        0
      ],
      "parameters": {
        "VERSION": "3.6.3"
      }
    },
    {
      "command": "3.8.8",
      "mean": 0.9736594863400001,
      "stddev": 0.019514205459234518,
      "median": 0.9721137695400001,
      "user": 3.3093287399999993,
      "system": 0.10181061999999999,
      "min": 0.9529218130400001,
      "max": 1.00650663004,
      "times": [
        0.9947679540400001,
        0.9661938330400001,
        0.9554392150400001,
        0.9892072050400001,
        0.9529218130400001,
        0.9549995840400001,
        0.9840483560400001,
        1.00650663004,
        0.9780337060400001,
        0.9544765670400001
      ],
      "exit_codes": [
        0,
        0,
        0,
        0,
        0,
        0,
        0,
        0,
        0,
        0
      ],
      "parameters": {
        "VERSION": "3.8.8"
      }
    },
    {
      "command": "3.9.4",
      "mean": 1.15415369274,
      "stddev": 0.01964034944737338,
      "median": 1.15763825154,
      "user": 3.90894004,
      "system": 0.11852672,
      "min": 1.12425111704,
      "max": 1.18550994404,
      "times": [
        1.14645608804,
        1.17721411804,
        1.18550994404,
        1.12919667104,
        1.1652359190400001,
        1.12425111704,
        1.13964090704,
        1.1567655970400001,
        1.15875566004,
        1.15851090604
      ],
      "exit_codes": [
        0,
        0,
        0,
        0,
        0,
        0,
        0,
        0,
        0,
        0
      ],
      "parameters": {
        "VERSION": "3.9.4"
      }
    },
    {
      "command": "3.9.5",
      "mean": 1.15463153564,
      "stddev": 0.025013838220729855,
      "median": 1.14879119754,
      "user": 3.9477008400000004,
      "system": 0.11754351999999998,
      "min": 1.12177846504,
      "max": 1.20406515104,
      "times": [
        1.1492820910400001,
        1.13837267704,
        1.1388774350400002,
        1.19282765404,
        1.20406515104,
        1.14830030404,
        1.12177846504,
        1.15505011704,
        1.1479541930400001,
        1.14980726904
      ],
      "exit_codes": [
        0,
        0,
        0,
        0,
        0,
        0,
        0,
        0,
        0,
        0
      ],
      "parameters": {
        "VERSION": "3.9.5"
      }
    },
    {
      "command": "4.0.0-alpha-7",
      "mean": 1.4847272001400003,
      "stddev": 0.03226035730447163,
      "median": 1.47267086504,
      "user": 5.09089974,
      "system": 0.13475681999999997,
      "min": 1.46195797004,
      "max": 1.56973602104,
      "times": [
        1.46874005204,
        1.4784560850400001,
        1.50478086904,
        1.47120856404,
        1.4639218740400002,
        1.4835898550400002,
        1.47413316604,
        1.47074754504,
        1.56973602104,
        1.46195797004
      ],
      "exit_codes": [
        0,
        0,
        0,
        0,
        0,
        0,
        0,
        0,
        0,
        0
      ],
      "parameters": {
        "VERSION": "4.0.0-alpha-7"
      }
    },
    {
      "command": "4.0.0-alpha-8",
      "mean": 1.57720269074,
      "stddev": 0.03435207935414502,
      "median": 1.57457320754,
      "user": 5.41689094,
      "system": 0.15736802,
      "min": 1.52989036204,
      "max": 1.64234681304,
      "times": [
        1.56687574704,
        1.5332644030400002,
        1.52989036204,
        1.57962165904,
        1.59599261604,
        1.57369189804,
        1.64234681304,
        1.61498600204,
        1.57545451704,
        1.55990289004
      ],
      "exit_codes": [
        0,
        0,
        0,
        0,
        0,
        0,
        0,
        0,
        0,
        0
      ],
      "parameters": {
        "VERSION": "4.0.0-alpha-8"
      }
    }
  ]
}
