{
  "results": [
    {
      "command": "3.0.5",
      "mean": 1.176055323,
      "stddev": 0.02270881799417095,
      "median": 1.1710625215000001,
      "user": 3.9862510400000004,
      "system": 0.25377244,
      "min": 1.1470892885,
      "max": 1.2221726714999999,
      "times": [
        1.1641343355,
        1.1990837825,
        1.1916474535,
        1.1713298205,
        1.2221726714999999,
        1.1707952225,
        1.1512095745,
        1.1766372885,
        1.1470892885,
        1.1664537925
      ],
      "exit_codes": [
        0,
        0,
        0,
        0,
        0,
        0,
        0,
        0,
        0,
        0
      ],
      "parameters": {
        "VERSION": "3.0.5"
      }
    },
    {
      "command": "3.6.3",
      "mean": 1.7860057527000002,
      "stddev": 0.0163084298595595,
      "median": 1.786782894,
      "user": 6.408738439999999,
      "system": 0.6270352399999999,
      "min": 1.7635821725,
      "max": 1.8087165935,
      "times": [
        1.7860449555,
        1.7692268325,
        1.7939565335,
        1.7635821725,
        1.8000388745,
        1.7734681555,
        1.7875208325,
        1.7706012905,
        1.8069012865,
        1.8087165935
      ],
      "exit_codes": [
        0,
        0,
        0,
        0,
        0,
        0,
        0,
        0,
        0,
        0
      ],
      "parameters": {
        "VERSION": "3.6.3"
      }
    },
    {
      "command": "3.8.8",
      "mean": 1.5288733334,
      "stddev": 0.01920482328623328,
      "median": 1.539863787,
      "user": 5.624774739999999,
      "system": 0.2769755399999999,
      "min": 1.4948108325,
      "max": 1.5453807305,
      "times": [
        1.5441168685,
        1.5377907745000001,
        1.5419367995,
        1.5453807305,
        1.4948108325,
        1.5085834754999998,
        1.5242422165,
        1.5427381405,
        1.5438240445,
        1.5053094514999998
      ],
      "exit_codes": [
        0,
        0,
        0,
        0,
        0,
        0,
        0,
        0,
        0,
        0
      ],
      "parameters": {
        "VERSION": "3.8.8"
      }
    },
    {
      "command": "3.9.9",
      "mean": 1.7774208752999996,
      "stddev": 0.03556957639064873,
      "median": 1.7721400805,
      "user": 6.504355540000001,
      "system": 0.32282234,
      "min": 1.7264114175,
      "max": 1.8334907754999998,
      "times": [
        1.7918628135,
        1.7829679765,
        1.8222385735,
        1.7560152865,
        1.7405401125,
        1.7264114175,
        1.7613121845000002,
        1.8334907754999998,
        1.8052274945,
        1.7541421185000001
      ],
      "exit_codes": [
        0,
        0,
        0,
        0,
        0,
        0,
        0,
        0,
        0,
        0
      ],
      "parameters": {
        "VERSION": "3.9.9"
      }
    },
    {
      "command": "4.0.0-alpha-13",
      "mean": 2.3386491642000005,
      "stddev": 0.04878863466301877,
      "median": 2.327692766,
      "user": 11.129163440000001,
      "system": 0.5466035399999999,
      "min": 2.2762998525,
      "max": 2.4117482085,
      "times": [
        2.2893558835000003,
        2.3063653915,
        2.2762998525,
        2.3749072455,
        2.4023455645,
        2.3726159585,
        2.3390594995000002,
        2.3163260325,
        2.4117482085,
        2.2974680055000003
      ],
      "exit_codes": [
        0,
        0,
        0,
        0,
        0,
        0,
        0,
        0,
        0,
        0
      ],
      "parameters": {
        "VERSION": "4.0.0-alpha-13"
      }
    },
    {
      "command": "4.0.0-beta-3",
      "mean": 2.4634954663000004,
      "stddev": 0.042059285289052034,
      "median": 2.450513817,
      "user": 11.22515614,
      "system": 0.5326514400000001,
      "min": 2.4187584375,
      "max": 2.5374832865,
      "times": [
        2.4187584375,
        2.4813876665000003,
        2.4336660845000004,
        2.4833202725000003,
        2.4357910355000003,
        2.4566505565,
        2.4191968465,
        2.4443770775000004,
        2.5374832865,
        2.5243233995
      ],
      "exit_codes": [
        0,
        0,
        0,
        0,
        0,
        0,
        0,
        0,
        0,
        0
      ],
      "parameters": {
        "VERSION": "4.0.0-beta-3"
      }
    },
    {
      "command": "4.0.0-beta-4",
      "mean": 2.664116266,
      "stddev": 0.04438535075784417,
      "median": 2.6627246920000003,
      "user": 12.58474724,
      "system": 0.6224987399999999,
      "min": 2.6032607045000002,
      "max": 2.7263758035000003,
      "times": [
        2.6452581185,
        2.7085219145000003,
        2.6559922015,
        2.7263758035000003,
        2.6694571825000004,
        2.6057106275,
        2.6994949615,
        2.6032607045000002,
        2.6243962075000002,
        2.7026949385
      ],
      "exit_codes": [
        0,
        0,
        0,
        0,
        0,
        0,
        0,
        0,
        0,
        0
      ],
      "parameters": {
        "VERSION": "4.0.0-beta-4"
      }
    }
  ]
}
