{
  "results": [
    {
      "command": "3.0.5",
      "mean": 0.9395253692000003,
      "stddev": 0.037309240668920454,
      "median": 0.9260365372000001,
      "user": 3.26002614,
      "system": 0.11894075999999998,
      "min": 0.8960380782000001,
      "max": 1.0179286872,
      "times": [
        0.9163378852000001,
        0.9475615712000001,
        0.9696383362000001,
        0.8960380782000001,
        0.9123916112000001,
        0.9711489802000001,
        0.9179692572000001,
        1.0179286872,
        0.9121354682000001,
        0.9341038172000001
      ],
      "exit_codes": [
        0,
        0,
        0,
        0,
        0,
        0,
        0,
        0,
        0,
        0
      ],
      "parameters": {
        "VERSION": "3.0.5"
      }
    },
    {
      "command": "3.1.1",
      "mean": 0.9859566711000001,
      "stddev": 0.017504928823029026,
      "median": 0.9840085082000001,
      "user": 3.4462030399999994,
      "system": 0.14046825999999998,
      "min": 0.9675977352000001,
      "max": 1.0290327492,
      "times": [
        0.9973060062000001,
        0.9831791982000001,
        0.9786473182000001,
        0.9698081212000002,
        0.9848378182,
        1.0290327492,
        0.9853632962000001,
        0.9882185362000001,
        0.9675977352000001,
        0.9755759322
      ],
      "exit_codes": [
        0,
        0,
        0,
        0,
        0,
        0,
        0,
        0,
        0,
        0
      ],
      "parameters": {
        "VERSION": "3.1.1"
      }
    },
    {
      "command": "3.2.5",
      "mean": 1.03768663,
      "stddev": 0.01538099417034206,
      "median": 1.0422872721999998,
      "user": 3.635500639999999,
      "system": 0.16652646,
      "min": 1.0174513482,
      "max": 1.0582386022,
      "times": [
        1.0460274672,
        1.0416482232,
        1.0254411552,
        1.0197808522,
        1.0213303352,
        1.0174513482,
        1.0582386022,
        1.0429263212,
        1.0562615602,
        1.0477604352
      ],
      "exit_codes": [
        0,
        0,
        0,
        0,
        0,
        0,
        0,
        0,
        0,
        0
      ],
      "parameters": {
        "VERSION": "3.2.5"
      }
    },
    {
      "command": "3.3.9",
      "mean": 1.0591917184,
      "stddev": 0.023014893069697676,
      "median": 1.0513617782,
      "user": 3.779778340000001,
      "system": 0.13276336,
      "min": 1.0340799762000001,
      "max": 1.1089866132000001,
      "times": [
        1.0610086152,
        1.0343172492000001,
        1.0502285252,
        1.0715482992,
        1.1089866132000001,
        1.0503616132,
        1.0523619432,
        1.0821295132,
        1.0340799762000001,
        1.0468948362000001
      ],
      "exit_codes": [
        0,
        0,
        0,
        0,
        0,
        0,
        0,
        0,
        0,
        0
      ],
      "parameters": {
        "VERSION": "3.3.9"
      }
    },
    {
      "command": "3.5.4",
      "mean": 1.0982378028000002,
      "stddev": 0.021599326156970997,
      "median": 1.0968040822,
      "user": 3.888803839999999,
      "system": 0.19445375999999998,
      "min": 1.0679244062,
      "max": 1.1437044222000001,
      "times": [
        1.1051381752,
        1.1180446832,
        1.0679244062,
        1.0898773862,
        1.0962286312,
        1.0998313042,
        1.0915126152,
        1.1437044222000001,
        1.0973795332,
        1.0727368712
      ],
      "exit_codes": [
        0,
        0,
        0,
        0,
        0,
        0,
        0,
        0,
        0,
        0
      ],
      "parameters": {
        "VERSION": "3.5.4"
      }
    },
    {
      "command": "3.6.3",
      "mean": 1.0464948726,
      "stddev": 0.027529513699755,
      "median": 1.0498013057,
      "user": 3.64962694,
      "system": 0.18346996,
      "min": 1.0052611732,
      "max": 1.0828337252,
      "times": [
        1.0828337252,
        1.0619113932,
        1.0593403342,
        1.0402622772,
        1.0822577992,
        1.0052611732,
        1.0597080352000001,
        1.0248257012,
        1.0392402312,
        1.0093080562
      ],
      "exit_codes": [
        0,
        0,
        0,
        0,
        0,
        0,
        0,
        0,
        0,
        0
      ],
      "parameters": {
        "VERSION": "3.6.3"
      }
    },
    {
      "command": "3.8.1",
      "mean": 1.048788543,
      "stddev": 0.042485778971403626,
      "median": 1.0306917882,
      "user": 3.68896364,
      "system": 0.16964646,
      "min": 1.0090543612,
      "max": 1.1382415242000001,
      "times": [
        1.0223755502,
        1.0651590432,
        1.1044427422,
        1.0310188402,
        1.0090543612,
        1.0303647362000001,
        1.0518907752,
        1.1382415242000001,
        1.0175722262,
        1.0177656312
      ],
      "exit_codes": [
        0,
        0,
        0,
        0,
        0,
        0,
        0,
        0,
        0,
        0
      ],
      "parameters": {
        "VERSION": "3.8.1"
      }
    },
    {
      "command": "3.8.2",
      "mean": 1.0159771564000002,
      "stddev": 0.026465685901778113,
      "median": 1.0139911672,
      "user": 3.52145534,
      "system": 0.11068226,
      "min": 0.9762369062000001,
      "max": 1.0615736402,
      "times": [
        1.0156424222,
        1.0466953702000001,
        1.0123399122,
        0.9958203432000001,
        0.9762369062000001,
        0.9973516552000001,
        0.9951232192000001,
        1.0212748662,
        1.0615736402,
        1.0377132292
      ],
      "exit_codes": [
        0,
        0,
        0,
        0,
        0,
        0,
        0,
        0,
        0,
        0
      ],
      "parameters": {
        "VERSION": "3.8.2"
      }
    },
    {
      "command": "3.8.3",
      "mean": 0.9864546689000001,
      "stddev": 0.018235111463583906,
      "median": 0.9843909537000002,
      "user": 3.40045224,
      "system": 0.09544575999999999,
      "min": 0.9528239622000001,
      "max": 1.0201061052,
      "times": [
        1.0017587682,
        0.9942626302,
        0.9969347852000001,
        1.0201061052,
        0.9725694152000001,
        0.9528239622000001,
        0.9788151542000001,
        0.9851539402000001,
        0.9836279672000001,
        0.9784939612000001
      ],
      "exit_codes": [
        0,
        0,
        0,
        0,
        0,
        0,
        0,
        0,
        0,
        0
      ],
      "parameters": {
        "VERSION": "3.8.3"
      }
    },
    {
      "command": "3.8.4",
      "mean": 0.9824813671999999,
      "stddev": 0.019098611810477673,
      "median": 0.9785482302000001,
      "user": 3.4010075400000006,
      "system": 0.11045616,
      "min": 0.9555776562000001,
      "max": 1.0153983582000001,
      "times": [
        1.0013460492000001,
        1.0153983582000001,
        0.9701403432000001,
        0.9555776562000001,
        0.9602918532000001,
        0.9749031182000001,
        0.9754224062000001,
        0.9816740542000001,
        1.0001328782,
        0.9899269552000001
      ],
      "exit_codes": [
        0,
        0,
        0,
        0,
        0,
        0,
        0,
        0,
        0,
        0
      ],
      "parameters": {
        "VERSION": "3.8.4"
      }
    },
    {
      "command": "3.8.5",
      "mean": 0.9952214647000002,
      "stddev": 0.02964075415887806,
      "median": 0.9909308862000001,
      "user": 3.43223104,
      "system": 0.11625835999999998,
      "min": 0.9580964852000001,
      "max": 1.0434518892,
      "times": [
        1.0434518892,
        1.0313556612,
        1.0156616822,
        1.0116265702,
        0.9580964852000001,
        0.9697345832,
        0.9785629992000001,
        0.9990988132,
        0.9618630042000001,
        0.9827629592000001
      ],
      "exit_codes": [
        0,
        0,
        0,
        0,
        0,
        0,
        0,
        0,
        0,
        0
      ],