{
  "results": [
    {
      "command": "3.0.5",
      "mean": 1.08598048118,
      "stddev": 0.026386563094154113,
      "median": 1.0888614530799998,
      "user": 3.69843808,
      "system": 0.21652485999999999,
      "min": 1.05200959858,
      "max": 1.12172037958,
      "times": [
        1.08282859958,
        1.1165584205799999,
        1.12172037958,
        1.05354930258,
        1.09792540758,
        1.11161451658,
        1.06776956058,
        1.0948943065799999,
        1.05200959858,
        1.0609347195799999
      ],
      "exit_codes": [
        0,
        0,
        0,
        0,
        0,
        0,
        0,
        0,
        0,
        0
      ],
      "parameters": {
        "VERSION": "3.0.5"
      }
    },
    {
      "command": "3.6.3",
      "mean": 1.6872280400800002,
      "stddev": 0.03834297654878165,
      "median": 1.68220035858,
      "user": 6.0225187799999995,
      "system": 0.6039220599999999,
      "min": 1.63657662358,
      "max": 1.74766998858,
      "times": [
        1.63657662358,
        1.74766998858,
        1.63915753458,
        1.6791039405800001,
        1.74048412758,
        1.68529677658,
        1.71624484258,
        1.65789468658,
        1.67847905658,
        1.69137282358
      ],
      "exit_codes": [
        0,
        0,
        0,
        0,
        0,
        0,
        0,
        0,
        0,
        0
      ],
      "parameters": {
        "VERSION": "3.6.3"
      }
    },
    {
      "command": "3.8.8",
      "mean": 1.4424253824800002,
      "stddev": 0.023601306812755483,
      "median": 1.43890198208,
      "user": 5.25736438,
      "system": 0.29460496,
      "min": 1.41417191958,
      "max": 1.50011362158,
      "times": [
        1.42856044358,
        1.43477817858,
        1.45697168958,
        1.42764244458,
        1.42884235658,
        1.41417191958,
        1.50011362158,
        1.44698043358,
        1.4431669515799999,
        1.44302578558
      ],
      "exit_codes": [
        0,
        0,
        0,
        0,
        0,
        0,
        0,
        0,
        0,
        0
      ],
      "parameters": {
        "VERSION": "3.8.8"
      }
    },
    {
      "command": "3.9.6",
      "mean": 1.64200944438,
      "stddev": 0.027358411535167583,
      "median": 1.6381503775800001,
      "user": 6.06231788,
      "system": 0.26869086,
      "min": 1.60770025858,
      "max": 1.70252126358,
      "times": [
        1.62109683558,
        1.6389993975800001,
        1.60770025858,
        1.6362452625800001,
        1.70252126358,
        1.66267722458,
        1.63730135758,
        1.65652290858,
        1.6144836705799999,
        1.64254626458
      ],
      "exit_codes": [
        0,
        0,
        0,
        0,
        0,
        0,
        0,
        0,
        0,
        0
      ],
      "parameters": {
        "VERSION": "3.9.6"
      }
    },
    {
      "command": "4.0.0-alpha-13",
      "mean": 2.25460847478,
      "stddev": 0.05444442678358353,
      "median": 2.25284229508,
      "user": 10.75647278,
      "system": 0.5019583599999999,
      "min": 2.18673421358,
      "max": 2.38078144158,
      "times": [
        2.20315707058,
        2.2589591375799998,
        2.18673421358,
        2.2546391575799998,
        2.38078144158,
        2.24034310258,
        2.21667722458,
        2.2563975365799998,
        2.29735043058,
        2.25104543258
      ],
      "exit_codes": [
        0,
        0,
        0,
        0,
        0,
        0,
        0,
        0,
        0,
        0
      ],
      "parameters": {
        "VERSION": "4.0.0-alpha-13"
      }
    }
  ]
}
