{
  "results": [
    {
      "command": "3.0.5",
      "mean": 30.24433328782,
      "stddev": 0.3209943034622496,
      "median": 30.289762877119998,
      "user": 47.3426811,
      "system": 1.6479725199999997,
      "min": 29.80992812762,
      "max": 30.65072630462,
      "times": [
        29.80992812762,
        29.88528129762,
        30.65072630462,
        30.04270710162,
        30.47974980762,
        30.602699966619998,
        30.51363041662,
        29.87908410162,
        30.21905825662,
        30.36046749762
      ],
      "exit_codes": [
        0,
        0,
        0,
        0,
        0,
        0,
        0,
        0,
        0,
        0
      ],
      "parameters": {
        "VERSION": "3.0.5"
      }
    },
    {
      "command": "3.1.1",
      "mean": 61.39236260642001,
      "stddev": 1.317073812248378,
      "median": 61.14742725862,
      "user": 179.796643,
      "system": 4.801138419999999,
      "min": 59.523248404620006,
      "max": 64.41465017061999,
      "times": [
        60.723408536620006,
        60.78808206962,
        60.87043247462,
        61.468593956620005,
        64.41465017061999,
        62.20685598762,
        60.480728745620006,
        61.42442204262,
        62.02320367562,
        59.523248404620006
      ],
      "exit_codes": [
        0,
        0,
        0,
        0,
        0,
        0,
        0,
        0,
        0,
        0
      ],
      "parameters": {
        "VERSION": "3.1.1"
      }
    },
    {
      "command": "3.2.5",
      "mean": 66.74341392971999,
      "stddev": 1.051674191170951,
      "median": 66.76619706912,
      "user": 217.0195269,
      "system": 4.957042019999999,
      "min": 64.85880797761999,
      "max": 68.40345498762,
      "times": [
        66.81546877362,
        67.21796486961999,
        65.90383952062,
        67.13919996562,
        65.97344500662,
        66.71692536462,
        64.85880797761999,
        66.32511534161999,
        68.07991748962,
        68.40345498762
      ],
      "exit_codes": [
        0,
        0,
        0,
        0,
        0,
        0,
        0,
        0,
        0,
        0
      ],
      "parameters": {
        "VERSION": "3.2.5"
      }
    },
    {
      "command": "3.3.9",
      "mean": 70.34035462832,
      "stddev": 1.8316536984081944,
      "median": 70.82393738862,
      "user": 237.11758139999998,
      "system": 4.97603352,
      "min": 67.16823686462,
      "max": 72.45535254062,
      "times": [
        71.22161899561999,
        70.28175211262,
        72.45535254062,
        71.44606523162,
        70.62471812161999,
        69.60274658462,
        67.34461169362,
        72.23528748262,
        71.02315665562,
        67.16823686462
      ],
      "exit_codes": [
        0,
        0,
        0,
        0,
        0,
        0,
        0,
        0,
        0,
        0
      ],
      "parameters": {
        "VERSION": "3.3.9"
      }
    },
    {
      "command": "3.5.4",
      "mean": 44.27231448922,
      "stddev": 2.1506191246191357,
      "median": 44.32500385312,
      "user": 62.765380199999996,
      "system": 4.14188872,
      "min": 41.03245265262,
      "max": 48.51498108962,
      "times": [
        43.632043916620006,
        41.905726658620004,
        46.02146667462,
        45.311096217620005,
        43.87426031462,
        41.03245265262,
        44.87003117762,
        48.51498108962,
        42.78533879862,
        44.77574739162
      ],
      "exit_codes": [
        0,
        0,
        0,
        0,
        0,
        0,
        0,
        0,
        0,
        0
      ],
      "parameters": {
        "VERSION": "3.5.4"
      }
    },
    {
      "command": "3.6.3",
      "mean": 36.56423171832,
      "stddev": 0.2745416802005429,
      "median": 36.50274007912,
      "user": 54.94361299999999,
      "system": 4.15667232,
      "min": 36.192060411620005,
      "max": 37.03112583662,
      "times": [
        37.03112583662,
        36.45828883562,
        36.521349944620006,
        36.484130213620006,
        36.656721296620006,
        36.25823904362,
        36.79732211062,
        36.192060411620005,
        36.885445245620005,
        36.35763424462
      ],
      "exit_codes": [
        0,
        0,
        0,
        0,
        0,
        0,
        0,
        0,
        0,
        0
      ],
      "parameters": {
        "VERSION": "3.6.3"
      }
    },
    {
      "command": "3.8.1",
      "mean": 36.65924536792,
      "stddev": 0.40211580489012155,
      "median": 36.56606183312,
      "user": 54.8866953,
      "system": 4.06109092,
      "min": 36.014712570620006,
      "max": 37.46205807662,
      "times": [
        36.014712570620006,
        36.81268974062,
        36.822947039620004,
        36.67777475962,
        36.454348906620005,
        36.425340645620004,
        37.46205807662,
        36.42251612362,
        37.046206077620006,
        36.453859738620004
      ],
      "exit_codes": [
        0,
        0,
        0,
        0,
        0,
        0,
        0,
        0,
        0,
        0
      ],
      "parameters": {
        "VERSION": "3.8.1"
      }
    },
    {
      "command": "3.8.2",
      "mean": 34.67868543092,
      "stddev": 0.5118141756292829,
      "median": 34.706877610620005,
      "user": 53.70623549999999,
      "system": 1.5563707199999999,
      "min": 33.810094479620005,
      "max": 35.32572954762,
      "times": [
        34.57316477562,
        35.254721685620005,
        34.95468315262,
        34.81111234762,
        33.90744798562,
        34.51947789962,
        34.602642873620006,
        33.810094479620005,
        35.32572954762,
        35.02777956162
      ],
      "exit_codes": [
        0,
        0,
        0,
        0,
        0,
        0,
        0,
        0,
        0,
        0
      ],
      "parameters": {
        "VERSION": "3.8.2"
      }
    },
    {
      "command": "3.8.3",
      "mean": 17.87973090992,
      "stddev": 0.15555369837932462,
      "median": 17.88510322262,
      "user": 36.2673224,
      "system": 1.5973071199999997,
      "min": 17.52220189862,
      "max": 18.06745539962,
      "times": [
        17.77416476562,
        17.856438119619998,
        18.01922073162,
        17.86586579862,
        17.90434064662,
        18.06745539962,
        17.98386197762,
        17.52220189862,
        17.97583463362,
        17.82792512762
      ],
      "exit_codes": [
        0,
        0,
        0,
        0,
        0,
        0,
        0,
        0,
        0,
        0
      ],
      "parameters": {
        "VERSION": "3.8.3"
      }
    },
    {
      "command": "3.8.4",
      "mean": 17.569655173920005,
      "stddev": 0.20096405250304797,
      "median": 17.61748092412,
      "user": 35.905742,
      "system": 1.6207192199999998,
      "min": 17.127091038619998,
      "max": 17.80396315562,
      "times": [
        17.60997472762,
        17.71954936362,
        17.127091038619998,
        17.58243192362,
        17.30961204662,
        17.62498712062,
        17.68101916762,
        17.60298831862,
        17.63493487662,
        17.80396315562
      ],
      "exit_codes": [
        0,
        0,
        0,
        0,
        0,
        0,
        0,
        0,
        0,
        0
      ],
      "parameters": {
        "VERSION": "3.8.4"
      }
    },
    {
      "command": "3.8.5",
      "mean": 17.43918034082,
      "stddev": 0.4292540618865561,
      "median": 17.38865185062,
      "user": 35.78178259999999,
      "system": 1.5426810199999996,
      "min": 16.76625629862,
      "max": 18.05853201662,
      "times": [
        17.26957579162,
        17.07091112462,
        17.127231913619998,
        18.05853201662,
        16.76625629862,
        17.15654783362,
        17.71727608962,
        18.01054415462,
        17.507727909619998,
        17.70720027562
      ],