{
  "results": [
    {
      "command": "3.0.5",
      "mean": 14.420837632579998,
      "stddev": 0.09580610123655411,
      "median": 14.39292997858,
      "user": 30.265389059999997,
      "system": 1.9952874,
      "min": 14.34004371308,
      "max": 14.61947788208,
      "times": [
        14.61947788208,
        14.382822692080001,
        14.36909850708,
        14.36043097208,
        14.56875404108,
        14.40743250108,
        14.416819459080001,
        14.34004371308,
        14.34045929308,
        14.40303726508
      ],
      "exit_codes": [
        0,
        0,
        0,
        0,
        0,
        0,
        0,
        0,
        0,
        0
      ],
      "parameters": {
        "VERSION": "3.0.5"
      }
    },
    {
      "command": "3.6.3",
      "mean": 19.48385085858,
      "stddev": 0.21137661190848703,
      "median": 19.43672658908,
      "user": 38.65446156,
      "system": 4.383286499999999,
      "min": 19.22677677308,
      "max": 19.93934450208,
      "times": [
        19.53207255208,
        19.69843104108,
        19.45073741308,
        19.93934450208,
        19.24831772408,
        19.22677677308,
        19.400197687080002,
        19.42271576508,
        19.53657227508,
        19.383342853080002
      ],
      "exit_codes": [
        0,
        0,
        0,
        0,
        0,
        0,
        0,
        0,
        0,
        0
      ],
      "parameters": {
        "VERSION": "3.6.3"
      }
    },
    {
      "command": "3.8.8",
      "mean": 10.151936987980001,
      "stddev": 0.0953973139308998,
      "median": 10.14654891858,
      "user": 28.88406576,
      "system": 2.0774353999999997,
      "min": 10.00923713108,
      "max": 10.311562590080001,
      "times": [
        10.11150663608,
        10.137672288080001,
        10.00923713108,
        10.28220930308,
        10.17414676608,
        10.15542554908,
        10.12394834208,
        10.311562590080001,
        10.18395164608,
        10.02970962808
      ],
      "exit_codes": [
        0,
        0,
        0,
        0,
        0,
        0,
        0,
        0,
        0,
        0
      ],
      "parameters": {
        "VERSION": "3.8.8"
      }
    },
    {
      "command": "3.9.4",
      "mean": 11.20092093788,
      "stddev": 0.6648838591698804,
      "median": 10.82770601158,
      "user": 37.65095406,
      "system": 2.1092493,
      "min": 10.48440046608,
      "max": 12.09232339008,
      "times": [
        10.71841505808,
        10.88449524508,
        10.48440046608,
        10.71867939108,
        10.58700734308,
        11.95544557308,
        10.77091677808,
        12.09232339008,
        11.90479489008,
        11.89273124408
      ],
      "exit_codes": [
        0,
        0,
        0,
        0,
        0,
        0,
        0,
        0,
        0,
        0
      ],
      "parameters": {
        "VERSION": "3.9.4"
      }
    },
    {
      "command": "3.9.5",
      "mean": 11.12122046468,
      "stddev": 0.761660007581815,
      "median": 10.78380574808,
      "user": 37.55498465999999,
      "system": 2.2098701,
      "min": 10.25643326208,
      "max": 12.10609693408,
      "times": [
        10.25643326208,
        11.82297707308,
        12.10609693408,
        10.40919323308,
        10.475300951080001,
        12.08607870708,
        11.90969329408,
        10.86159134508,
        10.70602015108,
        10.57881969608
      ],
      "exit_codes": [
        0,
        0,
        0,
        0,
        0,
        0,
        0,
        0,
        0,
        0
      ],
      "parameters": {
        "VERSION": "3.9.5"
      }
    },
    {
      "command": "4.0.0-alpha-7",
      "mean": 15.38172905898,
      "stddev": 0.23918223927563081,
      "median": 15.34572685358,
      "user": 34.965880659999996,
      "system": 2.6667236999999995,
      "min": 15.06853713908,
      "max": 15.91954372008,
      "times": [
        15.31241180508,
        15.41460414108,
        15.478148520080001,
        15.565873787080001,
        15.24113681008,
        15.16556133508,
        15.37904190208,
        15.91954372008,
        15.06853713908,
        15.272431430080001
      ],
      "exit_codes": [
        0,
        0,
        0,
        0,
        0,
        0,
        0,
        0,
        0,
        0
      ],
      "parameters": {
        "VERSION": "4.0.0-alpha-7"
      }
    },
    {
      "command": "4.0.0-alpha-8",
      "mean": 16.34758016478,
      "stddev": 0.19031212322795674,
      "median": 16.34564439708,
      "user": 39.37796105999999,
      "system": 3.2576164,
      "min": 16.07596259008,
      "max": 16.67853406108,
      "times": [
        16.36156403108,
        16.19294356608,
        16.07596259008,
        16.09578549208,
        16.44172012808,
        16.43384626408,
        16.32972476308,
        16.54237007808,
        16.32335067408,
        16.67853406108
      ],
      "exit_codes": [
        0,
        0,
        0,
        0,
        0,
        0,
        0,
        0,
        0,
        0
      ],
      "parameters": {
        "VERSION": "4.0.0-alpha-8"
      }
    }
  ]
}
