{
  "results": [
    {
      "command": "3.0.5",
      "mean": 1.4342320511,
      "stddev": 0.028000779137961035,
      "median": 1.4369071374,
      "user": 5.19987032,
      "system": 0.16920193999999997,
      "min": 1.4010334564000002,
      "max": 1.4716021064,
      "times": [
        1.4433460114,
        1.4156167734,
        1.4716021064,
        1.4019262144000002,
        1.4304682634,
        1.4604804464,
        1.4665001204,
        1.4012441014,
        1.4010334564000002,
        1.4501030174
      ],
      "exit_codes": [
        0,
        0,
        0,
        0,
        0,
        0,
        0,
        0,
        0,
        0
      ],
      "parameters": {
        "VERSION": "3.0.5"
      }
    },
    {
      "command": "3.1.1",
      "mean": 1.5969211304000004,
      "stddev": 0.0181948484256645,
      "median": 1.6037347714,
      "user": 5.811276519999999,
      "system": 0.18790324,
      "min": 1.5638753824000002,
      "max": 1.6141464934,
      "times": [
        1.6118757394,
        1.6063902124000002,
        1.5780633374000002,
        1.6141464934,
        1.6052163804000001,
        1.5997325634000001,
        1.5738596704,
        1.6137983624,
        1.5638753824000002,
        1.6022531624
      ],
      "exit_codes": [
        0,
        0,
        0,
        0,
        0,
        0,
        0,
        0,
        0,
        0
      ],
      "parameters": {
        "VERSION": "3.1.1"
      }
    },
    {
      "command": "3.2.5",
      "mean": 1.7434114124000004,
      "stddev": 0.03173704280457457,
      "median": 1.7392065354000001,
      "user": 6.475452219999999,
      "system": 0.20073804,
      "min": 1.7005338624000002,
      "max": 1.7851111734,
      "times": [
        1.7347971724000002,
        1.7005338624000002,
        1.7436158984,
        1.7851111734,
        1.7102847754000001,
        1.7290419714000003,
        1.7792893644,
        1.7121749394,
        1.7542755804,
        1.7849893864000002
      ],
      "exit_codes": [
        0,
        0,
        0,
        0,
        0,
        0,
        0,
        0,
        0,
        0
      ],
      "parameters": {
        "VERSION": "3.2.5"
      }
    },
    {
      "command": "3.3.9",
      "mean": 1.8039243145000003,
      "stddev": 0.024908027655530778,
      "median": 1.7993114839000002,
      "user": 7.06956062,
      "system": 0.28418464,
      "min": 1.7723318134000001,
      "max": 1.8457969434000001,
      "times": [
        1.8106892434000001,
        1.8030056194000001,
        1.7849976454,
        1.8344869474,
        1.7835897304000001,
        1.7956173484000002,
        1.7723318134000001,
        1.8268416524,
        1.7818862014,
        1.8457969434000001
      ],
      "exit_codes": [
        0,
        0,
        0,
        0,
        0,
        0,
        0,
        0,
        0,
        0
      ],
      "parameters": {
        "VERSION": "3.3.9"
      }
    },
    {
      "command": "3.5.4",
      "mean": 1.8160484678000004,
      "stddev": 0.04786086776246067,
      "median": 1.8125887029,
      "user": 6.5631495200000005,
      "system": 0.41572924,
      "min": 1.7489811684,
      "max": 1.8969167354000003,
      "times": [
        1.8209967134000002,
        1.8045323724,
        1.8145917884000002,
        1.7489811684,
        1.8145464504000002,
        1.8909245004000002,
        1.8969167354000003,
        1.8106309554,
        1.7561305544,
        1.8022334394000001
      ],
      "exit_codes": [
        0,
        0,
        0,
        0,
        0,
        0,
        0,
        0,
        0,
        0
      ],
      "parameters": {
        "VERSION": "3.5.4"
      }
    },
    {
      "command": "3.6.3",
      "mean": 1.7844448023000001,
      "stddev": 0.048856728875278504,
      "median": 1.7771712704000002,
      "user": 6.567041520000001,
      "system": 0.42245954,
      "min": 1.7311416904,
      "max": 1.8753492474000002,
      "times": [
        1.8058500214000002,
        1.8753492474000002,
        1.7311416904,
        1.7330528744,
        1.8453203244,
        1.7763891344000002,
        1.8046851794,
        1.7779534064000002,
        1.7350133164000001,
        1.7596928284000002
      ],
      "exit_codes": [
        0,
        0,
        0,
        0,
        0,
        0,
        0,
        0,
        0,
        0
      ],
      "parameters": {
        "VERSION": "3.6.3"
      }
    },
    {
      "command": "3.8.1",
      "mean": 1.7953101872000001,
      "stddev": 0.032125575920103296,
      "median": 1.7924616449000002,
      "user": 6.620930719999999,
      "system": 0.40912324,
      "min": 1.7603726724000002,
      "max": 1.8703408294000001,
      "times": [
        1.7708619094,
        1.8043806364000001,
        1.7603726724000002,
        1.7918124704000002,
        1.7931108194,
        1.7675229894,
        1.8058512104,
        1.7737315084000003,
        1.8703408294000001,
        1.8151168264000002
      ],
      "exit_codes": [
        0,
        0,
        0,
        0,
        0,
        0,
        0,
        0,
        0,
        0
      ],
      "parameters": {
        "VERSION": "3.8.1"
      }
    },
    {
      "command": "3.8.2",
      "mean": 1.6645490223,
      "stddev": 0.03556562259370576,
      "median": 1.6565026934,
      "user": 6.171586619999999,
      "system": 0.24329554,
      "min": 1.6219854344000002,
      "max": 1.7265987314,
      "times": [
        1.6396384674,
        1.6601400704,
        1.6326933244000001,
        1.6523449384,
        1.6219854344000002,
        1.6694267944,
        1.7258517984000001,
        1.6639453474,
        1.6528653164,
        1.7265987314
      ],
      "exit_codes": [
        0,
        0,
        0,
        0,
        0,
        0,
        0,
        0,
        0,
        0
      ],
      "parameters": {
        "VERSION": "3.8.2"
      }
    },
    {
      "command": "3.8.3",
      "mean": 1.5900322335000001,
      "stddev": 0.032643738149883784,
      "median": 1.5933859824,
      "user": 5.855969419999999,
      "system": 0.20400174,
      "min": 1.5406708644000002,
      "max": 1.6445613174000002,
      "times": [
        1.5406708644000002,
        1.6445613174000002,
        1.5491487294000001,
        1.5943431844000002,
        1.5746898804,
        1.6015468494000002,
        1.5670498244,
        1.6218628084000002,
        1.6140200964000002,
        1.5924287804000001
      ],
      "exit_codes": [
        0,
        0,
        0,
        0,
        0,
        0,
        0,
        0,
        0,
        0
      ],
      "parameters": {
        "VERSION": "3.8.3"
      }
    },
    {
      "command": "3.8.4",
      "mean": 1.5761118576,
      "stddev": 0.038942671091121324,
      "median": 1.5605939814000003,
      "user": 5.77138222,
      "system": 0.23722074,
      "min": 1.5119380004,
      "max": 1.6382978294000001,
      "times": [
        1.6174105754,
        1.5119380004,
        1.5543114044000002,
        1.5606876794000002,
        1.6141683644,
        1.6382978294000001,
        1.5572509814,
        1.5605002834000001,
        1.5489782824,
        1.5975751754
      ],
      "exit_codes": [
        0,
        0,
        0,
        0,
        0,
        0,
        0,
        0,
        0,
        0
      ],
      "parameters": {
        "VERSION": "3.8.4"
      }
    },
    {
      "command": "3.8.5",
      "mean": 1.5889267302000003,
      "stddev": 0.04073257349985415,
      "median": 1.5776392184,
      "user": 5.874772619999999,
      "system": 0.20565454,
      "min": 1.5393279764,
      "max": 1.6756216554,
      "times": [
        1.5908231794,
        1.5393279764,
        1.5435505144000001,
        1.5685156604000001,
        1.5778093544,
        1.6165503754000001,
        1.5750748404000001,
        1.6756216554,
        1.6245246634000001,
        1.5774690824000002
      ],