{
  "results": [
    {
      "command": "3.0.5",
      "mean": 1.0651618085399999,
      "stddev": 0.018810871300982947,
      "median": 1.06991562934,
      "user": 3.4961960600000004,
      "system": 0.21252933999999998,
      "min": 1.03668825584,
      "max": 1.09292933284,
      "times": [
        1.07414953084,
        1.03739613884,
        1.06261072984,
        1.07199258184,
        1.07697580484,
        1.06783867684,
        1.09292933284,
        1.04892044984,
        1.03668825584,
        1.08211658384
      ],
      "exit_codes": [
        0,
        0,
        0,
        0,
        0,
        0,
        0,
        0,
        0,
        0
      ],
      "parameters": {
        "VERSION": "3.0.5"
      }
    },
    {
      "command": "3.6.3",
      "mean": 1.60939208284,
      "stddev": 0.033316728626158615,
      "median": 1.61516225584,
      "user": 5.44557976,
      "system": 0.51115804,
      "min": 1.55930256384,
      "max": 1.64994514784,
      "times": [
        1.56727496284,
        1.6095412548399999,
        1.55930256384,
        1.64994514784,
        1.61209387284,
        1.6469202088400001,
        1.61823063884,
        1.64133224984,
        1.6182349888399998,
        1.57104493984
      ],
      "exit_codes": [
        0,
        0,
        0,
        0,
        0,
        0,
        0,
        0,
        0,
        0
      ],
      "parameters": {
        "VERSION": "3.6.3"
      }
    },
    {
      "command": "3.8.8",
      "mean": 1.3997608911400001,
      "stddev": 0.031833219042084374,
      "median": 1.4159252913399998,
      "user": 4.88721046,
      "system": 0.23297923999999998,
      "min": 1.35761941384,
      "max": 1.4411090038399998,
      "times": [
        1.37989579284,
        1.42322846184,
        1.4145602528399999,
        1.3624002018399999,
        1.41874688584,
        1.35771794984,
        1.42504061884,
        1.4411090038399998,
        1.41729032984,
        1.35761941384
      ],
      "exit_codes": [
        0,
        0,
        0,
        0,
        0,
        0,
        0,
        0,
        0,
        0
      ],
      "parameters": {
        "VERSION": "3.8.8"
      }
    },
    {
      "command": "3.9.6",
      "mean": 1.5727889756399998,
      "stddev": 0.023578247219137188,
      "median": 1.57306051334,
      "user": 5.477012759999999,
      "system": 0.25720763999999996,
      "min": 1.53438234584,
      "max": 1.6143172298400001,
      "times": [
        1.53438234584,
        1.57569464184,
        1.57544521784,
        1.6143172298400001,
        1.58545253484,
        1.56587853084,
        1.54815639484,
        1.55781139884,
        1.57067580884,
        1.60007565284
      ],
      "exit_codes": [
        0,
        0,
        0,
        0,
        0,
        0,
        0,
        0,
        0,
        0
      ],
      "parameters": {
        "VERSION": "3.9.6"
      }
    },
    {
      "command": "4.0.0-alpha-13",
      "mean": 2.1048586059399996,
      "stddev": 0.05360643796413519,
      "median": 2.09073298784,
      "user": 9.492533259999998,
      "system": 0.4815023399999999,
      "min": 2.03465586684,
      "max": 2.18985144384,
      "times": [
        2.08940625884,
        2.09205971684,
        2.03465586684,
        2.06883608884,
        2.17040948684,
        2.18985144384,
        2.03896270684,
        2.11767345884,
        2.08785483484,
        2.15887619684
      ],
      "exit_codes": [
        0,
        0,
        0,
        0,
        0,
        0,
        0,
        0,
        0,
        0
      ],
      "parameters": {
        "VERSION": "4.0.0-alpha-13"
      }
    }
  ]
}
