{
  "results": [
    {
      "command": "3.0.5",
      "mean": 1.2777506951400002,
      "stddev": 0.028724736901558943,
      "median": 1.2773097726400002,
      "user": 4.534948239999999,
      "system": 0.19920775999999998,
      "min": 1.24165375514,
      "max": 1.33891261914,
      "times": [
        1.26546067614,
        1.33891261914,
        1.24165375514,
        1.28988882114,
        1.27170783914,
        1.28552710414,
        1.2829117061400002,
        1.24250434514,
        1.26060203114,
        1.29833805414
      ],
      "exit_codes": [
        0,
        0,
        0,
        0,
        0,
        0,
        0,
        0,
        0,
        0
      ],
      "parameters": {
        "VERSION": "3.0.5"
      }
    },
    {
      "command": "3.6.3",
      "mean": 1.4941007356400002,
      "stddev": 0.021958415522718627,
      "median": 1.49452194164,
      "user": 5.341555639999998,
      "system": 0.35638855999999997,
      "min": 1.46102450914,
      "max": 1.52724293214,
      "times": [
        1.5161733321400002,
        1.5034681111400001,
        1.46102450914,
        1.50610379014,
        1.51230125314,
        1.47806574914,
        1.48557577214,
        1.52724293214,
        1.48173022314,
        1.46932168414
      ],
      "exit_codes": [
        0,
        0,
        0,
        0,
        0,
        0,
        0,
        0,
        0,
        0
      ],
      "parameters": {
        "VERSION": "3.6.3"
      }
    },
    {
      "command": "3.8.8",
      "mean": 1.3488647335400001,
      "stddev": 0.02082816955386635,
      "median": 1.35240471264,
      "user": 4.85371964,
      "system": 0.16207876,
      "min": 1.3014117011400002,
      "max": 1.37367396214,
      "times": [
        1.33313885514,
        1.34649174214,
        1.3014117011400002,
        1.3608446331400001,
        1.36698829914,
        1.36142506014,
        1.34278719914,
        1.3583176831400001,
        1.34356820014,
        1.37367396214
      ],
      "exit_codes": [
        0,
        0,
        0,
        0,
        0,
        0,
        0,
        0,
        0,
        0
      ],
      "parameters": {
        "VERSION": "3.8.8"
      }
    },
    {
      "command": "3.9.4",
      "mean": 1.52758863644,
      "stddev": 0.02677618441768496,
      "median": 1.52118697514,
      "user": 5.4797657399999995,
      "system": 0.19164566,
      "min": 1.49624031114,
      "max": 1.58224643914,
      "times": [
        1.49624031114,
        1.5277160411400001,
        1.52217602214,
        1.52019792814,
        1.5614089291400002,
        1.50846183514,
        1.5382190041400001,
        1.58224643914,
        1.51765445814,
        1.5015653961400002
      ],
      "exit_codes": [
        0,
        0,
        0,
        0,
        0,
        0,
        0,
        0,
        0,
        0
      ],
      "parameters": {
        "VERSION": "3.9.4"
      }
    },
    {
      "command": "3.9.5",
      "mean": 1.5348604674400002,
      "stddev": 0.03398219396130357,
      "median": 1.53738376364,
      "user": 5.492165039999999,
      "system": 0.18698505999999998,
      "min": 1.49099702514,
      "max": 1.60312192914,
      "times": [
        1.54639742214,
        1.56997300814,
        1.49856898714,
        1.51466342814,
        1.5410492871400001,
        1.5384099391400001,
        1.60312192914,
        1.53635758814,
        1.50906606014,
        1.49099702514
      ],
      "exit_codes": [
        0,
        0,
        0,
        0,
        0,
        0,
        0,
        0,
        0,
        0
      ],
      "parameters": {
        "VERSION": "3.9.5"
      }
    },
    {
      "command": "4.0.0-alpha-7",
      "mean": 2.04996451864,
      "stddev": 0.04009041568760598,
      "median": 2.05051098614,
      "user": 7.128709240000001,
      "system": 0.26519766,
      "min": 1.98358099514,
      "max": 2.13293497414,
      "times": [
        2.01301769314,
        2.07672546614,
        2.06641537914,
        2.05523997014,
        2.13293497414,
        2.03708899714,
        2.02784538514,
        1.98358099514,
        2.04578200214,
        2.06101432414
      ],
      "exit_codes": [
        0,
        0,
        0,
        0,
        0,
        0,
        0,
        0,
        0,
        0
      ],
      "parameters": {
        "VERSION": "4.0.0-alpha-7"
      }
    },
    {
      "command": "4.0.0-alpha-8",
      "mean": 2.16004826184,
      "stddev": 0.03486894477349461,
      "median": 2.15876331164,
      "user": 7.611581539999999,
      "system": 0.25266965999999996,
      "min": 2.11065954814,
      "max": 2.22086947614,
      "times": [
        2.12288580114,
        2.14558655714,
        2.22086947614,
        2.15490973714,
        2.20495316114,
        2.13169260414,
        2.11065954814,
        2.17606103014,
        2.16261688614,
        2.17024781714
      ],
      "exit_codes": [
        0,
        0,
        0,
        0,
        0,
        0,
        0,
        0,
        0,
        0
      ],
      "parameters": {
        "VERSION": "4.0.0-alpha-8"
      }
    }
  ]
}
