{
  "results": [
    {
      "command": "3.0.5",
      "mean": 0.7793947549,
      "stddev": 0.023253922677565497,
      "median": 0.7756738067,
      "user": 2.3415402399999996,
      "system": 0.13803569999999996,
      "min": 0.7556639522,
      "max": 0.8364310822000001,
      "times": [
        0.7697851562000001,
        0.7778893002,
        0.7599693432000001,
        0.7802683462000001,
        0.8364310822000001,
        0.7892329192,
        0.7734583132,
        0.7611810462,
        0.7900680902,
        0.7556639522
      ],
      "exit_codes": [
        0,
        0,
        0,
        0,
        0,
        0,
        0,
        0,
        0,
        0
      ],
      "parameters": {
        "VERSION": "3.0.5"
      }
    },
    {
      "command": "3.6.3",
      "mean": 1.0275489842999999,
      "stddev": 0.020451810897360315,
      "median": 1.0315615456999998,
      "user": 3.2952484399999995,
      "system": 0.2427879,
      "min": 0.9943188582000001,
      "max": 1.0565232761999999,
      "times": [
        1.0384550421999998,
        0.9943188582000001,
        1.0565232761999999,
        1.0226081971999998,
        1.0477374192,
        1.0310635322,
        1.0114765432,
        0.9996133262000001,
        1.0320595592,
        1.0416340892
      ],
      "exit_codes": [
        0,
        0,
        0,
        0,
        0,
        0,
        0,
        0,
        0,
        0
      ],
      "parameters": {
        "VERSION": "3.6.3"
      }
    },
    {
      "command": "3.8.8",
      "mean": 0.9703423912000002,
      "stddev": 0.016605072209914345,
      "median": 0.9747953527000001,
      "user": 3.0883841399999996,
      "system": 0.1435695,
      "min": 0.9453945942,
      "max": 0.9977135602,
      "times": [
        0.9977135602,
        0.9453945942,
        0.9738707792000001,
        0.9773132592,
        0.9757199262,
        0.9840033052,
        0.9497092862000001,
        0.9645144742,
        0.9809824052,
        0.9542023222
      ],
      "exit_codes": [
        0,
        0,
        0,
        0,
        0,
        0,
        0,
        0,
        0,
        0
      ],
      "parameters": {
        "VERSION": "3.8.8"
      }
    },
    {
      "command": "3.9.9",
      "mean": 1.1552126780999998,
      "stddev": 0.02527929061195298,
      "median": 1.1467102546999999,
      "user": 3.7670615399999994,
      "system": 0.15239,
      "min": 1.1266772211999998,
      "max": 1.2011216571999999,
      "times": [
        1.1709523221999998,
        1.1374139831999999,
        1.1607275272,
        1.2011216571999999,
        1.1266772211999998,
        1.1335305932,
        1.1436974791999999,
        1.1497230301999999,
        1.1372878372,
        1.1909951302
      ],
      "exit_codes": [
        0,
        0,
        0,
        0,
        0,
        0,
        0,
        0,
        0,
        0
      ],
      "parameters": {
        "VERSION": "3.9.9"
      }
    },
    {
      "command": "4.0.0-alpha-13",
      "mean": 1.6266294558999999,
      "stddev": 0.04721525532697843,
      "median": 1.6104862881999997,
      "user": 6.573066539999999,
      "system": 0.25350599999999995,
      "min": 1.5659566582,
      "max": 1.7118696191999998,
      "times": [
        1.7118696191999998,
        1.5948392031999998,
        1.6042200471999999,
        1.5928261602,
        1.6753752301999998,
        1.5659566582,
        1.6793591482,
        1.5924198401999998,
        1.6167525291999998,
        1.6326761232
      ],
      "exit_codes": [
        0,
        0,
        0,
        0,
        0,
        0,
        0,
        0,
        0,
        0
      ],
      "parameters": {
        "VERSION": "4.0.0-alpha-13"
      }
    },
    {
      "command": "4.0.0-beta-3",
      "mean": 1.6666658316,
      "stddev": 0.041464886650897155,
      "median": 1.6722148727,
      "user": 6.337456339999999,
      "system": 0.2634258,
      "min": 1.5837664781999998,
      "max": 1.7297591882,
      "times": [
        1.6893757082,
        1.5837664781999998,
        1.6734566642,
        1.6709730811999999,
        1.6696160031999998,
        1.6132489201999998,
        1.6606061702,
        1.6988275302,
        1.7297591882,
        1.6770285721999998
      ],
      "exit_codes": [
        0,
        0,
        0,
        0,
        0,
        0,
        0,
        0,
        0,
        0
      ],
      "parameters": {
        "VERSION": "4.0.0-beta-3"
      }
    },
    {
      "command": "4.0.0-beta-4",
      "mean": 1.7766696923,
      "stddev": 0.038882088150132034,
      "median": 1.7843924656999999,
      "user": 6.886387939999999,
      "system": 0.2748889,
      "min": 1.7057576912,
      "max": 1.8333704732,
      "times": [
        1.7235575611999998,
        1.7895682011999998,
        1.7792167302,
        1.7597420472,
        1.8333704732,
        1.7732667162,
        1.7896853581999999,
        1.8149170481999999,
        1.7057576912,
        1.7976150962
      ],
      "exit_codes": [
        0,
        0,
        0,
        0,
        0,
        0,
        0,
        0,
        0,
        0
      ],
      "parameters": {
        "VERSION": "4.0.0-beta-4"
      }
    }
  ]
}
