{
  "results": [
    {
      "command": "3.0.5",
      "mean": 1.18020649888,
      "stddev": 0.012531777824664822,
      "median": 1.1815436794799998,
      "user": 3.9243961999999994,
      "system": 0.26505982,
      "min": 1.16303382498,
      "max": 1.1973668259799999,
      "times": [
        1.18617030298,
        1.19332771798,
        1.16513072698,
        1.17528806298,
        1.16303382498,
        1.17691705598,
        1.16662615098,
        1.1973668259799999,
        1.18672345998,
        1.19148085998
      ],
      "exit_codes": [
        0,
        0,
        0,
        0,
        0,
        0,
        0,
        0,
        0,
        0
      ],
      "parameters": {
        "VERSION": "3.0.5"
      }
    },
    {
      "command": "3.6.3",
      "mean": 1.8112226979800004,
      "stddev": 0.05274411153648215,
      "median": 1.79976626848,
      "user": 6.430917599999999,
      "system": 0.6461125199999999,
      "min": 1.74117467998,
      "max": 1.89832115698,
      "times": [
        1.88098030698,
        1.80959462698,
        1.79545872298,
        1.76014528498,
        1.77611703698,
        1.74117467998,
        1.78287605198,
        1.86348529798,
        1.8040738139799999,
        1.89832115698
      ],
      "exit_codes": [
        0,
        0,
        0,
        0,
        0,
        0,
        0,
        0,
        0,
        0
      ],
      "parameters": {
        "VERSION": "3.6.3"
      }
    },
    {
      "command": "3.8.8",
      "mean": 1.52247662048,
      "stddev": 0.02710398079722958,
      "median": 1.5183869784800001,
      "user": 5.6625990999999996,
      "system": 0.28177362,
      "min": 1.49026611098,
      "max": 1.5836215529800002,
      "times": [
        1.49612843498,
        1.51923602398,
        1.53394305598,
        1.49026611098,
        1.51753793298,
        1.5047804759799999,
        1.54481091598,
        1.52455548198,
        1.5836215529800002,
        1.50988621898
      ],
      "exit_codes": [
        0,
        0,
        0,
        0,
        0,
        0,
        0,
        0,
        0,
        0
      ],
      "parameters": {
        "VERSION": "3.8.8"
      }
    },
    {
      "command": "3.9.9",
      "mean": 1.74539650568,
      "stddev": 0.018939871338881375,
      "median": 1.7444515304800001,
      "user": 6.5573183,
      "system": 0.31609442,
      "min": 1.7178093379800001,
      "max": 1.78105994298,
      "times": [
        1.75702147698,
        1.72693263798,
        1.75626634398,
        1.7481304909800002,
        1.73040459898,
        1.76075141998,
        1.74077256998,
        1.73481623698,
        1.78105994298,
        1.7178093379800001
      ],
      "exit_codes": [
        0,
        0,
        0,
        0,
        0,
        0,
        0,
        0,
        0,
        0
      ],
      "parameters": {
        "VERSION": "3.9.9"
      }
    },
    {
      "command": "4.0.0-alpha-13",
      "mean": 2.38969209548,
      "stddev": 0.06354812367782373,
      "median": 2.3999569424800002,
      "user": 11.6742731,
      "system": 0.56031952,
      "min": 2.29118713298,
      "max": 2.4786141939800004,
      "times": [
        2.3992910279800004,
        2.41968274898,
        2.33258440098,
        2.4450989949800004,
        2.29118713298,
        2.3384027679800004,
        2.4612524029800005,
        2.4786141939800004,
        2.3301844269800003,
        2.40062285698
      ],
      "exit_codes": [
        0,
        0,
        0,
        0,
        0,
        0,
        0,
        0,
        0,
        0
      ],
      "parameters": {
        "VERSION": "4.0.0-alpha-13"
      }
    },
    {
      "command": "4.0.0-beta-3",
      "mean": 2.4997342082800005,
      "stddev": 0.03778657117831588,
      "median": 2.50656093698,
      "user": 11.7088229,
      "system": 0.52101392,
      "min": 2.43552178398,
      "max": 2.5590459139800004,
      "times": [
        2.53733834298,
        2.4852938309800003,
        2.5089927759800004,
        2.5590459139800004,
        2.50606312298,
        2.4610505869800003,
        2.46760350698,
        2.52937346698,
        2.43552178398,
        2.50705875098
      ],
      "exit_codes": [
        0,
        0,
        0,
        0,
        0,
        0,
        0,
        0,
        0,
        0
      ],
      "parameters": {
        "VERSION": "4.0.0-beta-3"
      }
    },
    {
      "command": "4.0.0-beta-4",
      "mean": 2.6990065219800004,
      "stddev": 0.04196338021051096,
      "median": 2.6908309739800003,
      "user": 13.315260499999999,
      "system": 0.6472653199999998,
      "min": 2.66243336698,
      "max": 2.80307909298,
      "times": [
        2.67626041898,
        2.7066065009800004,
        2.6647553839800002,
        2.70272017098,
        2.66243336698,
        2.6789417769800004,
        2.7068809049800002,
        2.80307909298,
        2.6676737069800005,
        2.7207138959800004
      ],
      "exit_codes": [
        0,
        0,
        0,
        0,
        0,
        0,
        0,
        0,
        0,
        0
      ],
      "parameters": {
        "VERSION": "4.0.0-beta-4"
      }
    }
  ]
}
