{
  "results": [
    {
      "command": "3.0.5",
      "mean": 1.4632035304,
      "stddev": 0.015388710507823563,
      "median": 1.4575335466000001,
      "user": 5.20293516,
      "system": 0.32377394000000004,
      "min": 1.4476218101,
      "max": 1.4940180981,
      "times": [
        1.4548225601,
        1.4745494761,
        1.4940180981,
        1.4649854311,
        1.4808486791,
        1.4523750691,
        1.4476218101,
        1.4602445331,
        1.4540564781,
        1.4485131691
      ],
      "exit_codes": [
        0,
        0,
        0,
        0,
        0,
        0,
        0,
        0,
        0,
        0
      ],
      "parameters": {
        "VERSION": "3.0.5"
      }
    },
    {
      "command": "3.1.1",
      "mean": 1.7386002801999996,
      "stddev": 0.017006039404508334,
      "median": 1.7459994965999999,
      "user": 6.32990876,
      "system": 0.40475374000000003,
      "min": 1.7072837631,
      "max": 1.7579189121,
      "times": [
        1.7467985831,
        1.7452004100999998,
        1.7471252761,
        1.7525258891,
        1.7243358821,
        1.7541570701,
        1.7579189121,
        1.7314020551,
        1.7072837631,
        1.7192549610999999
      ],
      "exit_codes": [
        0,
        0,
        0,
        0,
        0,
        0,
        0,
        0,
        0,
        0
      ],
      "parameters": {
        "VERSION": "3.1.1"
      }
    },
    {
      "command": "3.2.5",
      "mean": 1.8211750105,
      "stddev": 0.031706938513288076,
      "median": 1.8268646411,
      "user": 6.74436996,
      "system": 0.43211854,
      "min": 1.7621142130999998,
      "max": 1.8711247201,
      "times": [
        1.8336426521,
        1.8387350311000001,
        1.8200866301,
        1.7621142130999998,
        1.7954307691,
        1.8507578991,
        1.8037698541,
        1.7988168410999998,
        1.8711247201,
        1.8372714951
      ],
      "exit_codes": [
        0,
        0,
        0,
        0,
        0,
        0,
        0,
        0,
        0,
        0
      ],
      "parameters": {
        "VERSION": "3.2.5"
      }
    },
    {
      "command": "3.3.9",
      "mean": 1.8596302448,
      "stddev": 0.02279169578698933,
      "median": 1.8565723421,
      "user": 6.89768466,
      "system": 0.45475414000000003,
      "min": 1.8195152031,
      "max": 1.8938179451,
      "times": [
        1.8554068690999999,
        1.8195152031,
        1.8751421651,
        1.8935216230999998,
        1.8472725401,
        1.8938179451,
        1.8577378151000001,
        1.8602023560999998,
        1.8450534731000001,
        1.8486324581
      ],
      "exit_codes": [
        0,
        0,
        0,
        0,
        0,
        0,
        0,
        0,
        0,
        0
      ],
      "parameters": {
        "VERSION": "3.3.9"
      }
    },
    {
      "command": "3.5.4",
      "mean": 1.921967423,
      "stddev": 0.03160487139994508,
      "median": 1.9273145135999998,
      "user": 6.7468949600000006,
      "system": 0.72262964,
      "min": 1.8857782651,
      "max": 1.9954612951000001,
      "times": [
        1.9280042321,
        1.8857782651,
        1.9307063781,
        1.9100201861000001,
        1.9954612951000001,
        1.9278196261,
        1.9321260051,
        1.8926409531,
        1.9268094010999999,
        1.8903078881
      ],
      "exit_codes": [
        0,
        0,
        0,
        0,
        0,
        0,
        0,
        0,
        0,
        0
      ],
      "parameters": {
        "VERSION": "3.5.4"
      }
    },
    {
      "command": "3.6.3",
      "mean": 1.8335889673000003,
      "stddev": 0.02290761068340791,
      "median": 1.8394685391,
      "user": 6.399766959999999,
      "system": 0.67877374,
      "min": 1.8056556201,
      "max": 1.8633153531,
      "times": [
        1.8056556201,
        1.8372263571,
        1.8594513641,
        1.8104978051,
        1.8102975301,
        1.8633153531,
        1.8453182361,
        1.8417107211000001,
        1.8079034361,
        1.8545132501000001
      ],
      "exit_codes": [
        0,
        0,
        0,
        0,
        0,
        0,
        0,
        0,
        0,
        0
      ],
      "parameters": {
        "VERSION": "3.6.3"
      }
    },
    {
      "command": "3.8.1",
      "mean": 1.8476637151,
      "stddev": 0.034027773515172124,
      "median": 1.8354063690999998,
      "user": 6.51540876,
      "system": 0.69114764,
      "min": 1.8098270110999999,
      "max": 1.9149017390999998,
      "times": [
        1.9149017390999998,
        1.8098270110999999,
        1.8383828490999998,
        1.8195792010999998,
        1.8184577280999998,
        1.8324298891,
        1.8293042230999998,
        1.8613710191,
        1.8628529940999998,
        1.8895304971
      ],
      "exit_codes": [
        0,
        0,
        0,
        0,
        0,
        0,
        0,
        0,
        0,
        0
      ],
      "parameters": {
        "VERSION": "3.8.1"
      }
    },
    {
      "command": "3.8.2",
      "mean": 1.6487505243999998,
      "stddev": 0.051780441071825105,
      "median": 1.6467118021,
      "user": 5.96072266,
      "system": 0.30966854,
      "min": 1.5980992011,
      "max": 1.7656856901,
      "times": [
        1.6168962581,
        1.6459193361,
        1.7656856901,
        1.6483928281,
        1.6731375451,
        1.6475042681,
        1.6038291460999998,
        1.6898993621,
        1.5980992011,
        1.5981416090999998
      ],
      "exit_codes": [
        0,
        0,
        0,
        0,
        0,
        0,
        0,
        0,
        0,
        0
      ],
      "parameters": {
        "VERSION": "3.8.2"
      }
    },
    {
      "command": "3.8.3",
      "mean": 1.5314232876999998,
      "stddev": 0.04532428138783983,
      "median": 1.5272100576,
      "user": 5.60374756,
      "system": 0.26349394,
      "min": 1.4540140991,
      "max": 1.6265215931,
      "times": [
        1.5758765531,
        1.5321877901,
        1.5304387821,
        1.6265215931,
        1.5239813331,
        1.5119430171000001,
        1.5053366621,
        1.5396155651,
        1.5143174821,
        1.4540140991
      ],
      "exit_codes": [
        0,
        0,
        0,
        0,
        0,
        0,
        0,
        0,
        0,
        0
      ],
      "parameters": {
        "VERSION": "3.8.3"
      }
    },
    {
      "command": "3.8.4",
      "mean": 1.5356419059,
      "stddev": 0.02724080354757307,
      "median": 1.5403200950999998,
      "user": 5.61488836,
      "system": 0.28000114000000004,
      "min": 1.4917210030999999,
      "max": 1.5780281030999999,
      "times": [
        1.4922314111,
        1.5377012910999999,
        1.5238599371000001,
        1.5780281030999999,
        1.4917210030999999,
        1.5428630301,
        1.5427057840999998,
        1.5478805521,
        1.5614935411,
        1.5379344061
      ],
      "exit_codes": [
        0,
        0,
        0,
        0,
        0,
        0,
        0,
        0,
        0,
        0
      ],
      "parameters": {
        "VERSION": "3.8.4"
      }
    },
    {
      "command": "3.8.5",
      "mean": 1.5486336281,
      "stddev": 0.04381880251488569,
      "median": 1.5513645846,
      "user": 5.629480060000001,
      "system": 0.28882844,
      "min": 1.4890217161,
      "max": 1.6426920131,
      "times": [
        1.4890217161,
        1.5533043741,
        1.6426920131,
        1.5507412741,
        1.5283874701,
        1.5519878951,
        1.5259030991,
        1.5539521391,
        1.5012192090999998,
        1.5891270911
      ],
      "exit_codes": [
        0,
        0,
        0,
        0,
        0,
        0,
        0,
        0,
        0,
        0
      ],
      "parameters": {
        "VERSION": "3.8.5"
      }
    },
    {
      "command": "3.8.6",
      "mean": 1.5346665717,
      "stddev": 0.015617833419854947,