{
  "results": [
    {
      "command": "3.0.5",
      "mean": 0.7975021192,
      "stddev": 0.02336633951811206,
      "median": 0.7919016831000001,
      "user": 2.4297790800000003,
      "system": 0.08537323999999999,
      "min": 0.7707889191,
      "max": 0.8389037051,
      "times": [
        0.7982624681,
        0.8135563941,
        0.7853421341,
        0.8389037051,
        0.8283188921,
        0.7803040161,
        0.7716562981,
        0.8023474671,
        0.7855408981,
        0.7707889191
      ],
      "exit_codes": [
        0,
        0,
        0,
        0,
        0,
        0,
        0,
        0,
        0,
        0
      ],
      "parameters": {
        "VERSION": "3.0.5"
      }
    },
    {
      "command": "3.6.3",
      "mean": 0.9328577763999999,
      "stddev": 0.02861450270942554,
      "median": 0.9333993691,
      "user": 3.0287073799999997,
      "system": 0.10547043999999998,
      "min": 0.8946524821,
      "max": 0.9750847551,
      "times": [
        0.9491806181,
        0.9099321081,
        0.9176181201,
        0.8946524821,
        0.9616947521,
        0.9107640281,
        0.9026301661,
        0.9507170911,
        0.9563036431,
        0.9750847551
      ],
      "exit_codes": [
        0,
        0,
        0,
        0,
        0,
        0,
        0,
        0,
        0,
        0
      ],
      "parameters": {
        "VERSION": "3.6.3"
      }
    },
    {
      "command": "3.8.8",
      "mean": 0.9154836557000001,
      "stddev": 0.021267474909545732,
      "median": 0.9108258856,
      "user": 2.89908678,
      "system": 0.08272894,
      "min": 0.8877287901,
      "max": 0.9480259861,
      "times": [
        0.9205840771,
        0.9060999111,
        0.9153491051,
        0.8908033251,
        0.9390975541000001,
        0.9000815381,
        0.9063026661,
        0.9407636041,
        0.9480259861,
        0.8877287901
      ],
      "exit_codes": [
        0,
        0,
        0,
        0,
        0,
        0,
        0,
        0,
        0,
        0
      ],
      "parameters": {
        "VERSION": "3.8.8"
      }
    },
    {
      "command": "3.9.4",
      "mean": 1.1078270776999999,
      "stddev": 0.024384514746280204,
      "median": 1.1068351036,
      "user": 3.70959488,
      "system": 0.09266623999999998,
      "min": 1.0736888651,
      "max": 1.1437975600999999,
      "times": [
        1.1005140381,
        1.0736888651,
        1.0754471811,
        1.0990730241,
        1.1316798371,
        1.0883816150999999,
        1.1208768501,
        1.1437975600999999,
        1.1316556371,
        1.1131561691
      ],
      "exit_codes": [
        0,
        0,
        0,
        0,
        0,
        0,
        0,
        0,
        0,
        0
      ],
      "parameters": {
        "VERSION": "3.9.4"
      }
    },
    {
      "command": "3.9.5",
      "mean": 1.1045047148,
      "stddev": 0.030958217192474297,
      "median": 1.0906568486000001,
      "user": 3.6731549800000005,
      "system": 0.08438853999999998,
      "min": 1.0699043471,
      "max": 1.1508728371,
      "times": [
        1.1324902371,
        1.0819933911,
        1.1508728371,
        1.1205540281,
        1.0761496441,
        1.0910028901,
        1.1496795161,
        1.0903108071,
        1.0820894501,
        1.0699043471
      ],
      "exit_codes": [
        0,
        0,
        0,
        0,
        0,
        0,
        0,
        0,
        0,
        0
      ],
      "parameters": {
        "VERSION": "3.9.5"
      }
    },
    {
      "command": "4.0.0-alpha-7",
      "mean": 1.3310865494,
      "stddev": 0.032566979177705034,
      "median": 1.3290123620999998,
      "user": 4.309014980000001,
      "system": 0.09452253999999997,
      "min": 1.2938843111,
      "max": 1.3846113921,
      "times": [
        1.3333729061,
        1.2952547670999999,
        1.3246518181,
        1.3134153331,
        1.3571366551,
        1.2978769831,
        1.3366665451,
        1.3739947831000001,
        1.2938843111,
        1.3846113921
      ],
      "exit_codes": [
        0,
        0,
        0,
        0,
        0,
        0,
        0,
        0,
        0,
        0
      ],
      "parameters": {
        "VERSION": "4.0.0-alpha-7"
      }
    },
    {
      "command": "4.0.0-alpha-8",
      "mean": 1.4144158365,
      "stddev": 0.03668839149640285,
      "median": 1.4145773955999998,
      "user": 4.69105848,
      "system": 0.10880093999999998,
      "min": 1.3644557761,
      "max": 1.4706732491,
      "times": [
        1.4125154611,
        1.3644557761,
        1.4596342381,
        1.4706732491,
        1.4403662501,
        1.3761301811,
        1.4352544151,
        1.4166393301,
        1.3859949491,
        1.3824945150999999
      ],
      "exit_codes": [
        0,
        0,
        0,
        0,
        0,
        0,
        0,
        0,
        0,
        0
      ],
      "parameters": {
        "VERSION": "4.0.0-alpha-8"
      }
    }
  ]
}
