{
  "results": [
    {
      "command": "3.0.5",
      "mean": 0.8216311882400001,
      "stddev": 0.014023216572466121,
      "median": 0.81721853724,
      "user": 2.5760136399999998,
      "system": 0.12729964,
      "min": 0.80682593024,
      "max": 0.85137474024,
      "times": [
        0.8139824332400001,
        0.82045464124,
        0.80717343224,
        0.81387512524,
        0.8116938462400001,
        0.83131872724,
        0.83211293024,
        0.80682593024,
        0.82750007624,
        0.85137474024
      ],
      "exit_codes": [
        0,
        0,
        0,
        0,
        0,
        0,
        0,
        0,
        0,
        0
      ],
      "parameters": {
        "VERSION": "3.0.5"
      }
    },
    {
      "command": "3.6.3",
      "mean": 1.1051203043400002,
      "stddev": 0.024070239169920165,
      "median": 1.0990141377400002,
      "user": 3.6471635399999998,
      "system": 0.26945363999999994,
      "min": 1.06745416524,
      "max": 1.14621306624,
      "times": [
        1.09514215824,
        1.06745416524,
        1.1028861172400002,
        1.08822687924,
        1.0914003352400001,
        1.11929867524,
        1.08706229624,
        1.12104952424,
        1.1324698262400001,
        1.14621306624
      ],
      "exit_codes": [
        0,
        0,
        0,
        0,
        0,
        0,
        0,
        0,
        0,
        0
      ],
      "parameters": {
        "VERSION": "3.6.3"
      }
    },
    {
      "command": "3.8.8",
      "mean": 1.04899780774,
      "stddev": 0.025743434366428605,
      "median": 1.0446846712400002,
      "user": 3.4183454400000004,
      "system": 0.14668343999999997,
      "min": 1.01922143124,
      "max": 1.11183959824,
      "times": [
        1.0382200372400001,
        1.06771344924,
        1.04671041924,
        1.0430174252400002,
        1.02759368524,
        1.01922143124,
        1.05235270724,
        1.0463519172400002,
        1.11183959824,
        1.03695740724
      ],
      "exit_codes": [
        0,
        0,
        0,
        0,
        0,
        0,
        0,
        0,
        0,
        0
      ],
      "parameters": {
        "VERSION": "3.8.8"
      }
    },
    {
      "command": "3.9.6",
      "mean": 1.21585141974,
      "stddev": 0.022773814202018457,
      "median": 1.2088815022400001,
      "user": 3.9265669399999994,
      "system": 0.16256803999999997,
      "min": 1.19041917424,
      "max": 1.25383130424,
      "times": [
        1.2174061632400002,
        1.19911078024,
        1.2296793672400002,
        1.2338022002400002,
        1.19041917424,
        1.20035684124,
        1.19825245024,
        1.19308103124,
        1.25383130424,
        1.24257488524
      ],
      "exit_codes": [
        0,
        0,
        0,
        0,
        0,
        0,
        0,
        0,
        0,
        0
      ],
      "parameters": {
        "VERSION": "3.9.6"
      }
    },
    {
      "command": "4.0.0-alpha-13",
      "mean": 1.6907678403400002,
      "stddev": 0.03979495773374175,
      "median": 1.68358012374,
      "user": 6.943790139999999,
      "system": 0.28292614000000005,
      "min": 1.6226032332400002,
      "max": 1.7459728032400001,
      "times": [
        1.6785799352400002,
        1.65980530424,
        1.6885803122400003,
        1.6661930552400002,
        1.6226032332400002,
        1.7319566502400001,
        1.7449050372400001,
        1.67623691024,
        1.7459728032400001,
        1.69284516224
      ],
      "exit_codes": [
        0,
        0,
        0,
        0,
        0,
        0,
        0,
        0,
        0,
        0
      ],
      "parameters": {
        "VERSION": "4.0.0-alpha-13"
      }
    }
  ]
}
