{
  "results": [
    {
      "command": "3.0.5",
      "mean": 1.1079182680200002,
      "stddev": 0.02412712368181728,
      "median": 1.1094985772200001,
      "user": 3.699523659999999,
      "system": 0.23518900000000004,
      "min": 1.07574107522,
      "max": 1.1504526002200002,
      "times": [
        1.10852656022,
        1.0879195722200001,
        1.10339299922,
        1.11486348222,
        1.11129480522,
        1.13914204522,
        1.07737894622,
        1.1504526002200002,
        1.07574107522,
        1.1104705942200002
      ],
      "exit_codes": [
        0,
        0,
        0,
        0,
        0,
        0,
        0,
        0,
        0,
        0
      ],
      "parameters": {
        "VERSION": "3.0.5"
      }
    },
    {
      "command": "3.6.3",
      "mean": 1.6727177224200003,
      "stddev": 0.032944706015934556,
      "median": 1.6664880772200001,
      "user": 5.924008059999999,
      "system": 0.5718384999999999,
      "min": 1.6166726912200002,
      "max": 1.7215213712200002,
      "times": [
        1.70298702422,
        1.65938654222,
        1.7066376492200002,
        1.6382988852200002,
        1.6647339582200003,
        1.7215213712200002,
        1.66824219622,
        1.6934152182200002,
        1.65528168822,
        1.6166726912200002
      ],
      "exit_codes": [
        0,
        0,
        0,
        0,
        0,
        0,
        0,
        0,
        0,
        0
      ],
      "parameters": {
        "VERSION": "3.6.3"
      }
    },
    {
      "command": "3.8.8",
      "mean": 1.45222829662,
      "stddev": 0.02225029196642668,
      "median": 1.45569747022,
      "user": 5.223531059999999,
      "system": 0.2680442,
      "min": 1.40968844522,
      "max": 1.4796039622200001,
      "times": [
        1.46949930822,
        1.45850264522,
        1.47237291222,
        1.42639526522,
        1.4796039622200001,
        1.4688178842200001,
        1.4398862192200002,
        1.40968844522,
        1.44462402922,
        1.45289229522
      ],
      "exit_codes": [
        0,
        0,
        0,
        0,
        0,
        0,
        0,
        0,
        0,
        0
      ],
      "parameters": {
        "VERSION": "3.8.8"
      }
    },
    {
      "command": "3.9.6",
      "mean": 1.6357571328200002,
      "stddev": 0.026420293944135316,
      "median": 1.6297285507200001,
      "user": 5.86050256,
      "system": 0.2626007,
      "min": 1.6028783132200002,
      "max": 1.6861820062200001,
      "times": [
        1.6028783132200002,
        1.62821282122,
        1.60865142822,
        1.6218624202200003,
        1.6693552602200001,
        1.6312442802200002,
        1.65048142122,
        1.6861820062200001,
        1.61872531222,
        1.6399780652200002
      ],
      "exit_codes": [
        0,
        0,
        0,
        0,
        0,
        0,
        0,
        0,
        0,
        0
      ],
      "parameters": {
        "VERSION": "3.9.6"
      }
    },
    {
      "command": "4.0.0-alpha-13",
      "mean": 2.2050893484200005,
      "stddev": 0.03155079892940337,
      "median": 2.21381306272,
      "user": 10.227839259999998,
      "system": 0.4965739,
      "min": 2.14221625522,
      "max": 2.2489363622200003,
      "times": [
        2.21999402822,
        2.2489363622200003,
        2.14221625522,
        2.23630698722,
        2.21336199322,
        2.1922402562200003,
        2.1961312252200003,
        2.21852400222,
        2.16891824222,
        2.2142641322200003
      ],
      "exit_codes": [
        0,
        0,
        0,
        0,
        0,
        0,
        0,
        0,
        0,
        0
      ],
      "parameters": {
        "VERSION": "4.0.0-alpha-13"
      }
    }
  ]
}
