{
  "results": [
    {
      "command": "3.0.5",
      "mean": 22.82255031716,
      "stddev": 0.3218860643181614,
      "median": 22.80122667026,
      "user": 38.49173852,
      "system": 2.17873994,
      "min": 22.22895633626,
      "max": 23.31280081426,
      "times": [
        22.82269726526,
        22.80537943726,
        22.78557996526,
        22.22895633626,
        22.79707390326,
        22.50965502526,
        23.28519654026,
        22.95087211526,
        22.72729176926,
        23.31280081426
      ],
      "exit_codes": [
        0,
        0,
        0,
        0,
        0,
        0,
        0,
        0,
        0,
        0
      ],
      "parameters": {
        "VERSION": "3.0.5"
      }
    },
    {
      "command": "3.1.1",
      "mean": 56.06083356816,
      "stddev": 0.9852667113059556,
      "median": 56.236121050760005,
      "user": 169.81709722,
      "system": 5.935764939999999,
      "min": 54.496717848260005,
      "max": 57.783320586260004,
      "times": [
        56.140493861260005,
        56.540828975260006,
        54.923943204260006,
        56.05986949526,
        56.331748240260005,
        55.07018095926,
        56.418506657260004,
        56.84272585426,
        54.496717848260005,
        57.783320586260004
      ],
      "exit_codes": [
        0,
        0,
        0,
        0,
        0,
        0,
        0,
        0,
        0,
        0
      ],
      "parameters": {
        "VERSION": "3.1.1"
      }
    },
    {
      "command": "3.2.5",
      "mean": 59.55554417706001,
      "stddev": 0.7105705022527798,
      "median": 59.506080068260005,
      "user": 194.84054471999997,
      "system": 6.10841324,
      "min": 58.60820396726,
      "max": 61.151580350260005,
      "times": [
        59.46760606026,
        61.151580350260005,
        59.544554076260006,
        59.40282986326,
        58.64666743426,
        59.97877640026,
        59.40652568326,
        59.75376979626,
        59.594928139260006,
        58.60820396726
      ],
      "exit_codes": [
        0,
        0,
        0,
        0,
        0,
        0,
        0,
        0,
        0,
        0
      ],
      "parameters": {
        "VERSION": "3.2.5"
      }
    },
    {
      "command": "3.3.9",
      "mean": 62.52001528956,
      "stddev": 1.8027503380799035,
      "median": 62.36844516776,
      "user": 209.43834681999996,
      "system": 6.020509339999999,
      "min": 60.28612351926,
      "max": 66.51787089126,
      "times": [
        61.30219705926,
        63.23546781126,
        66.51787089126,
        60.28612351926,
        62.92253349426,
        63.53701631826,
        61.81435684126,
        63.33981787626,
        61.185701565260004,
        61.059067519260005
      ],
      "exit_codes": [
        0,
        0,
        0,
        0,
        0,
        0,
        0,
        0,
        0,
        0
      ],
      "parameters": {
        "VERSION": "3.3.9"
      }
    },
    {
      "command": "3.5.4",
      "mean": 37.19066690186001,
      "stddev": 1.9420590258007484,
      "median": 37.03918065076,
      "user": 53.79954882,
      "system": 6.954829040000002,
      "min": 35.02687648826,
      "max": 40.463590678260005,
      "times": [
        38.114186778260006,
        37.116375332260006,
        38.20704673126,
        36.961985969260006,
        39.805319168260006,
        35.02687648826,
        35.74354357026,
        40.463590678260005,
        35.32854371026,
        35.13920059226
      ],
      "exit_codes": [
        0,
        0,
        0,
        0,
        0,
        0,
        0,
        0,
        0,
        0
      ],
      "parameters": {
        "VERSION": "3.5.4"
      }
    },
    {
      "command": "3.6.3",
      "mean": 30.496068362759996,
      "stddev": 0.21023378658728237,
      "median": 30.50897262726,
      "user": 47.05339302,
      "system": 6.935925540000001,
      "min": 30.09662093326,
      "max": 30.803437957259998,
      "times": [
        30.49752676026,
        30.61286654026,
        30.59343833126,
        30.36919417426,
        30.31501476026,
        30.40527591726,
        30.09662093326,
        30.52041849426,
        30.74688975926,
        30.803437957259998
      ],
      "exit_codes": [
        0,
        0,
        0,
        0,
        0,
        0,
        0,
        0,
        0,
        0
      ],
      "parameters": {
        "VERSION": "3.6.3"
      }
    },
    {
      "command": "3.8.1",
      "mean": 30.657182117159998,
      "stddev": 0.336050609553863,
      "median": 30.61501516426,
      "user": 47.25763942,
      "system": 7.006041239999999,
      "min": 30.24909307426,
      "max": 31.41493311326,
      "times": [
        30.720040116259998,
        30.42546945826,
        30.24909307426,
        30.62340555026,
        30.58627756126,
        30.60662477826,
        30.95829488126,
        30.31321560126,
        31.41493311326,
        30.67446703726
      ],
      "exit_codes": [
        0,
        0,
        0,
        0,
        0,
        0,
        0,
        0,
        0,
        0
      ],
      "parameters": {
        "VERSION": "3.8.1"
      }
    },
    {
      "command": "3.8.2",
      "mean": 27.63493545966,
      "stddev": 0.3722978412881837,
      "median": 27.55219080226,
      "user": 45.90263832,
      "system": 1.8964984399999998,
      "min": 27.22909491326,
      "max": 28.35820152726,
      "times": [
        27.65806857926,
        27.32828388826,
        27.22909491326,
        27.37515589526,
        27.59022921126,
        27.72794997226,
        27.514152393259998,
        28.18897364626,
        27.37924457026,
        28.35820152726
      ],
      "exit_codes": [
        0,
        0,
        0,
        0,
        0,
        0,
        0,
        0,
        0,
        0
      ],
      "parameters": {
        "VERSION": "3.8.2"
      }
    },
    {
      "command": "3.8.3",
      "mean": 16.73124042376,
      "stddev": 0.13697390823868782,
      "median": 16.73192849226,
      "user": 33.97889542,
      "system": 1.9268055399999997,
      "min": 16.43904600226,
      "max": 16.98564353426,
      "times": [
        16.71649482026,
        16.73530896726,
        16.72854801726,
        16.80507465726,
        16.78671724926,
        16.98564353426,
        16.75962894626,
        16.43904600226,
        16.63609879026,
        16.71984325326
      ],
      "exit_codes": [
        0,
        0,
        0,
        0,
        0,
        0,
        0,
        0,
        0,
        0
      ],
      "parameters": {
        "VERSION": "3.8.3"
      }
    },
    {
      "command": "3.8.4",
      "mean": 16.81497178716,
      "stddev": 0.24735623551675248,
      "median": 16.84611394276,
      "user": 34.02232542,
      "system": 1.8267802400000002,
      "min": 16.42634197126,
      "max": 17.11948739626,
      "times": [
        17.08295023626,
        16.87202985326,
        17.11948739626,
        17.07826946526,
        16.48671824226,
        16.77908871826,
        16.88875228026,
        16.42634197126,
        16.82019803226,
        16.59588167626
      ],
      "exit_codes": [
        0,
        0,
        0,
        0,
        0,
        0,
        0,
        0,
        0,
        0
      ],
      "parameters": {
        "VERSION": "3.8.4"
      }
    },
    {
      "command": "3.8.5",
      "mean": 16.88251440036,
      "stddev": 0.1943090976808883,
      "median": 16.85012347376,
      "user": 34.28942322,
      "system": 1.89036234,
      "min": 16.58944809726,
      "max": 17.31281110226,
      "times": [
        16.58944809726,
        16.93771127926,
        16.86070451026,
        17.31281110226,
        16.69240551526,
        16.826686230259998,
        17.02916874026,
        16.83954243726,
        16.90168175726,
        16.83498433426
      ],
      "exit_codes": [
        0,
        0,
        0,
        0,
        0,
        0,
        0,
        0,
        0,
        0
      ],