{
  "results": [
    {
      "command": "3.0.5",
      "mean": 0.9824011927,
      "stddev": 0.013737316348880245,
      "median": 0.9783394669000001,
      "user": 3.1956037999999998,
      "system": 0.16188116,
      "min": 0.9641535009000001,
      "max": 1.0093093669,
      "times": [
        0.9641535009000001,
        0.9728143369000001,
        0.9878612119000001,
        0.9733918219000001,
        0.9731478089000001,
        0.9760488209,
        0.9806301129,
        0.9873849729,
        0.9992699729000001,
        1.0093093669
      ],
      "exit_codes": [
        0,
        0,
        0,
        0,
        0,
        0,
        0,
        0,
        0,
        0
      ],
      "parameters": {
        "VERSION": "3.0.5"
      }
    },
    {
      "command": "3.1.1",
      "mean": 1.0478684886000003,
      "stddev": 0.026902235392662347,
      "median": 1.0446683379000001,
      "user": 3.4886405000000003,
      "system": 0.17399335999999999,
      "min": 1.0007187498999999,
      "max": 1.0911631659,
      "times": [
        1.0450582339,
        1.0354747699,
        1.0911631659,
        1.0716927559,
        1.0302711219,
        1.0323778739,
        1.0442784419,
        1.0462860749,
        1.0007187498999999,
        1.0813636978999999
      ],
      "exit_codes": [
        0,
        0,
        0,
        0,
        0,
        0,
        0,
        0,
        0,
        0
      ],
      "parameters": {
        "VERSION": "3.1.1"
      }
    },
    {
      "command": "3.2.5",
      "mean": 1.1000118629000002,
      "stddev": 0.03255501835871743,
      "median": 1.0898671364,
      "user": 3.6791281000000007,
      "system": 0.18776276,
      "min": 1.0671845519,
      "max": 1.1574777239,
      "times": [
        1.0703339279,
        1.0917086529,
        1.0987452479,
        1.1574777239,
        1.0671845519,
        1.1357004258999999,
        1.0785437449,
        1.0726405829,
        1.1397581508999999,
        1.0880256199
      ],
      "exit_codes": [
        0,
        0,
        0,
        0,
        0,
        0,
        0,
        0,
        0,
        0
      ],
      "parameters": {
        "VERSION": "3.2.5"
      }
    },
    {
      "command": "3.3.9",
      "mean": 1.1132776112,
      "stddev": 0.027346413356304104,
      "median": 1.1187407214,
      "user": 3.7831416999999994,
      "system": 0.15933346,
      "min": 1.0755686849,
      "max": 1.1493179059,
      "times": [
        1.0977940599,
        1.1093289178999999,
        1.1344349659,
        1.0813141489,
        1.1419231599,
        1.1493179059,
        1.1281525249,
        1.1317162309,
        1.0832255129,
        1.0755686849
      ],
      "exit_codes": [
        0,
        0,
        0,
        0,
        0,
        0,
        0,
        0,
        0,
        0
      ],
      "parameters": {
        "VERSION": "3.3.9"
      }
    },
    {
      "command": "3.5.4",
      "mean": 1.1862330936,
      "stddev": 0.02280594457361247,
      "median": 1.1843617344,
      "user": 3.964392599999999,
      "system": 0.29070085999999995,
      "min": 1.1403542369,
      "max": 1.2280721889,
      "times": [
        1.1833707239,
        1.1760344059,
        1.1843414499,
        1.1843820189,
        1.1783051129,
        1.2113986019,
        1.1866664159,
        1.1894057809,
        1.1403542369,
        1.2280721889
      ],
      "exit_codes": [
        0,
        0,
        0,
        0,
        0,
        0,
        0,
        0,
        0,
        0
      ],
      "parameters": {
        "VERSION": "3.5.4"
      }
    },
    {
      "command": "3.6.3",
      "mean": 1.1225005525,
      "stddev": 0.021068042655049173,
      "median": 1.1139144444,
      "user": 3.6930773,
      "system": 0.26654126,
      "min": 1.1029953979,
      "max": 1.1622325899,
      "times": [
        1.1378981239,
        1.1067011999,
        1.1029953979,
        1.1053222629,
        1.1622325899,
        1.1130637399,
        1.1246681669,
        1.1513061089,
        1.1060527859,
        1.1147651489
      ],
      "exit_codes": [
        0,
        0,
        0,
        0,
        0,
        0,
        0,
        0,
        0,
        0
      ],
      "parameters": {
        "VERSION": "3.6.3"
      }
    },
    {
      "command": "3.8.1",
      "mean": 1.1307699310000001,
      "stddev": 0.020702829363329883,
      "median": 1.1372140713999999,
      "user": 3.7238662,
      "system": 0.27126745999999996,
      "min": 1.0964975309,
      "max": 1.1518932349,
      "times": [
        1.0964975309,
        1.1412296569,
        1.1331984859,
        1.0980359739,
        1.1145910439,
        1.1464470239,
        1.1507988409,
        1.1324796439,
        1.1518932349,
        1.1425278749
      ],
      "exit_codes": [
        0,
        0,
        0,
        0,
        0,
        0,
        0,
        0,
        0,
        0
      ],
      "parameters": {
        "VERSION": "3.8.1"
      }
    },
    {
      "command": "3.8.2",
      "mean": 1.0674743572,
      "stddev": 0.03182887227298973,
      "median": 1.0655685349,
      "user": 3.5264347999999996,
      "system": 0.16312996,
      "min": 1.0322637759,
      "max": 1.1408869539,
      "times": [
        1.1408869539,
        1.0699718959,
        1.0322637759,
        1.0752918709,
        1.0433277639,
        1.0732881989,
        1.0611651738999999,
        1.0396925509,
        1.0472350819,
        1.0916203059
      ],
      "exit_codes": [
        0,
        0,
        0,
        0,
        0,
        0,
        0,
        0,
        0,
        0
      ],
      "parameters": {
        "VERSION": "3.8.2"
      }
    },
    {
      "command": "3.8.3",
      "mean": 1.0354985228999998,
      "stddev": 0.02462871146445175,
      "median": 1.0322824704,
      "user": 3.4361483999999995,
      "system": 0.14586316000000002,
      "min": 0.9950244329000001,
      "max": 1.0881128589,
      "times": [
        1.0881128589,
        1.0213371029,
        1.0513013159,
        1.0409885289,
        1.0488463839,
        1.0346518499,
        1.0255159039,
        1.0192937609,
        0.9950244329000001,
        1.0299130909
      ],
      "exit_codes": [
        0,
        0,
        0,
        0,
        0,
        0,
        0,
        0,
        0,
        0
      ],
      "parameters": {
        "VERSION": "3.8.3"
      }
    },
    {
      "command": "3.8.4",
      "mean": 1.0474379172,
      "stddev": 0.030500092542192176,
      "median": 1.0500507004,
      "user": 3.4398975999999997,
      "system": 0.15574585999999999,
      "min": 1.0056455519,
      "max": 1.1053459719,
      "times": [
        1.0219990969,
        1.0581609949,
        1.0433976719,
        1.0253815069,
        1.1053459719,
        1.0567037289,
        1.0175652519,
        1.0056455519,
        1.0688666619,
        1.0713127349
      ],
      "exit_codes": [
        0,
        0,
        0,
        0,
        0,
        0,
        0,
        0,
        0,
        0
      ],
      "parameters": {
        "VERSION": "3.8.4"
      }
    },
    {
      "command": "3.8.5",
      "mean": 1.0452732823,
      "stddev": 0.014818833325187521,
      "median": 1.0461776419,
      "user": 3.4112676,
      "system": 0.15268176,
      "min": 1.0172397599,
      "max": 1.0649480849,
      "times": [
        1.0442236229,
        1.0360541749,
        1.0383964409,
        1.0172397599,
        1.0642343219,
        1.0514558419,
        1.0481316609,
        1.0649480849,
        1.0554477879,
        1.0326011269
      ],
      "exit_codes": [
        0,
        0,
        0,
        0,
        0,
        0,
        0,
        0,
        0,
        0
      ],
      "parameters": {
        "VERSION": "3.8.5"
      }
    },
    {
      "command": "3.8.6",
      "mean": 1.0579247733000001,
      "stddev": 0.040009066650723665,
      "median": 1.0478590129,
      "user": 3.5103491999999994,
      "system": 0.14935046000000002,