{
  "results": [
    {
      "command": "3.0.5",
      "mean": 0.818783657,
      "stddev": 0.011400740349670114,
      "median": 0.8143077391,
      "user": 2.6714700999999996,
      "system": 0.11182716000000001,
      "min": 0.8064373741,
      "max": 0.8389383491000001,
      "times": [
        0.8232268091,
        0.8106511431000001,
        0.8111485411,
        0.8389383491000001,
        0.8165907691000001,
        0.8064373741,
        0.8120247091,
        0.8254989031000001,
        0.8349799341,
        0.8083400381
      ],
      "exit_codes": [
        0,
        0,
        0,
        0,
        0,
        0,
        0,
        0,
        0,
        0
      ],
      "parameters": {
        "VERSION": "3.0.5"
      }
    },
    {
      "command": "3.1.1",
      "mean": 0.8625923766,
      "stddev": 0.015834484316572,
      "median": 0.8611064736,
      "user": 2.8307024,
      "system": 0.11197275999999998,
      "min": 0.8361169671,
      "max": 0.8852950191000001,
      "times": [
        0.8848639001,
        0.8557333431,
        0.8361169671,
        0.8852950191000001,
        0.8664796041,
        0.8512208721000001,
        0.8552364951,
        0.8709036061000001,
        0.8704409781,
        0.8496329811000001
      ],
      "exit_codes": [
        0,
        0,
        0,
        0,
        0,
        0,
        0,
        0,
        0,
        0
      ],
      "parameters": {
        "VERSION": "3.1.1"
      }
    },
    {
      "command": "3.2.5",
      "mean": 0.8972444515000001,
      "stddev": 0.02598731792490178,
      "median": 0.8892209946,
      "user": 3.052404,
      "system": 0.10027355999999998,
      "min": 0.8667265371,
      "max": 0.9554785631,
      "times": [
        0.8823574901000001,
        0.8879301261,
        0.8864964401000001,
        0.8773415711,
        0.8973448381,
        0.8905118631000001,
        0.9267777681,
        0.8667265371,
        0.9554785631,
        0.9014793181
      ],
      "exit_codes": [
        0,
        0,
        0,
        0,
        0,
        0,
        0,
        0,
        0,
        0
      ],
      "parameters": {
        "VERSION": "3.2.5"
      }
    },
    {
      "command": "3.3.9",
      "mean": 0.9205310436000002,
      "stddev": 0.015178333720067176,
      "median": 0.9205295326,
      "user": 3.1331587,
      "system": 0.11590856000000001,
      "min": 0.8981247491000001,
      "max": 0.9455827621,
      "times": [
        0.9202298351,
        0.9152044171,
        0.9316199691,
        0.9240198541000001,
        0.8981247491000001,
        0.9044932041,
        0.9065670451000001,
        0.9208292301000001,
        0.9455827621,
        0.9386393701000001
      ],
      "exit_codes": [
        0,
        0,
        0,
        0,
        0,
        0,
        0,
        0,
        0,
        0
      ],
      "parameters": {
        "VERSION": "3.3.9"
      }
    },
    {
      "command": "3.5.4",
      "mean": 0.9457091922000002,
      "stddev": 0.022763343125779992,
      "median": 0.9434675631,
      "user": 3.2363442,
      "system": 0.13742326,
      "min": 0.9123238961000001,
      "max": 0.9861129941000001,
      "times": [
        0.9345581091,
        0.9123238961000001,
        0.9519932271,
        0.9235691741000001,
        0.9641236241000001,
        0.9641603531,
        0.9576264811,
        0.9349418991,
        0.9276821641,
        0.9861129941000001
      ],
      "exit_codes": [
        0,
        0,
        0,
        0,
        0,
        0,
        0,
        0,
        0,
        0
      ],
      "parameters": {
        "VERSION": "3.5.4"
      }
    },
    {
      "command": "3.6.3",
      "mean": 0.9099990701999999,
      "stddev": 0.01618876301861828,
      "median": 0.9085876661000001,
      "user": 3.0444144,
      "system": 0.13970365999999998,
      "min": 0.8911622781,
      "max": 0.9445298681000001,
      "times": [
        0.9116457621,
        0.8911622781,
        0.8952592481,
        0.8934501921000001,
        0.9445298681000001,
        0.9207243731,
        0.9055295701,
        0.9135036471000001,
        0.9210813651,
        0.9031043981000001
      ],
      "exit_codes": [
        0,
        0,
        0,
        0,
        0,
        0,
        0,
        0,
        0,
        0
      ],
      "parameters": {
        "VERSION": "3.6.3"
      }
    },
    {
      "command": "3.8.1",
      "mean": 0.9118881275999999,
      "stddev": 0.04230386127255189,
      "median": 0.9026827496000001,
      "user": 3.0802699,
      "system": 0.12254865999999998,
      "min": 0.8703728191000001,
      "max": 1.0056992501,
      "times": [
        0.9134987081,
        0.8731004331000001,
        1.0056992501,
        0.8801176741000001,
        0.9167622691,
        0.9488352541,
        0.9344447811000001,
        0.8918667911,
        0.8841832961,
        0.8703728191000001
      ],
      "exit_codes": [
        0,
        0,
        0,
        0,
        0,
        0,
        0,
        0,
        0,
        0
      ],
      "parameters": {
        "VERSION": "3.8.1"
      }
    },
    {
      "command": "3.8.2",
      "mean": 0.8981072855000001,
      "stddev": 0.030910308671562064,
      "median": 0.8878177486000001,
      "user": 2.9658624999999996,
      "system": 0.09308056,
      "min": 0.8645147121000001,
      "max": 0.9747156081,
      "times": [
        0.8845080471000001,
        0.8798551601000001,
        0.9041110951000001,
        0.9219235941,
        0.8834375931,
        0.8846131261000001,
        0.8910223711,
        0.9747156081,
        0.8923715481000001,
        0.8645147121000001
      ],
      "exit_codes": [
        0,
        0,
        0,
        0,
        0,
        0,
        0,
        0,
        0,
        0
      ],
      "parameters": {
        "VERSION": "3.8.2"
      }
    },
    {
      "command": "3.8.3",
      "mean": 0.8769596914,
      "stddev": 0.03708573436430866,
      "median": 0.8647257411,
      "user": 2.8941051999999994,
      "system": 0.09176546,
      "min": 0.8376974991,
      "max": 0.9640743951,
      "times": [
        0.8883689241,
        0.8476842081,
        0.8522279581000001,
        0.9028028761000001,
        0.8554853691000001,
        0.9640743951,
        0.8645315011,
        0.8649199811,
        0.8376974991,
        0.8918042021
      ],
      "exit_codes": [
        0,
        0,
        0,
        0,
        0,
        0,
        0,
        0,
        0,
        0
      ],
      "parameters": {
        "VERSION": "3.8.3"
      }
    },
    {
      "command": "3.8.4",
      "mean": 0.8708089100999998,
      "stddev": 0.017780535582318197,
      "median": 0.8683295941,
      "user": 2.9276641999999997,
      "system": 0.07940765999999998,
      "min": 0.8510667461,
      "max": 0.8988472421,
      "times": [
        0.8988472421,
        0.8525731301,
        0.8673082541,
        0.8596283191,
        0.8939346601,
        0.8515928431,
        0.8693509341000001,
        0.8510667461,
        0.8867772931000001,
        0.8770096791
      ],
      "exit_codes": [
        0,
        0,
        0,
        0,
        0,
        0,
        0,
        0,
        0,
        0
      ],
      "parameters": {
        "VERSION": "3.8.4"
      }
    },
    {
      "command": "3.8.5",
      "mean": 0.8769787209000001,
      "stddev": 0.016468365893543703,
      "median": 0.8812717456000001,
      "user": 2.9308446,
      "system": 0.10271516,
      "min": 0.8472683271,
      "max": 0.8993142001000001,
      "times": [
        0.8795446071,
        0.8855116041000001,
        0.8993142001000001,
        0.8829988841,
        0.8635806931000001,
        0.8969541081000001,
        0.8849942171,
        0.8632719111,
        0.8663486571000001,
        0.8472683271
      ],
      "exit_codes": [
        0,
        0,
        0,
        0,
        0,
        0,
        0,
        0,
        0,
        0
      ],