{
  "results": [
    {
      "command": "3.0.5",
      "mean": 0.7033331270000001,
      "stddev": 0.018953882122298656,
      "median": 0.7012544737,
      "user": 1.97688672,
      "system": 0.12116498,
      "min": 0.6754659782000001,
      "max": 0.7342152442000001,
      "times": [
        0.6754659782000001,
        0.6799466362000001,
        0.6988715732,
        0.7342152442000001,
        0.7094680902,
        0.6914289342000001,
        0.6985648302,
        0.7036373742,
        0.7131485062,
        0.7285841032
      ],
      "exit_codes": [
        0,
        0,
        0,
        0,
        0,
        0,
        0,
        0,
        0,
        0
      ],
      "parameters": {
        "VERSION": "3.0.5"
      }
    },
    {
      "command": "3.6.3",
      "mean": 0.8839062408,
      "stddev": 0.01905590703762657,
      "median": 0.8914075127000001,
      "user": 2.7134233199999995,
      "system": 0.15289447999999997,
      "min": 0.8447858352000001,
      "max": 0.9050976852000001,
      "times": [
        0.9019487672000001,
        0.9050976852000001,
        0.8966956372,
        0.8744147172000001,
        0.8941592742000001,
        0.8447858352000001,
        0.8689225832,
        0.8689359222,
        0.8954462352000001,
        0.8886557512000001
      ],
      "exit_codes": [
        0,
        0,
        0,
        0,
        0,
        0,
        0,
        0,
        0,
        0
      ],
      "parameters": {
        "VERSION": "3.6.3"
      }
    },
    {
      "command": "3.8.8",
      "mean": 0.8607897336000001,
      "stddev": 0.025610155884369344,
      "median": 0.8582155522000001,
      "user": 2.6651377199999997,
      "system": 0.10796807999999998,
      "min": 0.8274680212000001,
      "max": 0.9204533432,
      "times": [
        0.8669471482000001,
        0.8582959052000001,
        0.9204533432,
        0.8427017822,
        0.8609718852,
        0.8581351992,
        0.8274680212000001,
        0.8546947672,
        0.8389690372,
        0.8792602472000001
      ],
      "exit_codes": [
        0,
        0,
        0,
        0,
        0,
        0,
        0,
        0,
        0,
        0
      ],
      "parameters": {
        "VERSION": "3.8.8"
      }
    },
    {
      "command": "3.9.9",
      "mean": 1.0318645612999997,
      "stddev": 0.02030402182374987,
      "median": 1.0275258292,
      "user": 3.28449612,
      "system": 0.12339037999999998,
      "min": 1.0040585912,
      "max": 1.0638289542,
      "times": [
        1.0638289542,
        1.0484992041999999,
        1.0073791462,
        1.0216856782,
        1.0605779482,
        1.0254285222,
        1.0240061351999998,
        1.0335582972,
        1.0296231362,
        1.0040585912
      ],
      "exit_codes": [
        0,
        0,
        0,
        0,
        0,
        0,
        0,
        0,
        0,
        0
      ],
      "parameters": {
        "VERSION": "3.9.9"
      }
    },
    {
      "command": "4.0.0-alpha-13",
      "mean": 1.4616902704,
      "stddev": 0.022586694349992737,
      "median": 1.4638401682,
      "user": 5.2176699200000005,
      "system": 0.20115018,
      "min": 1.4317293082,
      "max": 1.4952432152,
      "times": [
        1.4520694922,
        1.4340290852,
        1.4546420532,
        1.4765840711999998,
        1.4317293082,
        1.4871579101999999,
        1.4730382832,
        1.4735425201999999,
        1.4388667652,
        1.4952432152
      ],
      "exit_codes": [
        0,
        0,
        0,
        0,
        0,
        0,
        0,
        0,
        0,
        0
      ],
      "parameters": {
        "VERSION": "4.0.0-alpha-13"
      }
    },
    {
      "command": "4.0.0-beta-3",
      "mean": 1.5217323997999999,
      "stddev": 0.027261341526726393,
      "median": 1.5168567657,
      "user": 5.31985932,
      "system": 0.21021327999999997,
      "min": 1.4735617001999999,
      "max": 1.5629632352,
      "times": [
        1.5623457701999999,
        1.5390962512,
        1.5179543952,
        1.5083736241999999,
        1.4735617001999999,
        1.5020638191999998,
        1.5629632352,
        1.5117758162,
        1.5234302502,
        1.5157591362
      ],
      "exit_codes": [
        0,
        0,
        0,
        0,
        0,
        0,
        0,
        0,
        0,
        0
      ],
      "parameters": {
        "VERSION": "4.0.0-beta-3"
      }
    },
    {
      "command": "4.0.0-beta-4",
      "mean": 1.558836257,
      "stddev": 0.022686116449742482,
      "median": 1.5643272292,
      "user": 5.495244819999999,
      "system": 0.22201237999999995,
      "min": 1.5204281082,
      "max": 1.5925287002,
      "times": [
        1.5204281082,
        1.5925287002,
        1.5425307732,
        1.5312619801999998,
        1.5688739401999998,
        1.5636118501999998,
        1.5813959142,
        1.5738296072,
        1.5488590882,
        1.5650426082
      ],
      "exit_codes": [
        0,
        0,
        0,
        0,
        0,
        0,
        0,
        0,
        0,
        0
      ],
      "parameters": {
        "VERSION": "4.0.0-beta-4"
      }
    }
  ]
}
