{
  "results": [
    {
      "command": "3.0.5",
      "mean": 0.99245652926,
      "stddev": 0.023334402746126172,
      "median": 0.9891770748600001,
      "user": 3.26369284,
      "system": 0.19496832,
      "min": 0.96276568586,
      "max": 1.04590867586,
      "times": [
        0.98759268786,
        1.04590867586,
        0.98801013686,
        1.00251248786,
        1.00166047886,
        0.96280595386,
        0.98663530986,
        0.9903440128600001,
        0.99632986286,
        0.96276568586
      ],
      "exit_codes": [
        0,
        0,
        0,
        0,
        0,
        0,
        0,
        0,
        0,
        0
      ],
      "parameters": {
        "VERSION": "3.0.5"
      }
    },
    {
      "command": "3.6.3",
      "mean": 1.4318089453600003,
      "stddev": 0.02514893314187007,
      "median": 1.4341645063600001,
      "user": 4.941940839999999,
      "system": 0.40917921999999995,
      "min": 1.3927515028600002,
      "max": 1.4708810298600001,
      "times": [
        1.4348754698600001,
        1.4088416568600002,
        1.3927515028600002,
        1.41058787686,
        1.4334535428600002,
        1.46290279586,
        1.4515169518600002,
        1.4708810298600001,
        1.43687819286,
        1.4154004338600001
      ],
      "exit_codes": [
        0,
        0,
        0,
        0,
        0,
        0,
        0,
        0,
        0,
        0
      ],
      "parameters": {
        "VERSION": "3.6.3"
      }
    },
    {
      "command": "3.8.8",
      "mean": 1.28315066006,
      "stddev": 0.033547715491590926,
      "median": 1.27594783286,
      "user": 4.447158139999999,
      "system": 0.20299321999999997,
      "min": 1.24859481686,
      "max": 1.3560386298600002,
      "times": [
        1.28453338786,
        1.27746279286,
        1.25322084786,
        1.25240704786,
        1.2661201668600002,
        1.30729708686,
        1.24859481686,
        1.27443287286,
        1.3560386298600002,
        1.3113989508600001
      ],
      "exit_codes": [
        0,
        0,
        0,
        0,
        0,
        0,
        0,
        0,
        0,
        0
      ],
      "parameters": {
        "VERSION": "3.8.8"
      }
    },
    {
      "command": "3.9.6",
      "mean": 1.44421566086,
      "stddev": 0.03587590755188182,
      "median": 1.44085561586,
      "user": 4.93876794,
      "system": 0.23206571999999998,
      "min": 1.40829990986,
      "max": 1.5238564028600001,
      "times": [
        1.4741105838600002,
        1.43813207386,
        1.40829990986,
        1.4084652668600002,
        1.5238564028600001,
        1.4203927678600001,
        1.45597333686,
        1.4553381218600001,
        1.4435791578600001,
        1.41400898686
      ],
      "exit_codes": [
        0,
        0,
        0,
        0,
        0,
        0,
        0,
        0,
        0,
        0
      ],
      "parameters": {
        "VERSION": "3.9.6"
      }
    },
    {
      "command": "4.0.0-alpha-13",
      "mean": 1.9798308433599998,
      "stddev": 0.033845428195584365,
      "median": 1.9705203283600001,
      "user": 8.60623554,
      "system": 0.40438722,
      "min": 1.93665782586,
      "max": 2.02874564686,
      "times": [
        1.97719644586,
        2.02849074486,
        1.9885865348600003,
        1.95010469286,
        2.02874564686,
        1.9638442108600003,
        1.95095578186,
        1.93665782586,
        1.95920675986,
        2.01451978986
      ],
      "exit_codes": [
        0,
        0,
        0,
        0,
        0,
        0,
        0,
        0,
        0,
        0
      ],
      "parameters": {
        "VERSION": "4.0.0-alpha-13"
      }
    }
  ]
}
