{
  "results": [
    {
      "command": "3.0.5",
      "mean": 6.30496136238,
      "stddev": 0.033782375098246886,
      "median": 6.3088369999800005,
      "user": 15.72504872,
      "system": 0.8593308399999999,
      "min": 6.24670824948,
      "max": 6.36860052848,
      "times": [
        6.24670824948,
        6.32558698348,
        6.30035896548,
        6.32618840848,
        6.31848445648,
        6.28320789248,
        6.36860052848,
        6.28537322948,
        6.27778987548,
        6.31731503448
      ],
      "exit_codes": [
        0,
        0,
        0,
        0,
        0,
        0,
        0,
        0,
        0,
        0
      ],
      "parameters": {
        "VERSION": "3.0.5"
      }
    },
    {
      "command": "3.1.1",
      "mean": 11.65877263178,
      "stddev": 0.21361694543105825,
      "median": 11.58619529998,
      "user": 30.446559419999993,
      "system": 1.6743787400000003,
      "min": 11.385077812479999,
      "max": 12.010300575479999,
      "times": [
        11.385077812479999,
        11.82537042548,
        11.59923568048,
        11.99072059848,
        11.55788754348,
        12.010300575479999,
        11.57315491948,
        11.44819482448,
        11.62802549648,
        11.56975844148
      ],
      "exit_codes": [
        0,
        0,
        0,
        0,
        0,
        0,
        0,
        0,
        0,
        0
      ],
      "parameters": {
        "VERSION": "3.1.1"
      }
    },
    {
      "command": "3.2.5",
      "mean": 11.826532007179997,
      "stddev": 0.16153834107607531,
      "median": 11.853824445979999,
      "user": 31.19451412,
      "system": 1.81868904,
      "min": 11.52347130648,
      "max": 12.06334349248,
      "times": [
        11.82959284948,
        11.718465239479999,
        12.028750752479999,
        11.878056042479999,
        11.52347130648,
        12.06334349248,
        11.898423057479999,
        11.88109221848,
        11.75137499948,
        11.692750113479999
      ],
      "exit_codes": [
        0,
        0,
        0,
        0,
        0,
        0,
        0,
        0,
        0,
        0
      ],
      "parameters": {
        "VERSION": "3.2.5"
      }
    },
    {
      "command": "3.3.9",
      "mean": 11.89724880668,
      "stddev": 0.17630852932035984,
      "median": 11.858504887479999,
      "user": 31.189022719999997,
      "system": 1.7721339400000002,
      "min": 11.59742965948,
      "max": 12.13969426848,
      "times": [
        11.804200676479999,
        11.87943066848,
        12.069498402479999,
        11.94958182548,
        11.83757910648,
        12.13969426848,
        12.135074119479999,
        11.59742965948,
        11.74766723048,
        11.81233210948
      ],
      "exit_codes": [
        0,
        0,
        0,
        0,
        0,
        0,
        0,
        0,
        0,
        0
      ],
      "parameters": {
        "VERSION": "3.3.9"
      }
    },
    {
      "command": "3.5.4",
      "mean": 8.52667868258,
      "stddev": 0.10268689160740407,
      "median": 8.49885155498,
      "user": 19.73771822,
      "system": 1.8200567399999996,
      "min": 8.38008019948,
      "max": 8.73417118848,
      "times": [
        8.509370538479999,
        8.38008019948,
        8.486641490479998,
        8.73417118848,
        8.561909053479999,
        8.47978459748,
        8.492213826479999,
        8.661869334479999,
        8.50548928348,
        8.455257313479999
      ],
      "exit_codes": [
        0,
        0,
        0,
        0,
        0,
        0,
        0,
        0,
        0,
        0
      ],
      "parameters": {
        "VERSION": "3.5.4"
      }
    },
    {
      "command": "3.6.3",
      "mean": 8.332542351379999,
      "stddev": 0.10522201180815392,
      "median": 8.32165434398,
      "user": 19.309615419999997,
      "system": 1.8298605399999999,
      "min": 8.18330880848,
      "max": 8.471210206479999,
      "times": [
        8.43027675048,
        8.275919350479999,
        8.471210206479999,
        8.27963152948,
        8.20139415948,
        8.36367715848,
        8.46534270848,
        8.38533324248,
        8.269329599479999,
        8.18330880848
      ],
      "exit_codes": [
        0,
        0,
        0,
        0,
        0,
        0,
        0,
        0,
        0,
        0
      ],
      "parameters": {
        "VERSION": "3.6.3"
      }
    },
    {
      "command": "3.8.1",
      "mean": 8.43545799448,
      "stddev": 0.12658520974200324,
      "median": 8.415954403479999,
      "user": 19.601137920000003,
      "system": 1.79324494,
      "min": 8.269754259479999,
      "max": 8.63089380648,
      "times": [
        8.50612021748,
        8.445274826479999,
        8.63089380648,
        8.269754259479999,
        8.54625063348,
        8.38663398048,
        8.29995063648,
        8.586246851479999,
        8.350175906479999,
        8.333278826479999
      ],
      "exit_codes": [
        0,
        0,
        0,
        0,
        0,
        0,
        0,
        0,
        0,
        0
      ],
      "parameters": {
        "VERSION": "3.8.1"
      }
    },
    {
      "command": "3.8.2",
      "mean": 7.695988907179999,
      "stddev": 0.1074842490468045,
      "median": 7.66907350498,
      "user": 18.844935120000002,
      "system": 0.75047944,
      "min": 7.55036819348,
      "max": 7.90243962148,
      "times": [
        7.68435858848,
        7.78408834648,
        7.653788421480001,
        7.80171462848,
        7.62547490848,
        7.90243962148,
        7.55036819348,
        7.600285111480001,
        7.72644885548,
        7.63092239648
      ],
      "exit_codes": [
        0,
        0,
        0,
        0,
        0,
        0,
        0,
        0,
        0,
        0
      ],
      "parameters": {
        "VERSION": "3.8.2"
      }
    },
    {
      "command": "3.8.3",
      "mean": 4.76270743168,
      "stddev": 0.08047330266999446,
      "median": 4.7450527109800005,
      "user": 15.523948119999996,
      "system": 0.66276914,
      "min": 4.64939908948,
      "max": 4.91778253048,
      "times": [
        4.81131805548,
        4.64939908948,
        4.75088883448,
        4.71717285248,
        4.7784910624800006,
        4.68958785248,
        4.7392165874800005,
        4.91778253048,
        4.85563942948,
        4.717578022480001
      ],
      "exit_codes": [
        0,
        0,
        0,
        0,
        0,
        0,
        0,
        0,
        0,
        0
      ],
      "parameters": {
        "VERSION": "3.8.3"
      }
    },
    {
      "command": "3.8.4",
      "mean": 4.7516854652800005,
      "stddev": 0.08359453848766332,
      "median": 4.727584029980001,
      "user": 15.373105319999999,
      "system": 0.69818544,
      "min": 4.63921682648,
      "max": 4.91034315048,
      "times": [
        4.737652505480001,
        4.77821193948,
        4.71751555448,
        4.69477959648,
        4.63921682648,
        4.82781776548,
        4.91034315048,
        4.83121008548,
        4.68519228348,
        4.69491494548
      ],
      "exit_codes": [
        0,
        0,
        0,
        0,
        0,
        0,
        0,
        0,
        0,
        0
      ],
      "parameters": {
        "VERSION": "3.8.4"
      }
    },
    {
      "command": "3.8.5",
      "mean": 4.69238486188,
      "stddev": 0.049811066490170024,
      "median": 4.68382825648,
      "user": 15.32726672,
      "system": 0.6951280400000001,
      "min": 4.64354774548,
      "max": 4.77759067948,
      "times": [
        4.69183311248,
        4.6435590944800005,
        4.67603491548,
        4.77107128848,
        4.6639453494800005,
        4.64354774548,
        4.69162159748,
        4.77759067948,
        4.7199399494800005,
        4.6447048864800005
      ],
      "exit_codes": [
        0,
        0,
        0,
        0,
        0,
        0,
        0,
        0,
        0,
        0
      ],