{
  "results": [
    {
      "command": "3.0.5",
      "mean": 0.8740725897000001,
      "stddev": 0.036931162690062885,
      "median": 0.8724683071000001,
      "user": 2.8133757399999997,
      "system": 0.09026883999999999,
      "min": 0.8219784681,
      "max": 0.9329785251,
      "times": [
        0.8219784681,
        0.8657998881000001,
        0.8441599821,
        0.9016008531,
        0.8376812881,
        0.8834312631,
        0.9230332451000001,
        0.9329785251,
        0.8509256581,
        0.8791367261
      ],
      "exit_codes": [
        0,
        0,
        0,
        0,
        0,
        0,
        0,
        0,
        0,
        0
      ],
      "parameters": {
        "VERSION": "3.0.5"
      }
    },
    {
      "command": "3.1.1",
      "mean": 0.9019314063999999,
      "stddev": 0.025261591271353544,
      "median": 0.8968928671,
      "user": 2.93173214,
      "system": 0.08969723999999998,
      "min": 0.8640560811,
      "max": 0.9566759821,
      "times": [
        0.9203145401,
        0.8814416101,
        0.8908067151,
        0.9010854251,
        0.9073916941,
        0.8640560811,
        0.8927003091,
        0.9566759821,
        0.9149522201,
        0.8898894871
      ],
      "exit_codes": [
        0,
        0,
        0,
        0,
        0,
        0,
        0,
        0,
        0,
        0
      ],
      "parameters": {
        "VERSION": "3.1.1"
      }
    },
    {
      "command": "3.2.5",
      "mean": 0.9556241633999999,
      "stddev": 0.01271459130388555,
      "median": 0.9516326191,
      "user": 3.2457477399999997,
      "system": 0.08948474000000001,
      "min": 0.9439605691,
      "max": 0.9803271401,
      "times": [
        0.9439605691,
        0.9560987161000001,
        0.9754883971,
        0.9467220521,
        0.9491708731,
        0.9540943651,
        0.9483251741000001,
        0.9441320551,
        0.9803271401,
        0.9579222921
      ],
      "exit_codes": [
        0,
        0,
        0,
        0,
        0,
        0,
        0,
        0,
        0,
        0
      ],
      "parameters": {
        "VERSION": "3.2.5"
      }
    },
    {
      "command": "3.3.9",
      "mean": 0.9923091334,
      "stddev": 0.016558134989169082,
      "median": 0.9952575591,
      "user": 3.36496244,
      "system": 0.09156434,
      "min": 0.9671593091,
      "max": 1.0165972431,
      "times": [
        1.0061463061,
        1.0165972431,
        0.9833272871000001,
        0.9671593091,
        0.9921371241,
        0.9983779941,
        1.0068614391000001,
        1.0025368131,
        0.9719141731000001,
        0.9780336451
      ],
      "exit_codes": [
        0,
        0,
        0,
        0,
        0,
        0,
        0,
        0,
        0,
        0
      ],
      "parameters": {
        "VERSION": "3.3.9"
      }
    },
    {
      "command": "3.5.4",
      "mean": 0.9987337998999999,
      "stddev": 0.020758175141139867,
      "median": 1.0006527536,
      "user": 3.32437404,
      "system": 0.14438904,
      "min": 0.9633461001,
      "max": 1.0250203691000002,
      "times": [
        0.9929531951,
        0.9777169231,
        0.9633461001,
        1.0215757121,
        1.0250203691000002,
        1.0017182631000001,
        0.9995872440999999,
        1.0091013741000001,
        0.9779086781,
        1.0184101401
      ],
      "exit_codes": [
        0,
        0,
        0,
        0,
        0,
        0,
        0,
        0,
        0,
        0
      ],
      "parameters": {
        "VERSION": "3.5.4"
      }
    },
    {
      "command": "3.6.3",
      "mean": 0.9817951607,
      "stddev": 0.018586864025138344,
      "median": 0.9779346231000001,
      "user": 3.13268364,
      "system": 0.14374884,
      "min": 0.9606212171,
      "max": 1.0241130211,
      "times": [
        1.0029288241,
        0.9723530621,
        0.9760278141000001,
        0.9757945601,
        1.0241130211,
        0.9606212171,
        0.9802481021,
        0.9657817721,
        0.9798414321000001,
        0.9802418021
      ],
      "exit_codes": [
        0,
        0,
        0,
        0,
        0,
        0,
        0,
        0,
        0,
        0
      ],
      "parameters": {
        "VERSION": "3.6.3"
      }
    },
    {
      "command": "3.8.1",
      "mean": 0.9811512803000001,
      "stddev": 0.017661563250704216,
      "median": 0.9776243666000001,
      "user": 3.1787042399999996,
      "system": 0.12733054000000002,
      "min": 0.9514836471,
      "max": 1.0058302031000002,
      "times": [
        1.0033311941,
        0.9720576901,
        0.9693949941000001,
        1.0058302031000002,
        0.9815784911000001,
        0.9826585741,
        0.9698712021,
        1.0016365651,
        0.9514836471,
        0.9736702421000001
      ],
      "exit_codes": [
        0,
        0,
        0,
        0,
        0,
        0,
        0,
        0,
        0,
        0
      ],
      "parameters": {
        "VERSION": "3.8.1"
      }
    },
    {
      "command": "3.8.2",
      "mean": 0.9483999131999999,
      "stddev": 0.023312100151331075,
      "median": 0.9493619791000001,
      "user": 3.07979464,
      "system": 0.08752153999999998,
      "min": 0.9168786751,
      "max": 0.9837798161,
      "times": [
        0.9421027051,
        0.9651318981,
        0.9276563631,
        0.9168786751,
        0.9797830031,
        0.9492396921,
        0.9494842661,
        0.9837798161,
        0.9184120771000001,
        0.9515306361
      ],
      "exit_codes": [
        0,
        0,
        0,
        0,
        0,
        0,
        0,
        0,
        0,
        0
      ],
      "parameters": {
        "VERSION": "3.8.2"
      }
    },
    {
      "command": "3.8.3",
      "mean": 0.9307608833000002,
      "stddev": 0.03188727506895746,
      "median": 0.9266027786,
      "user": 2.99610244,
      "system": 0.08054654000000001,
      "min": 0.8928767741,
      "max": 0.9686193231,
      "times": [
        0.8934801391,
        0.9616396111000001,
        0.8928767741,
        0.9630022791,
        0.9008963201,
        0.9677413351,
        0.9266914871,
        0.9265140701,
        0.9061474941000001,
        0.9686193231
      ],
      "exit_codes": [
        0,
        0,
        0,
        0,
        0,
        0,
        0,
        0,
        0,
        0
      ],
      "parameters": {
        "VERSION": "3.8.3"
      }
    },
    {
      "command": "3.8.4",
      "mean": 0.943466937,
      "stddev": 0.021236140883262426,
      "median": 0.9450579726000001,
      "user": 3.04020694,
      "system": 0.08172974,
      "min": 0.9075320791,
      "max": 0.9740865611,
      "times": [
        0.9664485961,
        0.9462190541000001,
        0.9075320791,
        0.9438968911000001,
        0.9579723101000001,
        0.9377185291,
        0.9528484051,
        0.9340362681000001,
        0.9740865611,
        0.9139106761
      ],
      "exit_codes": [
        0,
        0,
        0,
        0,
        0,
        0,
        0,
        0,
        0,
        0
      ],
      "parameters": {
        "VERSION": "3.8.4"
      }
    },
    {
      "command": "3.8.5",
      "mean": 0.9444532372000001,
      "stddev": 0.03840430288816968,
      "median": 0.9417051076,
      "user": 3.0749480399999998,
      "system": 0.09091214,
      "min": 0.9057894621,
      "max": 1.0355190841000002,
      "times": [
        0.9636774921,
        0.9222346891000001,
        0.9442641211,
        0.9391460941,
        0.9058294311,
        0.9462688721,
        0.9640788931000001,
        0.9177242331000001,
        0.9057894621,
        1.0355190841000002
      ],
      "exit_codes": [
        0,
        0,
        0,
        0,
        0,
        0,
        0,
        0,
        0,
        0
      ],
      "parameters": {
        "VERSION": "3.8.5"
      }
    },
    {
      "command": "3.8.6",
      "mean": 0.9281181229000002,
      "stddev": 0.03510696058766499,