{
  "results": [
    {
      "command": "3.0.5",
      "mean": 1.14548547636,
      "stddev": 0.018971151696042136,
      "median": 1.14348269986,
      "user": 4.15600758,
      "system": 0.17187782000000001,
      "min": 1.12073753586,
      "max": 1.1784418888600001,
      "times": [
        1.16671134286,
        1.1269238458600002,
        1.12581678286,
        1.12073753586,
        1.13753971886,
        1.14727037286,
        1.1396950268600001,
        1.1784418888600001,
        1.16052556186,
        1.1511926868600002
      ],
      "exit_codes": [
        0,
        0,
        0,
        0,
        0,
        0,
        0,
        0,
        0,
        0
      ],
      "parameters": {
        "VERSION": "3.0.5"
      }
    },
    {
      "command": "3.1.1",
      "mean": 1.2621096677600003,
      "stddev": 0.021223118224675337,
      "median": 1.2607336633600001,
      "user": 4.68138758,
      "system": 0.20339232,
      "min": 1.2314955628600002,
      "max": 1.29633259086,
      "times": [
        1.2314955628600002,
        1.29633259086,
        1.24106693186,
        1.26507563786,
        1.24433558086,
        1.26562821586,
        1.2563916888600002,
        1.2905021438600002,
        1.27755067686,
        1.2527176478600002
      ],
      "exit_codes": [
        0,
        0,
        0,
        0,
        0,
        0,
        0,
        0,
        0,
        0
      ],
      "parameters": {
        "VERSION": "3.1.1"
      }
    },
    {
      "command": "3.2.5",
      "mean": 1.34228580096,
      "stddev": 0.011265137128680382,
      "median": 1.3440254553600002,
      "user": 4.97670288,
      "system": 0.20953892000000002,
      "min": 1.3200057178600002,
      "max": 1.3555567568600002,
      "times": [
        1.3200057178600002,
        1.34995164286,
        1.3411805138600001,
        1.32840842486,
        1.33643103886,
        1.3555567568600002,
        1.3437962008600002,
        1.3507054448600002,
        1.3442547098600002,
        1.3525675588600001
      ],
      "exit_codes": [
        0,
        0,
        0,
        0,
        0,
        0,
        0,
        0,
        0,
        0
      ],
      "parameters": {
        "VERSION": "3.2.5"
      }
    },
    {
      "command": "3.3.9",
      "mean": 1.35446628776,
      "stddev": 0.02121473930746843,
      "median": 1.3554537638600002,
      "user": 5.09339998,
      "system": 0.20684821999999997,
      "min": 1.3163030478600002,
      "max": 1.3892074308600002,
      "times": [
        1.3892074308600002,
        1.3566648598600002,
        1.36272539286,
        1.3779709828600002,
        1.3163030478600002,
        1.33121296586,
        1.3474678418600001,
        1.34516178886,
        1.3637058988600002,
        1.3542426678600001
      ],
      "exit_codes": [
        0,
        0,
        0,
        0,
        0,
        0,
        0,
        0,
        0,
        0
      ],
      "parameters": {
        "VERSION": "3.3.9"
      }
    },
    {
      "command": "3.5.4",
      "mean": 1.40355685016,
      "stddev": 0.033334232127740865,
      "median": 1.3864407133600003,
      "user": 5.211032180000001,
      "system": 0.29420712,
      "min": 1.3712437668600002,
      "max": 1.4668447798600002,
      "times": [
        1.3712437668600002,
        1.4580318628600002,
        1.38463820186,
        1.3870331748600002,
        1.38123238386,
        1.38199956486,
        1.4668447798600002,
        1.3858482518600002,
        1.40725133286,
        1.4114451818600002
      ],
      "exit_codes": [
        0,
        0,
        0,
        0,
        0,
        0,
        0,
        0,
        0,
        0
      ],
      "parameters": {
        "VERSION": "3.5.4"
      }
    },
    {
      "command": "3.6.3",
      "mean": 1.3663053557600002,
      "stddev": 0.05111827216329504,
      "median": 1.34529343486,
      "user": 5.001034880000001,
      "system": 0.32795122,
      "min": 1.3172841528600001,
      "max": 1.46153546786,
      "times": [
        1.3759979608600001,
        1.3358995818600001,
        1.32453011886,
        1.3172841528600001,
        1.33946038586,
        1.3511264838600001,
        1.43402394486,
        1.40461538786,
        1.3185800728600001,
        1.46153546786
      ],
      "exit_codes": [
        0,
        0,
        0,
        0,
        0,
        0,
        0,
        0,
        0,
        0
      ],
      "parameters": {
        "VERSION": "3.6.3"
      }
    },
    {
      "command": "3.8.1",
      "mean": 1.35935233476,
      "stddev": 0.0416169496248514,
      "median": 1.34398137136,
      "user": 4.96659848,
      "system": 0.29396511999999997,
      "min": 1.3166499198600001,
      "max": 1.42233208786,
      "times": [
        1.4114749508600002,
        1.3166499198600001,
        1.32198420986,
        1.4091727578600002,
        1.32445743986,
        1.42233208786,
        1.32581616586,
        1.35353714486,
        1.3736730728600002,
        1.3344255978600001
      ],
      "exit_codes": [
        0,
        0,
        0,
        0,
        0,
        0,
        0,
        0,
        0,
        0
      ],
      "parameters": {
        "VERSION": "3.8.1"
      }
    },
    {
      "command": "3.8.2",
      "mean": 1.26895782116,
      "stddev": 0.01705648260913633,
      "median": 1.26061643786,
      "user": 4.648892680000001,
      "system": 0.14494952,
      "min": 1.25253574386,
      "max": 1.29426107186,
      "times": [
        1.25708963286,
        1.25434995986,
        1.2853512068600002,
        1.28505473386,
        1.29426107186,
        1.28824293786,
        1.25428830086,
        1.25426138086,
        1.2641432428600001,
        1.25253574386
      ],
      "exit_codes": [
        0,
        0,
        0,
        0,
        0,
        0,
        0,
        0,
        0,
        0
      ],
      "parameters": {
        "VERSION": "3.8.2"
      }
    },
    {
      "command": "3.8.3",
      "mean": 1.2175167113599998,
      "stddev": 0.03111852899333898,
      "median": 1.21838694586,
      "user": 4.470004380000001,
      "system": 0.14342941999999997,
      "min": 1.1765523558600002,
      "max": 1.26712783986,
      "times": [
        1.24486435986,
        1.23637173486,
        1.1765523558600002,
        1.26712783986,
        1.20939234886,
        1.2273815428600001,
        1.18857383386,
        1.19447198186,
        1.2462788548600001,
        1.1841522608600001
      ],
      "exit_codes": [
        0,
        0,
        0,
        0,
        0,
        0,
        0,
        0,
        0,
        0
      ],
      "parameters": {
        "VERSION": "3.8.3"
      }
    },
    {
      "command": "3.8.4",
      "mean": 1.21325206186,
      "stddev": 0.03262202434250115,
      "median": 1.2036389788600002,
      "user": 4.45137508,
      "system": 0.16408092000000002,
      "min": 1.17713598186,
      "max": 1.28297478586,
      "times": [
        1.20777819886,
        1.28297478586,
        1.22369747286,
        1.2075617038600002,
        1.19886571386,
        1.1902641038600001,
        1.25512393986,
        1.18940246386,
        1.1997162538600001,
        1.17713598186
      ],
      "exit_codes": [
        0,
        0,
        0,
        0,
        0,
        0,
        0,
        0,
        0,
        0
      ],
      "parameters": {
        "VERSION": "3.8.4"
      }
    },
    {
      "command": "3.8.5",
      "mean": 1.22311993066,
      "stddev": 0.028499011355771372,
      "median": 1.21895065236,
      "user": 4.49734658,
      "system": 0.14575432,
      "min": 1.18821413286,
      "max": 1.29472133086,
      "times": [
        1.22534143286,
        1.2223141268600002,
        1.21702268386,
        1.19773787286,
        1.29472133086,
        1.18821413286,
        1.21624580286,
        1.22087862086,
        1.2349019808600001,
        1.21382132186
      ],