{
  "results": [
    {
      "command": "3.0.5",
      "mean": 1.0273313199,
      "stddev": 0.022353977278828634,
      "median": 1.0327880811,
      "user": 3.4145943599999997,
      "system": 0.212837,
      "min": 0.9893652166000001,
      "max": 1.0551860506,
      "times": [
        1.0551860506,
        1.0491395806,
        1.0358055166,
        1.0033815626,
        1.0297706456,
        1.0491310696,
        1.0385598936,
        1.0164684315999999,
        0.9893652166000001,
        1.0065052315999998
      ],
      "exit_codes": [
        0,
        0,
        0,
        0,
        0,
        0,
        0,
        0,
        0,
        0
      ],
      "parameters": {
        "VERSION": "3.0.5"
      }
    },
    {
      "command": "3.6.3",
      "mean": 1.5386007069,
      "stddev": 0.021578428969534155,
      "median": 1.5406324421000002,
      "user": 5.45671766,
      "system": 0.5145051000000002,
      "min": 1.5073365136,
      "max": 1.5864259636,
      "times": [
        1.5250428466000001,
        1.5387058616,
        1.5429931925999998,
        1.5073365136,
        1.5425590226,
        1.5502440556000001,
        1.5463028966,
        1.5188505086,
        1.5864259636,
        1.5275462076
      ],
      "exit_codes": [
        0,
        0,
        0,
        0,
        0,
        0,
        0,
        0,
        0,
        0
      ],
      "parameters": {
        "VERSION": "3.6.3"
      }
    },
    {
      "command": "3.8.8",
      "mean": 1.3395590562,
      "stddev": 0.03355844810792505,
      "median": 1.3336369765999998,
      "user": 4.86004906,
      "system": 0.27598049999999996,
      "min": 1.2917215466,
      "max": 1.3913560736,
      "times": [
        1.3207864975999999,
        1.3192715116,
        1.3913560736,
        1.3713773326,
        1.3464874556,
        1.3482634746,
        1.3201143625999998,
        1.2917215466,
        1.3809263926,
        1.3052859146
      ],
      "exit_codes": [
        0,
        0,
        0,
        0,
        0,
        0,
        0,
        0,
        0,
        0
      ],
      "parameters": {
        "VERSION": "3.8.8"
      }
    },
    {
      "command": "3.9.9",
      "mean": 1.576122866,
      "stddev": 0.029820603922700584,
      "median": 1.5823829755999999,
      "user": 5.824862359999999,
      "system": 0.26703219999999994,
      "min": 1.5376985546,
      "max": 1.6078026206,
      "times": [
        1.6003292426,
        1.6046906425999998,
        1.5981920316,
        1.5665739196,
        1.6078026206,
        1.6061236996,
        1.5376985546,
        1.5455074446,
        1.5434481726,
        1.5508623316
      ],
      "exit_codes": [
        0,
        0,
        0,
        0,
        0,
        0,
        0,
        0,
        0,
        0
      ],
      "parameters": {
        "VERSION": "3.9.9"
      }
    },
    {
      "command": "4.0.0-alpha-13",
      "mean": 2.1334795122,
      "stddev": 0.03543025123808246,
      "median": 2.1376100356,
      "user": 9.898129959999999,
      "system": 0.45255979999999996,
      "min": 2.0807162466,
      "max": 2.1862963456,
      "times": [
        2.1110914166000003,
        2.0807162466,
        2.1428124756,
        2.0864317846000002,
        2.1669019816,
        2.1629196636000003,
        2.1862963456,
        2.1542406726000003,
        2.1324075956,
        2.1109769396
      ],
      "exit_codes": [
        0,
        0,
        0,
        0,
        0,
        0,
        0,
        0,
        0,
        0
      ],
      "parameters": {
        "VERSION": "4.0.0-alpha-13"
      }
    },
    {
      "command": "4.0.0-beta-3",
      "mean": 2.2307219780000005,
      "stddev": 0.04707878250032733,
      "median": 2.2253761711,
      "user": 10.14444016,
      "system": 0.43080950000000007,
      "min": 2.1792404386,
      "max": 2.3397037736,
      "times": [
        2.2390987506,
        2.2028835036000003,
        2.2720201726,
        2.1975254066,
        2.2350750026000004,
        2.1909203896,
        2.2327025076,
        2.3397037736,
        2.1792404386,
        2.2180498346000004
      ],
      "exit_codes": [
        0,
        0,
        0,
        0,
        0,
        0,
        0,
        0,
        0,
        0
      ],
      "parameters": {
        "VERSION": "4.0.0-beta-3"
      }
    },
    {
      "command": "4.0.0-beta-4",
      "mean": 2.4130405069,
      "stddev": 0.06305621031238004,
      "median": 2.3927151371,
      "user": 11.35177176,
      "system": 0.5539803000000001,
      "min": 2.3348178326,
      "max": 2.5362190446,
      "times": [
        2.3890686766,
        2.4248243636,
        2.3640494996,
        2.3878317046,
        2.3851535756000004,
        2.3963615976000003,
        2.4013116646,
        2.5107671096,
        2.5362190446,
        2.3348178326
      ],
      "exit_codes": [
        0,
        0,
        0,
        0,
        0,
        0,
        0,
        0,
        0,
        0
      ],
      "parameters": {
        "VERSION": "4.0.0-beta-4"
      }
    }
  ]
}
