{
  "results": [
    {
      "command": "3.0.5",
      "mean": 0.9595285397400002,
      "stddev": 0.028221020297871078,
      "median": 0.95948708364,
      "user": 3.1412351000000003,
      "system": 0.15235231999999996,
      "min": 0.92722845614,
      "max": 1.01647685614,
      "times": [
        0.96645637914,
        0.9735015331400001,
        0.9551962351400001,
        0.93058918714,
        0.92722845614,
        1.01647685614,
        0.9407244081400001,
        0.9637779321400001,
        0.9871972581400001,
        0.93413715214
      ],
      "exit_codes": [
        0,
        0,
        0,
        0,
        0,
        0,
        0,
        0,
        0,
        0
      ],
      "parameters": {
        "VERSION": "3.0.5"
      }
    },
    {
      "command": "3.1.1",
      "mean": 1.01961532224,
      "stddev": 0.02725496059441547,
      "median": 1.02527100364,
      "user": 3.2844713999999997,
      "system": 0.14846621999999998,
      "min": 0.9790988001400001,
      "max": 1.06434780514,
      "times": [
        1.03224194314,
        1.00364196014,
        0.9790988001400001,
        1.06434780514,
        0.9806874321400001,
        1.02774875014,
        1.00805753614,
        1.02279325714,
        1.02956250714,
        1.04797323114
      ],
      "exit_codes": [
        0,
        0,
        0,
        0,
        0,
        0,
        0,
        0,
        0,
        0
      ],
      "parameters": {
        "VERSION": "3.1.1"
      }
    },
    {
      "command": "3.2.5",
      "mean": 1.0541039851399998,
      "stddev": 0.011107578377771014,
      "median": 1.05689995064,
      "user": 3.5608854,
      "system": 0.14298511999999997,
      "min": 1.0314082231400001,
      "max": 1.06630677814,
      "times": [
        1.06630677814,
        1.06501971814,
        1.06114395014,
        1.05802580314,
        1.06209319914,
        1.04373666314,
        1.05271611114,
        1.04481530714,
        1.0557740981400001,
        1.0314082231400001
      ],
      "exit_codes": [
        0,
        0,
        0,
        0,
        0,
        0,
        0,
        0,
        0,
        0
      ],
      "parameters": {
        "VERSION": "3.2.5"
      }
    },
    {
      "command": "3.3.9",
      "mean": 1.1292660400400003,
      "stddev": 0.027523401578875045,
      "median": 1.1289041316400001,
      "user": 3.8162012999999995,
      "system": 0.15999451999999997,
      "min": 1.06802651914,
      "max": 1.17232297614,
      "times": [
        1.12117813414,
        1.15224094014,
        1.06802651914,
        1.12982713014,
        1.12788715514,
        1.12798113314,
        1.17232297614,
        1.11102164414,
        1.14253416014,
        1.1396406081400001
      ],
      "exit_codes": [
        0,
        0,
        0,
        0,
        0,
        0,
        0,
        0,
        0,
        0
      ],
      "parameters": {
        "VERSION": "3.3.9"
      }
    },
    {
      "command": "3.5.4",
      "mean": 1.2061671891399999,
      "stddev": 0.03050204429355178,
      "median": 1.19643559214,
      "user": 4.1117396,
      "system": 0.26203181999999997,
      "min": 1.17664161514,
      "max": 1.2526737191400001,
      "times": [
        1.1956651251400001,
        1.19720605914,
        1.17895668014,
        1.2526737191400001,
        1.20742463714,
        1.1848536811400001,
        1.24157627014,
        1.2493598561400001,
        1.17731424814,
        1.17664161514
      ],
      "exit_codes": [
        0,
        0,
        0,
        0,
        0,
        0,
        0,
        0,
        0,
        0
      ],
      "parameters": {
        "VERSION": "3.5.4"
      }
    },
    {
      "command": "3.6.3",
      "mean": 1.16071688834,
      "stddev": 0.03404705956402111,
      "median": 1.14832428314,
      "user": 3.9549190000000003,
      "system": 0.25170852,
      "min": 1.12278809614,
      "max": 1.22473364814,
      "times": [
        1.13559304414,
        1.15267890014,
        1.1415554221400002,
        1.12278809614,
        1.13017206214,
        1.16810786514,
        1.22473364814,
        1.14396966614,
        1.18003720414,
        1.2075329751400001
      ],
      "exit_codes": [
        0,
        0,
        0,
        0,
        0,
        0,
        0,
        0,
        0,
        0
      ],
      "parameters": {
        "VERSION": "3.6.3"
      }
    },
    {
      "command": "3.8.1",
      "mean": 1.1660521033400002,
      "stddev": 0.020708202123923075,
      "median": 1.1662757836400002,
      "user": 3.8796399,
      "system": 0.24869831999999997,
      "min": 1.14059916514,
      "max": 1.19393364614,
      "times": [
        1.16210917714,
        1.14059916514,
        1.15207966514,
        1.17044239014,
        1.1737622221400001,
        1.18696343014,
        1.14678450014,
        1.19393364614,
        1.14109034414,
        1.19275649314
      ],
      "exit_codes": [
        0,
        0,
        0,
        0,
        0,
        0,
        0,
        0,
        0,
        0
      ],
      "parameters": {
        "VERSION": "3.8.1"
      }
    },
    {
      "command": "3.8.2",
      "mean": 1.13646631904,
      "stddev": 0.031052078151773507,
      "median": 1.12667135414,
      "user": 3.8419008999999997,
      "system": 0.15384831999999998,
      "min": 1.09879739214,
      "max": 1.18778210114,
      "times": [
        1.1704237611400001,
        1.12412046514,
        1.13728108414,
        1.12724634114,
        1.09879739214,
        1.18778210114,
        1.1756388581400001,
        1.1260963671400002,
        1.11331911014,
        1.10395771014
      ],
      "exit_codes": [
        0,
        0,
        0,
        0,
        0,
        0,
        0,
        0,
        0,
        0
      ],
      "parameters": {
        "VERSION": "3.8.2"
      }
    },
    {
      "command": "3.8.3",
      "mean": 1.09942395194,
      "stddev": 0.0465680556254214,
      "median": 1.08046877064,
      "user": 3.7037822,
      "system": 0.16338722,
      "min": 1.06471046814,
      "max": 1.21785565114,
      "times": [
        1.1032237681400001,
        1.06779443514,
        1.13490648914,
        1.08495601914,
        1.0759011331400001,
        1.07323102714,
        1.06471046814,
        1.0956790061400001,
        1.07598152214,
        1.21785565114
      ],
      "exit_codes": [
        0,
        0,
        0,
        0,
        0,
        0,
        0,
        0,
        0,
        0
      ],
      "parameters": {
        "VERSION": "3.8.3"
      }
    },
    {
      "command": "3.8.4",
      "mean": 1.1151301467399999,
      "stddev": 0.05569118766030308,
      "median": 1.10284890664,
      "user": 3.7578267,
      "system": 0.14530022,
      "min": 1.06854838614,
      "max": 1.25658860714,
      "times": [
        1.06972732814,
        1.1453264541400001,
        1.09411077214,
        1.25658860714,
        1.08441121214,
        1.06854838614,
        1.11867661314,
        1.07926276414,
        1.11158704114,
        1.12306228914
      ],
      "exit_codes": [
        0,
        0,
        0,
        0,
        0,
        0,
        0,
        0,
        0,
        0
      ],
      "parameters": {
        "VERSION": "3.8.4"
      }
    },
    {
      "command": "3.8.5",
      "mean": 1.11256652224,
      "stddev": 0.028694891798714928,
      "median": 1.1167251251399999,
      "user": 3.6992658999999994,
      "system": 0.15527992,
      "min": 1.07495607414,
      "max": 1.14859465914,
      "times": [
        1.13751879114,
        1.07495607414,
        1.1396517401400001,
        1.08426796414,
        1.13874131214,
        1.09242899314,
        1.11029555214,
        1.14859465914,
        1.07605543814,
        1.12315469814
      ],
      "exit_codes": [
        0,
        0,
        0,
        0,
        0,
        0,
        0,
        0,
        0,
        0
      ],