{
  "results": [
    {
      "command": "3.0.5",
      "mean": 1.57549021504,
      "stddev": 0.048505693801384815,
      "median": 1.5841096510400001,
      "user": 8.16689604,
      "system": 0.41742022,
      "min": 1.49749489754,
      "max": 1.63413756154,
      "times": [
        1.61382044354,
        1.49749489754,
        1.5188297315400001,
        1.53471860354,
        1.6114517265400001,
        1.61283914254,
        1.6189417885400001,
        1.5567675755400001,
        1.5559006795399999,
        1.63413756154
      ],
      "exit_codes": [
        0,
        0,
        0,
        0,
        0,
        0,
        0,
        0,
        0,
        0
      ],
      "parameters": {
        "VERSION": "3.0.5"
      }
    },
    {
      "command": "3.1.1",
      "mean": 1.70658253084,
      "stddev": 0.07204234284769126,
      "median": 1.69364882604,
      "user": 8.49120184,
      "system": 0.4781615199999999,
      "min": 1.5991242665399998,
      "max": 1.84868512654,
      "times": [
        1.65910670054,
        1.75938635754,
        1.76598555954,
        1.6605314225399999,
        1.68103743054,
        1.5991242665399998,
        1.73316073754,
        1.84868512654,
        1.70626022154,
        1.65254748554
      ],
      "exit_codes": [
        0,
        0,
        0,
        0,
        0,
        0,
        0,
        0,
        0,
        0
      ],
      "parameters": {
        "VERSION": "3.1.1"
      }
    },
    {
      "command": "3.2.5",
      "mean": 1.80262649374,
      "stddev": 0.044654548551328346,
      "median": 1.8061467315400002,
      "user": 9.52560394,
      "system": 0.4952643200000001,
      "min": 1.70639111254,
      "max": 1.87255778654,
      "times": [
        1.87255778654,
        1.8021425065399999,
        1.82540573354,
        1.82687723754,
        1.80780732754,
        1.83315647254,
        1.77891087754,
        1.76852974754,
        1.70639111254,
        1.8044861355400001
      ],
      "exit_codes": [
        0,
        0,
        0,
        0,
        0,
        0,
        0,
        0,
        0,
        0
      ],
      "parameters": {
        "VERSION": "3.2.5"
      }
    },
    {
      "command": "3.3.9",
      "mean": 1.79697304984,
      "stddev": 0.05080989847422822,
      "median": 1.79626745854,
      "user": 9.47284344,
      "system": 0.50877662,
      "min": 1.72749817954,
      "max": 1.90706356554,
      "times": [
        1.77012370054,
        1.83009501954,
        1.72749817954,
        1.8097204175400001,
        1.78281449954,
        1.7495741015400001,
        1.81879263054,
        1.7626674015400001,
        1.90706356554,
        1.81138098254
      ],
      "exit_codes": [
        0,
        0,
        0,
        0,
        0,
        0,
        0,
        0,
        0,
        0
      ],
      "parameters": {
        "VERSION": "3.3.9"
      }
    },
    {
      "command": "3.5.4",
      "mean": 1.97899448454,
      "stddev": 0.09163088503774268,
      "median": 1.96554121254,
      "user": 10.498945240000001,
      "system": 0.68188922,
      "min": 1.84131622554,
      "max": 2.1256959125400003,
      "times": [
        2.02291210954,
        1.97615586354,
        1.9072240765400001,
        2.1256959125400003,
        2.10893865254,
        1.94193379954,
        2.01887108454,
        1.89197055954,
        1.84131622554,
        1.95492656154
      ],
      "exit_codes": [
        0,
        0,
        0,
        0,
        0,
        0,
        0,
        0,
        0,
        0
      ],
      "parameters": {
        "VERSION": "3.5.4"
      }
    },
    {
      "command": "3.6.3",
      "mean": 1.9410539961400002,
      "stddev": 0.04776442348048477,
      "median": 1.92075511004,
      "user": 9.531745840000001,
      "system": 0.64934382,
      "min": 1.90993955554,
      "max": 2.0650404145400003,
      "times": [
        1.9217438285400001,
        1.91761637354,
        1.90993955554,
        1.94156092354,
        1.97673321054,
        1.91520981654,
        1.92881965454,
        1.91410979254,
        2.0650404145400003,
        1.9197663915399998
      ],
      "exit_codes": [
        0,
        0,
        0,
        0,
        0,
        0,
        0,
        0,
        0,
        0
      ],
      "parameters": {
        "VERSION": "3.6.3"
      }
    },
    {
      "command": "3.8.1",
      "mean": 1.9307260462399998,
      "stddev": 0.05197684554351927,
      "median": 1.92500255404,
      "user": 9.741101240000003,
      "system": 0.60065462,
      "min": 1.8605183885399998,
      "max": 2.0341796705400004,
      "times": [
        1.9041651025400002,
        1.96114852754,
        1.89015280054,
        1.8605183885399998,
        1.90642803054,
        1.8806486765400001,
        1.9593337095399999,
        1.9435770775399999,
        2.0341796705400004,
        1.96710847854
      ],
      "exit_codes": [
        0,
        0,
        0,
        0,
        0,
        0,
        0,
        0,
        0,
        0
      ],
      "parameters": {
        "VERSION": "3.8.1"
      }
    },
    {
      "command": "3.8.2",
      "mean": 1.8687643506399998,
      "stddev": 0.05899628302881591,
      "median": 1.86879093804,
      "user": 10.234411040000001,
      "system": 0.45907692000000005,
      "min": 1.7850504515399999,
      "max": 1.9978488815399997,
      "times": [
        1.8688262905400002,
        1.9059294845399999,
        1.80726934654,
        1.86875558554,
        1.8825779655400001,
        1.7850504515399999,
        1.89248930454,
        1.9978488815399997,
        1.83638555554,
        1.84251064054
      ],
      "exit_codes": [
        0,
        0,
        0,
        0,
        0,
        0,
        0,
        0,
        0,
        0
      ],
      "parameters": {
        "VERSION": "3.8.2"
      }
    },
    {
      "command": "3.8.3",
      "mean": 1.7936564792400003,
      "stddev": 0.046371376403868805,
      "median": 1.78486569154,
      "user": 9.33090794,
      "system": 0.45346322,
      "min": 1.7486198205399999,
      "max": 1.88540688954,
      "times": [
        1.8031121825399998,
        1.81522221254,
        1.76928424154,
        1.74977172154,
        1.80044714154,
        1.7486198205399999,
        1.75892842054,
        1.75593178854,
        1.84984037354,
        1.88540688954
      ],
      "exit_codes": [
        0,
        0,
        0,
        0,
        0,
        0,
        0,
        0,
        0,
        0
      ],
      "parameters": {
        "VERSION": "3.8.3"
      }
    },
    {
      "command": "3.8.4",
      "mean": 1.81364784354,
      "stddev": 0.05399605938372356,
      "median": 1.81265224904,
      "user": 9.42905574,
      "system": 0.47508932000000004,
      "min": 1.74728322154,
      "max": 1.90602219254,
      "times": [
        1.74728322154,
        1.84158391054,
        1.75488710954,
        1.77408453454,
        1.78757767754,
        1.8377268205400001,
        1.84430195854,
        1.90602219254,
        1.87240625254,
        1.77060475754
      ],
      "exit_codes": [
        0,
        0,
        0,
        0,
        0,
        0,
        0,
        0,
        0,
        0
      ],
      "parameters": {
        "VERSION": "3.8.4"
      }
    },
    {
      "command": "4.0.0-alpha-1",
      "mean": 2.0178687442400003,
      "stddev": 0.053006797060163445,
      "median": 2.01093052554,
      "user": 10.299128140000002,
      "system": 0.52090032,
      "min": 1.9474995315399999,
      "max": 2.0939250195400003,
      "times": [
        2.09047763154,
        2.0939250195400003,
        1.98943483154,
        2.0642041575400003,
        2.03591855154,
        2.0015380625400003,
        1.9474995315399999,
        1.98622966054,
        2.0203229885400003,
        1.9491370075399999
      ],
      "exit_codes": [
        0,
        0,
        0,
        0,
        0,
        0,
        0,
        0,
        0,
        0
      ],