{
  "results": [
    {
      "command": "3.0.5",
      "mean": 0.75989833106,
      "stddev": 0.022766388277124534,
      "median": 0.75703995806,
      "user": 2.27562522,
      "system": 0.07220066,
      "min": 0.73352607856,
      "max": 0.80410029056,
      "times": [
        0.80410029056,
        0.76629049656,
        0.74106820356,
        0.7698616995600001,
        0.77416851456,
        0.7389954145600001,
        0.74778941956,
        0.73352607856,
        0.78066821456,
        0.74251497856
      ],
      "exit_codes": [
        0,
        0,
        0,
        0,
        0,
        0,
        0,
        0,
        0,
        0
      ],
      "parameters": {
        "VERSION": "3.0.5"
      }
    },
    {
      "command": "3.6.3",
      "mean": 0.8747042091600001,
      "stddev": 0.02024487493226953,
      "median": 0.87960420006,
      "user": 2.74629032,
      "system": 0.09439645999999999,
      "min": 0.83458887556,
      "max": 0.89589400556,
      "times": [
        0.8814948475600001,
        0.86836303856,
        0.87851965156,
        0.8957538995600001,
        0.89589400556,
        0.86949608056,
        0.88068874856,
        0.89345827556,
        0.83458887556,
        0.84878466856
      ],
      "exit_codes": [
        0,
        0,
        0,
        0,
        0,
        0,
        0,
        0,
        0,
        0
      ],
      "parameters": {
        "VERSION": "3.6.3"
      }
    },
    {
      "command": "3.8.8",
      "mean": 0.87124474966,
      "stddev": 0.018731535310543848,
      "median": 0.86913271056,
      "user": 2.7398778199999994,
      "system": 0.09041756,
      "min": 0.8412967905600001,
      "max": 0.9064111285600001,
      "times": [
        0.89192836256,
        0.87051443756,
        0.86775098356,
        0.8650067905600001,
        0.87121306956,
        0.88337013256,
        0.85441707056,
        0.86053873056,
        0.9064111285600001,
        0.8412967905600001
      ],
      "exit_codes": [
        0,
        0,
        0,
        0,
        0,
        0,
        0,
        0,
        0,
        0
      ],
      "parameters": {
        "VERSION": "3.8.8"
      }
    },
    {
      "command": "3.9.4",
      "mean": 1.06335336766,
      "stddev": 0.021099238252884248,
      "median": 1.06106313956,
      "user": 3.5293078199999997,
      "system": 0.07538486,
      "min": 1.04193548356,
      "max": 1.11479637956,
      "times": [
        1.0656627625600001,
        1.04193548356,
        1.06177691756,
        1.11479637956,
        1.0780697885600001,
        1.0498359295600002,
        1.06541788856,
        1.0476902215600001,
        1.0603493615600001,
        1.0479989435600001
      ],
      "exit_codes": [
        0,
        0,
        0,
        0,
        0,
        0,
        0,
        0,
        0,
        0
      ],
      "parameters": {
        "VERSION": "3.9.4"
      }
    },
    {
      "command": "3.9.5",
      "mean": 1.06646834176,
      "stddev": 0.029600962898940174,
      "median": 1.06275222356,
      "user": 3.518841319999999,
      "system": 0.08808896000000001,
      "min": 1.01645185656,
      "max": 1.1222872375600002,
      "times": [
        1.04565981156,
        1.07184238156,
        1.06739505056,
        1.0841216205600002,
        1.1222872375600002,
        1.09694256756,
        1.05350302956,
        1.0483704655600001,
        1.01645185656,
        1.0581093965600001
      ],
      "exit_codes": [
        0,
        0,
        0,
        0,
        0,
        0,
        0,
        0,
        0,
        0
      ],
      "parameters": {
        "VERSION": "3.9.5"
      }
    },
    {
      "command": "4.0.0-alpha-7",
      "mean": 1.25845377566,
      "stddev": 0.030483114649235137,
      "median": 1.2483592275600002,
      "user": 4.02520782,
      "system": 0.10324486000000002,
      "min": 1.21164763156,
      "max": 1.31085830256,
      "times": [
        1.2487848515600002,
        1.30023900356,
        1.21164763156,
        1.23842254556,
        1.31085830256,
        1.2479336035600002,
        1.24590007256,
        1.24709258356,
        1.2848231215600001,
        1.24883604056
      ],
      "exit_codes": [
        0,
        0,
        0,
        0,
        0,
        0,
        0,
        0,
        0,
        0
      ],
      "parameters": {
        "VERSION": "4.0.0-alpha-7"
      }
    },
    {
      "command": "4.0.0-alpha-8",
      "mean": 1.34052533276,
      "stddev": 0.026600689490423553,
      "median": 1.3457334895600002,
      "user": 4.42536522,
      "system": 0.10233836,
      "min": 1.30259662556,
      "max": 1.38411880056,
      "times": [
        1.36169653956,
        1.31836107156,
        1.34742579956,
        1.34650724056,
        1.36637428556,
        1.34495973856,
        1.30259662556,
        1.3259467445600002,
        1.3072664815600001,
        1.38411880056
      ],
      "exit_codes": [
        0,
        0,
        0,
        0,
        0,
        0,
        0,
        0,
        0,
        0
      ],
      "parameters": {
        "VERSION": "4.0.0-alpha-8"
      }
    }
  ]
}
