{
  "results": [
    {
      "command": "3.0.5",
      "mean": 0.76884326912,
      "stddev": 0.008542082342683839,
      "median": 0.7716158820200001,
      "user": 2.4016501999999997,
      "system": 0.08864594,
      "min": 0.75421537252,
      "max": 0.7789868055200001,
      "times": [
        0.7713548485200001,
        0.77782684152,
        0.76753594152,
        0.77533943252,
        0.7726501865200001,
        0.7789868055200001,
        0.77187691552,
        0.7579167725200001,
        0.7607295745200001,
        0.75421537252
      ],
      "exit_codes": [
        0,
        0,
        0,
        0,
        0,
        0,
        0,
        0,
        0,
        0
      ],
      "parameters": {
        "VERSION": "3.0.5"
      }
    },
    {
      "command": "3.1.1",
      "mean": 0.7945240239200001,
      "stddev": 0.017007166698337073,
      "median": 0.7888394120200001,
      "user": 2.4915420999999998,
      "system": 0.09827434,
      "min": 0.7750097205200001,
      "max": 0.82388439152,
      "times": [
        0.7831962335200001,
        0.8204662355200001,
        0.7964303535200001,
        0.7848702925200001,
        0.82388439152,
        0.7893877035200001,
        0.78829112052,
        0.8056850105200001,
        0.7750097205200001,
        0.77801917752
      ],
      "exit_codes": [
        0,
        0,
        0,
        0,
        0,
        0,
        0,
        0,
        0,
        0
      ],
      "parameters": {
        "VERSION": "3.1.1"
      }
    },
    {
      "command": "3.2.5",
      "mean": 0.86043029812,
      "stddev": 0.032490789066760624,
      "median": 0.8482079705200001,
      "user": 2.7959950999999994,
      "system": 0.10313883999999998,
      "min": 0.8292825915200001,
      "max": 0.91364559852,
      "times": [
        0.8624579425200001,
        0.8292825915200001,
        0.8332847955200001,
        0.8339579985200001,
        0.8943532835200001,
        0.8319897465200001,
        0.91364559852,
        0.8315956465200001,
        0.8927029235200001,
        0.8810324545200001
      ],
      "exit_codes": [
        0,
        0,
        0,
        0,
        0,
        0,
        0,
        0,
        0,
        0
      ],
      "parameters": {
        "VERSION": "3.2.5"
      }
    },
    {
      "command": "3.3.9",
      "mean": 0.8803170758200002,
      "stddev": 0.0210820687001489,
      "median": 0.8772202315200002,
      "user": 2.9095851,
      "system": 0.12043403999999999,
      "min": 0.85352788852,
      "max": 0.9147229915200001,
      "times": [
        0.8718863655200001,
        0.8575130115200001,
        0.8825540975200001,
        0.85352788852,
        0.8616025325200001,
        0.8697383165200001,
        0.9061270295200001,
        0.8870426005200001,
        0.9147229915200001,
        0.8984559245200001
      ],
      "exit_codes": [
        0,
        0,
        0,
        0,
        0,
        0,
        0,
        0,
        0,
        0
      ],
      "parameters": {
        "VERSION": "3.3.9"
      }
    },
    {
      "command": "3.5.4",
      "mean": 0.8926098953200002,
      "stddev": 0.024266099787940646,
      "median": 0.89221195452,
      "user": 3.0074788999999997,
      "system": 0.12222234000000001,
      "min": 0.8589487565200001,
      "max": 0.9318109005200002,
      "times": [
        0.8589487565200001,
        0.8921214965200001,
        0.8923024125200001,
        0.88482624352,
        0.9136421385200001,
        0.8605763075200001,
        0.8730864155200001,
        0.9182217275200001,
        0.9005625545200001,
        0.9318109005200002
      ],
      "exit_codes": [
        0,
        0,
        0,
        0,
        0,
        0,
        0,
        0,
        0,
        0
      ],
      "parameters": {
        "VERSION": "3.5.4"
      }
    },
    {
      "command": "3.6.3",
      "mean": 0.86730806232,
      "stddev": 0.019684650558244265,
      "median": 0.8659527330200001,
      "user": 2.8528898,
      "system": 0.12503154,
      "min": 0.83876743352,
      "max": 0.8995128795200001,
      "times": [
        0.8476537885200001,
        0.8811332815200001,
        0.8865899905200001,
        0.8596204705200001,
        0.8719231645200001,
        0.8476729795200001,
        0.8599823015200001,
        0.83876743352,
        0.8995128795200001,
        0.8802243335200001
      ],
      "exit_codes": [
        0,
        0,
        0,
        0,
        0,
        0,
        0,
        0,
        0,
        0
      ],
      "parameters": {
        "VERSION": "3.6.3"
      }
    },
    {
      "command": "3.8.1",
      "mean": 0.8769625857200001,
      "stddev": 0.025677442150528987,
      "median": 0.8749739105200001,
      "user": 2.8906507999999995,
      "system": 0.11645243999999999,
      "min": 0.84046291252,
      "max": 0.9184481525200001,
      "times": [
        0.8535082485200001,
        0.9037908955200001,
        0.8654376205200001,
        0.84046291252,
        0.9041603175200001,
        0.8704897085200001,
        0.8794581125200001,
        0.9184481525200001,
        0.8825724375200001,
        0.8512974515200001
      ],
      "exit_codes": [
        0,
        0,
        0,
        0,
        0,
        0,
        0,
        0,
        0,
        0
      ],
      "parameters": {
        "VERSION": "3.8.1"
      }
    },
    {
      "command": "3.8.2",
      "mean": 0.8613248017200001,
      "stddev": 0.019728959937095735,
      "median": 0.8622160135200001,
      "user": 2.860172999999999,
      "system": 0.08663334,
      "min": 0.8358515635200001,
      "max": 0.8952487525200001,
      "times": [
        0.8436225265200001,
        0.8639844255200001,
        0.8390833955200001,
        0.8877624415200001,
        0.8358515635200001,
        0.86536856252,
        0.8604476015200001,
        0.8702096155200001,
        0.8516691325200001,
        0.8952487525200001
      ],
      "exit_codes": [
        0,
        0,
        0,
        0,
        0,
        0,
        0,
        0,
        0,
        0
      ],
      "parameters": {
        "VERSION": "3.8.2"
      }
    },
    {
      "command": "3.8.3",
      "mean": 0.8437212440199999,
      "stddev": 0.011934623878425131,
      "median": 0.8434413055200001,
      "user": 2.7468839999999997,
      "system": 0.09089654,
      "min": 0.8238910825200001,
      "max": 0.8673765735200001,
      "times": [
        0.84621642352,
        0.8512464725200001,
        0.8469081775200001,
        0.8359687405200001,
        0.8521098225200001,
        0.8406661875200001,
        0.8673765735200001,
        0.8342332825200001,
        0.8238910825200001,
        0.8385956775200001
      ],
      "exit_codes": [
        0,
        0,
        0,
        0,
        0,
        0,
        0,
        0,
        0,
        0
      ],
      "parameters": {
        "VERSION": "3.8.3"
      }
    },
    {
      "command": "3.8.4",
      "mean": 0.8417651022200001,
      "stddev": 0.01731725023833837,
      "median": 0.8393401300200001,
      "user": 2.7627999999999995,
      "system": 0.09298714000000001,
      "min": 0.8154490555200001,
      "max": 0.8683756495200001,
      "times": [
        0.8363379125200001,
        0.8493662975200001,
        0.86648462552,
        0.8284406925200001,
        0.82405547852,
        0.8423423475200001,
        0.8683756495200001,
        0.8362163345200001,
        0.8154490555200001,
        0.8505826285200001
      ],
      "exit_codes": [
        0,
        0,
        0,
        0,
        0,
        0,
        0,
        0,
        0,
        0
      ],
      "parameters": {
        "VERSION": "3.8.4"
      }
    },
    {
      "command": "3.8.5",
      "mean": 0.86442796582,
      "stddev": 0.02922105068231378,
      "median": 0.8599830465200001,
      "user": 2.8258473,
      "system": 0.08557084000000001,
      "min": 0.8247959105200001,
      "max": 0.91639290252,