{
  "results": [
    {
      "command": "3.0.5",
      "mean": 3.9713090643199997,
      "stddev": 0.042157579520151034,
      "median": 3.96661258402,
      "user": 11.489683840000001,
      "system": 1.1186351399999999,
      "min": 3.9008337125200003,
      "max": 4.034498827519999,
      "times": [
        3.96670948752,
        3.96651568052,
        3.98586957452,
        3.9470632395200003,
        3.9936274815200004,
        4.034498827519999,
        3.9008337125200003,
        3.9308046445200002,
        3.9544651655200003,
        4.03270282952
      ],
      "exit_codes": [
        0,
        0,
        0,
        0,
        0,
        0,
        0,
        0,
        0,
        0
      ],
      "parameters": {
        "VERSION": "3.0.5"
      }
    },
    {
      "command": "3.1.1",
      "mean": 6.932291960219999,
      "stddev": 0.06598918926837931,
      "median": 6.91556350602,
      "user": 19.46888954,
      "system": 1.64217464,
      "min": 6.85969675352,
      "max": 7.0378914225199996,
      "times": [
        6.917813542519999,
        6.85969675352,
        6.91675134852,
        6.889786283519999,
        6.86636894652,
        7.01950009352,
        6.88877875852,
        6.9143756635199995,
        7.0378914225199996,
        7.011956789519999
      ],
      "exit_codes": [
        0,
        0,
        0,
        0,
        0,
        0,
        0,
        0,
        0,
        0
      ],
      "parameters": {
        "VERSION": "3.1.1"
      }
    },
    {
      "command": "3.2.5",
      "mean": 7.114074950019999,
      "stddev": 0.0741934686282155,
      "median": 7.10707111752,
      "user": 20.21037594,
      "system": 1.5624683400000001,
      "min": 6.99792002052,
      "max": 7.23124802852,
      "times": [
        7.02130584952,
        7.15333194652,
        7.23124802852,
        7.09713150152,
        7.09176319752,
        6.99792002052,
        7.21052917852,
        7.07826078652,
        7.11701073352,
        7.1422482575199995
      ],
      "exit_codes": [
        0,
        0,
        0,
        0,
        0,
        0,
        0,
        0,
        0,
        0
      ],
      "parameters": {
        "VERSION": "3.2.5"
      }
    },
    {
      "command": "3.3.9",
      "mean": 7.22152862042,
      "stddev": 0.0953730328000478,
      "median": 7.221614261519999,
      "user": 20.65817064,
      "system": 1.6657646400000001,
      "min": 7.05865774952,
      "max": 7.39118985752,
      "times": [
        7.29183807952,
        7.229223527519999,
        7.05865774952,
        7.21400499552,
        7.15411664852,
        7.274206706519999,
        7.28417016152,
        7.1241910935199995,
        7.39118985752,
        7.19368738452
      ],
      "exit_codes": [
        0,
        0,
        0,
        0,
        0,
        0,
        0,
        0,
        0,
        0
      ],
      "parameters": {
        "VERSION": "3.3.9"
      }
    },
    {
      "command": "3.5.4",
      "mean": 5.594872222819999,
      "stddev": 0.09640507711655431,
      "median": 5.57381238002,
      "user": 14.250767139999997,
      "system": 2.3699937399999995,
      "min": 5.45632177052,
      "max": 5.761789888519999,
      "times": [
        5.45632177052,
        5.72377495452,
        5.65630418552,
        5.761789888519999,
        5.529708470519999,
        5.5667963255199995,
        5.531656024519999,
        5.516881853519999,
        5.58082843452,
        5.624660320519999
      ],
      "exit_codes": [
        0,
        0,
        0,
        0,
        0,
        0,
        0,
        0,
        0,
        0
      ],
      "parameters": {
        "VERSION": "3.5.4"
      }
    },
    {
      "command": "3.6.3",
      "mean": 5.38351932322,
      "stddev": 0.04505297224097091,
      "median": 5.36906052352,
      "user": 13.881760939999998,
      "system": 2.4169634399999995,
      "min": 5.33037106952,
      "max": 5.46320535852,
      "times": [
        5.3764910835199995,
        5.46320535852,
        5.33037106952,
        5.43566413752,
        5.36939707052,
        5.43625491352,
        5.368723976519999,
        5.345015914519999,
        5.35185455352,
        5.35821515452
      ],
      "exit_codes": [
        0,
        0,
        0,
        0,
        0,
        0,
        0,
        0,
        0,
        0
      ],
      "parameters": {
        "VERSION": "3.6.3"
      }
    },
    {
      "command": "3.8.1",
      "mean": 5.400069992819999,
      "stddev": 0.04379173845593334,
      "median": 5.40483632402,
      "user": 13.999292539999999,
      "system": 2.40159264,
      "min": 5.34595171252,
      "max": 5.471545241519999,
      "times": [
        5.35592530752,
        5.358679822519999,
        5.4188621145199996,
        5.41520069952,
        5.436735692519999,
        5.359253938519999,
        5.39447194852,
        5.34595171252,
        5.471545241519999,
        5.4440734505199995
      ],
      "exit_codes": [
        0,
        0,
        0,
        0,
        0,
        0,
        0,
        0,
        0,
        0
      ],
      "parameters": {
        "VERSION": "3.8.1"
      }
    },
    {
      "command": "3.8.2",
      "mean": 4.465930633219999,
      "stddev": 0.07511197041713055,
      "median": 4.42749810902,
      "user": 13.30238134,
      "system": 0.7996585399999999,
      "min": 4.37447727752,
      "max": 4.57331015452,
      "times": [
        4.399889109519999,
        4.56068034852,
        4.43754390252,
        4.415252178519999,
        4.41581845952,
        4.517269305519999,
        4.547613280519999,
        4.37447727752,
        4.417452315519999,
        4.57331015452
      ],
      "exit_codes": [
        0,
        0,
        0,
        0,
        0,
        0,
        0,
        0,
        0,
        0
      ],
      "parameters": {
        "VERSION": "3.8.2"
      }
    },
    {
      "command": "3.8.3",
      "mean": 3.34224399192,
      "stddev": 0.02759786025996373,
      "median": 3.32906985952,
      "user": 11.85124694,
      "system": 0.72965224,
      "min": 3.31297862352,
      "max": 3.3944324845200002,
      "times": [
        3.36945405352,
        3.31927267452,
        3.36684754352,
        3.32636702752,
        3.35690926852,
        3.32832678252,
        3.3944324845200002,
        3.31803852452,
        3.32981293652,
        3.31297862352
      ],
      "exit_codes": [
        0,
        0,
        0,
        0,
        0,
        0,
        0,
        0,
        0,
        0
      ],
      "parameters": {
        "VERSION": "3.8.3"
      }
    },
    {
      "command": "3.8.4",
      "mean": 3.34701197772,
      "stddev": 0.022150899730905425,
      "median": 3.35594283652,
      "user": 11.831087039999996,
      "system": 0.7426500399999999,
      "min": 3.31582792652,
      "max": 3.37301525852,
      "times": [
        3.32324536152,
        3.31582792652,
        3.33704578652,
        3.36464182652,
        3.36299612552,
        3.37301525852,
        3.3158863645200003,
        3.35028876452,
        3.36159690852,
        3.36557545452
      ],
      "exit_codes": [
        0,
        0,
        0,
        0,
        0,
        0,
        0,
        0,
        0,
        0
      ],
      "parameters": {
        "VERSION": "3.8.4"
      }
    },
    {
      "command": "3.8.5",
      "mean": 3.3783618972200005,
      "stddev": 0.02910143220159555,
      "median": 3.38442495502,
      "user": 11.85536774,
      "system": 0.74137584,
      "min": 3.3187576665200003,
      "max": 3.4119087335200002,
      "times": [
        3.38065106852,
        3.3187576665200003,
        3.4024315775200002,
        3.39092101752,
        3.35716007252,
        3.41060520452,
        3.36631890652,
        3.3566658835200003,
        3.38819884152,
        3.4119087335200002
      ],
      "exit_codes": [
        0,
        0,
        0,
        0,
        0,
        0,
        0,
        0,
        0,
        0
      ],