{
  "results": [
    {
      "command": "3.0.5",
      "mean": 1.38703050808,
      "stddev": 0.029300002558134315,
      "median": 1.38439034508,
      "user": 4.938719279999999,
      "system": 0.18801046000000002,
      "min": 1.35174453858,
      "max": 1.4418108995799999,
      "times": [
        1.35174453858,
        1.35899496758,
        1.41598942658,
        1.39219600658,
        1.4418108995799999,
        1.4096605145799999,
        1.3881997905799999,
        1.37883853058,
        1.38058089958,
        1.35228950658
      ],
      "exit_codes": [
        0,
        0,
        0,
        0,
        0,
        0,
        0,
        0,
        0,
        0
      ],
      "parameters": {
        "VERSION": "3.0.5"
      }
    },
    {
      "command": "3.6.3",
      "mean": 1.7182699061800002,
      "stddev": 0.03643042047430427,
      "median": 1.69992879808,
      "user": 6.02040218,
      "system": 0.47466906,
      "min": 1.68548626258,
      "max": 1.7954720235800001,
      "times": [
        1.7954720235800001,
        1.68548626258,
        1.70052965858,
        1.75370251658,
        1.68593541258,
        1.69777056358,
        1.69932793758,
        1.75040654458,
        1.6963180285800001,
        1.71775011358
      ],
      "exit_codes": [
        0,
        0,
        0,
        0,
        0,
        0,
        0,
        0,
        0,
        0
      ],
      "parameters": {
        "VERSION": "3.6.3"
      }
    },
    {
      "command": "3.8.8",
      "mean": 1.48155394418,
      "stddev": 0.023886332055854973,
      "median": 1.47535874408,
      "user": 5.50017178,
      "system": 0.18345886,
      "min": 1.44996538658,
      "max": 1.5253833315799998,
      "times": [
        1.47806003558,
        1.4647617985799999,
        1.49147329958,
        1.45670672758,
        1.49712463658,
        1.4703155375799999,
        1.47265745258,
        1.44996538658,
        1.50909123558,
        1.5253833315799998
      ],
      "exit_codes": [
        0,
        0,
        0,
        0,
        0,
        0,
        0,
        0,
        0,
        0
      ],
      "parameters": {
        "VERSION": "3.8.8"
      }
    },
    {
      "command": "3.9.4",
      "mean": 1.8406128901800003,
      "stddev": 0.04458440670322658,
      "median": 1.8411605930800001,
      "user": 6.99201208,
      "system": 0.23189885999999998,
      "min": 1.7793426535799999,
      "max": 1.9282687975800001,
      "times": [
        1.79012251958,
        1.84318439058,
        1.8254195985800001,
        1.80476562558,
        1.85970052258,
        1.8839627105799999,
        1.83913679558,
        1.7793426535799999,
        1.9282687975800001,
        1.8522252875799998
      ],
      "exit_codes": [
        0,
        0,
        0,
        0,
        0,
        0,
        0,
        0,
        0,
        0
      ],
      "parameters": {
        "VERSION": "3.9.4"
      }
    },
    {
      "command": "3.9.5",
      "mean": 1.8118859114799999,
      "stddev": 0.03396228763420383,
      "median": 1.80137271458,
      "user": 6.888128079999999,
      "system": 0.25355605999999997,
      "min": 1.75672456658,
      "max": 1.87010936658,
      "times": [
        1.75672456658,
        1.8478363205800001,
        1.82941673558,
        1.80401590258,
        1.78942451658,
        1.78941424658,
        1.7935768275800001,
        1.87010936658,
        1.79872952658,
        1.83961110558
      ],
      "exit_codes": [
        0,
        0,
        0,
        0,
        0,
        0,
        0,
        0,
        0,
        0
      ],
      "parameters": {
        "VERSION": "3.9.5"
      }
    },
    {
      "command": "4.0.0-alpha-7",
      "mean": 2.4163102616800005,
      "stddev": 0.03597897238452861,
      "median": 2.41392762608,
      "user": 8.84307288,
      "system": 0.27004185999999997,
      "min": 2.36138513258,
      "max": 2.46860469858,
      "times": [
        2.4571918475800003,
        2.36138513258,
        2.44583353458,
        2.40228608958,
        2.42556916258,
        2.37372193158,
        2.39081021058,
        2.43612207358,
        2.40157793558,
        2.46860469858
      ],
      "exit_codes": [
        0,
        0,
        0,
        0,
        0,
        0,
        0,
        0,
        0,
        0
      ],
      "parameters": {
        "VERSION": "4.0.0-alpha-7"
      }
    },
    {
      "command": "4.0.0-alpha-8",
      "mean": 2.5592326661800002,
      "stddev": 0.025551165300894747,
      "median": 2.5617497155800004,
      "user": 9.09724048,
      "system": 0.36675015999999994,
      "min": 2.52022288258,
      "max": 2.60174946358,
      "times": [
        2.5629088975800003,
        2.56853175758,
        2.5653087125800003,
        2.5473357955800005,
        2.5510363285800004,
        2.5904235915800005,
        2.56059053358,
        2.5242186985800004,
        2.52022288258,
        2.60174946358
      ],
      "exit_codes": [
        0,
        0,
        0,
        0,
        0,
        0,
        0,
        0,
        0,
        0
      ],
      "parameters": {
        "VERSION": "4.0.0-alpha-8"
      }
    }
  ]
}
