{
  "results": [
    {
      "command": "3.0.5",
      "mean": 0.9070791439000002,
      "stddev": 0.02462372457923885,
      "median": 0.9045973368000001,
      "user": 2.9286933999999993,
      "system": 0.15805835999999998,
      "min": 0.8831216413000001,
      "max": 0.9661269803000001,
      "times": [
        0.9048250813000001,
        0.9043695923000001,
        0.9111416263000001,
        0.9231382103000001,
        0.9661269803000001,
        0.8902256483000001,
        0.8831216413000001,
        0.8918324313000001,
        0.8833705153000001,
        0.9126397123000001
      ],
      "exit_codes": [
        0,
        0,
        0,
        0,
        0,
        0,
        0,
        0,
        0,
        0
      ],
      "parameters": {
        "VERSION": "3.0.5"
      }
    },
    {
      "command": "3.6.3",
      "mean": 1.2691960593,
      "stddev": 0.02118964000703829,
      "median": 1.2688568688,
      "user": 4.340187000000001,
      "system": 0.36474796,
      "min": 1.2402609433,
      "max": 1.3044767643,
      "times": [
        1.2473736393,
        1.2489874913,
        1.3044767643,
        1.2402609433,
        1.2908313173,
        1.2552514973,
        1.2839083873,
        1.2684608433,
        1.2831568153,
        1.2692528942999999
      ],
      "exit_codes": [
        0,
        0,
        0,
        0,
        0,
        0,
        0,
        0,
        0,
        0
      ],
      "parameters": {
        "VERSION": "3.6.3"
      }
    },
    {
      "command": "3.8.8",
      "mean": 1.1653835635,
      "stddev": 0.02276216863891852,
      "median": 1.1628824227999999,
      "user": 3.9615874,
      "system": 0.18974436,
      "min": 1.1355531313,
      "max": 1.2035421673,
      "times": [
        1.1822151583,
        1.1379238082999998,
        1.1633897412999998,
        1.1865733782999999,
        1.2035421673,
        1.1539681072999999,
        1.1355531313,
        1.1456492793,
        1.1623751043,
        1.1826457593
      ],
      "exit_codes": [
        0,
        0,
        0,
        0,
        0,
        0,
        0,
        0,
        0,
        0
      ],
      "parameters": {
        "VERSION": "3.8.8"
      }
    },
    {
      "command": "3.9.9",
      "mean": 1.3635413099,
      "stddev": 0.023651973296900147,
      "median": 1.3624004013,
      "user": 4.6243057,
      "system": 0.20669975999999995,
      "min": 1.3247836673,
      "max": 1.4002774803,
      "times": [
        1.3393809503,
        1.3530117873,
        1.3717890152999999,
        1.3839721443,
        1.3493218412999999,
        1.3521820463,
        1.4002774803,
        1.3876583702999998,
        1.3730357963,
        1.3247836673
      ],
      "exit_codes": [
        0,
        0,
        0,
        0,
        0,
        0,
        0,
        0,
        0,
        0
      ],
      "parameters": {
        "VERSION": "3.9.9"
      }
    },
    {
      "command": "4.0.0-alpha-13",
      "mean": 1.8378051823,
      "stddev": 0.04072261920366212,
      "median": 1.8355331323000001,
      "user": 7.9468835,
      "system": 0.33700196000000004,
      "min": 1.7807704333,
      "max": 1.9071733842999998,
      "times": [
        1.8783468673000001,
        1.9071733842999998,
        1.8422081783,
        1.7807704333,
        1.8189228143,
        1.8035015603,
        1.8288580863000001,
        1.7923745053,
        1.8516462423,
        1.8742497513
      ],
      "exit_codes": [
        0,
        0,
        0,
        0,
        0,
        0,
        0,
        0,
        0,
        0
      ],
      "parameters": {
        "VERSION": "4.0.0-alpha-13"
      }
    },
    {
      "command": "4.0.0-beta-3",
      "mean": 1.9375623375,
      "stddev": 0.03762823152719368,
      "median": 1.9311712373,
      "user": 7.9868754,
      "system": 0.31242156,
      "min": 1.8694000333,
      "max": 1.9902262122999999,
      "times": [
        1.9109955853,
        1.9660429582999999,
        1.9902262122999999,
        1.9619034443,
        1.9049538552999998,
        1.8694000333,
        1.9287290083000002,
        1.9336134663,
        1.9278863773,
        1.9818724343
      ],
      "exit_codes": [
        0,
        0,
        0,
        0,
        0,
        0,
        0,
        0,
        0,
        0
      ],
      "parameters": {
        "VERSION": "4.0.0-beta-3"
      }
    },
    {
      "command": "4.0.0-beta-4",
      "mean": 2.0449805843,
      "stddev": 0.04610325081975441,
      "median": 2.0604827853000005,
      "user": 8.567451299999998,
      "system": 0.36839916000000006,
      "min": 1.9675320753,
      "max": 2.1253205533000004,
      "times": [
        2.0647480373000002,
        2.0074742753000003,
        1.9675320753,
        2.0346874993000004,
        2.0668375193000004,
        2.0725276283,
        2.1253205533000004,
        1.9897126843,
        2.0595772563000003,
        2.0613883143000002
      ],
      "exit_codes": [
        0,
        0,
        0,
        0,
        0,
        0,
        0,
        0,
        0,
        0
      ],
      "parameters": {
        "VERSION": "4.0.0-beta-4"
      }
    }
  ]
}
