{
  "results": [
    {
      "command": "3.0.5",
      "mean": 0.8651873208200002,
      "stddev": 0.015843855605016718,
      "median": 0.8692891439200001,
      "user": 2.75153336,
      "system": 0.09914444,
      "min": 0.8443974054200001,
      "max": 0.8869624714200001,
      "times": [
        0.88654610042,
        0.8561063014200001,
        0.87248369942,
        0.8682936574200001,
        0.8729099394200001,
        0.87028463042,
        0.84716912142,
        0.8869624714200001,
        0.8467198814200001,
        0.8443974054200001
      ],
      "exit_codes": [
        0,
        0,
        0,
        0,
        0,
        0,
        0,
        0,
        0,
        0
      ],
      "parameters": {
        "VERSION": "3.0.5"
      }
    },
    {
      "command": "3.6.3",
      "mean": 0.95026864012,
      "stddev": 0.014502067878522156,
      "median": 0.95209309342,
      "user": 3.0330633599999994,
      "system": 0.15375934,
      "min": 0.9283285134200001,
      "max": 0.97460672242,
      "times": [
        0.94107529542,
        0.9587391434200001,
        0.97460672242,
        0.9288213924200001,
        0.9497424934200001,
        0.9639340524200001,
        0.95325260142,
        0.95244330042,
        0.95174288642,
        0.9283285134200001
      ],
      "exit_codes": [
        0,
        0,
        0,
        0,
        0,
        0,
        0,
        0,
        0,
        0
      ],
      "parameters": {
        "VERSION": "3.6.3"
      }
    },
    {
      "command": "3.8.8",
      "mean": 0.9291168613200002,
      "stddev": 0.017545305921113506,
      "median": 0.93238958392,
      "user": 3.0118080600000003,
      "system": 0.08334294,
      "min": 0.90619618042,
      "max": 0.9661058614200001,
      "times": [
        0.9088377594200001,
        0.9379464784200001,
        0.9324501274200001,
        0.9323290404200001,
        0.90619618042,
        0.91905351042,
        0.9166271974200001,
        0.9661058614200001,
        0.93269102242,
        0.93893143542
      ],
      "exit_codes": [
        0,
        0,
        0,
        0,
        0,
        0,
        0,
        0,
        0,
        0
      ],
      "parameters": {
        "VERSION": "3.8.8"
      }
    },
    {
      "command": "3.9.4",
      "mean": 1.08920739552,
      "stddev": 0.023324950495117323,
      "median": 1.0909837419200001,
      "user": 3.4911253599999994,
      "system": 0.10071493999999999,
      "min": 1.04236985742,
      "max": 1.13065764442,
      "times": [
        1.09140152242,
        1.04236985742,
        1.10024053642,
        1.08114671242,
        1.13065764442,
        1.09056596142,
        1.10761724342,
        1.07393322042,
        1.09731471342,
        1.07682654342
      ],
      "exit_codes": [
        0,
        0,
        0,
        0,
        0,
        0,
        0,
        0,
        0,
        0
      ],
      "parameters": {
        "VERSION": "3.9.4"
      }
    },
    {
      "command": "3.9.5",
      "mean": 1.09509476852,
      "stddev": 0.014721426524794481,
      "median": 1.09518574342,
      "user": 3.5769155599999998,
      "system": 0.10151893999999999,
      "min": 1.06951006342,
      "max": 1.11557139742,
      "times": [
        1.09484995142,
        1.10600342042,
        1.06951006342,
        1.11557139742,
        1.11094993542,
        1.09526466242,
        1.10040580142,
        1.08925934142,
        1.09510682442,
        1.07402628742
      ],
      "exit_codes": [
        0,
        0,
        0,
        0,
        0,
        0,
        0,
        0,
        0,
        0
      ],
      "parameters": {
        "VERSION": "3.9.5"
      }
    },
    {
      "command": "4.0.0-alpha-7",
      "mean": 1.36310743082,
      "stddev": 0.025728746812376673,
      "median": 1.36581320242,
      "user": 4.259056759999999,
      "system": 0.12451803999999997,
      "min": 1.32281891242,
      "max": 1.39443257942,
      "times": [
        1.33947380342,
        1.3885494064200001,
        1.37020068542,
        1.33679939542,
        1.34573414742,
        1.39443257942,
        1.39167864242,
        1.3614257194200001,
        1.32281891242,
        1.37996101642
      ],
      "exit_codes": [
        0,
        0,
        0,
        0,
        0,
        0,
        0,
        0,
        0,
        0
      ],
      "parameters": {
        "VERSION": "4.0.0-alpha-7"
      }
    },
    {
      "command": "4.0.0-alpha-8",
      "mean": 1.41832380922,
      "stddev": 0.037481096828495965,
      "median": 1.42133781992,
      "user": 4.43311296,
      "system": 0.14313174,
      "min": 1.36374988642,
      "max": 1.48477369642,
      "times": [
        1.42522487842,
        1.48477369642,
        1.43559553742,
        1.36374988642,
        1.3736884734200001,
        1.41878232942,
        1.42389331042,
        1.39923703642,
        1.46292181742,
        1.3953711264200002
      ],
      "exit_codes": [
        0,
        0,
        0,
        0,
        0,
        0,
        0,
        0,
        0,
        0
      ],
      "parameters": {
        "VERSION": "4.0.0-alpha-8"
      }
    }
  ]
}
