{
  "results": [
    {
      "command": "3.0.5",
      "mean": 0.74440079014,
      "stddev": 0.01724083945860046,
      "median": 0.7400845803400001,
      "user": 2.15437468,
      "system": 0.12810884,
      "min": 0.7270055313400001,
      "max": 0.7723275403400001,
      "times": [
        0.7270055313400001,
        0.7479646513400001,
        0.7286950013400001,
        0.7508895723400001,
        0.7553322883400001,
        0.7692553423400001,
        0.7322045093400001,
        0.7723275403400001,
        0.7300426103400001,
        0.7302908543400001
      ],
      "exit_codes": [
        0,
        0,
        0,
        0,
        0,
        0,
        0,
        0,
        0,
        0
      ],
      "parameters": {
        "VERSION": "3.0.5"
      }
    },
    {
      "command": "3.1.1",
      "mean": 0.7982824174400001,
      "stddev": 0.017722585611403458,
      "median": 0.7997396383400002,
      "user": 2.3383342799999998,
      "system": 0.11951364,
      "min": 0.7745712073400001,
      "max": 0.8202737173400001,
      "times": [
        0.8109654153400001,
        0.7745712073400001,
        0.8202737173400001,
        0.8031693683400001,
        0.7801771073400001,
        0.7815526343400001,
        0.7963099083400001,
        0.7816925703400001,
        0.8185603073400001,
        0.8155519383400001
      ],
      "exit_codes": [
        0,
        0,
        0,
        0,
        0,
        0,
        0,
        0,
        0,
        0
      ],
      "parameters": {
        "VERSION": "3.1.1"
      }
    },
    {
      "command": "3.2.5",
      "mean": 0.8266922321400001,
      "stddev": 0.024963025903351733,
      "median": 0.8270870333400001,
      "user": 2.4338762800000002,
      "system": 0.13328204,
      "min": 0.7771366473400001,
      "max": 0.8589568213400001,
      "times": [
        0.8269756213400001,
        0.7771366473400001,
        0.8371947313400001,
        0.8271984453400001,
        0.8525304913400001,
        0.8589568213400001,
        0.8100382673400001,
        0.8050492443400001,
        0.8214772583400001,
        0.8503647933400001
      ],
      "exit_codes": [
        0,
        0,
        0,
        0,
        0,
        0,
        0,
        0,
        0,
        0
      ],
      "parameters": {
        "VERSION": "3.2.5"
      }
    },
    {
      "command": "3.3.9",
      "mean": 0.8374723815399999,
      "stddev": 0.025892384315703502,
      "median": 0.8359340753400002,
      "user": 2.46932348,
      "system": 0.12689493999999998,
      "min": 0.7966654003400001,
      "max": 0.86868091434,
      "times": [
        0.8262213473400001,
        0.8211690263400001,
        0.8656531643400001,
        0.8320365813400001,
        0.8051772513400001,
        0.7966654003400001,
        0.8510786263400001,
        0.8682099343400002,
        0.86868091434,
        0.8398315693400001
      ],
      "exit_codes": [
        0,
        0,
        0,
        0,
        0,
        0,
        0,
        0,
        0,
        0
      ],
      "parameters": {
        "VERSION": "3.3.9"
      }
    },
    {
      "command": "3.5.4",
      "mean": 0.8577466579400002,
      "stddev": 0.01123492383603109,
      "median": 0.8585870403400001,
      "user": 2.5789652799999994,
      "system": 0.13835163999999997,
      "min": 0.8413815533400001,
      "max": 0.8714766473400001,
      "times": [
        0.8464090653400002,
        0.8662194623400001,
        0.8450981353400001,
        0.8701944783400001,
        0.8514306583400001,
        0.8714766473400001,
        0.8680824983400001,
        0.8557334763400001,
        0.8614406043400001,
        0.8413815533400001
      ],
      "exit_codes": [
        0,
        0,
        0,
        0,
        0,
        0,
        0,
        0,
        0,
        0
      ],
      "parameters": {
        "VERSION": "3.5.4"
      }
    },
    {
      "command": "3.6.3",
      "mean": 0.8247989887400001,
      "stddev": 0.01073143615616164,
      "median": 0.8244078308400001,
      "user": 2.45469348,
      "system": 0.14283614,
      "min": 0.8099939183400001,
      "max": 0.8472272763400001,
      "times": [
        0.82943190334,
        0.8121077193400001,
        0.8099939183400001,
        0.8305628663400001,
        0.8252047723400001,
        0.81646511734,
        0.8235069023400001,
        0.8236108893400002,
        0.8298785223400001,
        0.8472272763400001
      ],
      "exit_codes": [
        0,
        0,
        0,
        0,
        0,
        0,
        0,
        0,
        0,
        0
      ],
      "parameters": {
        "VERSION": "3.6.3"
      }
    },
    {
      "command": "3.8.1",
      "mean": 0.8423729487399999,
      "stddev": 0.04864651771136017,
      "median": 0.8325603943400001,
      "user": 2.5267457799999997,
      "system": 0.13331284,
      "min": 0.8008738213400001,
      "max": 0.9677547943400001,
      "times": [
        0.8008738213400001,
        0.8407572873400001,
        0.8278235203400001,
        0.9677547943400001,
        0.8183995613400001,
        0.8415362593400001,
        0.81624247134,
        0.8703514043400001,
        0.8026930993400001,
        0.8372972683400001
      ],
      "exit_codes": [
        0,
        0,
        0,
        0,
        0,
        0,
        0,
        0,
        0,
        0
      ],
      "parameters": {
        "VERSION": "3.8.1"
      }
    },
    {
      "command": "3.8.2",
      "mean": 0.82673226294,
      "stddev": 0.01875275961022288,
      "median": 0.8272664983400001,
      "user": 2.4812383799999997,
      "system": 0.10200814,
      "min": 0.7935875523400001,
      "max": 0.8553729253400001,
      "times": [
        0.8460861733400001,
        0.8553729253400001,
        0.8320470913400001,
        0.8275707563400001,
        0.8269622403400001,
        0.7935875523400001,
        0.8024134553400001,
        0.81772755634,
        0.8397409113400001,
        0.8258139673400001
      ],
      "exit_codes": [
        0,
        0,
        0,
        0,
        0,
        0,
        0,
        0,
        0,
        0
      ],
      "parameters": {
        "VERSION": "3.8.2"
      }
    },
    {
      "command": "3.8.3",
      "mean": 0.81039482344,
      "stddev": 0.020968178596063945,
      "median": 0.8093075143400001,
      "user": 2.4349520799999995,
      "system": 0.10096903999999998,
      "min": 0.76463407534,
      "max": 0.8342390503400001,
      "times": [
        0.8027031493400001,
        0.8342390503400001,
        0.8255081053400001,
        0.8038495823400001,
        0.8270733683400001,
        0.79562469434,
        0.8317011803400001,
        0.8069286303400001,
        0.8116863983400001,
        0.76463407534
      ],
      "exit_codes": [
        0,
        0,
        0,
        0,
        0,
        0,
        0,
        0,
        0,
        0
      ],
      "parameters": {
        "VERSION": "3.8.3"
      }
    },
    {
      "command": "3.8.4",
      "mean": 0.8139134890400002,
      "stddev": 0.01933528629209659,
      "median": 0.8183461373400001,
      "user": 2.476325779999999,
      "system": 0.09865114,
      "min": 0.7866818593400001,
      "max": 0.8398940923400001,
      "times": [
        0.7866818593400001,
        0.8200788573400001,
        0.8394931913400001,
        0.8000413163400001,
        0.8281419373400001,
        0.8166134173400001,
        0.8398940923400001,
        0.7927121173400001,
        0.8205428053400001,
        0.79493529634
      ],
      "exit_codes": [
        0,
        0,
        0,
        0,
        0,
        0,
        0,
        0,
        0,
        0
      ],
      "parameters": {
        "VERSION": "3.8.4"
      }
    },
    {
      "command": "3.8.5",
      "mean": 0.8087821002400002,
      "stddev": 0.015530741146846043,
      "median": 0.8135410898400002,
      "user": 2.40902198,
      "system": 0.10803424000000002,
      "min": 0.7798714183400001,
      "max": 0.8257462033400002,