{
  "results": [
    {
      "command": "3.0.5",
      "mean": 0.97499076504,
      "stddev": 0.022499645540453278,
      "median": 0.97092249294,
      "user": 3.2634355,
      "system": 0.17491050000000002,
      "min": 0.93951863394,
      "max": 1.01092913894,
      "times": [
        0.96389808794,
        0.97085071494,
        0.97165710594,
        0.96498074294,
        0.9919373769400001,
        0.97099427094,
        0.93951863394,
        0.95671838894,
        1.01092913894,
        1.00842318894
      ],
      "exit_codes": [
        0,
        0,
        0,
        0,
        0,
        0,
        0,
        0,
        0,
        0
      ],
      "parameters": {
        "VERSION": "3.0.5"
      }
    },
    {
      "command": "3.1.1",
      "mean": 1.07630990354,
      "stddev": 0.03445415456591051,
      "median": 1.06621917344,
      "user": 3.6009239,
      "system": 0.20215199999999997,
      "min": 1.04205055394,
      "max": 1.1461370769399999,
      "times": [
        1.07107129894,
        1.05563138394,
        1.06136704794,
        1.04959287594,
        1.07880900694,
        1.12167079494,
        1.04544273494,
        1.09132626094,
        1.04205055394,
        1.1461370769399999
      ],
      "exit_codes": [
        0,
        0,
        0,
        0,
        0,
        0,
        0,
        0,
        0,
        0
      ],
      "parameters": {
        "VERSION": "3.1.1"
      }
    },
    {
      "command": "3.2.5",
      "mean": 1.11840267444,
      "stddev": 0.03906738141404906,
      "median": 1.10664174494,
      "user": 3.8531638999999998,
      "system": 0.1983126,
      "min": 1.0758380269399999,
      "max": 1.19052899994,
      "times": [
        1.16705974394,
        1.0879395219399999,
        1.1310792029399999,
        1.19052899994,
        1.09211650394,
        1.0758380269399999,
        1.1067147179399999,
        1.07960831794,
        1.10656877194,
        1.14657293694
      ],
      "exit_codes": [
        0,
        0,
        0,
        0,
        0,
        0,
        0,
        0,
        0,
        0
      ],
      "parameters": {
        "VERSION": "3.2.5"
      }
    },
    {
      "command": "3.3.9",
      "mean": 1.11612389284,
      "stddev": 0.022464283035021206,
      "median": 1.11777864644,
      "user": 3.8272752,
      "system": 0.21116219999999997,
      "min": 1.08343340694,
      "max": 1.16088770994,
      "times": [
        1.09659239694,
        1.08343340694,
        1.09868266794,
        1.12852016394,
        1.16088770994,
        1.12900175194,
        1.1223289189399999,
        1.12860785094,
        1.11322837394,
        1.09995568694
      ],
      "exit_codes": [
        0,
        0,
        0,
        0,
        0,
        0,
        0,
        0,
        0,
        0
      ],
      "parameters": {
        "VERSION": "3.3.9"
      }
    },
    {
      "command": "3.5.4",
      "mean": 1.18478797264,
      "stddev": 0.024342802917648735,
      "median": 1.17891431894,
      "user": 4.0375193,
      "system": 0.3098008,
      "min": 1.15213269594,
      "max": 1.23934493794,
      "times": [
        1.20731745294,
        1.19253761294,
        1.1620668619399999,
        1.18308169694,
        1.17882031594,
        1.17499478694,
        1.17857504294,
        1.17900832194,
        1.15213269594,
        1.23934493794
      ],
      "exit_codes": [
        0,
        0,
        0,
        0,
        0,
        0,
        0,
        0,
        0,
        0
      ],
      "parameters": {
        "VERSION": "3.5.4"
      }
    },
    {
      "command": "3.6.3",
      "mean": 1.12544793894,
      "stddev": 0.03054016207744946,
      "median": 1.1215872519399999,
      "user": 3.7542834,
      "system": 0.29553170000000006,
      "min": 1.08253593894,
      "max": 1.18145428394,
      "times": [
        1.10847699694,
        1.09337613194,
        1.16712880194,
        1.1374698619399999,
        1.18145428394,
        1.11354214694,
        1.11696862594,
        1.08253593894,
        1.12620587794,
        1.12732072294
      ],
      "exit_codes": [
        0,
        0,
        0,
        0,
        0,
        0,
        0,
        0,
        0,
        0
      ],
      "parameters": {
        "VERSION": "3.6.3"
      }
    },
    {
      "command": "3.8.1",
      "mean": 1.1222785439399998,
      "stddev": 0.020778250810009915,
      "median": 1.12510701394,
      "user": 3.7679948000000003,
      "system": 0.2706928,
      "min": 1.08597615794,
      "max": 1.15198936994,
      "times": [
        1.15198936994,
        1.14036632394,
        1.14039358394,
        1.12199322794,
        1.1254780149399999,
        1.12473601294,
        1.13035453994,
        1.0975017949399999,
        1.10399641294,
        1.08597615794
      ],
      "exit_codes": [
        0,
        0,
        0,
        0,
        0,
        0,
        0,
        0,
        0,
        0
      ],
      "parameters": {
        "VERSION": "3.8.1"
      }
    },
    {
      "command": "3.8.2",
      "mean": 1.0661192190400002,
      "stddev": 0.02193858060466003,
      "median": 1.06219594344,
      "user": 3.5447204999999995,
      "system": 0.1494972,
      "min": 1.03721515794,
      "max": 1.09588181394,
      "times": [
        1.0804741979399999,
        1.08575318294,
        1.09302757094,
        1.05028221994,
        1.09588181394,
        1.0741096669399999,
        1.04979914094,
        1.03721515794,
        1.04924308394,
        1.04540615494
      ],
      "exit_codes": [
        0,
        0,
        0,
        0,
        0,
        0,
        0,
        0,
        0,
        0
      ],
      "parameters": {
        "VERSION": "3.8.2"
      }
    },
    {
      "command": "3.8.3",
      "mean": 1.03774392914,
      "stddev": 0.012074109225605287,
      "median": 1.0391330834399999,
      "user": 3.4746125999999995,
      "system": 0.14372259999999998,
      "min": 1.01193337494,
      "max": 1.05641082594,
      "times": [
        1.0383124529399999,
        1.03393289594,
        1.02654594094,
        1.0482699069399999,
        1.03760894894,
        1.0414842579399999,
        1.0429869729399999,
        1.01193337494,
        1.03995371394,
        1.05641082594
      ],
      "exit_codes": [
        0,
        0,
        0,
        0,
        0,
        0,
        0,
        0,
        0,
        0
      ],
      "parameters": {
        "VERSION": "3.8.3"
      }
    },
    {
      "command": "3.8.4",
      "mean": 1.04766241414,
      "stddev": 0.016282464163349653,
      "median": 1.04516522144,
      "user": 3.4513076999999996,
      "system": 0.14893359999999997,
      "min": 1.01909501694,
      "max": 1.07281253794,
      "times": [
        1.0461556779399999,
        1.06242016394,
        1.03615274394,
        1.04491026794,
        1.07281253794,
        1.06902682794,
        1.01909501694,
        1.04230414794,
        1.04542017494,
        1.03832658194
      ],
      "exit_codes": [
        0,
        0,
        0,
        0,
        0,
        0,
        0,
        0,
        0,
        0
      ],
      "parameters": {
        "VERSION": "3.8.4"
      }
    },
    {
      "command": "3.8.5",
      "mean": 1.05250258964,
      "stddev": 0.0388020407285834,
      "median": 1.04071634044,
      "user": 3.4551512000000004,
      "system": 0.153051,
      "min": 1.03105303394,
      "max": 1.16117829194,
      "times": [
        1.0312198909399999,
        1.05083433694,
        1.03900579694,
        1.0346157599399999,
        1.16117829194,
        1.04123931294,
        1.04748651594,
        1.04819958894,
        1.04019336794,
        1.03105303394
      ],
      "exit_codes": [
        0,
        0,
        0,
        0,
        0,
        0,
        0,
        0,
        0,
        0
      ],
      "parameters": {
        "VERSION": "3.8.5"
      }
    },
    {
      "command": "3.8.6",
      "mean": 1.03104222424,