{
  "results": [
    {
      "command": "3.0.5",
      "mean": 0.92700378338,
      "stddev": 0.027888567899858142,
      "median": 0.9349151129800001,
      "user": 2.98565118,
      "system": 0.13530067999999998,
      "min": 0.88974549398,
      "max": 0.9657848709800001,
      "times": [
        0.88974549398,
        0.95445604798,
        0.93270005998,
        0.94627473098,
        0.8942642379800001,
        0.90121092398,
        0.9371301659800001,
        0.9476379489800001,
        0.9657848709800001,
        0.90083335298
      ],
      "exit_codes": [
        0,
        0,
        0,
        0,
        0,
        0,
        0,
        0,
        0,
        0
      ],
      "parameters": {
        "VERSION": "3.0.5"
      }
    },
    {
      "command": "3.1.1",
      "mean": 0.9739299087800001,
      "stddev": 0.017905834735340753,
      "median": 0.97704754498,
      "user": 3.18042498,
      "system": 0.14090538000000002,
      "min": 0.93868931998,
      "max": 0.9971089629800001,
      "times": [
        0.9803438869800001,
        0.9737512029800001,
        0.9970795329800001,
        0.9811182699800001,
        0.9826793719800001,
        0.9584145139800001,
        0.9662646499800001,
        0.9971089629800001,
        0.93868931998,
        0.9638493759800001
      ],
      "exit_codes": [
        0,
        0,
        0,
        0,
        0,
        0,
        0,
        0,
        0,
        0
      ],
      "parameters": {
        "VERSION": "3.1.1"
      }
    },
    {
      "command": "3.2.5",
      "mean": 1.0587715986800001,
      "stddev": 0.02647975924989631,
      "median": 1.06525919098,
      "user": 3.5209238799999993,
      "system": 0.14811428,
      "min": 0.9964410479800001,
      "max": 1.10087281598,
      "times": [
        1.06865543598,
        1.06741534498,
        1.05412241798,
        1.10087281598,
        1.07204563598,
        1.06503525098,
        1.04933248098,
        1.04831242498,
        1.06548313098,
        0.9964410479800001
      ],
      "exit_codes": [
        0,
        0,
        0,
        0,
        0,
        0,
        0,
        0,
        0,
        0
      ],
      "parameters": {
        "VERSION": "3.2.5"
      }
    },
    {
      "command": "3.3.9",
      "mean": 1.09013241638,
      "stddev": 0.019536201765286056,
      "median": 1.09127323298,
      "user": 3.5943428799999992,
      "system": 0.15259117999999997,
      "min": 1.06157461298,
      "max": 1.12409023898,
      "times": [
        1.0946860919799999,
        1.12409023898,
        1.06457418198,
        1.0854495689800001,
        1.10977674598,
        1.10309412398,
        1.07553213298,
        1.09187391898,
        1.09067254698,
        1.06157461298
      ],
      "exit_codes": [
        0,
        0,
        0,
        0,
        0,
        0,
        0,
        0,
        0,
        0
      ],
      "parameters": {
        "VERSION": "3.3.9"
      }
    },
    {
      "command": "3.5.4",
      "mean": 1.1150378886799999,
      "stddev": 0.011585571920979575,
      "median": 1.11420612148,
      "user": 3.5419373800000002,
      "system": 0.24288577999999994,
      "min": 1.10082505698,
      "max": 1.14214161298,
      "times": [
        1.11869843498,
        1.10082505698,
        1.11415817298,
        1.14214161298,
        1.10873076998,
        1.11249951198,
        1.12205331598,
        1.10234731098,
        1.11425406998,
        1.11467062998
      ],
      "exit_codes": [
        0,
        0,
        0,
        0,
        0,
        0,
        0,
        0,
        0,
        0
      ],
      "parameters": {
        "VERSION": "3.5.4"
      }
    },
    {
      "command": "3.6.3",
      "mean": 1.1003341673800002,
      "stddev": 0.020109513313061354,
      "median": 1.09984685498,
      "user": 3.4754201799999995,
      "system": 0.23916697999999997,
      "min": 1.06531735398,
      "max": 1.1308659889800001,
      "times": [
        1.07891285298,
        1.10899435398,
        1.12836049698,
        1.09646093998,
        1.10323276998,
        1.09478068898,
        1.06531735398,
        1.09118915498,
        1.1308659889800001,
        1.10522707298
      ],
      "exit_codes": [
        0,
        0,
        0,
        0,
        0,
        0,
        0,
        0,
        0,
        0
      ],
      "parameters": {
        "VERSION": "3.6.3"
      }
    },
    {
      "command": "3.8.1",
      "mean": 1.0873005519799999,
      "stddev": 0.017971234417486184,
      "median": 1.07952757348,
      "user": 3.48526648,
      "system": 0.24677918000000001,
      "min": 1.06742168498,
      "max": 1.12185697098,
      "times": [
        1.11490480498,
        1.0813162569800001,
        1.07738058998,
        1.07763038298,
        1.07799202498,
        1.08106312198,
        1.12185697098,
        1.06742168498,
        1.09675525098,
        1.07668443098
      ],
      "exit_codes": [
        0,
        0,
        0,
        0,
        0,
        0,
        0,
        0,
        0,
        0
      ],
      "parameters": {
        "VERSION": "3.8.1"
      }
    },
    {
      "command": "3.8.2",
      "mean": 1.02126051308,
      "stddev": 0.018226407281259547,
      "median": 1.01812980748,
      "user": 3.2515977799999995,
      "system": 0.12733867999999998,
      "min": 0.99288217698,
      "max": 1.04930728598,
      "times": [
        1.00503545098,
        1.01992855998,
        1.04930728598,
        1.02293655898,
        1.00844674098,
        1.04243450798,
        1.01330718498,
        1.01633105498,
        0.99288217698,
        1.04199560898
      ],
      "exit_codes": [
        0,
        0,
        0,
        0,
        0,
        0,
        0,
        0,
        0,
        0
      ],
      "parameters": {
        "VERSION": "3.8.2"
      }
    },
    {
      "command": "3.8.3",
      "mean": 1.00784219878,
      "stddev": 0.026490755519748426,
      "median": 1.00498327748,
      "user": 3.18692728,
      "system": 0.12531408000000002,
      "min": 0.9713178869800001,
      "max": 1.04658886098,
      "times": [
        1.03351602798,
        1.00316548498,
        0.9713178869800001,
        0.97424096798,
        1.04658886098,
        1.00680106998,
        0.9846125329800001,
        1.03567436798,
        0.99837096798,
        1.02413381998
      ],
      "exit_codes": [
        0,
        0,
        0,
        0,
        0,
        0,
        0,
        0,
        0,
        0
      ],
      "parameters": {
        "VERSION": "3.8.3"
      }
    },
    {
      "command": "3.8.4",
      "mean": 1.0102226988800003,
      "stddev": 0.03498289162485583,
      "median": 1.00449732398,
      "user": 3.25048998,
      "system": 0.13309308,
      "min": 0.9775322899800001,
      "max": 1.08645351998,
      "times": [
        1.00082447098,
        1.01033335598,
        0.9890422389800001,
        0.9775322899800001,
        1.00817017698,
        0.9826960689800001,
        1.08645351998,
        1.05331002198,
        0.9792439499800001,
        1.01462089498
      ],
      "exit_codes": [
        0,
        0,
        0,
        0,
        0,
        0,
        0,
        0,
        0,
        0
      ],
      "parameters": {
        "VERSION": "3.8.4"
      }
    },
    {
      "command": "3.8.5",
      "mean": 1.0080762714799998,
      "stddev": 0.012015549711863093,
      "median": 1.00715577148,
      "user": 3.2506380799999994,
      "system": 0.13393538,
      "min": 0.99365608898,
      "max": 1.02982066598,
      "times": [
        1.01179680098,
        1.00185341598,
        1.00451322398,
        1.00979831898,
        1.02982066598,
        0.99463230698,
        0.99365608898,
        1.01856388198,
        0.99667007998,
        1.01945793098
      ],
      "exit_codes": [
        0,
        0,
        0,
        0,
        0,
        0,
        0,
        0,
        0,
        0
      ],