{
  "results": [
    {
      "command": "3.0.5",
      "mean": 0.7555357285800002,
      "stddev": 0.017281299795345765,
      "median": 0.7520977691800002,
      "user": 2.3751049399999995,
      "system": 0.11734404000000001,
      "min": 0.7192764276800001,
      "max": 0.7756257106800001,
      "times": [
        0.7756257106800001,
        0.7715735976800001,
        0.7500380636800001,
        0.7518120006800001,
        0.7677590696800001,
        0.7439796176800001,
        0.7192764276800001,
        0.7738074646800001,
        0.7491017956800001,
        0.7523835376800001
      ],
      "exit_codes": [
        0,
        0,
        0,
        0,
        0,
        0,
        0,
        0,
        0,
        0
      ],
      "parameters": {
        "VERSION": "3.0.5"
      }
    },
    {
      "command": "3.1.1",
      "mean": 0.81765828388,
      "stddev": 0.015683939984253863,
      "median": 0.8142886826800001,
      "user": 2.61907314,
      "system": 0.09873214,
      "min": 0.8007798996800001,
      "max": 0.8471918116800001,
      "times": [
        0.8217945876800001,
        0.8007798996800001,
        0.8033774376800001,
        0.8326840576800001,
        0.82012705768,
        0.8035650336800001,
        0.8318563376800001,
        0.8471918116800001,
        0.8067563076800001,
        0.8084503076800001
      ],
      "exit_codes": [
        0,
        0,
        0,
        0,
        0,
        0,
        0,
        0,
        0,
        0
      ],
      "parameters": {
        "VERSION": "3.1.1"
      }
    },
    {
      "command": "3.2.5",
      "mean": 0.86767755568,
      "stddev": 0.036518652404892396,
      "median": 0.8577918031800001,
      "user": 2.88366104,
      "system": 0.09156703999999997,
      "min": 0.8287501026800002,
      "max": 0.9472487096800001,
      "times": [
        0.8570547856800002,
        0.8511133366800001,
        0.87508533468,
        0.8585288206800001,
        0.8287501026800002,
        0.9131943236800001,
        0.8389738586800001,
        0.9472487096800001,
        0.8662032966800001,
        0.8406229876800001
      ],
      "exit_codes": [
        0,
        0,
        0,
        0,
        0,
        0,
        0,
        0,
        0,
        0
      ],
      "parameters": {
        "VERSION": "3.2.5"
      }
    },
    {
      "command": "3.3.9",
      "mean": 0.8884985092800001,
      "stddev": 0.026179984885721104,
      "median": 0.88446325518,
      "user": 2.9373619399999997,
      "system": 0.11291153999999999,
      "min": 0.8533347546800001,
      "max": 0.9426144416800001,
      "times": [
        0.8818748926800001,
        0.8764681316800002,
        0.8876431556800001,
        0.8654723346800001,
        0.9426144416800001,
        0.9025206686800001,
        0.9166372416800002,
        0.8533347546800001,
        0.8713678536800001,
        0.8870516176800001
      ],
      "exit_codes": [
        0,
        0,
        0,
        0,
        0,
        0,
        0,
        0,
        0,
        0
      ],
      "parameters": {
        "VERSION": "3.3.9"
      }
    },
    {
      "command": "3.5.4",
      "mean": 0.8906825469800003,
      "stddev": 0.015300678089882176,
      "median": 0.8883591726800002,
      "user": 3.02758094,
      "system": 0.13062073999999999,
      "min": 0.8736619386800001,
      "max": 0.9221498296800001,
      "times": [
        0.8736619386800001,
        0.8806593516800001,
        0.8847337946800001,
        0.8756527206800001,
        0.8786120306800002,
        0.8967317376800001,
        0.9221498296800001,
        0.9065672426800001,
        0.8919845506800002,
        0.8960722726800001
      ],
      "exit_codes": [
        0,
        0,
        0,
        0,
        0,
        0,
        0,
        0,
        0,
        0
      ],
      "parameters": {
        "VERSION": "3.5.4"
      }
    },
    {
      "command": "3.6.3",
      "mean": 0.8517578833800001,
      "stddev": 0.01707990313627351,
      "median": 0.85689015968,
      "user": 2.7847559399999997,
      "system": 0.12249873999999998,
      "min": 0.8200277696800001,
      "max": 0.8734899736800001,
      "times": [
        0.8521982016800002,
        0.8353599246800001,
        0.8200277696800001,
        0.8654558056800001,
        0.8628663766800001,
        0.8734899736800001,
        0.86231515968,
        0.8541371346800001,
        0.8596431846800001,
        0.8320853026800001
      ],
      "exit_codes": [
        0,
        0,
        0,
        0,
        0,
        0,
        0,
        0,
        0,
        0
      ],
      "parameters": {
        "VERSION": "3.6.3"
      }
    },
    {
      "command": "3.8.1",
      "mean": 0.8606150893800001,
      "stddev": 0.016465538549702313,
      "median": 0.8633520996800002,
      "user": 2.8198415399999996,
      "system": 0.11354333999999999,
      "min": 0.8373608856800001,
      "max": 0.8888845946800001,
      "times": [
        0.8384341206800001,
        0.8629675336800001,
        0.8888845946800001,
        0.8489904386800001,
        0.8795990366800001,
        0.8637366656800001,
        0.8542688626800001,
        0.8658656046800001,
        0.8373608856800001,
        0.8660431506800002
      ],
      "exit_codes": [
        0,
        0,
        0,
        0,
        0,
        0,
        0,
        0,
        0,
        0
      ],
      "parameters": {
        "VERSION": "3.8.1"
      }
    },
    {
      "command": "3.8.2",
      "mean": 0.8419740137800001,
      "stddev": 0.018625504939646598,
      "median": 0.8430911136800001,
      "user": 2.7975052399999996,
      "system": 0.08601634,
      "min": 0.8162011216800001,
      "max": 0.8668668616800002,
      "times": [
        0.8253625726800001,
        0.8305293896800001,
        0.8668668616800002,
        0.8636506576800002,
        0.81922828968,
        0.8565842066800001,
        0.8483334736800001,
        0.8378487536800001,
        0.8551348106800001,
        0.8162011216800001
      ],
      "exit_codes": [
        0,
        0,
        0,
        0,
        0,
        0,
        0,
        0,
        0,
        0
      ],
      "parameters": {
        "VERSION": "3.8.2"
      }
    },
    {
      "command": "3.8.3",
      "mean": 0.8330390831800001,
      "stddev": 0.016876762433948457,
      "median": 0.83797324118,
      "user": 2.69495644,
      "system": 0.09506104,
      "min": 0.8085396146800001,
      "max": 0.8625379646800001,
      "times": [
        0.8160576446800001,
        0.81698990268,
        0.8430624496800001,
        0.8387438126800001,
        0.8405447596800001,
        0.84639803968,
        0.8625379646800001,
        0.8085396146800001,
        0.8203139736800001,
        0.8372026696800001
      ],
      "exit_codes": [
        0,
        0,
        0,
        0,
        0,
        0,
        0,
        0,
        0,
        0
      ],
      "parameters": {
        "VERSION": "3.8.3"
      }
    },
    {
      "command": "3.8.4",
      "mean": 0.8468022214800002,
      "stddev": 0.030047616175826776,
      "median": 0.83709906718,
      "user": 2.7503031399999998,
      "system": 0.08369743999999998,
      "min": 0.8126910456800001,
      "max": 0.9062100306800001,
      "times": [
        0.8223316146800002,
        0.8382561846800001,
        0.8688736726800002,
        0.8803873886800001,
        0.8359419496800001,
        0.8222910066800001,
        0.9062100306800001,
        0.8273244156800001,
        0.8126910456800001,
        0.8537149056800001
      ],
      "exit_codes": [
        0,
        0,
        0,
        0,
        0,
        0,
        0,
        0,
        0,
        0
      ],
      "parameters": {
        "VERSION": "3.8.4"
      }
    },
    {
      "command": "3.8.5",
      "mean": 0.8388394137800003,
      "stddev": 0.024844720674762694,
      "median": 0.8348483961800002,
      "user": 2.77531154,
      "system": 0.08766314,
      "min": 0.8011813006800002,