{
  "results": [
    {
      "command": "3.0.5",
      "mean": 1.0276309509000001,
      "stddev": 0.024560578578765032,
      "median": 1.0177145761,
      "user": 3.16652876,
      "system": 0.21097886,
      "min": 0.9969194301000001,
      "max": 1.0764821801,
      "times": [
        1.0125878051,
        1.0228413471,
        1.0110988050999998,
        1.0102396380999998,
        1.0764821801,
        1.0368671801,
        1.0117430551,
        0.9969194301000001,
        1.0441110131,
        1.0534190551
      ],
      "exit_codes": [
        0,
        0,
        0,
        0,
        0,
        0,
        0,
        0,
        0,
        0
      ],
      "parameters": {
        "VERSION": "3.0.5"
      }
    },
    {
      "command": "3.8.8",
      "mean": 1.1637023382999998,
      "stddev": 0.029954118407948302,
      "median": 1.1649849301,
      "user": 3.3232891600000003,
      "system": 0.20852916000000002,
      "min": 1.1293178051,
      "max": 1.2092405961,
      "times": [
        1.1911365131,
        1.2092405961,
        1.1867974711,
        1.1362307641,
        1.1546251801,
        1.1293178051,
        1.1889464711,
        1.1753446800999998,
        1.1327754720999998,
        1.1326084301
      ],
      "exit_codes": [
        0,
        0,
        0,
        0,
        0,
        0,
        0,
        0,
        0,
        0
      ],
      "parameters": {
        "VERSION": "3.8.8"
      }
    },
    {
      "command": "3.9.4",
      "mean": 1.3577002882999998,
      "stddev": 0.02125548866483429,
      "median": 1.3569814505999998,
      "user": 3.84483666,
      "system": 0.24045476,
      "min": 1.3195157631,
      "max": 1.3976319301,
      "times": [
        1.3615854720999998,
        1.3510579300999999,
        1.3365469711,
        1.3976319301,
        1.3787126801,
        1.3577761801,
        1.3561867210999998,
        1.3535300971,
        1.3644591381,
        1.3195157631
      ],
      "exit_codes": [
        0,
        0,
        0,
        0,
        0,
        0,
        0,
        0,
        0,
        0
      ],
      "parameters": {
        "VERSION": "3.9.4"
      }
    },
    {
      "command": "4.0.0-alpha-7",
      "mean": 1.9012695051999997,
      "stddev": 0.05817708199542536,
      "median": 1.9091670551,
      "user": 4.89580356,
      "system": 0.45113595999999995,
      "min": 1.8078230131,
      "max": 1.9895490970999998,
      "times": [
        1.9059019711,
        1.9667112641,
        1.9895490970999998,
        1.9124321390999999,
        1.8459078470999999,
        1.8735574301,
        1.8423885971,
        1.8078230131,
        1.9384958461,
        1.9299278471
      ],
      "exit_codes": [
        0,
        0,
        0,
        0,
        0,
        0,
        0,
        0,
        0,
        0
      ],
      "parameters": {
        "VERSION": "4.0.0-alpha-7"
      }
    }
  ]
}
