{
  "results": [
    {
      "command": "3.0.5",
      "mean": 0.8870430800000001,
      "stddev": 0.014676861184732,
      "median": 0.8841260478,
      "user": 2.8692497599999998,
      "system": 0.16585640000000001,
      "min": 0.8678850623000001,
      "max": 0.9158136053000001,
      "times": [
        0.9158136053000001,
        0.8744126493000001,
        0.8787890673000001,
        0.8815405333,
        0.8858101643,
        0.9084781353000001,
        0.8888836613000001,
        0.8678850623000001,
        0.8824419313,
        0.8863759903000001
      ],
      "exit_codes": [
        0,
        0,
        0,
        0,
        0,
        0,
        0,
        0,
        0,
        0
      ],
      "parameters": {
        "VERSION": "3.0.5"
      }
    },
    {
      "command": "3.6.3",
      "mean": 1.2909524888,
      "stddev": 0.04337256282571028,
      "median": 1.2799624978,
      "user": 4.348264159999999,
      "system": 0.37009020000000004,
      "min": 1.2482272132999999,
      "max": 1.3895621373,
      "times": [
        1.2611651012999998,
        1.2956365383,
        1.2828570053,
        1.2864076522999999,
        1.2654454413,
        1.3895621373,
        1.2608551093,
        1.2770679903,
        1.3423006993,
        1.2482272132999999
      ],
      "exit_codes": [
        0,
        0,
        0,
        0,
        0,
        0,
        0,
        0,
        0,
        0
      ],
      "parameters": {
        "VERSION": "3.6.3"
      }
    },
    {
      "command": "3.8.8",
      "mean": 1.1666395583,
      "stddev": 0.029234666726025885,
      "median": 1.1750154247999998,
      "user": 4.032585759999999,
      "system": 0.18788,
      "min": 1.1076689003,
      "max": 1.1931526363,
      "times": [
        1.1076689003,
        1.1343146982999999,
        1.1542843743,
        1.1927666662999998,
        1.1678628062999998,
        1.1821680433,
        1.1931526363,
        1.1900612003,
        1.1522918492999998,
        1.1918244083
      ],
      "exit_codes": [
        0,
        0,
        0,
        0,
        0,
        0,
        0,
        0,
        0,
        0
      ],
      "parameters": {
        "VERSION": "3.8.8"
      }
    },
    {
      "command": "3.9.6",
      "mean": 1.3437110963999999,
      "stddev": 0.03460559316312653,
      "median": 1.3411958648,
      "user": 4.43942526,
      "system": 0.20836129999999997,
      "min": 1.3059388272999999,
      "max": 1.4222254953,
      "times": [
        1.3375679793,
        1.3197274763,
        1.4222254953,
        1.3572328313,
        1.3141554552999999,
        1.3059388272999999,
        1.3466366573,
        1.3448237503,
        1.3718475013,
        1.3169549903
      ],
      "exit_codes": [
        0,
        0,
        0,
        0,
        0,
        0,
        0,
        0,
        0,
        0
      ],
      "parameters": {
        "VERSION": "3.9.6"
      }
    },
    {
      "command": "4.0.0-alpha-13",
      "mean": 1.8542308628999997,
      "stddev": 0.03788202865087794,
      "median": 1.8689330188,
      "user": 7.83382206,
      "system": 0.3391217,
      "min": 1.7844520282999998,
      "max": 1.8912259583,
      "times": [
        1.8831561983,
        1.8599243483,
        1.8894468513,
        1.8823766653,
        1.8779416892999998,
        1.8121394433,
        1.8176603853,
        1.8912259583,
        1.8439850613,
        1.7844520282999998
      ],
      "exit_codes": [
        0,
        0,
        0,
        0,
        0,
        0,
        0,
        0,
        0,
        0
      ],
      "parameters": {
        "VERSION": "4.0.0-alpha-13"
      }
    }
  ]
}
