{
  "results": [
    {
      "command": "3.0.5",
      "mean": 0.8544814119200002,
      "stddev": 0.012921792701235469,
      "median": 0.85429755502,
      "user": 2.7189562599999997,
      "system": 0.08499399999999999,
      "min": 0.8366460480200001,
      "max": 0.8721122290200001,
      "times": [
        0.8366460480200001,
        0.85833483002,
        0.8721122290200001,
        0.85830171202,
        0.86906233002,
        0.84565488702,
        0.85029339802,
        0.86965059602,
        0.84495549402,
        0.8398025950200001
      ],
      "exit_codes": [
        0,
        0,
        0,
        0,
        0,
        0,
        0,
        0,
        0,
        0
      ],
      "parameters": {
        "VERSION": "3.0.5"
      }
    },
    {
      "command": "3.6.3",
      "mean": 0.9495578394199999,
      "stddev": 0.014057083051405725,
      "median": 0.9484784935200001,
      "user": 3.1018941599999996,
      "system": 0.12886840000000002,
      "min": 0.9293448910200001,
      "max": 0.9722489190200001,
      "times": [
        0.93997694202,
        0.9293448910200001,
        0.96041101502,
        0.9504285480200001,
        0.94504230402,
        0.9722489190200001,
        0.96761791602,
        0.9465284390200001,
        0.9326533330200001,
        0.9513260870200001
      ],
      "exit_codes": [
        0,
        0,
        0,
        0,
        0,
        0,
        0,
        0,
        0,
        0
      ],
      "parameters": {
        "VERSION": "3.6.3"
      }
    },
    {
      "command": "3.8.8",
      "mean": 0.9264257994200001,
      "stddev": 0.03321363313454846,
      "median": 0.91397974002,
      "user": 3.0625851600000003,
      "system": 0.0789,
      "min": 0.8988432540200001,
      "max": 1.0038545900200002,
      "times": [
        0.91248104502,
        0.8994293210200001,
        0.8988432540200001,
        0.8999476980200001,
        0.91547843502,
        1.0038545900200002,
        0.94242359602,
        0.9229948200200001,
        0.9116745140200001,
        0.9571307210200001
      ],
      "exit_codes": [
        0,
        0,
        0,
        0,
        0,
        0,
        0,
        0,
        0,
        0
      ],
      "parameters": {
        "VERSION": "3.8.8"
      }
    },
    {
      "command": "3.9.4",
      "mean": 1.08803898472,
      "stddev": 0.024278114854272857,
      "median": 1.09980042202,
      "user": 3.5894979600000005,
      "system": 0.09542459999999998,
      "min": 1.05376182302,
      "max": 1.11288711102,
      "times": [
        1.10603768102,
        1.0600503360200002,
        1.1126219570200002,
        1.11288711102,
        1.10732202102,
        1.0636912310200002,
        1.06441684302,
        1.10067549602,
        1.05376182302,
        1.09892534802
      ],
      "exit_codes": [
        0,
        0,
        0,
        0,
        0,
        0,
        0,
        0,
        0,
        0
      ],
      "parameters": {
        "VERSION": "3.9.4"
      }
    },
    {
      "command": "3.9.5",
      "mean": 1.09157221982,
      "stddev": 0.02384091257486666,
      "median": 1.08499786752,
      "user": 3.6026177600000002,
      "system": 0.09898370000000001,
      "min": 1.05658344602,
      "max": 1.1357330970200001,
      "times": [
        1.1357330970200001,
        1.0822502770200002,
        1.11071945102,
        1.0657500830200002,
        1.08327272302,
        1.1171297210200002,
        1.08342919902,
        1.05658344602,
        1.0942876650200002,
        1.08656653602
      ],
      "exit_codes": [
        0,
        0,
        0,
        0,
        0,
        0,
        0,
        0,
        0,
        0
      ],
      "parameters": {
        "VERSION": "3.9.5"
      }
    },
    {
      "command": "4.0.0-alpha-7",
      "mean": 1.33977644412,
      "stddev": 0.03306566456770022,
      "median": 1.3309348285200002,
      "user": 4.19524116,
      "system": 0.1250598,
      "min": 1.2833807560200001,
      "max": 1.38313135402,
      "times": [
        1.32147166602,
        1.3402859550200001,
        1.3827666410200001,
        1.2833807560200001,
        1.37669621402,
        1.31920152802,
        1.32002950902,
        1.3492171160200002,
        1.32158370202,
        1.38313135402
      ],
      "exit_codes": [
        0,
        0,
        0,
        0,
        0,
        0,
        0,
        0,
        0,
        0
      ],
      "parameters": {
        "VERSION": "4.0.0-alpha-7"
      }
    },
    {
      "command": "4.0.0-alpha-8",
      "mean": 1.4146132027200002,
      "stddev": 0.01859124464694732,
      "median": 1.4163398870200001,
      "user": 4.446798759999999,
      "system": 0.1361108,
      "min": 1.3869422750200002,
      "max": 1.43866847502,
      "times": [
        1.4376455090200002,
        1.39199742602,
        1.39847800502,
        1.3869422750200002,
        1.4258663150200002,
        1.4264487810200002,
        1.4246897420200002,
        1.40740546702,
        1.43866847502,
        1.40799003202
      ],
      "exit_codes": [
        0,
        0,
        0,
        0,
        0,
        0,
        0,
        0,
        0,
        0
      ],
      "parameters": {
        "VERSION": "4.0.0-alpha-8"
      }
    }
  ]
}
