{
  "results": [
    {
      "command": "3.0.5",
      "mean": 0.80775074212,
      "stddev": 0.019417289067922137,
      "median": 0.80280186202,
      "user": 2.5832029800000003,
      "system": 0.09883785999999999,
      "min": 0.7824833425200001,
      "max": 0.84144600252,
      "times": [
        0.79701094252,
        0.79348579452,
        0.79478749352,
        0.8142819785200001,
        0.7824833425200001,
        0.79573168252,
        0.80859278152,
        0.84144600252,
        0.8114193255200001,
        0.8382680775200001
      ],
      "exit_codes": [
        0,
        0,
        0,
        0,
        0,
        0,
        0,
        0,
        0,
        0
      ],
      "parameters": {
        "VERSION": "3.0.5"
      }
    },
    {
      "command": "3.6.3",
      "mean": 0.91244812772,
      "stddev": 0.01161915522475877,
      "median": 0.91158330352,
      "user": 3.0528506799999997,
      "system": 0.13590196,
      "min": 0.8962327625200001,
      "max": 0.9309162925200001,
      "times": [
        0.9309162925200001,
        0.9087062515200001,
        0.9295738735200001,
        0.9186222095200001,
        0.90739056252,
        0.9150780015200001,
        0.90143726152,
        0.90206370652,
        0.8962327625200001,
        0.91446035552
      ],
      "exit_codes": [
        0,
        0,
        0,
        0,
        0,
        0,
        0,
        0,
        0,
        0
      ],
      "parameters": {
        "VERSION": "3.6.3"
      }
    },
    {
      "command": "3.8.8",
      "mean": 0.9167496950200003,
      "stddev": 0.025505774528771445,
      "median": 0.9163049540200001,
      "user": 3.06798788,
      "system": 0.09484706,
      "min": 0.88195027652,
      "max": 0.9606192075200001,
      "times": [
        0.88195027652,
        0.9235664155200001,
        0.90904349252,
        0.8968263485200001,
        0.9268529565200001,
        0.94413134352,
        0.9606192075200001,
        0.9357777475200001,
        0.8948596445200001,
        0.8938695175200001
      ],
      "exit_codes": [
        0,
        0,
        0,
        0,
        0,
        0,
        0,
        0,
        0,
        0
      ],
      "parameters": {
        "VERSION": "3.8.8"
      }
    },
    {
      "command": "3.9.4",
      "mean": 1.0935951523200003,
      "stddev": 0.016020100141851165,
      "median": 1.0917741970200001,
      "user": 3.67312018,
      "system": 0.10753146,
      "min": 1.0742871205200002,
      "max": 1.12436545052,
      "times": [
        1.07599219052,
        1.12436545052,
        1.08555027752,
        1.0742871205200002,
        1.0896908115200001,
        1.0826530255200002,
        1.09385758252,
        1.11410744952,
        1.10130905852,
        1.0941385565200001
      ],
      "exit_codes": [
        0,
        0,
        0,
        0,
        0,
        0,
        0,
        0,
        0,
        0
      ],
      "parameters": {
        "VERSION": "3.9.4"
      }
    },
    {
      "command": "3.9.5",
      "mean": 1.0892083990199999,
      "stddev": 0.021123735282158745,
      "median": 1.0895703135200001,
      "user": 3.6798619799999996,
      "system": 0.10916635999999999,
      "min": 1.0670899285200002,
      "max": 1.12265660052,
      "times": [
        1.0674530205200001,
        1.09281532752,
        1.0936907475200002,
        1.11874208252,
        1.0863252995200001,
        1.0683282895200001,
        1.07047552052,
        1.0670899285200002,
        1.10450717352,
        1.12265660052
      ],
      "exit_codes": [
        0,
        0,
        0,
        0,
        0,
        0,
        0,
        0,
        0,
        0
      ],
      "parameters": {
        "VERSION": "3.9.5"
      }
    },
    {
      "command": "4.0.0-alpha-7",
      "mean": 1.36880951832,
      "stddev": 0.02549301509312677,
      "median": 1.3638160780200002,
      "user": 4.606659680000002,
      "system": 0.13861456,
      "min": 1.33387256252,
      "max": 1.42071534252,
      "times": [
        1.42071534252,
        1.3499284875200002,
        1.39397120852,
        1.3665317795200003,
        1.34632250152,
        1.3871510985200002,
        1.3619700465200002,
        1.3632160475200001,
        1.33387256252,
        1.3644161085200002
      ],
      "exit_codes": [
        0,
        0,
        0,
        0,
        0,
        0,
        0,
        0,
        0,
        0
      ],
      "parameters": {
        "VERSION": "4.0.0-alpha-7"
      }
    },
    {
      "command": "4.0.0-alpha-8",
      "mean": 1.4549740404200002,
      "stddev": 0.021462580060863386,
      "median": 1.4589258895200001,
      "user": 4.92580538,
      "system": 0.15474376,
      "min": 1.4224277335200002,
      "max": 1.5024762425200002,
      "times": [
        1.4613595025200001,
        1.4224277335200002,
        1.43743612252,
        1.45816413752,
        1.4607853775200002,
        1.4596876415200002,
        1.4421661715200003,
        1.5024762425200002,
        1.44165506352,
        1.46358241152
      ],
      "exit_codes": [
        0,
        0,
        0,
        0,
        0,
        0,
        0,
        0,
        0,
        0
      ],
      "parameters": {
        "VERSION": "4.0.0-alpha-8"
      }
    }
  ]
}
