{
  "results": [
    {
      "command": "3.0.5",
      "mean": 1.24510486346,
      "stddev": 0.027866479761879382,
      "median": 1.25551814396,
      "user": 5.0391995000000005,
      "system": 0.31168287999999994,
      "min": 1.20069691346,
      "max": 1.28352118246,
      "times": [
        1.22225006846,
        1.25337364546,
        1.2576626424600001,
        1.20069691346,
        1.26692499146,
        1.26615841346,
        1.28352118246,
        1.23407371346,
        1.26028373846,
        1.20610332546
      ],
      "exit_codes": [
        0,
        0,
        0,
        0,
        0,
        0,
        0,
        0,
        0,
        0
      ],
      "parameters": {
        "VERSION": "3.0.5"
      }
    },
    {
      "command": "3.1.1",
      "mean": 1.27060012076,
      "stddev": 0.024876738458376103,
      "median": 1.26638209996,
      "user": 4.7894787,
      "system": 0.34798388,
      "min": 1.23651971446,
      "max": 1.31627682846,
      "times": [
        1.2494310454600002,
        1.26913425746,
        1.2636299424600002,
        1.31627682846,
        1.28835678146,
        1.23651971446,
        1.30177495946,
        1.25097762846,
        1.25835788946,
        1.2715421604600001
      ],
      "exit_codes": [
        0,
        0,
        0,
        0,
        0,
        0,
        0,
        0,
        0,
        0
      ],
      "parameters": {
        "VERSION": "3.1.1"
      }
    },
    {
      "command": "3.2.5",
      "mean": 1.30504375266,
      "stddev": 0.05073560754367148,
      "median": 1.3086351234600002,
      "user": 5.295744899999999,
      "system": 0.34918688,
      "min": 1.2345581484600001,
      "max": 1.41678507146,
      "times": [
        1.28799192946,
        1.31152367746,
        1.28193869446,
        1.2345581484600001,
        1.31322428046,
        1.3301618744600001,
        1.24373707746,
        1.3057465694600001,
        1.41678507146,
        1.32477020346
      ],
      "exit_codes": [
        0,
        0,
        0,
        0,
        0,
        0,
        0,
        0,
        0,
        0
      ],
      "parameters": {
        "VERSION": "3.2.5"
      }
    },
    {
      "command": "3.3.9",
      "mean": 1.3736417050600003,
      "stddev": 0.0357046606282434,
      "median": 1.36782482346,
      "user": 5.5587485,
      "system": 0.34805688,
      "min": 1.32161282546,
      "max": 1.4288956344600001,
      "times": [
        1.33576316446,
        1.34777747546,
        1.36199508046,
        1.4288956344600001,
        1.38127384346,
        1.32161282546,
        1.37269404046,
        1.39758166646,
        1.36295560646,
        1.42586771346
      ],
      "exit_codes": [
        0,
        0,
        0,
        0,
        0,
        0,
        0,
        0,
        0,
        0
      ],
      "parameters": {
        "VERSION": "3.3.9"
      }
    },
    {
      "command": "3.5.4",
      "mean": 1.3941762078600002,
      "stddev": 0.04567857923354252,
      "median": 1.40803499896,
      "user": 5.978646699999999,
      "system": 0.38501478,
      "min": 1.31082436346,
      "max": 1.4538693604600001,
      "times": [
        1.4538693604600001,
        1.38920345746,
        1.31082436346,
        1.41462329946,
        1.41689793846,
        1.32306850646,
        1.4355210224600001,
        1.40680635946,
        1.4092636384600001,
        1.38168413246
      ],
      "exit_codes": [
        0,
        0,
        0,
        0,
        0,
        0,
        0,
        0,
        0,
        0
      ],
      "parameters": {
        "VERSION": "3.5.4"
      }
    },
    {
      "command": "3.6.3",
      "mean": 1.3466773118600002,
      "stddev": 0.03346935847896246,
      "median": 1.34664009196,
      "user": 5.776293099999999,
      "system": 0.34188177999999997,
      "min": 1.28847387546,
      "max": 1.40472680946,
      "times": [
        1.40472680946,
        1.28847387546,
        1.37869439146,
        1.34395105546,
        1.34337357546,
        1.34972728946,
        1.32027684346,
        1.34932912846,
        1.31623126346,
        1.37198888646
      ],
      "exit_codes": [
        0,
        0,
        0,
        0,
        0,
        0,
        0,
        0,
        0,
        0
      ],
      "parameters": {
        "VERSION": "3.6.3"
      }
    },
    {
      "command": "3.8.1",
      "mean": 1.35397398846,
      "stddev": 0.04021395860133444,
      "median": 1.35365477046,
      "user": 5.7346303,
      "system": 0.37125068000000006,
      "min": 1.27208499846,
      "max": 1.40533725946,
      "times": [
        1.37838282646,
        1.35367906146,
        1.40533725946,
        1.40467552246,
        1.27208499846,
        1.35363047946,
        1.34768276946,
        1.37175056546,
        1.33497347846,
        1.31754292346
      ],
      "exit_codes": [
        0,
        0,
        0,
        0,
        0,
        0,
        0,
        0,
        0,
        0
      ],
      "parameters": {
        "VERSION": "3.8.1"
      }
    },
    {
      "command": "3.8.2",
      "mean": 1.4003011455600003,
      "stddev": 0.033032609867866644,
      "median": 1.40152890846,
      "user": 6.385171699999999,
      "system": 0.3741900800000001,
      "min": 1.35582771046,
      "max": 1.44814795846,
      "times": [
        1.41149263846,
        1.44571863646,
        1.40158529046,
        1.35582771046,
        1.37208153346,
        1.36618924146,
        1.40147252646,
        1.44814795846,
        1.37376983146,
        1.4267260884600002
      ],
      "exit_codes": [
        0,
        0,
        0,
        0,
        0,
        0,
        0,
        0,
        0,
        0
      ],
      "parameters": {
        "VERSION": "3.8.2"
      }
    },
    {
      "command": "3.8.3",
      "mean": 1.3507384547599999,
      "stddev": 0.04276418968164874,
      "median": 1.34571399896,
      "user": 6.0158338,
      "system": 0.33271288000000004,
      "min": 1.28544409346,
      "max": 1.43320006746,
      "times": [
        1.35915308746,
        1.28544409346,
        1.39201733146,
        1.43320006746,
        1.33282135746,
        1.31103329746,
        1.35070537346,
        1.37962867246,
        1.32265864246,
        1.3407226244600001
      ],
      "exit_codes": [
        0,
        0,
        0,
        0,
        0,
        0,
        0,
        0,
        0,
        0
      ],
      "parameters": {
        "VERSION": "3.8.3"
      }
    },
    {
      "command": "3.8.4",
      "mean": 1.3485576915600002,
      "stddev": 0.030142183755990995,
      "median": 1.34630665196,
      "user": 6.0050520999999994,
      "system": 0.35228988,
      "min": 1.3122670304600002,
      "max": 1.39873684246,
      "times": [
        1.3122670304600002,
        1.39873684246,
        1.37036128046,
        1.38344532946,
        1.36005403446,
        1.36063677446,
        1.3152530904600002,
        1.32657079746,
        1.33255926946,
        1.32569246646
      ],
      "exit_codes": [
        0,
        0,
        0,
        0,
        0,
        0,
        0,
        0,
        0,
        0
      ],
      "parameters": {
        "VERSION": "3.8.4"
      }
    },
    {
      "command": "4.0.0-alpha-1",
      "mean": 1.4619531211599999,
      "stddev": 0.05614049591002323,
      "median": 1.46951776496,
      "user": 6.401158199999999,
      "system": 0.38949478,
      "min": 1.38391495546,
      "max": 1.53189496246,
      "times": [
        1.5122979864600001,
        1.38391495546,
        1.5084584094600002,
        1.51590371546,
        1.4842136024600001,
        1.38821746646,
        1.53189496246,
        1.40858164046,
        1.43122654546,
        1.45482192746
      ],
      "exit_codes": [
        0,
        0,
        0,
        0,
        0,
        0,
        0,
        0,
        0,
        0
      ],
      "parameters": {
        "VERSION": "4.0.0-alpha-1"
      }
    }
  ]
}
