{
  "results": [
    {
      "command": "3.0.5",
      "mean": 0.70326687898,
      "stddev": 0.021414681030976355,
      "median": 0.7105216010800001,
      "user": 2.1591108,
      "system": 0.09277819999999999,
      "min": 0.66042430858,
      "max": 0.73086844258,
      "times": [
        0.73086844258,
        0.71596816358,
        0.68581438258,
        0.69443204358,
        0.7121619355800001,
        0.72460682458,
        0.7138146065800001,
        0.6856968155800001,
        0.7088812665800001,
        0.66042430858
      ],
      "exit_codes": [
        0,
        0,
        0,
        0,
        0,
        0,
        0,
        0,
        0,
        0
      ],
      "parameters": {
        "VERSION": "3.0.5"
      }
    },
    {
      "command": "3.1.1",
      "mean": 0.7640007534800001,
      "stddev": 0.03452785354991968,
      "median": 0.75561152608,
      "user": 2.3562697,
      "system": 0.08982019999999999,
      "min": 0.72266224858,
      "max": 0.82356208558,
      "times": [
        0.7512266375800001,
        0.74169336758,
        0.8174370335800001,
        0.7562811045800001,
        0.72804087758,
        0.7860729725800001,
        0.7580892595800001,
        0.82356208558,
        0.72266224858,
        0.75494194758
      ],
      "exit_codes": [
        0,
        0,
        0,
        0,
        0,
        0,
        0,
        0,
        0,
        0
      ],
      "parameters": {
        "VERSION": "3.1.1"
      }
    },
    {
      "command": "3.2.5",
      "mean": 0.78953492358,
      "stddev": 0.014991727521462406,
      "median": 0.79170213208,
      "user": 2.4964362999999996,
      "system": 0.09581900000000002,
      "min": 0.76894407858,
      "max": 0.81315169758,
      "times": [
        0.77318686658,
        0.80020231058,
        0.76894407858,
        0.77921189958,
        0.80449212658,
        0.81315169758,
        0.79839821458,
        0.77435777758,
        0.79408959958,
        0.78931466458
      ],
      "exit_codes": [
        0,
        0,
        0,
        0,
        0,
        0,
        0,
        0,
        0,
        0
      ],
      "parameters": {
        "VERSION": "3.2.5"
      }
    },
    {
      "command": "3.3.9",
      "mean": 0.7943272345800001,
      "stddev": 0.013709125310296855,
      "median": 0.79248226308,
      "user": 2.5198208999999996,
      "system": 0.0878937,
      "min": 0.78060419558,
      "max": 0.82420867058,
      "times": [
        0.79354447258,
        0.79322857958,
        0.79431376458,
        0.78442081358,
        0.78409351058,
        0.78508927758,
        0.79173594658,
        0.82420867058,
        0.81203311458,
        0.78060419558
      ],
      "exit_codes": [
        0,
        0,
        0,
        0,
        0,
        0,
        0,
        0,
        0,
        0
      ],
      "parameters": {
        "VERSION": "3.3.9"
      }
    },
    {
      "command": "3.5.4",
      "mean": 0.82028493598,
      "stddev": 0.019681178799427938,
      "median": 0.8156027830800001,
      "user": 2.5814836999999997,
      "system": 0.09940589999999998,
      "min": 0.7932299005800001,
      "max": 0.8592713015800001,
      "times": [
        0.80754118358,
        0.81178045058,
        0.8194251155800001,
        0.83486658158,
        0.80926403158,
        0.8289727545800001,
        0.8592713015800001,
        0.7932299005800001,
        0.8363815855800001,
        0.80211645458
      ],
      "exit_codes": [
        0,
        0,
        0,
        0,
        0,
        0,
        0,
        0,
        0,
        0
      ],
      "parameters": {
        "VERSION": "3.5.4"
      }
    },
    {
      "command": "3.6.3",
      "mean": 0.7826607238800001,
      "stddev": 0.018345865585732504,
      "median": 0.78125022058,
      "user": 2.4271114000000003,
      "system": 0.09251059999999998,
      "min": 0.75583397558,
      "max": 0.81543889258,
      "times": [
        0.78467592758,
        0.75583397558,
        0.8062771335800001,
        0.7621967805800001,
        0.81543889258,
        0.79066005258,
        0.77782451358,
        0.77207439158,
        0.77590324958,
        0.78572232158
      ],
      "exit_codes": [
        0,
        0,
        0,
        0,
        0,
        0,
        0,
        0,
        0,
        0
      ],
      "parameters": {
        "VERSION": "3.6.3"
      }
    },
    {
      "command": "3.8.1",
      "mean": 0.7860361773800001,
      "stddev": 0.014964630729273174,
      "median": 0.7831142550800001,
      "user": 2.4442089,
      "system": 0.09625959999999999,
      "min": 0.7636954355800001,
      "max": 0.8095560955800001,
      "times": [
        0.80468440358,
        0.77332828158,
        0.77736395358,
        0.8016239675800001,
        0.77930365658,
        0.77664585158,
        0.7636954355800001,
        0.7872352745800001,
        0.7869248535800001,
        0.8095560955800001
      ],
      "exit_codes": [
        0,
        0,
        0,
        0,
        0,
        0,
        0,
        0,
        0,
        0
      ],
      "parameters": {
        "VERSION": "3.8.1"
      }
    },
    {
      "command": "3.8.2",
      "mean": 0.7835516930800001,
      "stddev": 0.01961886563870458,
      "median": 0.78370710008,
      "user": 2.4592256999999997,
      "system": 0.0800506,
      "min": 0.75268703158,
      "max": 0.8167740895800001,
      "times": [
        0.78139630658,
        0.75268703158,
        0.76204293458,
        0.80958809458,
        0.78711046858,
        0.7906989505800001,
        0.8167740895800001,
        0.7705693085800001,
        0.77863185258,
        0.7860178935800001
      ],
      "exit_codes": [
        0,
        0,
        0,
        0,
        0,
        0,
        0,
        0,
        0,
        0
      ],
      "parameters": {
        "VERSION": "3.8.2"
      }
    },
    {
      "command": "3.8.3",
      "mean": 0.7776320047799999,
      "stddev": 0.021815642496158937,
      "median": 0.77945733908,
      "user": 2.3836682,
      "system": 0.0772771,
      "min": 0.74687401158,
      "max": 0.80580867558,
      "times": [
        0.77267210858,
        0.7960358925800001,
        0.7862616585800001,
        0.7612364355800001,
        0.74748090658,
        0.78624256958,
        0.74687401158,
        0.80580867558,
        0.8053392275800001,
        0.76836856158
      ],
      "exit_codes": [
        0,
        0,
        0,
        0,
        0,
        0,
        0,
        0,
        0,
        0
      ],
      "parameters": {
        "VERSION": "3.8.3"
      }
    },
    {
      "command": "3.8.4",
      "mean": 0.7672830729800001,
      "stddev": 0.014632053817729302,
      "median": 0.76250255858,
      "user": 2.3946587,
      "system": 0.0632639,
      "min": 0.7454271275800001,
      "max": 0.79407963958,
      "times": [
        0.76112380658,
        0.79407963958,
        0.75755189458,
        0.7454271275800001,
        0.7813281885800001,
        0.7602982165800001,
        0.77408311358,
        0.7796636975800001,
        0.7638813105800001,
        0.75539373458
      ],
      "exit_codes": [
        0,
        0,
        0,
        0,
        0,
        0,
        0,
        0,
        0,
        0
      ],
      "parameters": {
        "VERSION": "3.8.4"
      }
    },
    {
      "command": "3.8.5",
      "mean": 0.7733566272800001,
      "stddev": 0.0169548275576498,
      "median": 0.77537827258,
      "user": 2.363699,
      "system": 0.06137459999999999,
      "min": 0.73729344458,
      "max": 0.7961448505800001,
      "times": [
        0.7815020745800001,
        0.7961448505800001,
        0.7645563335800001,
        0.76930579958,
        0.78170575858,
        0.79214898558,
        0.73729344458,
        0.77631430958,
        0.77444223558,
        0.7601524805800001
      ],