{
  "results": [
    {
      "command": "3.0.5",
      "mean": 4.265019948119999,
      "stddev": 0.041864474041322555,
      "median": 4.28675927932,
      "user": 12.40438618,
      "system": 1.20063402,
      "min": 4.20475252132,
      "max": 4.319220501319999,
      "times": [
        4.29310711432,
        4.29580868132,
        4.20526942032,
        4.24273763932,
        4.223590058319999,
        4.20475252132,
        4.292194986319999,
        4.28712507532,
        4.2863934833199995,
        4.319220501319999
      ],
      "exit_codes": [
        0,
        0,
        0,
        0,
        0,
        0,
        0,
        0,
        0,
        0
      ],
      "parameters": {
        "VERSION": "3.0.5"
      }
    },
    {
      "command": "3.1.1",
      "mean": 9.86733527262,
      "stddev": 0.13423496424914513,
      "median": 9.82417747132,
      "user": 41.09816158,
      "system": 7.777638520000001,
      "min": 9.71027265432,
      "max": 10.06270664632,
      "times": [
        10.06247906832,
        9.794604082320001,
        9.79070362332,
        9.72136104232,
        9.90136127132,
        10.003338383320001,
        9.85375086032,
        10.06270664632,
        9.71027265432,
        9.77277509432
      ],
      "exit_codes": [
        0,
        0,
        0,
        0,
        0,
        0,
        0,
        0,
        0,
        0
      ],
      "parameters": {
        "VERSION": "3.1.1"
      }
    },
    {
      "command": "3.2.5",
      "mean": 10.10429275722,
      "stddev": 0.11000971030123755,
      "median": 10.12315208032,
      "user": 40.87622668,
      "system": 7.943355619999998,
      "min": 9.952452579320001,
      "max": 10.29025414632,
      "times": [
        10.16414584132,
        10.29025414632,
        10.03725018532,
        9.952452579320001,
        10.082158319320001,
        10.025802844320001,
        9.961490258320001,
        10.19537254832,
        10.16603442732,
        10.167966422320001
      ],
      "exit_codes": [
        0,
        0,
        0,
        0,
        0,
        0,
        0,
        0,
        0,
        0
      ],
      "parameters": {
        "VERSION": "3.2.5"
      }
    },
    {
      "command": "3.3.9",
      "mean": 10.09711335002,
      "stddev": 0.09251186135331248,
      "median": 10.077993567820002,
      "user": 41.86006547999999,
      "system": 7.98042782,
      "min": 10.00365313632,
      "max": 10.22569877432,
      "times": [
        10.20975041932,
        10.00365313632,
        10.22569877432,
        10.00893522132,
        10.11463494632,
        10.14509637932,
        10.00399577832,
        10.20017284432,
        10.041352189320001,
        10.01784381132
      ],
      "exit_codes": [
        0,
        0,
        0,
        0,
        0,
        0,
        0,
        0,
        0,
        0
      ],
      "parameters": {
        "VERSION": "3.3.9"
      }
    },
    {
      "command": "3.5.4",
      "mean": 5.919698575819998,
      "stddev": 0.06913654189239177,
      "median": 5.912757987319999,
      "user": 15.381024079999998,
      "system": 2.7658208200000005,
      "min": 5.811221004319999,
      "max": 6.068929455319999,
      "times": [
        5.96210558632,
        5.84372602932,
        5.9075590793199995,
        6.068929455319999,
        5.917771549319999,
        5.94943935432,
        5.811221004319999,
        5.92355442332,
        5.904934851319999,
        5.90774442532
      ],
      "exit_codes": [
        0,
        0,
        0,
        0,
        0,
        0,
        0,
        0,
        0,
        0
      ],
      "parameters": {
        "VERSION": "3.5.4"
      }
    },
    {
      "command": "3.6.3",
      "mean": 5.87362800182,
      "stddev": 0.03978584157948034,
      "median": 5.877906080819999,
      "user": 16.19561268,
      "system": 2.86288802,
      "min": 5.80530359732,
      "max": 5.9226175333199995,
      "times": [
        5.91397412832,
        5.87768412132,
        5.878128040319999,
        5.83550378132,
        5.9226175333199995,
        5.80530359732,
        5.83452643732,
        5.91837453332,
        5.89128003132,
        5.85888781432
      ],
      "exit_codes": [
        0,
        0,
        0,
        0,
        0,
        0,
        0,
        0,
        0,
        0
      ],
      "parameters": {
        "VERSION": "3.6.3"
      }
    },
    {
      "command": "3.8.1",
      "mean": 5.87926086572,
      "stddev": 0.053015918525838535,
      "median": 5.87545997482,
      "user": 15.908204279999998,
      "system": 2.9086997200000004,
      "min": 5.78610550932,
      "max": 5.97881284932,
      "times": [
        5.92065133932,
        5.78610550932,
        5.83927663532,
        5.877208683319999,
        5.87104145832,
        5.92212643532,
        5.97881284932,
        5.87371126632,
        5.882435420319999,
        5.8412390603199995
      ],
      "exit_codes": [
        0,
        0,
        0,
        0,
        0,
        0,
        0,
        0,
        0,
        0
      ],
      "parameters": {
        "VERSION": "3.8.1"
      }
    },
    {
      "command": "3.8.2",
      "mean": 4.90994246292,
      "stddev": 0.07908902631705328,
      "median": 4.8996964068199995,
      "user": 15.157058379999999,
      "system": 1.15774472,
      "min": 4.81003658832,
      "max": 5.07882089732,
      "times": [
        4.887122842319999,
        4.9023481343199995,
        4.98819949132,
        4.840270525319999,
        4.93462198332,
        4.8970446793199995,
        4.837315685319999,
        4.81003658832,
        5.07882089732,
        4.92364380232
      ],
      "exit_codes": [
        0,
        0,
        0,
        0,
        0,
        0,
        0,
        0,
        0,
        0
      ],
      "parameters": {
        "VERSION": "3.8.2"
      }
    },
    {
      "command": "3.8.3",
      "mean": 3.33784827252,
      "stddev": 0.09871901604419665,
      "median": 3.3155619218199996,
      "user": 12.941074480000001,
      "system": 1.0169846200000001,
      "min": 3.23043641232,
      "max": 3.57432832132,
      "times": [
        3.38616527332,
        3.31488598232,
        3.31623786132,
        3.38358095432,
        3.30405193732,
        3.57432832132,
        3.35642432332,
        3.25756741232,
        3.25480424732,
        3.23043641232
      ],
      "exit_codes": [
        0,
        0,
        0,
        0,
        0,
        0,
        0,
        0,
        0,
        0
      ],
      "parameters": {
        "VERSION": "3.8.3"
      }
    },
    {
      "command": "3.8.4",
      "mean": 3.3266260949200004,
      "stddev": 0.05838755159104312,
      "median": 3.31306844482,
      "user": 12.69277988,
      "system": 1.02667112,
      "min": 3.23929178332,
      "max": 3.40079010932,
      "times": [
        3.30751175532,
        3.23929178332,
        3.25753911332,
        3.36318301432,
        3.39668791632,
        3.40079010932,
        3.31862513432,
        3.28579704832,
        3.39019178832,
        3.30664328632
      ],
      "exit_codes": [
        0,
        0,
        0,
        0,
        0,
        0,
        0,
        0,
        0,
        0
      ],
      "parameters": {
        "VERSION": "3.8.4"
      }
    },
    {
      "command": "3.8.5",
      "mean": 3.34902747322,
      "stddev": 0.030005703892418824,
      "median": 3.35546827182,
      "user": 12.87005298,
      "system": 1.00891132,
      "min": 3.28915312832,
      "max": 3.38222522632,
      "times": [
        3.37273242932,
        3.3729514753200003,
        3.33993880232,
        3.31096668432,
        3.35957768932,
        3.38222522632,
        3.37219504232,
        3.33917540032,
        3.35135885432,
        3.28915312832
      ],
      "exit_codes": [
        0,
        0,
        0,
        0,
        0,
        0,
        0,
        0,
        0,
        0
      ],