{
  "results": [
    {
      "command": "3.0.5",
      "mean": 0.7746310429200001,
      "stddev": 0.01908139932127123,
      "median": 0.77318121392,
      "user": 2.51485506,
      "system": 0.10607417999999998,
      "min": 0.7515719344200001,
      "max": 0.8099794094200001,
      "times": [
        0.7543701654200001,
        0.78165558042,
        0.7751009674200001,
        0.75354350542,
        0.8099794094200001,
        0.7712614604200001,
        0.7968529444200001,
        0.7823931214200001,
        0.7515719344200001,
        0.76958134042
      ],
      "exit_codes": [
        0,
        0,
        0,
        0,
        0,
        0,
        0,
        0,
        0,
        0
      ],
      "parameters": {
        "VERSION": "3.0.5"
      }
    },
    {
      "command": "3.1.1",
      "mean": 0.8244031511200001,
      "stddev": 0.015288531546275927,
      "median": 0.8246657214200002,
      "user": 2.68524706,
      "system": 0.11094508,
      "min": 0.8013732164200001,
      "max": 0.8445972284200001,
      "times": [
        0.8172881444200001,
        0.8245195004200001,
        0.8057660904200001,
        0.8435030244200001,
        0.8141816384200001,
        0.8248119424200001,
        0.8013732164200001,
        0.8264447144200001,
        0.8445972284200001,
        0.8415460114200001
      ],
      "exit_codes": [
        0,
        0,
        0,
        0,
        0,
        0,
        0,
        0,
        0,
        0
      ],
      "parameters": {
        "VERSION": "3.1.1"
      }
    },
    {
      "command": "3.2.5",
      "mean": 0.8771965743200001,
      "stddev": 0.024801513114000955,
      "median": 0.8686580344200001,
      "user": 2.95927126,
      "system": 0.09735848,
      "min": 0.8541051894200001,
      "max": 0.9300974624200001,
      "times": [
        0.9300974624200001,
        0.8775040074200001,
        0.85926871542,
        0.88112796942,
        0.8711471394200001,
        0.8661689294200001,
        0.9108061764200001,
        0.8560512624200001,
        0.86568889142,
        0.8541051894200001
      ],
      "exit_codes": [
        0,
        0,
        0,
        0,
        0,
        0,
        0,
        0,
        0,
        0
      ],
      "parameters": {
        "VERSION": "3.2.5"
      }
    },
    {
      "command": "3.3.9",
      "mean": 0.8763134817200001,
      "stddev": 0.008796114142389342,
      "median": 0.8748708604200002,
      "user": 2.9796583600000006,
      "system": 0.11201348,
      "min": 0.85758799642,
      "max": 0.8864120734200001,
      "times": [
        0.8855082744200001,
        0.8733812664200001,
        0.8739589524200001,
        0.87386852542,
        0.8864120734200001,
        0.8757827684200001,
        0.8802072514200001,
        0.8705853024200001,
        0.8858424064200001,
        0.85758799642
      ],
      "exit_codes": [
        0,
        0,
        0,
        0,
        0,
        0,
        0,
        0,
        0,
        0
      ],
      "parameters": {
        "VERSION": "3.3.9"
      }
    },
    {
      "command": "3.5.4",
      "mean": 0.92494158512,
      "stddev": 0.022753520943337963,
      "median": 0.9212965499200001,
      "user": 3.1208487599999994,
      "system": 0.13860327999999997,
      "min": 0.8997315324200001,
      "max": 0.9654321444200001,
      "times": [
        0.9026195134200001,
        0.9555155624200001,
        0.9137417754200001,
        0.9313978224200001,
        0.9021879144200001,
        0.9361964864200001,
        0.9137687454200001,
        0.9288243544200001,
        0.8997315324200001,
        0.9654321444200001
      ],
      "exit_codes": [
        0,
        0,
        0,
        0,
        0,
        0,
        0,
        0,
        0,
        0
      ],
      "parameters": {
        "VERSION": "3.5.4"
      }
    },
    {
      "command": "3.6.3",
      "mean": 0.87723323512,
      "stddev": 0.021292317369475258,
      "median": 0.8723926294200001,
      "user": 2.9030630599999996,
      "system": 0.13020447999999998,
      "min": 0.8461126804200001,
      "max": 0.9096490354200001,
      "times": [
        0.9095099874200001,
        0.9096490354200001,
        0.89360846942,
        0.87488843942,
        0.8698968194200001,
        0.8461126804200001,
        0.8668154834200001,
        0.8801836014200001,
        0.8565546404200001,
        0.8651131944200001
      ],
      "exit_codes": [
        0,
        0,
        0,
        0,
        0,
        0,
        0,
        0,
        0,
        0
      ],
      "parameters": {
        "VERSION": "3.6.3"
      }
    },
    {
      "command": "3.8.1",
      "mean": 0.8846969580200001,
      "stddev": 0.02126737860578926,
      "median": 0.8894728644200001,
      "user": 2.9670920599999997,
      "system": 0.12367888,
      "min": 0.8495738784200001,
      "max": 0.9141901554200002,
      "times": [
        0.8966946054200001,
        0.8763921034200001,
        0.9141901554200002,
        0.8887279774200001,
        0.8678378084200001,
        0.9118958904200001,
        0.8495738784200001,
        0.8918813214200001,
        0.8902177514200001,
        0.8595580884200001
      ],
      "exit_codes": [
        0,
        0,
        0,
        0,
        0,
        0,
        0,
        0,
        0,
        0
      ],
      "parameters": {
        "VERSION": "3.8.1"
      }
    },
    {
      "command": "3.8.2",
      "mean": 0.8434562060200002,
      "stddev": 0.013396497667534143,
      "median": 0.8396397269200001,
      "user": 2.8264672600000003,
      "system": 0.07732607999999999,
      "min": 0.8297054254200001,
      "max": 0.8696095064200001,
      "times": [
        0.8500964654200001,
        0.8440973204200001,
        0.8344020314200001,
        0.8297054254200001,
        0.8462622074200001,
        0.8334069564200001,
        0.8351821334200001,
        0.8696095064200001,
        0.8605008364200001,
        0.8312991774200001
      ],
      "exit_codes": [
        0,
        0,
        0,
        0,
        0,
        0,
        0,
        0,
        0,
        0
      ],
      "parameters": {
        "VERSION": "3.8.2"
      }
    },
    {
      "command": "3.8.3",
      "mean": 0.85398200042,
      "stddev": 0.02410687138934858,
      "median": 0.8458092194200001,
      "user": 2.80107006,
      "system": 0.08049408,
      "min": 0.8246733464200001,
      "max": 0.9014980114200001,
      "times": [
        0.8246733464200001,
        0.8488104164200001,
        0.8349144404200001,
        0.8812949364200001,
        0.8759099454200001,
        0.9014980114200001,
        0.8415078414200001,
        0.84604048342,
        0.8395926274200001,
        0.8455779554200001
      ],
      "exit_codes": [
        0,
        0,
        0,
        0,
        0,
        0,
        0,
        0,
        0,
        0
      ],
      "parameters": {
        "VERSION": "3.8.3"
      }
    },
    {
      "command": "3.8.4",
      "mean": 0.8446087164200001,
      "stddev": 0.022774152096858367,
      "median": 0.8381060334200001,
      "user": 2.82794256,
      "system": 0.09123638,
      "min": 0.8188330664200001,
      "max": 0.8775746254200001,
      "times": [
        0.8615328204200001,
        0.83911482942,
        0.8662395084200001,
        0.8188330664200001,
        0.8775746254200001,
        0.8307867794200001,
        0.8725793754200001,
        0.8224355304200001,
        0.8370972374200001,
        0.8198933914200001
      ],
      "exit_codes": [
        0,
        0,
        0,
        0,
        0,
        0,
        0,
        0,
        0,
        0
      ],
      "parameters": {
        "VERSION": "3.8.4"
      }
    },
    {
      "command": "3.8.5",
      "mean": 0.8531747518200001,
      "stddev": 0.02485294368688629,
      "median": 0.8479730364200001,
      "user": 2.85050976,
      "system": 0.08956167999999999,
      "min": 0.8244885114200001,
      "max": 0.9125803444200001,