{
  "results": [
    {
      "command": "3.0.5",
      "mean": 0.7774068355799999,
      "stddev": 0.01878341871328563,
      "median": 0.77920128018,
      "user": 2.35277438,
      "system": 0.07561528,
      "min": 0.7568284191800001,
      "max": 0.8101416381800001,
      "times": [
        0.78481391718,
        0.77543198918,
        0.78297057118,
        0.7586484261800001,
        0.76281646818,
        0.8101416381800001,
        0.7575170721800001,
        0.80187447418,
        0.78302538018,
        0.7568284191800001
      ],
      "exit_codes": [
        0,
        0,
        0,
        0,
        0,
        0,
        0,
        0,
        0,
        0
      ],
      "parameters": {
        "VERSION": "3.0.5"
      }
    },
    {
      "command": "3.6.3",
      "mean": 0.8977313120800001,
      "stddev": 0.019043920845015046,
      "median": 0.8982861091800001,
      "user": 2.8393382800000007,
      "system": 0.11045867999999999,
      "min": 0.8663868481800001,
      "max": 0.92351202718,
      "times": [
        0.9185551551800001,
        0.91277074118,
        0.8663868481800001,
        0.8957068151800001,
        0.8738877001800001,
        0.92351202718,
        0.9008654031800001,
        0.9101068441800001,
        0.88439289318,
        0.8911286931800001
      ],
      "exit_codes": [
        0,
        0,
        0,
        0,
        0,
        0,
        0,
        0,
        0,
        0
      ],
      "parameters": {
        "VERSION": "3.6.3"
      }
    },
    {
      "command": "3.8.8",
      "mean": 0.85646010788,
      "stddev": 0.015244840507614104,
      "median": 0.8508461606800001,
      "user": 2.7821150799999996,
      "system": 0.06997427999999997,
      "min": 0.84472981118,
      "max": 0.8973476261800001,
      "times": [
        0.85078628718,
        0.85645765218,
        0.8569109021800001,
        0.8509060341800001,
        0.8973476261800001,
        0.84472981118,
        0.8505288131800001,
        0.8481314091800001,
        0.84712153418,
        0.86168100918
      ],
      "exit_codes": [
        0,
        0,
        0,
        0,
        0,
        0,
        0,
        0,
        0,
        0
      ],
      "parameters": {
        "VERSION": "3.8.8"
      }
    },
    {
      "command": "3.9.4",
      "mean": 1.1071309136799998,
      "stddev": 0.023935418989261936,
      "median": 1.11682696568,
      "user": 3.52462478,
      "system": 0.09177818000000001,
      "min": 1.06597735918,
      "max": 1.1442642881799998,
      "times": [
        1.12223298818,
        1.08849779618,
        1.11703984018,
        1.07917839718,
        1.11661409118,
        1.1442642881799998,
        1.1190294941799999,
        1.09530082618,
        1.1231740561799999,
        1.06597735918
      ],
      "exit_codes": [
        0,
        0,
        0,
        0,
        0,
        0,
        0,
        0,
        0,
        0
      ],
      "parameters": {
        "VERSION": "3.9.4"
      }
    },
    {
      "command": "3.9.5",
      "mean": 1.11956490048,
      "stddev": 0.022944140136434085,
      "median": 1.1272285051799997,
      "user": 3.5588915799999996,
      "system": 0.08476557999999998,
      "min": 1.0730754301799998,
      "max": 1.14549811818,
      "times": [
        1.1386961091799999,
        1.10457562618,
        1.0730754301799998,
        1.09454813318,
        1.1341676461799999,
        1.1362853361799998,
        1.1143455951799999,
        1.1322316721799999,
        1.14549811818,
        1.1222253381799998
      ],
      "exit_codes": [
        0,
        0,
        0,
        0,
        0,
        0,
        0,
        0,
        0,
        0
      ],
      "parameters": {
        "VERSION": "3.9.5"
      }
    },
    {
      "command": "4.0.0-alpha-7",
      "mean": 1.39128139038,
      "stddev": 0.023913003382418762,
      "median": 1.3955046416799999,
      "user": 4.4486612800000005,
      "system": 0.12722918,
      "min": 1.35562489918,
      "max": 1.4213034861799998,
      "times": [
        1.39962297918,
        1.3913863041799999,
        1.41644552118,
        1.38063970818,
        1.41169921318,
        1.35562489918,
        1.37232543518,
        1.4213034861799998,
        1.35733899918,
        1.40642735818
      ],
      "exit_codes": [
        0,
        0,
        0,
        0,
        0,
        0,
        0,
        0,
        0,
        0
      ],
      "parameters": {
        "VERSION": "4.0.0-alpha-7"
      }
    },
    {
      "command": "4.0.0-alpha-8",
      "mean": 1.45948171768,
      "stddev": 0.03722825758278543,
      "median": 1.45461752868,
      "user": 4.65512238,
      "system": 0.13756408,
      "min": 1.41506942418,
      "max": 1.52361704718,
      "times": [
        1.42762857718,
        1.43934473018,
        1.4772472131799999,
        1.42212219718,
        1.5103568301799999,
        1.52361704718,
        1.41506942418,
        1.46989032718,
        1.4708206451799999,
        1.43872018518
      ],
      "exit_codes": [
        0,
        0,
        0,
        0,
        0,
        0,
        0,
        0,
        0,
        0
      ],
      "parameters": {
        "VERSION": "4.0.0-alpha-8"
      }
    }
  ]
}
