{
  "results": [
    {
      "command": "3.0.5",
      "mean": 1.4111639716399997,
      "stddev": 0.019667385985164192,
      "median": 1.4147508002399998,
      "user": 5.205838119999999,
      "system": 0.16969682,
      "min": 1.36775152024,
      "max": 1.4451826992399999,
      "times": [
        1.40475690024,
        1.36775152024,
        1.4451826992399999,
        1.42128311124,
        1.41678284824,
        1.4206351472399998,
        1.40071722524,
        1.4137236192399998,
        1.41577798124,
        1.4050286642399998
      ],
      "exit_codes": [
        0,
        0,
        0,
        0,
        0,
        0,
        0,
        0,
        0,
        0
      ],
      "parameters": {
        "VERSION": "3.0.5"
      }
    },
    {
      "command": "3.6.3",
      "mean": 1.78512384464,
      "stddev": 0.04543769744261997,
      "median": 1.7736341912399998,
      "user": 6.626127219999999,
      "system": 0.44398732,
      "min": 1.71605759924,
      "max": 1.84673854724,
      "times": [
        1.80749295924,
        1.8437992852399998,
        1.71605759924,
        1.8327389752399998,
        1.7767151932399998,
        1.74579248124,
        1.76662806024,
        1.84673854724,
        1.74472215624,
        1.77055318924
      ],
      "exit_codes": [
        0,
        0,
        0,
        0,
        0,
        0,
        0,
        0,
        0,
        0
      ],
      "parameters": {
        "VERSION": "3.6.3"
      }
    },
    {
      "command": "3.8.8",
      "mean": 1.60832071334,
      "stddev": 0.029550525684194327,
      "median": 1.61399230474,
      "user": 6.031305919999999,
      "system": 0.21733281999999998,
      "min": 1.54910980624,
      "max": 1.65412290624,
      "times": [
        1.59470407324,
        1.57693120224,
        1.65412290624,
        1.62386944724,
        1.62165904024,
        1.60455326124,
        1.54910980624,
        1.6212214192399999,
        1.63027278724,
        1.60676319024
      ],
      "exit_codes": [
        0,
        0,
        0,
        0,
        0,
        0,
        0,
        0,
        0,
        0
      ],
      "parameters": {
        "VERSION": "3.8.8"
      }
    },
    {
      "command": "3.9.4",
      "mean": 1.77238947524,
      "stddev": 0.02905164461223209,
      "median": 1.77059412774,
      "user": 6.60967302,
      "system": 0.16883222000000003,
      "min": 1.7195039692399998,
      "max": 1.81269774724,
      "times": [
        1.78093312424,
        1.75932399224,
        1.76877100024,
        1.74518294424,
        1.77241725524,
        1.8123840542399998,
        1.7928717242399999,
        1.81269774724,
        1.7195039692399998,
        1.75980894124
      ],
      "exit_codes": [
        0,
        0,
        0,
        0,
        0,
        0,
        0,
        0,
        0,
        0
      ],
      "parameters": {
        "VERSION": "3.9.4"
      }
    },
    {
      "command": "3.9.5",
      "mean": 1.78049939034,
      "stddev": 0.03397276648968082,
      "median": 1.7817711542399999,
      "user": 6.682293419999999,
      "system": 0.18936821999999998,
      "min": 1.73561090524,
      "max": 1.83295115524,
      "times": [
        1.80048052924,
        1.74437581924,
        1.78872588624,
        1.8272222302399999,
        1.83295115524,
        1.78563795824,
        1.7412624122399998,
        1.73561090524,
        1.77790435024,
        1.77082265724
      ],
      "exit_codes": [
        0,
        0,
        0,
        0,
        0,
        0,
        0,
        0,
        0,
        0
      ],
      "parameters": {
        "VERSION": "3.9.5"
      }
    },
    {
      "command": "4.0.0-alpha-7",
      "mean": 2.3677852214399997,
      "stddev": 0.03235517833013479,
      "median": 2.36627410124,
      "user": 8.807886620000001,
      "system": 0.28879141999999997,
      "min": 2.32094781224,
      "max": 2.41706136124,
      "times": [
        2.38282222724,
        2.34697930024,
        2.41706136124,
        2.39880057124,
        2.3423590982399998,
        2.32094781224,
        2.34972597524,
        2.33558119824,
        2.38887518424,
        2.39469948624
      ],
      "exit_codes": [
        0,
        0,
        0,
        0,
        0,
        0,
        0,
        0,
        0,
        0
      ],
      "parameters": {
        "VERSION": "4.0.0-alpha-7"
      }
    },
    {
      "command": "4.0.0-alpha-8",
      "mean": 2.4953450851399994,
      "stddev": 0.03542458409323487,
      "median": 2.48094929774,
      "user": 9.16751342,
      "system": 0.27760761999999994,
      "min": 2.45297943524,
      "max": 2.56594755724,
      "times": [
        2.47812817424,
        2.45716693824,
        2.52940870724,
        2.47895070524,
        2.56594755724,
        2.52407225324,
        2.45297943524,
        2.50489848524,
        2.48142839624,
        2.48047019924
      ],
      "exit_codes": [
        0,
        0,
        0,
        0,
        0,
        0,
        0,
        0,
        0,
        0
      ],
      "parameters": {
        "VERSION": "4.0.0-alpha-8"
      }
    }
  ]
}
