{
  "results": [
    {
      "command": "3.0.5",
      "mean": 0.8055515383800002,
      "stddev": 0.031813112337695744,
      "median": 0.7952665509800001,
      "user": 2.38838244,
      "system": 0.12814054,
      "min": 0.7724249394800001,
      "max": 0.86627684648,
      "times": [
        0.7980314714800001,
        0.7733179574800001,
        0.86627684648,
        0.80005456348,
        0.84965018548,
        0.7724249394800001,
        0.7885126724800001,
        0.78754814648,
        0.8271969704800001,
        0.7925016304800001
      ],
      "exit_codes": [
        0,
        0,
        0,
        0,
        0,
        0,
        0,
        0,
        0,
        0
      ],
      "parameters": {
        "VERSION": "3.0.5"
      }
    },
    {
      "command": "3.6.3",
      "mean": 1.02619784398,
      "stddev": 0.01820253521129968,
      "median": 1.02544400898,
      "user": 3.1993899399999997,
      "system": 0.22308804,
      "min": 1.00512253448,
      "max": 1.05540792948,
      "times": [
        1.02861638448,
        1.00657799048,
        1.01422767148,
        1.02227163348,
        1.03650128148,
        1.00512253448,
        1.03180791148,
        1.00885333748,
        1.05259176548,
        1.05540792948
      ],
      "exit_codes": [
        0,
        0,
        0,
        0,
        0,
        0,
        0,
        0,
        0,
        0
      ],
      "parameters": {
        "VERSION": "3.6.3"
      }
    },
    {
      "command": "3.8.8",
      "mean": 0.98134418968,
      "stddev": 0.02263579983136486,
      "median": 0.97997651598,
      "user": 3.0845866400000004,
      "system": 0.13333214,
      "min": 0.94250001648,
      "max": 1.02065179148,
      "times": [
        0.9934495574800001,
        0.9899412574800001,
        0.9682885954800001,
        1.02065179148,
        0.9660027084800001,
        0.9990209564800001,
        0.94250001648,
        0.9661365254800001,
        0.9700117744800001,
        0.9974387134800001
      ],
      "exit_codes": [
        0,
        0,
        0,
        0,
        0,
        0,
        0,
        0,
        0,
        0
      ],
      "parameters": {
        "VERSION": "3.8.8"
      }
    },
    {
      "command": "3.9.6",
      "mean": 1.15899668528,
      "stddev": 0.026789319303631622,
      "median": 1.1560926129800002,
      "user": 3.60557134,
      "system": 0.15956264,
      "min": 1.1176774144800001,
      "max": 1.21324476348,
      "times": [
        1.1176774144800001,
        1.14784980148,
        1.14033674648,
        1.16608242548,
        1.1601780724800002,
        1.13690794648,
        1.21324476348,
        1.15200715348,
        1.17349267048,
        1.1821898584800001
      ],
      "exit_codes": [
        0,
        0,
        0,
        0,
        0,
        0,
        0,
        0,
        0,
        0
      ],
      "parameters": {
        "VERSION": "3.9.6"
      }
    },
    {
      "command": "4.0.0-alpha-13",
      "mean": 1.64268463958,
      "stddev": 0.042628438141965264,
      "median": 1.64023926698,
      "user": 6.43299624,
      "system": 0.25874953999999994,
      "min": 1.59263146548,
      "max": 1.73414117848,
      "times": [
        1.6187558724800002,
        1.6419630704800001,
        1.64733057948,
        1.62787420248,
        1.64211061848,
        1.73414117848,
        1.6899884194800001,
        1.59353552548,
        1.59263146548,
        1.63851546348
      ],
      "exit_codes": [
        0,
        0,
        0,
        0,
        0,
        0,
        0,
        0,
        0,
        0
      ],
      "parameters": {
        "VERSION": "4.0.0-alpha-13"
      }
    }
  ]
}
