{
  "results": [
    {
      "command": "3.0.5",
      "mean": 0.9033186690400001,
      "stddev": 0.0146126552915645,
      "median": 0.90350758164,
      "user": 2.99590206,
      "system": 0.15797325999999995,
      "min": 0.8807152571400001,
      "max": 0.9325093991400001,
      "times": [
        0.8909456051400001,
        0.9075685801400001,
        0.8807152571400001,
        0.90490008314,
        0.90365242314,
        0.9018222461400001,
        0.91767854014,
        0.9325093991400001,
        0.89003181614,
        0.9033627401400001
      ],
      "exit_codes": [
        0,
        0,
        0,
        0,
        0,
        0,
        0,
        0,
        0,
        0
      ],
      "parameters": {
        "VERSION": "3.0.5"
      }
    },
    {
      "command": "3.1.1",
      "mean": 0.97328998074,
      "stddev": 0.042823358639652066,
      "median": 0.9540540286400001,
      "user": 3.19102226,
      "system": 0.17049035999999998,
      "min": 0.9363914481400001,
      "max": 1.07569521214,
      "times": [
        0.94706053314,
        0.93812755514,
        1.07569521214,
        0.9477770361400001,
        0.9983599661400001,
        0.95100392014,
        0.99733309114,
        0.9840469081400001,
        0.9363914481400001,
        0.9571041371400001
      ],
      "exit_codes": [
        0,
        0,
        0,
        0,
        0,
        0,
        0,
        0,
        0,
        0
      ],
      "parameters": {
        "VERSION": "3.1.1"
      }
    },
    {
      "command": "3.2.5",
      "mean": 1.02117320114,
      "stddev": 0.019009974045830495,
      "median": 1.03088418764,
      "user": 3.4209689599999997,
      "system": 0.17492056,
      "min": 0.98847737414,
      "max": 1.04394630814,
      "times": [
        1.03327665114,
        1.03059821414,
        0.98847737414,
        1.03293726914,
        1.03309512514,
        1.02075057714,
        1.00334074114,
        0.9941395901400001,
        1.03117016114,
        1.04394630814
      ],
      "exit_codes": [
        0,
        0,
        0,
        0,
        0,
        0,
        0,
        0,
        0,
        0
      ],
      "parameters": {
        "VERSION": "3.2.5"
      }
    },
    {
      "command": "3.3.9",
      "mean": 1.0228732168399999,
      "stddev": 0.025283640044619502,
      "median": 1.0222792166399999,
      "user": 3.49598536,
      "system": 0.18677955999999996,
      "min": 0.9884533841400001,
      "max": 1.05730839114,
      "times": [
        1.05683377314,
        1.03470612714,
        1.00882895114,
        1.03609805414,
        0.99151804214,
        1.03936689614,
        0.9884533841400001,
        1.05730839114,
        1.00985230614,
        1.00576624314
      ],
      "exit_codes": [
        0,
        0,
        0,
        0,
        0,
        0,
        0,
        0,
        0,
        0
      ],
      "parameters": {
        "VERSION": "3.3.9"
      }
    },
    {
      "command": "3.5.4",
      "mean": 1.0864456507399998,
      "stddev": 0.030716706328821893,
      "median": 1.08354507964,
      "user": 3.6138609599999993,
      "system": 0.22756485999999992,
      "min": 1.03996843214,
      "max": 1.13156774114,
      "times": [
        1.05944591114,
        1.11196042514,
        1.10330259114,
        1.06088584714,
        1.07888218014,
        1.12484428014,
        1.0882079791400001,
        1.13156774114,
        1.06539112014,
        1.03996843214
      ],
      "exit_codes": [
        0,
        0,
        0,
        0,
        0,
        0,
        0,
        0,
        0,
        0
      ],
      "parameters": {
        "VERSION": "3.5.4"
      }
    },
    {
      "command": "3.6.3",
      "mean": 1.0137017101399999,
      "stddev": 0.016293743112076906,
      "median": 1.01783752714,
      "user": 3.25959566,
      "system": 0.22904725999999997,
      "min": 0.98387282214,
      "max": 1.03915627114,
      "times": [
        1.02286976814,
        1.0300057681399999,
        1.01846462214,
        0.9987638201400001,
        1.01721043214,
        1.01966882314,
        1.03915627114,
        0.98387282214,
        1.00355677614,
        1.00344799814
      ],
      "exit_codes": [
        0,
        0,
        0,
        0,
        0,
        0,
        0,
        0,
        0,
        0
      ],
      "parameters": {
        "VERSION": "3.6.3"
      }
    },
    {
      "command": "3.8.1",
      "mean": 1.02515435174,
      "stddev": 0.023389571589723816,
      "median": 1.02752104214,
      "user": 3.37304666,
      "system": 0.23957875999999997,
      "min": 0.9913894041400001,
      "max": 1.05494426714,
      "times": [
        1.04265670814,
        1.03241878114,
        1.01111606714,
        1.04277466614,
        1.02262330314,
        0.99839798814,
        1.00216412914,
        1.05305820314,
        0.9913894041400001,
        1.05494426714
      ],
      "exit_codes": [
        0,
        0,
        0,
        0,
        0,
        0,
        0,
        0,
        0,
        0
      ],
      "parameters": {
        "VERSION": "3.8.1"
      }
    },
    {
      "command": "3.8.2",
      "mean": 0.9907433356400002,
      "stddev": 0.04322072304921848,
      "median": 0.9730249591400001,
      "user": 3.20746016,
      "system": 0.14734485999999997,
      "min": 0.9528131281400001,
      "max": 1.10072307214,
      "times": [
        0.9729679401400001,
        0.9843854511400001,
        0.9708107421400001,
        0.9528131281400001,
        1.10072307214,
        0.9856796201400001,
        1.02709095814,
        0.9701485481400001,
        0.9730819781400001,
        0.96973191814
      ],
      "exit_codes": [
        0,
        0,
        0,
        0,
        0,
        0,
        0,
        0,
        0,
        0
      ],
      "parameters": {
        "VERSION": "3.8.2"
      }
    },
    {
      "command": "3.8.3",
      "mean": 0.9798814757400001,
      "stddev": 0.03274031309778232,
      "median": 0.96869507714,
      "user": 3.1555010599999997,
      "system": 0.16015416,
      "min": 0.93996612314,
      "max": 1.04179678914,
      "times": [
        0.9657734611400001,
        0.9492217231400001,
        0.97107894614,
        1.04179678914,
        0.97540253314,
        0.96110645214,
        0.96631120814,
        1.00671509014,
        0.93996612314,
        1.0214424311399999
      ],
      "exit_codes": [
        0,
        0,
        0,
        0,
        0,
        0,
        0,
        0,
        0,
        0
      ],
      "parameters": {
        "VERSION": "3.8.3"
      }
    },
    {
      "command": "3.8.4",
      "mean": 0.9719608001400001,
      "stddev": 0.02093441799881432,
      "median": 0.9695451826400001,
      "user": 3.1571067599999996,
      "system": 0.14336036000000002,
      "min": 0.94254204314,
      "max": 1.01373035414,
      "times": [
        0.95420697614,
        0.96474023614,
        0.94254204314,
        0.96971461914,
        0.98018417014,
        0.95711671714,
        0.97026465614,
        1.01373035414,
        0.9977324831400001,
        0.9693757461400001
      ],
      "exit_codes": [
        0,
        0,
        0,
        0,
        0,
        0,
        0,
        0,
        0,
        0
      ],
      "parameters": {
        "VERSION": "3.8.4"
      }
    },
    {
      "command": "3.8.5",
      "mean": 0.96821057914,
      "stddev": 0.018441470937238493,
      "median": 0.9697442891400001,
      "user": 3.12958006,
      "system": 0.14047605999999999,
      "min": 0.94368223614,
      "max": 1.00612611714,
      "times": [
        0.9746522821400001,
        0.9677614361400001,
        0.97172714214,
        0.95110212114,
        1.00612611714,
        0.9735569781400001,
        0.94368223614,
        0.9465193391400001,
        0.96574370314,
        0.98123443614
      ],