{
  "results": [
    {
      "command": "3.0.5",
      "mean": 0.99275571726,
      "stddev": 0.028364638408995755,
      "median": 0.99688717146,
      "user": 3.34943034,
      "system": 0.10366817999999997,
      "min": 0.94765221846,
      "max": 1.03344209146,
      "times": [
        0.97252231646,
        1.00192445446,
        0.9997152084600001,
        1.03344209146,
        1.01922331546,
        1.02444473846,
        0.99405913446,
        0.96896369246,
        0.9656100024600001,
        0.94765221846
      ],
      "exit_codes": [
        0,
        0,
        0,
        0,
        0,
        0,
        0,
        0,
        0,
        0
      ],
      "parameters": {
        "VERSION": "3.0.5"
      }
    },
    {
      "command": "3.1.1",
      "mean": 1.07546726296,
      "stddev": 0.01992517685452699,
      "median": 1.07091836946,
      "user": 3.5964399400000007,
      "system": 0.10196058,
      "min": 1.05550695746,
      "max": 1.10905120046,
      "times": [
        1.10505381746,
        1.07397857046,
        1.06476927346,
        1.05683757446,
        1.06893181246,
        1.05574970046,
        1.09188879646,
        1.05550695746,
        1.10905120046,
        1.07290492646
      ],
      "exit_codes": [
        0,
        0,
        0,
        0,
        0,
        0,
        0,
        0,
        0,
        0
      ],
      "parameters": {
        "VERSION": "3.1.1"
      }
    },
    {
      "command": "3.2.5",
      "mean": 1.1359962854599999,
      "stddev": 0.02461086558996369,
      "median": 1.1366809414599999,
      "user": 3.9147771400000004,
      "system": 0.10033097999999999,
      "min": 1.09855284446,
      "max": 1.17970590046,
      "times": [
        1.14857556446,
        1.10185416446,
        1.12419326546,
        1.09855284446,
        1.14518101646,
        1.1591636674599999,
        1.17970590046,
        1.13887238846,
        1.13448949446,
        1.12937454846
      ],
      "exit_codes": [
        0,
        0,
        0,
        0,
        0,
        0,
        0,
        0,
        0,
        0
      ],
      "parameters": {
        "VERSION": "3.2.5"
      }
    },
    {
      "command": "3.3.9",
      "mean": 1.22103456996,
      "stddev": 0.03278359406223716,
      "median": 1.21065280146,
      "user": 4.367822539999999,
      "system": 0.15659888,
      "min": 1.19443812446,
      "max": 1.30181165446,
      "times": [
        1.21608693946,
        1.19725742546,
        1.24314348446,
        1.30181165446,
        1.23519622746,
        1.2172509814599999,
        1.19778229246,
        1.20521866346,
        1.20215990646,
        1.19443812446
      ],
      "exit_codes": [
        0,
        0,
        0,
        0,
        0,
        0,
        0,
        0,
        0,
        0
      ],
      "parameters": {
        "VERSION": "3.3.9"
      }
    },
    {
      "command": "3.5.4",
      "mean": 1.25868232566,
      "stddev": 0.019723672694247366,
      "median": 1.26731637446,
      "user": 4.41910204,
      "system": 0.18472627999999996,
      "min": 1.22344860246,
      "max": 1.27583845346,
      "times": [
        1.27577713446,
        1.22975449846,
        1.27583845346,
        1.2735373294599999,
        1.22344860246,
        1.24536592046,
        1.2660590594599999,
        1.27482928746,
        1.26857368946,
        1.25363928146
      ],
      "exit_codes": [
        0,
        0,
        0,
        0,
        0,
        0,
        0,
        0,
        0,
        0
      ],
      "parameters": {
        "VERSION": "3.5.4"
      }
    },
    {
      "command": "3.6.3",
      "mean": 1.21144711156,
      "stddev": 0.02546918607169347,
      "median": 1.21490698346,
      "user": 4.260754240000001,
      "system": 0.17403938,
      "min": 1.17268089146,
      "max": 1.24993403046,
      "times": [
        1.21980733946,
        1.19809832646,
        1.24993403046,
        1.17268089146,
        1.22889274046,
        1.2344505854599999,
        1.1748188394599999,
        1.2100066274599999,
        1.22746112446,
        1.19832061046
      ],
      "exit_codes": [
        0,
        0,
        0,
        0,
        0,
        0,
        0,
        0,
        0,
        0
      ],
      "parameters": {
        "VERSION": "3.6.3"
      }
    },
    {
      "command": "3.8.1",
      "mean": 1.23054658066,
      "stddev": 0.04520590103372865,
      "median": 1.23346213946,
      "user": 4.306645640000001,
      "system": 0.18250368,
      "min": 1.16808853046,
      "max": 1.29665174946,
      "times": [
        1.25325243946,
        1.27912228346,
        1.17205966546,
        1.19216601946,
        1.27154955746,
        1.22932103946,
        1.2056512824599999,
        1.16808853046,
        1.23760323946,
        1.29665174946
      ],
      "exit_codes": [
        0,
        0,
        0,
        0,
        0,
        0,
        0,
        0,
        0,
        0
      ],
      "parameters": {
        "VERSION": "3.8.1"
      }
    },
    {
      "command": "3.8.2",
      "mean": 1.18421945626,
      "stddev": 0.019607215885525702,
      "median": 1.1865928884599999,
      "user": 4.07353464,
      "system": 0.11746958,
      "min": 1.15158601046,
      "max": 1.20841139446,
      "times": [
        1.18868455346,
        1.19650613346,
        1.20191344046,
        1.20841139446,
        1.15158601046,
        1.17449012546,
        1.20331221846,
        1.1845012234599999,
        1.17714423146,
        1.1556452314599999
      ],
      "exit_codes": [
        0,
        0,
        0,
        0,
        0,
        0,
        0,
        0,
        0,
        0
      ],
      "parameters": {
        "VERSION": "3.8.2"
      }
    },
    {
      "command": "3.8.3",
      "mean": 1.16253840686,
      "stddev": 0.019651425946629955,
      "median": 1.1651516164599998,
      "user": 3.9617225399999993,
      "system": 0.12780848,
      "min": 1.12326857646,
      "max": 1.1897738254599999,
      "times": [
        1.1631760094599999,
        1.1897738254599999,
        1.1389301164599999,
        1.18586116046,
        1.1587717364599999,
        1.12326857646,
        1.16798641246,
        1.16295990446,
        1.1671272234599999,
        1.16752910346
      ],
      "exit_codes": [
        0,
        0,
        0,
        0,
        0,
        0,
        0,
        0,
        0,
        0
      ],
      "parameters": {
        "VERSION": "3.8.3"
      }
    },
    {
      "command": "3.8.4",
      "mean": 1.1751269127600001,
      "stddev": 0.027374239614325273,
      "median": 1.17580265896,
      "user": 3.98386014,
      "system": 0.12350798,
      "min": 1.14224262546,
      "max": 1.21657377546,
      "times": [
        1.20325534846,
        1.14388812546,
        1.18807780646,
        1.1434440074599999,
        1.20002453646,
        1.16537886646,
        1.16215758446,
        1.14224262546,
        1.18622645146,
        1.21657377546
      ],
      "exit_codes": [
        0,
        0,
        0,
        0,
        0,
        0,
        0,
        0,
        0,
        0
      ],
      "parameters": {
        "VERSION": "3.8.4"
      }
    },
    {
      "command": "3.8.5",
      "mean": 1.1772499615599998,
      "stddev": 0.03394070892844721,
      "median": 1.1692175379599998,
      "user": 4.018943739999999,
      "system": 0.11551557999999998,
      "min": 1.13747463146,
      "max": 1.24886339546,
      "times": [
        1.1621678334599999,
        1.17442014746,
        1.13747463146,
        1.14494371046,
        1.1640149284599999,
        1.24886339546,
        1.15293951746,
        1.21536365546,
        1.18668672046,
        1.18562507546
      ],
      "exit_codes": [
        0,
        0,
        0,
        0,
        0,
        0,
        0,
        0,
        0,
        0
      ],
      "parameters": {
        "VERSION": "3.8.5"
      }
    },
    {
      "command": "3.8.6",
      "mean": 1.1717009107599998,