{
  "results": [
    {
      "command": "3.0.5",
      "mean": 6.53037361378,
      "stddev": 0.12632084325154647,
      "median": 6.551407493380001,
      "user": 15.9882171,
      "system": 0.8143270999999999,
      "min": 6.192642820380001,
      "max": 6.65318098338,
      "times": [
        6.65318098338,
        6.57755444838,
        6.62197630038,
        6.5034938463800005,
        6.192642820380001,
        6.53107991638,
        6.54597031538,
        6.549519919380001,
        6.553295067380001,
        6.57502252038
      ],
      "exit_codes": [
        0,
        0,
        0,
        0,
        0,
        0,
        0,
        0,
        0,
        0
      ],
      "parameters": {
        "VERSION": "3.0.5"
      }
    },
    {
      "command": "3.1.1",
      "mean": 11.489843907780001,
      "stddev": 0.19200479034238357,
      "median": 11.47446359388,
      "user": 28.592065400000003,
      "system": 1.8061915,
      "min": 11.158763497379999,
      "max": 11.77848394538,
      "times": [
        11.61253425338,
        11.720666058379999,
        11.494213154379999,
        11.77848394538,
        11.31102769038,
        11.60365156838,
        11.45471403338,
        11.158763497379999,
        11.357952381379999,
        11.406432495379999
      ],
      "exit_codes": [
        0,
        0,
        0,
        0,
        0,
        0,
        0,
        0,
        0,
        0
      ],
      "parameters": {
        "VERSION": "3.1.1"
      }
    },
    {
      "command": "3.2.5",
      "mean": 11.60438857568,
      "stddev": 0.25587758336878547,
      "median": 11.65139880438,
      "user": 29.0944108,
      "system": 1.8628250999999998,
      "min": 11.033250021379999,
      "max": 11.861653196379999,
      "times": [
        11.75711558438,
        11.82315970238,
        11.52423066638,
        11.421122578379999,
        11.65828936238,
        11.64450824638,
        11.033250021379999,
        11.861653196379999,
        11.853818197379999,
        11.46673820138
      ],
      "exit_codes": [
        0,
        0,
        0,
        0,
        0,
        0,
        0,
        0,
        0,
        0
      ],
      "parameters": {
        "VERSION": "3.2.5"
      }
    },
    {
      "command": "3.3.9",
      "mean": 11.727463887779999,
      "stddev": 0.1744449485061635,
      "median": 11.741010789879999,
      "user": 29.429782999999997,
      "system": 1.9407696,
      "min": 11.36637778738,
      "max": 11.96600853438,
      "times": [
        11.826993477379999,
        11.75357480038,
        11.96600853438,
        11.88325155338,
        11.86410788738,
        11.36637778738,
        11.60849185138,
        11.599022421379999,
        11.728446779379999,
        11.67836378538
      ],
      "exit_codes": [
        0,
        0,
        0,
        0,
        0,
        0,
        0,
        0,
        0,
        0
      ],
      "parameters": {
        "VERSION": "3.3.9"
      }
    },
    {
      "command": "3.5.4",
      "mean": 8.52407259788,
      "stddev": 0.09290589750269884,
      "median": 8.49369333988,
      "user": 19.4388959,
      "system": 1.9148242,
      "min": 8.42051197138,
      "max": 8.732187956379999,
      "times": [
        8.46569332538,
        8.54065726538,
        8.48592250338,
        8.732187956379999,
        8.47233988338,
        8.42051197138,
        8.501464176379999,
        8.51227498438,
        8.473324269379999,
        8.636349643379999
      ],
      "exit_codes": [
        0,
        0,
        0,
        0,
        0,
        0,
        0,
        0,
        0,
        0
      ],
      "parameters": {
        "VERSION": "3.5.4"
      }
    },
    {
      "command": "3.6.3",
      "mean": 8.129689506279998,
      "stddev": 0.07079049167777474,
      "median": 8.12136934388,
      "user": 18.493322300000003,
      "system": 1.9175691000000001,
      "min": 8.03241237038,
      "max": 8.23971776338,
      "times": [
        8.09303859938,
        8.16816033538,
        8.05446037438,
        8.10028959038,
        8.08074466538,
        8.23971776338,
        8.15004181238,
        8.03241237038,
        8.14244909738,
        8.235580454379999
      ],
      "exit_codes": [
        0,
        0,
        0,
        0,
        0,
        0,
        0,
        0,
        0,
        0
      ],
      "parameters": {
        "VERSION": "3.6.3"
      }
    },
    {
      "command": "3.8.1",
      "mean": 8.217830561179998,
      "stddev": 0.07495398653941478,
      "median": 8.21869040388,
      "user": 18.6623849,
      "system": 1.8956316000000002,
      "min": 8.08739062438,
      "max": 8.335009268379999,
      "times": [
        8.335009268379999,
        8.268158422379999,
        8.08739062438,
        8.23827091838,
        8.22565064438,
        8.178400113379999,
        8.19101597638,
        8.211730163379999,
        8.136280957379999,
        8.306398523379999
      ],
      "exit_codes": [
        0,
        0,
        0,
        0,
        0,
        0,
        0,
        0,
        0,
        0
      ],
      "parameters": {
        "VERSION": "3.8.1"
      }
    },
    {
      "command": "3.8.2",
      "mean": 7.41690182058,
      "stddev": 0.07601682733553754,
      "median": 7.39542763038,
      "user": 17.8183879,
      "system": 0.8001735999999997,
      "min": 7.34897366438,
      "max": 7.59206136738,
      "times": [
        7.3515856603800005,
        7.39843505238,
        7.432715609380001,
        7.36104698038,
        7.34897366438,
        7.40162359538,
        7.50126650338,
        7.38888956438,
        7.39242020838,
        7.59206136738
      ],
      "exit_codes": [
        0,
        0,
        0,
        0,
        0,
        0,
        0,
        0,
        0,
        0
      ],
      "parameters": {
        "VERSION": "3.8.2"
      }
    },
    {
      "command": "3.8.3",
      "mean": 4.618392975379999,
      "stddev": 0.036869021201192155,
      "median": 4.61624341788,
      "user": 14.709983399999999,
      "system": 0.7431475999999998,
      "min": 4.54982749738,
      "max": 4.67401831038,
      "times": [
        4.59898643338,
        4.60625343538,
        4.54982749738,
        4.59116037238,
        4.67401831038,
        4.66599138538,
        4.62623340038,
        4.60161124938,
        4.63195087138,
        4.63789679838
      ],
      "exit_codes": [
        0,
        0,
        0,
        0,
        0,
        0,
        0,
        0,
        0,
        0
      ],
      "parameters": {
        "VERSION": "3.8.3"
      }
    },
    {
      "command": "3.8.4",
      "mean": 4.61985439678,
      "stddev": 0.06307179196052125,
      "median": 4.622926315380001,
      "user": 14.8333571,
      "system": 0.7040697,
      "min": 4.5244400143800005,
      "max": 4.73785913938,
      "times": [
        4.5244400143800005,
        4.58170959238,
        4.6266748493800005,
        4.67429088338,
        4.55149739738,
        4.62517614538,
        4.620676485380001,
        4.58645290738,
        4.669766553380001,
        4.73785913938
      ],
      "exit_codes": [
        0,
        0,
        0,
        0,
        0,
        0,
        0,
        0,
        0,
        0
      ],
      "parameters": {
        "VERSION": "3.8.4"
      }
    },
    {
      "command": "3.8.5",
      "mean": 4.70853666198,
      "stddev": 0.040107307349222465,
      "median": 4.710441904880001,
      "user": 15.122309699999999,
      "system": 0.6864432,
      "min": 4.65886882738,
      "max": 4.76055611638,
      "times": [
        4.66606204338,
        4.743515861380001,
        4.688460609380001,
        4.66841586538,
        4.67687354038,
        4.65886882738,
        4.73242320038,
        4.76055611638,
        4.74210371538,
        4.74808684038
      ],
      "exit_codes": [
        0,
        0,
        0,
        0,
        0,
        0,
        0,
        0,
        0,
        0
      ],