{
  "results": [
    {
      "command": "3.0.5",
      "mean": 12.229681886679998,
      "stddev": 0.13767904702330125,
      "median": 12.264919345780001,
      "user": 26.4802352,
      "system": 1.51782598,
      "min": 12.00533190328,
      "max": 12.46899257728,
      "times": [
        12.46899257728,
        12.03813126128,
        12.26592663728,
        12.29820227728,
        12.29261824928,
        12.26391205428,
        12.00533190328,
        12.25706608628,
        12.284016471280001,
        12.122621349280001
      ],
      "exit_codes": [
        0,
        0,
        0,
        0,
        0,
        0,
        0,
        0,
        0,
        0
      ],
      "parameters": {
        "VERSION": "3.0.5"
      }
    },
    {
      "command": "3.1.1",
      "mean": 25.598751764379998,
      "stddev": 0.9800120700978036,
      "median": 25.36018290328,
      "user": 57.053387799999996,
      "system": 3.5321863799999997,
      "min": 24.470900436279997,
      "max": 28.058107582279998,
      "times": [
        26.16448912028,
        28.058107582279998,
        25.474624411279997,
        25.713431526279997,
        25.202512153279997,
        25.631392201279997,
        25.068797053279997,
        25.24574139528,
        24.470900436279997,
        24.95752176428
      ],
      "exit_codes": [
        0,
        0,
        0,
        0,
        0,
        0,
        0,
        0,
        0,
        0
      ],
      "parameters": {
        "VERSION": "3.1.1"
      }
    },
    {
      "command": "3.2.5",
      "mean": 25.449148119579995,
      "stddev": 0.49178289722661206,
      "median": 25.40975767578,
      "user": 57.982535,
      "system": 3.4671534799999995,
      "min": 24.609460157279997,
      "max": 26.59273376428,
      "times": [
        24.609460157279997,
        25.39288744328,
        25.44565500028,
        25.464914096279998,
        26.59273376428,
        25.31570291228,
        25.270511718279998,
        25.426627908279997,
        25.254817018279997,
        25.71817117728
      ],
      "exit_codes": [
        0,
        0,
        0,
        0,
        0,
        0,
        0,
        0,
        0,
        0
      ],
      "parameters": {
        "VERSION": "3.2.5"
      }
    },
    {
      "command": "3.3.9",
      "mean": 25.68376834548,
      "stddev": 1.034913850262258,
      "median": 25.69952609728,
      "user": 59.605944199999996,
      "system": 2.95574128,
      "min": 24.28650411828,
      "max": 27.610854443279997,
      "times": [
        27.610854443279997,
        25.00509965928,
        24.58481147828,
        25.657975656279998,
        25.898943625279998,
        25.040622145279997,
        25.741076538279998,
        27.000586507279998,
        26.01120928328,
        24.28650411828
      ],
      "exit_codes": [
        0,
        0,
        0,
        0,
        0,
        0,
        0,
        0,
        0,
        0
      ],
      "parameters": {
        "VERSION": "3.3.9"
      }
    },
    {
      "command": "3.5.4",
      "mean": 18.319748009979996,
      "stddev": 0.6196004274540081,
      "median": 18.23394016028,
      "user": 35.30938939999999,
      "system": 4.866096879999999,
      "min": 17.411102443279997,
      "max": 19.449629643279998,
      "times": [
        17.856360627279997,
        18.52058785428,
        19.449629643279998,
        17.411102443279997,
        18.29504471028,
        17.90849270028,
        18.37929946428,
        17.99233673328,
        19.211790313279998,
        18.17283561028
      ],
      "exit_codes": [
        0,
        0,
        0,
        0,
        0,
        0,
        0,
        0,
        0,
        0
      ],
      "parameters": {
        "VERSION": "3.5.4"
      }
    },
    {
      "command": "3.6.3",
      "mean": 16.63614303528,
      "stddev": 0.20131945930261913,
      "median": 16.578685680779998,
      "user": 32.92901239999999,
      "system": 4.924883679999999,
      "min": 16.45402090528,
      "max": 17.116733567279997,
      "times": [
        16.56588089428,
        16.621451187279998,
        16.580500093279998,
        16.591515253279997,
        16.85721077728,
        16.48908117828,
        16.576871268279998,
        16.45402090528,
        16.50816522828,
        17.116733567279997
      ],
      "exit_codes": [
        0,
        0,
        0,
        0,
        0,
        0,
        0,
        0,
        0,
        0
      ],
      "parameters": {
        "VERSION": "3.6.3"
      }
    },
    {
      "command": "3.8.1",
      "mean": 16.698665163079998,
      "stddev": 0.19373349139844753,
      "median": 16.67514504378,
      "user": 32.862160499999995,
      "system": 4.85301958,
      "min": 16.474074297279998,
      "max": 17.066639460279998,
      "times": [
        16.83512594928,
        16.57704371428,
        16.792743593279997,
        16.73563831328,
        16.474074297279998,
        16.61465177428,
        16.533165344279997,
        16.487633017279997,
        17.066639460279998,
        16.86993616728
      ],
      "exit_codes": [
        0,
        0,
        0,
        0,
        0,
        0,
        0,
        0,
        0,
        0
      ],
      "parameters": {
        "VERSION": "3.8.1"
      }
    },
    {
      "command": "3.8.2",
      "mean": 14.66829402118,
      "stddev": 0.23198739946671393,
      "median": 14.575822588280001,
      "user": 30.934957400000002,
      "system": 1.4497153799999998,
      "min": 14.40395675628,
      "max": 15.09031334628,
      "times": [
        14.92224685128,
        14.49700138328,
        14.40395675628,
        14.858414056280001,
        15.09031334628,
        14.43242141128,
        14.59005065328,
        14.53458923628,
        14.79235199428,
        14.56159452328
      ],
      "exit_codes": [
        0,
        0,
        0,
        0,
        0,
        0,
        0,
        0,
        0,
        0
      ],
      "parameters": {
        "VERSION": "3.8.2"
      }
    },
    {
      "command": "3.8.3",
      "mean": 8.003647100780002,
      "stddev": 0.08627306294819043,
      "median": 7.99289197928,
      "user": 24.568123,
      "system": 1.52275728,
      "min": 7.87155566928,
      "max": 8.18156061628,
      "times": [
        7.990591240280001,
        7.87155566928,
        8.18156061628,
        7.99292900328,
        8.10483632128,
        7.99285495528,
        7.99430306128,
        8.00828743328,
        7.97558320228,
        7.9239695052800005
      ],
      "exit_codes": [
        0,
        0,
        0,
        0,
        0,
        0,
        0,
        0,
        0,
        0
      ],
      "parameters": {
        "VERSION": "3.8.3"
      }
    },
    {
      "command": "3.8.4",
      "mean": 8.05275110768,
      "stddev": 0.11058985156568518,
      "median": 8.023032695280001,
      "user": 24.640905600000004,
      "system": 1.4975981799999998,
      "min": 7.90593848928,
      "max": 8.25458422428,
      "times": [
        7.97035310428,
        8.03996703728,
        8.00609835328,
        8.17759209628,
        7.90593848928,
        8.00464442628,
        8.25458422428,
        7.940745300280001,
        8.09437957528,
        8.13320847028
      ],
      "exit_codes": [
        0,
        0,
        0,
        0,
        0,
        0,
        0,
        0,
        0,
        0
      ],
      "parameters": {
        "VERSION": "3.8.4"
      }
    },
    {
      "command": "3.8.5",
      "mean": 8.28690024868,
      "stddev": 0.2195571548963931,
      "median": 8.40998735128,
      "user": 24.706515,
      "system": 1.48104168,
      "min": 7.967810543280001,
      "max": 8.51590732328,
      "times": [
        8.05853279828,
        8.43549346728,
        7.967810543280001,
        8.46265882728,
        8.48022115328,
        8.40702908628,
        8.00262914528,
        8.51590732328,
        8.12577452628,
        8.41294561628
      ],