{
  "results": [
    {
      "command": "3.0.5",
      "mean": 0.73696798988,
      "stddev": 0.02866147687040021,
      "median": 0.73826517828,
      "user": 2.08740194,
      "system": 0.10918413999999999,
      "min": 0.6926118452800001,
      "max": 0.78625103728,
      "times": [
        0.75897715728,
        0.74345527128,
        0.70913827728,
        0.7330750852800001,
        0.6926118452800001,
        0.78625103728,
        0.75195997228,
        0.70456136428,
        0.7567095502800001,
        0.73294033828
      ],
      "exit_codes": [
        0,
        0,
        0,
        0,
        0,
        0,
        0,
        0,
        0,
        0
      ],
      "parameters": {
        "VERSION": "3.0.5"
      }
    },
    {
      "command": "3.1.1",
      "mean": 0.7568239086800002,
      "stddev": 0.028031275771954065,
      "median": 0.74780039478,
      "user": 2.2042520399999996,
      "system": 0.09441643999999999,
      "min": 0.72978340228,
      "max": 0.80561933228,
      "times": [
        0.73097533428,
        0.74845465428,
        0.77441572528,
        0.7610480982800001,
        0.72978340228,
        0.80561933228,
        0.73919696028,
        0.7471461352800001,
        0.73167801828,
        0.7999214262800001
      ],
      "exit_codes": [
        0,
        0,
        0,
        0,
        0,
        0,
        0,
        0,
        0,
        0
      ],
      "parameters": {
        "VERSION": "3.1.1"
      }
    },
    {
      "command": "3.2.5",
      "mean": 0.8099761425800001,
      "stddev": 0.018812619273567952,
      "median": 0.8073285427800001,
      "user": 2.47301664,
      "system": 0.10584774,
      "min": 0.7875233072800001,
      "max": 0.83980847028,
      "times": [
        0.83980847028,
        0.80603810328,
        0.7875233072800001,
        0.8086189822800001,
        0.81151439528,
        0.8281896332800001,
        0.80347800228,
        0.8344999952800001,
        0.78916151928,
        0.7909290172800001
      ],
      "exit_codes": [
        0,
        0,
        0,
        0,
        0,
        0,
        0,
        0,
        0,
        0
      ],
      "parameters": {
        "VERSION": "3.2.5"
      }
    },
    {
      "command": "3.3.9",
      "mean": 0.8239651439800001,
      "stddev": 0.012842880086202671,
      "median": 0.8247625577800001,
      "user": 2.5092275400000004,
      "system": 0.11001584,
      "min": 0.80042652528,
      "max": 0.8392876822800001,
      "times": [
        0.82776699328,
        0.82396407128,
        0.8255610442800001,
        0.8392876822800001,
        0.8366766442800001,
        0.80042652528,
        0.83847358128,
        0.82194379928,
        0.8076749842800001,
        0.8178761142800001
      ],
      "exit_codes": [
        0,
        0,
        0,
        0,
        0,
        0,
        0,
        0,
        0,
        0
      ],
      "parameters": {
        "VERSION": "3.3.9"
      }
    },
    {
      "command": "3.5.4",
      "mean": 0.8254655347800002,
      "stddev": 0.018191377538947985,
      "median": 0.82712005028,
      "user": 2.56867144,
      "system": 0.12726294,
      "min": 0.80125502528,
      "max": 0.85604338028,
      "times": [
        0.81388084928,
        0.8107695822800001,
        0.84459129828,
        0.80125502528,
        0.8378573262800001,
        0.85604338028,
        0.80266520228,
        0.82736471528,
        0.82687538528,
        0.8333525832800001
      ],
      "exit_codes": [
        0,
        0,
        0,
        0,
        0,
        0,
        0,
        0,
        0,
        0
      ],
      "parameters": {
        "VERSION": "3.5.4"
      }
    },
    {
      "command": "3.6.3",
      "mean": 0.8286719291800001,
      "stddev": 0.021386154364129394,
      "median": 0.82879142578,
      "user": 2.5094425399999993,
      "system": 0.12951604,
      "min": 0.80277946128,
      "max": 0.87023182728,
      "times": [
        0.83000450228,
        0.80277946128,
        0.80529857128,
        0.8410868612800001,
        0.87023182728,
        0.80931453728,
        0.8323729672800001,
        0.85090074128,
        0.81715147328,
        0.8275783492800001
      ],
      "exit_codes": [
        0,
        0,
        0,
        0,
        0,
        0,
        0,
        0,
        0,
        0
      ],
      "parameters": {
        "VERSION": "3.6.3"
      }
    },
    {
      "command": "3.8.1",
      "mean": 0.8141699787800002,
      "stddev": 0.02161444183672709,
      "median": 0.81037435778,
      "user": 2.45829254,
      "system": 0.11276274,
      "min": 0.78790841028,
      "max": 0.85625818628,
      "times": [
        0.80683239628,
        0.81061478728,
        0.83059437828,
        0.8101339282800001,
        0.83863666928,
        0.78790841028,
        0.81068724528,
        0.79984440928,
        0.85625818628,
        0.79018937728
      ],
      "exit_codes": [
        0,
        0,
        0,
        0,
        0,
        0,
        0,
        0,
        0,
        0
      ],
      "parameters": {
        "VERSION": "3.8.1"
      }
    },
    {
      "command": "3.8.2",
      "mean": 0.8285305685800001,
      "stddev": 0.027541373379891,
      "median": 0.8187532312800001,
      "user": 2.4361050399999997,
      "system": 0.09085654,
      "min": 0.80301173528,
      "max": 0.8855498782800001,
      "times": [
        0.81316157728,
        0.8855498782800001,
        0.81783059828,
        0.80301173528,
        0.82136195428,
        0.81967586428,
        0.8122647082800001,
        0.81132585028,
        0.87192194828,
        0.82920157128
      ],
      "exit_codes": [
        0,
        0,
        0,
        0,
        0,
        0,
        0,
        0,
        0,
        0
      ],
      "parameters": {
        "VERSION": "3.8.2"
      }
    },
    {
      "command": "3.8.3",
      "mean": 0.79622582768,
      "stddev": 0.01679670749502907,
      "median": 0.7974359667800001,
      "user": 2.35666524,
      "system": 0.09913244000000002,
      "min": 0.76830352928,
      "max": 0.8167767022800001,
      "times": [
        0.76830352928,
        0.78830963028,
        0.78514684428,
        0.8132315062800001,
        0.8118101882800001,
        0.77505793128,
        0.8167767022800001,
        0.79986824028,
        0.7950036932800001,
        0.80875001128
      ],
      "exit_codes": [
        0,
        0,
        0,
        0,
        0,
        0,
        0,
        0,
        0,
        0
      ],
      "parameters": {
        "VERSION": "3.8.3"
      }
    },
    {
      "command": "3.8.4",
      "mean": 0.8181089850800001,
      "stddev": 0.02139547604219561,
      "median": 0.80808862628,
      "user": 2.4071077400000003,
      "system": 0.09960904000000001,
      "min": 0.79389170028,
      "max": 0.86072519028,
      "times": [
        0.80726587528,
        0.8499467832800001,
        0.80678633728,
        0.81613307828,
        0.82596045728,
        0.86072519028,
        0.8065885312800001,
        0.79389170028,
        0.8089113772800001,
        0.80488052028
      ],
      "exit_codes": [
        0,
        0,
        0,
        0,
        0,
        0,
        0,
        0,
        0,
        0
      ],
      "parameters": {
        "VERSION": "3.8.4"
      }
    },
    {
      "command": "3.8.5",
      "mean": 0.80693643228,
      "stddev": 0.03327622690100086,
      "median": 0.79625937978,
      "user": 2.42914574,
      "system": 0.09038064,
      "min": 0.7683883382800001,
      "max": 0.87039156328,
      "times": [
        0.83347720128,
        0.7683883382800001,
        0.87039156328,
        0.81023361528,
        0.79350718828,
        0.7704625792800001,
        0.7988215242800001,
        0.8456049642800001,
        0.7847801132800001,
        0.79369723528
      ],
      "exit_codes": [
        0,
        0,
        0,
        0,
        0,
        0,
        0,
        0,
        0,
        0
      ],