{
  "results": [
    {
      "command": "3.0.5",
      "mean": 0.692294209,
      "stddev": 0.016360073393827463,
      "median": 0.6890784777000001,
      "user": 1.93187212,
      "system": 0.12166348,
      "min": 0.6692043407,
      "max": 0.7240170127,
      "times": [
        0.6817852077000001,
        0.7038822237,
        0.6910499517,
        0.6871070037,
        0.7240170127,
        0.6841852227,
        0.6692043407,
        0.6779469387,
        0.6934928647,
        0.7102713237
      ],
      "exit_codes": [
        0,
        0,
        0,
        0,
        0,
        0,
        0,
        0,
        0,
        0
      ],
      "parameters": {
        "VERSION": "3.0.5"
      }
    },
    {
      "command": "3.6.3",
      "mean": 0.9072169630000001,
      "stddev": 0.023365044174170863,
      "median": 0.9072946747,
      "user": 2.9261660199999997,
      "system": 0.17245227999999996,
      "min": 0.8770533617,
      "max": 0.9476772627000001,
      "times": [
        0.9112329627,
        0.8770533617,
        0.9476772627000001,
        0.9281835087,
        0.8876135137,
        0.9231191667,
        0.9033563867000001,
        0.8867291647000001,
        0.8834432617,
        0.9237610407
      ],
      "exit_codes": [
        0,
        0,
        0,
        0,
        0,
        0,
        0,
        0,
        0,
        0
      ],
      "parameters": {
        "VERSION": "3.6.3"
      }
    },
    {
      "command": "3.8.8",
      "mean": 0.8785280884000001,
      "stddev": 0.021654336125941503,
      "median": 0.8676752902,
      "user": 2.8568842199999995,
      "system": 0.12810698,
      "min": 0.8588827147,
      "max": 0.9155535817,
      "times": [
        0.8662716227,
        0.9155535817,
        0.8666156347,
        0.8772518457,
        0.8589252737,
        0.8630530587,
        0.9099379727,
        0.8687349457,
        0.8588827147,
        0.9000542337
      ],
      "exit_codes": [
        0,
        0,
        0,
        0,
        0,
        0,
        0,
        0,
        0,
        0
      ],
      "parameters": {
        "VERSION": "3.8.8"
      }
    },
    {
      "command": "3.9.6",
      "mean": 1.0658523933,
      "stddev": 0.019823559513101715,
      "median": 1.0630553591999998,
      "user": 3.4652876199999993,
      "system": 0.13037837999999996,
      "min": 1.0378196087,
      "max": 1.0939105887,
      "times": [
        1.0455961977,
        1.0378196087,
        1.0905124286999999,
        1.0939105887,
        1.0863233067,
        1.0491705736999999,
        1.0746263196999999,
        1.0666150257,
        1.0594956926999999,
        1.0544541907
      ],
      "exit_codes": [
        0,
        0,
        0,
        0,
        0,
        0,
        0,
        0,
        0,
        0
      ],
      "parameters": {
        "VERSION": "3.9.6"
      }
    },
    {
      "command": "4.0.0-alpha-13",
      "mean": 1.5483231450000001,
      "stddev": 0.027060262427955065,
      "median": 1.5433596697,
      "user": 6.1862381200000005,
      "system": 0.22898488,
      "min": 1.5142405987,
      "max": 1.6015697917,
      "times": [
        1.6015697917,
        1.5607640237,
        1.5142405987,
        1.5436440527,
        1.5430752867000002,
        1.5305299696999999,
        1.5819991677,
        1.5323230877,
        1.5225397756999999,
        1.5525456957000001
      ],
      "exit_codes": [
        0,
        0,
        0,
        0,
        0,
        0,
        0,
        0,
        0,
        0
      ],
      "parameters": {
        "VERSION": "4.0.0-alpha-13"
      }
    }
  ]
}
