{
  "results": [
    {
      "command": "3.0.5",
      "mean": 0.8855729120400001,
      "stddev": 0.013880799108902324,
      "median": 0.8844800152400001,
      "user": 2.98461546,
      "system": 0.12735755999999998,
      "min": 0.86818074024,
      "max": 0.90336855924,
      "times": [
        0.90336855924,
        0.89345443824,
        0.9014519752400001,
        0.8874279342400001,
        0.87289462624,
        0.8719044692400001,
        0.8815320962400001,
        0.86818074024,
        0.8732007472400001,
        0.90231353424
      ],
      "exit_codes": [
        0,
        0,
        0,
        0,
        0,
        0,
        0,
        0,
        0,
        0
      ],
      "parameters": {
        "VERSION": "3.0.5"
      }
    },
    {
      "command": "3.1.1",
      "mean": 0.9576032162399999,
      "stddev": 0.02747472259446408,
      "median": 0.9542097437400001,
      "user": 3.2547282600000003,
      "system": 0.12323746,
      "min": 0.9231943782400001,
      "max": 1.00229226524,
      "times": [
        0.9231943782400001,
        0.93267085924,
        0.9820908342400001,
        1.00229226524,
        0.94330120224,
        0.99091571024,
        0.9449765922400001,
        0.9286810452400001,
        0.96344289524,
        0.9644663802400001
      ],
      "exit_codes": [
        0,
        0,
        0,
        0,
        0,
        0,
        0,
        0,
        0,
        0
      ],
      "parameters": {
        "VERSION": "3.1.1"
      }
    },
    {
      "command": "3.2.5",
      "mean": 0.9730134833400002,
      "stddev": 0.016701377260415214,
      "median": 0.9747110022400001,
      "user": 3.3786207599999996,
      "system": 0.13363706,
      "min": 0.9471225002400001,
      "max": 0.9964886852400001,
      "times": [
        0.9808451232400001,
        0.9739720102400001,
        0.98991843424,
        0.9574925392400001,
        0.9885760372400001,
        0.9523819322400001,
        0.9754499942400001,
        0.9471225002400001,
        0.9678875772400001,
        0.9964886852400001
      ],
      "exit_codes": [
        0,
        0,
        0,
        0,
        0,
        0,
        0,
        0,
        0,
        0
      ],
      "parameters": {
        "VERSION": "3.2.5"
      }
    },
    {
      "command": "3.3.9",
      "mean": 0.9958200685400002,
      "stddev": 0.026031264382236564,
      "median": 0.9913146857400001,
      "user": 3.44754916,
      "system": 0.12320466000000001,
      "min": 0.9666613472400001,
      "max": 1.04414942324,
      "times": [
        0.9666613472400001,
        0.9894993252400001,
        1.03381417124,
        0.9810943672400001,
        1.00410804124,
        0.9713496432400001,
        0.9732527072400001,
        0.9931300462400001,
        1.00114161324,
        1.04414942324
      ],
      "exit_codes": [
        0,
        0,
        0,
        0,
        0,
        0,
        0,
        0,
        0,
        0
      ],
      "parameters": {
        "VERSION": "3.3.9"
      }
    },
    {
      "command": "3.5.4",
      "mean": 1.04443837814,
      "stddev": 0.047949343001047466,
      "median": 1.03146715924,
      "user": 3.59796606,
      "system": 0.15223716,
      "min": 0.9872834072400001,
      "max": 1.1423300972400001,
      "times": [
        1.02627798524,
        0.9872834072400001,
        1.06052144524,
        1.02388358224,
        1.10600784524,
        0.99305867824,
        1.1423300972400001,
        1.0422506682400001,
        1.03665633324,
        1.02611373924
      ],
      "exit_codes": [
        0,
        0,
        0,
        0,
        0,
        0,
        0,
        0,
        0,
        0
      ],
      "parameters": {
        "VERSION": "3.5.4"
      }
    },
    {
      "command": "3.6.3",
      "mean": 0.9870169402400002,
      "stddev": 0.017677454435721395,
      "median": 0.98327169524,
      "user": 3.3216891599999996,
      "system": 0.16020846,
      "min": 0.9648669702400001,
      "max": 1.02542942424,
      "times": [
        1.00502430824,
        0.9860613972400001,
        0.9770075562400001,
        0.9804819932400001,
        0.9899952722400001,
        0.9718935702400001,
        0.9766441252400001,
        0.9927647852400001,
        1.02542942424,
        0.9648669702400001
      ],
      "exit_codes": [
        0,
        0,
        0,
        0,
        0,
        0,
        0,
        0,
        0,
        0
      ],
      "parameters": {
        "VERSION": "3.6.3"
      }
    },
    {
      "command": "3.8.1",
      "mean": 0.9982116024400002,
      "stddev": 0.025229228901302036,
      "median": 1.0047916942400001,
      "user": 3.3523726599999994,
      "system": 0.14915006,
      "min": 0.9459305682400001,
      "max": 1.03242760524,
      "times": [
        1.03242760524,
        1.01066510324,
        1.02083361624,
        0.9701138032400001,
        1.01030731024,
        1.0088620452400001,
        1.00072134324,
        0.9901676582400001,
        0.9920869712400001,
        0.9459305682400001
      ],
      "exit_codes": [
        0,
        0,
        0,
        0,
        0,
        0,
        0,
        0,
        0,
        0
      ],
      "parameters": {
        "VERSION": "3.8.1"
      }
    },
    {
      "command": "3.8.2",
      "mean": 0.9528134751399999,
      "stddev": 0.020461254668645384,
      "median": 0.9485084207400001,
      "user": 3.20848376,
      "system": 0.10883866,
      "min": 0.9220010872400001,
      "max": 0.9892717602400001,
      "times": [
        0.9573994212400001,
        0.93864515524,
        0.9892717602400001,
        0.9466433202400001,
        0.9759153732400001,
        0.94461472024,
        0.9692401152400001,
        0.9503735212400001,
        0.9220010872400001,
        0.9340302772400001
      ],
      "exit_codes": [
        0,
        0,
        0,
        0,
        0,
        0,
        0,
        0,
        0,
        0
      ],
      "parameters": {
        "VERSION": "3.8.2"
      }
    },
    {
      "command": "3.8.3",
      "mean": 0.9534162112399999,
      "stddev": 0.022212009345263992,
      "median": 0.9511167677400001,
      "user": 3.1799426599999996,
      "system": 0.08995426,
      "min": 0.9190779382400001,
      "max": 0.99423654924,
      "times": [
        0.9615190612400001,
        0.99423654924,
        0.93989707424,
        0.97451840724,
        0.93624777124,
        0.94775149424,
        0.93628726224,
        0.9190779382400001,
        0.95448204124,
        0.9701445132400001
      ],
      "exit_codes": [
        0,
        0,
        0,
        0,
        0,
        0,
        0,
        0,
        0,
        0
      ],
      "parameters": {
        "VERSION": "3.8.3"
      }
    },
    {
      "command": "3.8.4",
      "mean": 0.9346361620400001,
      "stddev": 0.027213392809620564,
      "median": 0.92793759474,
      "user": 3.14307536,
      "system": 0.08635385999999998,
      "min": 0.9040959512400001,
      "max": 0.9867774102400001,
      "times": [
        0.9315155782400001,
        0.9149392082400001,
        0.93901717624,
        0.92860942824,
        0.92726576124,
        0.9147013032400001,
        0.9784750912400001,
        0.9867774102400001,
        0.9209647122400001,
        0.9040959512400001
      ],
      "exit_codes": [
        0,
        0,
        0,
        0,
        0,
        0,
        0,
        0,
        0,
        0
      ],
      "parameters": {
        "VERSION": "3.8.4"
      }
    },
    {
      "command": "3.8.5",
      "mean": 0.94445126134,
      "stddev": 0.020291998448950785,
      "median": 0.94080880724,
      "user": 3.13590376,
      "system": 0.10591036000000001,
      "min": 0.9179669152400001,
      "max": 0.9944785332400001,