{
  "results": [
    {
      "command": "3.0.5",
      "mean": 0.7966236085200001,
      "stddev": 0.018307179707844044,
      "median": 0.79800941862,
      "user": 2.39685678,
      "system": 0.12267024,
      "min": 0.7757135121200001,
      "max": 0.8360817771200001,
      "times": [
        0.8360817771200001,
        0.81103537412,
        0.7772088261200001,
        0.7757135121200001,
        0.7775717091200001,
        0.7908703061200001,
        0.79884036912,
        0.8005224001200001,
        0.80121334312,
        0.79717846812
      ],
      "exit_codes": [
        0,
        0,
        0,
        0,
        0,
        0,
        0,
        0,
        0,
        0
      ],
      "parameters": {
        "VERSION": "3.0.5"
      }
    },
    {
      "command": "3.1.1",
      "mean": 0.8522042186200001,
      "stddev": 0.015317678424909028,
      "median": 0.85094540362,
      "user": 2.5162654800000004,
      "system": 0.15982384,
      "min": 0.83608518612,
      "max": 0.87332042312,
      "times": [
        0.8453407501200001,
        0.83665125312,
        0.8648528721200001,
        0.83695205612,
        0.86983056512,
        0.85655005712,
        0.87332042312,
        0.8372139701200001,
        0.83608518612,
        0.86524505312
      ],
      "exit_codes": [
        0,
        0,
        0,
        0,
        0,
        0,
        0,
        0,
        0,
        0
      ],
      "parameters": {
        "VERSION": "3.1.1"
      }
    },
    {
      "command": "3.2.5",
      "mean": 0.91054782762,
      "stddev": 0.02234987182238227,
      "median": 0.9086922791200001,
      "user": 2.8027679799999996,
      "system": 0.13529744,
      "min": 0.8836034221200001,
      "max": 0.95953192212,
      "times": [
        0.92459807112,
        0.88792641112,
        0.95953192212,
        0.91100983912,
        0.9127526891200001,
        0.8914872271200001,
        0.90637471912,
        0.9252791461200001,
        0.8836034221200001,
        0.9029148291200001
      ],
      "exit_codes": [
        0,
        0,
        0,
        0,
        0,
        0,
        0,
        0,
        0,
        0
      ],
      "parameters": {
        "VERSION": "3.2.5"
      }
    },
    {
      "command": "3.3.9",
      "mean": 0.89549569942,
      "stddev": 0.025922254806473248,
      "median": 0.89852043212,
      "user": 2.74344548,
      "system": 0.14062654,
      "min": 0.84455214712,
      "max": 0.92555233012,
      "times": [
        0.92132451812,
        0.87631901312,
        0.8932922051200001,
        0.84455214712,
        0.90374865912,
        0.91474185212,
        0.92555233012,
        0.91523308112,
        0.89026860612,
        0.86992458212
      ],
      "exit_codes": [
        0,
        0,
        0,
        0,
        0,
        0,
        0,
        0,
        0,
        0
      ],
      "parameters": {
        "VERSION": "3.3.9"
      }
    },
    {
      "command": "3.5.4",
      "mean": 0.92900652972,
      "stddev": 0.01922626884269476,
      "median": 0.92137935662,
      "user": 2.9007122799999996,
      "system": 0.15219893999999998,
      "min": 0.89860216112,
      "max": 0.9524947771200001,
      "times": [
        0.9524947771200001,
        0.9490599871200001,
        0.91511720312,
        0.95213783512,
        0.9463397411200001,
        0.89860216112,
        0.92108230412,
        0.91828474912,
        0.92167640912,
        0.91527013012
      ],
      "exit_codes": [
        0,
        0,
        0,
        0,
        0,
        0,
        0,
        0,
        0,
        0
      ],
      "parameters": {
        "VERSION": "3.5.4"
      }
    },
    {
      "command": "3.6.3",
      "mean": 0.90832430642,
      "stddev": 0.023470516969438845,
      "median": 0.89995280862,
      "user": 2.7707492799999995,
      "system": 0.17456834,
      "min": 0.88727470612,
      "max": 0.9544816301200001,
      "times": [
        0.90287982012,
        0.89019483712,
        0.9544816301200001,
        0.8970257971200001,
        0.93074922612,
        0.88727470612,
        0.8895583921200001,
        0.88827914212,
        0.93363589012,
        0.9091636231200001
      ],
      "exit_codes": [
        0,
        0,
        0,
        0,
        0,
        0,
        0,
        0,
        0,
        0
      ],
      "parameters": {
        "VERSION": "3.6.3"
      }
    },
    {
      "command": "3.8.1",
      "mean": 0.9267356022200002,
      "stddev": 0.045918051097984004,
      "median": 0.91942674262,
      "user": 2.86828898,
      "system": 0.17224594000000001,
      "min": 0.8788268451200001,
      "max": 0.99830113312,
      "times": [
        0.8788268451200001,
        0.89497564512,
        0.93869623112,
        0.9514121131200001,
        0.90015725412,
        0.8816609471200001,
        0.99830113312,
        0.94751726412,
        0.99438066512,
        0.88142792412
      ],
      "exit_codes": [
        0,
        0,
        0,
        0,
        0,
        0,
        0,
        0,
        0,
        0
      ],
      "parameters": {
        "VERSION": "3.8.1"
      }
    },
    {
      "command": "3.8.2",
      "mean": 0.89199094312,
      "stddev": 0.01801440535138942,
      "median": 0.89414811312,
      "user": 2.74601938,
      "system": 0.12387933999999998,
      "min": 0.8609184441200001,
      "max": 0.91263899212,
      "times": [
        0.87997327812,
        0.91263899212,
        0.89399505812,
        0.8609184441200001,
        0.90522182512,
        0.8750249601200001,
        0.9087046511200001,
        0.91216585912,
        0.87696519512,
        0.89430116812
      ],
      "exit_codes": [
        0,
        0,
        0,
        0,
        0,
        0,
        0,
        0,
        0,
        0
      ],
      "parameters": {
        "VERSION": "3.8.2"
      }
    },
    {
      "command": "3.8.3",
      "mean": 0.8822734542200001,
      "stddev": 0.020589658626851904,
      "median": 0.8802286881200001,
      "user": 2.67958828,
      "system": 0.12818123999999997,
      "min": 0.8520704681200001,
      "max": 0.91839973312,
      "times": [
        0.87176003712,
        0.8753155031200001,
        0.88110882712,
        0.91253147012,
        0.88800874612,
        0.87934854912,
        0.8837918251200001,
        0.91839973312,
        0.8603993831200001,
        0.8520704681200001
      ],
      "exit_codes": [
        0,
        0,
        0,
        0,
        0,
        0,
        0,
        0,
        0,
        0
      ],
      "parameters": {
        "VERSION": "3.8.3"
      }
    },
    {
      "command": "3.8.4",
      "mean": 0.8669392757200001,
      "stddev": 0.01836177025547055,
      "median": 0.86777914462,
      "user": 2.6289862800000003,
      "system": 0.12603514,
      "min": 0.83736122312,
      "max": 0.8962745721200001,
      "times": [
        0.87468078912,
        0.86729547112,
        0.8962745721200001,
        0.8633530031200001,
        0.8465263281200001,
        0.83736122312,
        0.8499273191200001,
        0.8852581901200001,
        0.8682628181200001,
        0.8804530431200001
      ],
      "exit_codes": [
        0,
        0,
        0,
        0,
        0,
        0,
        0,
        0,
        0,
        0
      ],
      "parameters": {
        "VERSION": "3.8.4"
      }
    },
    {
      "command": "3.8.5",
      "mean": 0.88030298352,
      "stddev": 0.021439830487386617,
      "median": 0.8822330366200001,
      "user": 2.66710768,
      "system": 0.11301983999999998,
      "min": 0.84366117512,
      "max": 0.90927631712,
      "times": [
        0.85731300612,
        0.87371908012,
        0.89168877912,
        0.8811428771200001,
        0.89499570212,
        0.90632695712,
        0.90927631712,
        0.86158274512,
        0.8833231961200001,
        0.84366117512
      ],