{
  "results": [
    {
      "command": "3.0.5",
      "mean": 7.7147520182800005,
      "stddev": 0.12121010338177762,
      "median": 7.71725356978,
      "user": 16.328235460000002,
      "system": 1.36938466,
      "min": 7.56132546178,
      "max": 8.006397333779999,
      "times": [
        7.657758959780001,
        7.756269098780001,
        7.596231787780001,
        8.006397333779999,
        7.739048530780001,
        7.71272941578,
        7.73925679678,
        7.56132546178,
        7.656725073780001,
        7.721777723780001
      ],
      "exit_codes": [
        0,
        0,
        0,
        0,
        0,
        0,
        0,
        0,
        0,
        0
      ],
      "parameters": {
        "VERSION": "3.0.5"
      }
    },
    {
      "command": "3.6.3",
      "mean": 13.566700182379998,
      "stddev": 0.2305788860723512,
      "median": 13.512406992279999,
      "user": 26.13105976,
      "system": 4.45904676,
      "min": 13.31264637378,
      "max": 14.14762869778,
      "times": [
        13.55845506078,
        13.68193978678,
        13.52384321978,
        13.42882400878,
        13.50097076478,
        13.635736784779999,
        13.31264637378,
        13.45104127978,
        14.14762869778,
        13.425915846779999
      ],
      "exit_codes": [
        0,
        0,
        0,
        0,
        0,
        0,
        0,
        0,
        0,
        0
      ],
      "parameters": {
        "VERSION": "3.6.3"
      }
    },
    {
      "command": "3.8.8",
      "mean": 7.623967485980001,
      "stddev": 0.11198686725572211,
      "median": 7.61717899728,
      "user": 20.42228196,
      "system": 1.29199616,
      "min": 7.4476648477800005,
      "max": 7.769806632780001,
      "times": [
        7.586840165780001,
        7.4476648477800005,
        7.525053989780001,
        7.76907157978,
        7.598746057780001,
        7.63939309778,
        7.63561193678,
        7.51733980078,
        7.750146750780001,
        7.769806632780001
      ],
      "exit_codes": [
        0,
        0,
        0,
        0,
        0,
        0,
        0,
        0,
        0,
        0
      ],
      "parameters": {
        "VERSION": "3.8.8"
      }
    },
    {
      "command": "3.9.6",
      "mean": 7.926520464480001,
      "stddev": 0.1930238081646882,
      "median": 7.91199741228,
      "user": 21.69215436,
      "system": 1.2811777599999996,
      "min": 7.671337682780001,
      "max": 8.18903707778,
      "times": [
        8.18903707778,
        8.001415031779999,
        7.797785588780001,
        8.11805977678,
        8.15171964978,
        7.719458778780001,
        8.031579986779999,
        7.671337682780001,
        7.762231278780001,
        7.82257979278
      ],
      "exit_codes": [
        0,
        0,
        0,
        0,
        0,
        0,
        0,
        0,
        0,
        0
      ],
      "parameters": {
        "VERSION": "3.9.6"
      }
    },
    {
      "command": "4.0.0-alpha-13",
      "mean": 9.405523645379999,
      "stddev": 0.3045205748400835,
      "median": 9.38076572178,
      "user": 37.66583755999999,
      "system": 2.30030456,
      "min": 8.95017523078,
      "max": 9.90564364578,
      "times": [
        9.75708901178,
        9.17223999578,
        9.35383306678,
        8.95017523078,
        9.48650285278,
        9.65263263578,
        9.407698376779999,
        9.05961161078,
        9.90564364578,
        9.30981002678
      ],
      "exit_codes": [
        0,
        0,
        0,
        0,
        0,
        0,
        0,
        0,
        0,
        0
      ],
      "parameters": {
        "VERSION": "4.0.0-alpha-13"
      }
    }
  ]
}
