{
  "results": [
    {
      "command": "3.0.5",
      "mean": 0.9144824162399999,
      "stddev": 0.020508433551590932,
      "median": 0.90965137234,
      "user": 3.0933711799999997,
      "system": 0.13464002,
      "min": 0.88742963084,
      "max": 0.9620553338400001,
      "times": [
        0.91411258484,
        0.90378279384,
        0.9222599058400001,
        0.89762997284,
        0.93002840884,
        0.9620553338400001,
        0.88742963084,
        0.91100695884,
        0.90829578584,
        0.90822278684
      ],
      "exit_codes": [
        0,
        0,
        0,
        0,
        0,
        0,
        0,
        0,
        0,
        0
      ],
      "parameters": {
        "VERSION": "3.0.5"
      }
    },
    {
      "command": "3.1.1",
      "mean": 0.96395073434,
      "stddev": 0.015652445663479887,
      "median": 0.96043002734,
      "user": 3.29484748,
      "system": 0.15052901999999999,
      "min": 0.9377417408400001,
      "max": 0.99405373884,
      "times": [
        0.99405373884,
        0.9377417408400001,
        0.9812474988400001,
        0.97158575284,
        0.9665356848400001,
        0.96159506384,
        0.9566885928400001,
        0.95865011584,
        0.95926499084,
        0.95214416384
      ],
      "exit_codes": [
        0,
        0,
        0,
        0,
        0,
        0,
        0,
        0,
        0,
        0
      ],
      "parameters": {
        "VERSION": "3.1.1"
      }
    },
    {
      "command": "3.2.5",
      "mean": 1.01787624014,
      "stddev": 0.014010601534567197,
      "median": 1.0194692138399999,
      "user": 3.5850425799999996,
      "system": 0.15632171999999997,
      "min": 0.99714495284,
      "max": 1.03396399284,
      "times": [
        1.02984911184,
        1.01289839284,
        1.03396399284,
        1.02604003484,
        0.99714495284,
        1.00619298484,
        0.9996363238399999,
        1.03139137484,
        1.03015214584,
        1.01149308684
      ],
      "exit_codes": [
        0,
        0,
        0,
        0,
        0,
        0,
        0,
        0,
        0,
        0
      ],
      "parameters": {
        "VERSION": "3.2.5"
      }
    },
    {
      "command": "3.3.9",
      "mean": 1.05994816764,
      "stddev": 0.017996493044879425,
      "median": 1.0595722378399999,
      "user": 3.68231588,
      "system": 0.12982641999999997,
      "min": 1.02748063884,
      "max": 1.09108447984,
      "times": [
        1.09108447984,
        1.06133767984,
        1.05921437084,
        1.04704858684,
        1.04732644984,
        1.02748063884,
        1.05990635484,
        1.05923812084,
        1.0834088958399999,
        1.06343609884
      ],
      "exit_codes": [
        0,
        0,
        0,
        0,
        0,
        0,
        0,
        0,
        0,
        0
      ],
      "parameters": {
        "VERSION": "3.3.9"
      }
    },
    {
      "command": "3.5.4",
      "mean": 1.09204996344,
      "stddev": 0.02116442993315427,
      "median": 1.09130498384,
      "user": 3.84606828,
      "system": 0.18749902000000002,
      "min": 1.05750935384,
      "max": 1.11849191684,
      "times": [
        1.07845038584,
        1.1175990978399999,
        1.08547916484,
        1.05750935384,
        1.07181169684,
        1.09915025384,
        1.09713080284,
        1.11849191684,
        1.07853879384,
        1.11633816784
      ],
      "exit_codes": [
        0,
        0,
        0,
        0,
        0,
        0,
        0,
        0,
        0,
        0
      ],
      "parameters": {
        "VERSION": "3.5.4"
      }
    },
    {
      "command": "3.6.3",
      "mean": 1.06463522514,
      "stddev": 0.019437473652750975,
      "median": 1.06696653334,
      "user": 3.7450114799999996,
      "system": 0.17562941999999998,
      "min": 1.02306010684,
      "max": 1.08921877484,
      "times": [
        1.02306010684,
        1.06210419084,
        1.08921877484,
        1.05955102384,
        1.06630279984,
        1.07834720884,
        1.04565785984,
        1.08611611984,
        1.06763026684,
        1.06836389984
      ],
      "exit_codes": [
        0,
        0,
        0,
        0,
        0,
        0,
        0,
        0,
        0,
        0
      ],
      "parameters": {
        "VERSION": "3.6.3"
      }
    },
    {
      "command": "3.8.1",
      "mean": 1.0681274118400002,
      "stddev": 0.02737690225490643,
      "median": 1.07915868884,
      "user": 3.74243388,
      "system": 0.18282002000000003,
      "min": 1.02952824084,
      "max": 1.09730864984,
      "times": [
        1.07122593084,
        1.04621722584,
        1.02952824084,
        1.04162116784,
        1.08709144684,
        1.0935373208399999,
        1.09730864984,
        1.09352150184,
        1.08752444584,
        1.03369818784
      ],
      "exit_codes": [
        0,
        0,
        0,
        0,
        0,
        0,
        0,
        0,
        0,
        0
      ],
      "parameters": {
        "VERSION": "3.8.1"
      }
    },
    {
      "command": "3.8.2",
      "mean": 1.02985537534,
      "stddev": 0.03179185207115425,
      "median": 1.03357008734,
      "user": 3.6083055799999997,
      "system": 0.10585032000000001,
      "min": 0.98955396784,
      "max": 1.08664649784,
      "times": [
        1.00139851084,
        1.08664649784,
        1.04692760884,
        1.05697806584,
        1.04911707684,
        1.04454820684,
        1.02259196784,
        0.99622464684,
        0.98955396784,
        1.00456720384
      ],
      "exit_codes": [
        0,
        0,
        0,
        0,
        0,
        0,
        0,
        0,
        0,
        0
      ],
      "parameters": {
        "VERSION": "3.8.2"
      }
    },
    {
      "command": "3.8.3",
      "mean": 1.01771566404,
      "stddev": 0.022324205880219935,
      "median": 1.01462141634,
      "user": 3.50181008,
      "system": 0.10719332,
      "min": 0.99071436984,
      "max": 1.05461288284,
      "times": [
        1.01960909084,
        1.00029340784,
        1.00262470084,
        0.99346834384,
        1.05461288284,
        1.02657693184,
        1.03110044084,
        0.99071436984,
        1.00963374184,
        1.04852272984
      ],
      "exit_codes": [
        0,
        0,
        0,
        0,
        0,
        0,
        0,
        0,
        0,
        0
      ],
      "parameters": {
        "VERSION": "3.8.3"
      }
    },
    {
      "command": "3.8.4",
      "mean": 1.0151053752399999,
      "stddev": 0.025268174162205514,
      "median": 1.0064442638400002,
      "user": 3.59218458,
      "system": 0.10072922,
      "min": 0.99201382784,
      "max": 1.06820210384,
      "times": [
        1.00807731884,
        0.9990410688400001,
        1.00481120884,
        0.99735412984,
        1.05206906384,
        1.00941733684,
        1.02040694984,
        0.99201382784,
        0.99966074384,
        1.06820210384
      ],
      "exit_codes": [
        0,
        0,
        0,
        0,
        0,
        0,
        0,
        0,
        0,
        0
      ],
      "parameters": {
        "VERSION": "3.8.4"
      }
    },
    {
      "command": "3.8.5",
      "mean": 1.0237547171399999,
      "stddev": 0.03401734231212219,
      "median": 1.01933566184,
      "user": 3.5093948799999994,
      "system": 0.11524822000000001,
      "min": 0.9765663828400001,
      "max": 1.09161407784,
      "times": [
        0.9765663828400001,
        1.02782691184,
        0.9962302268400001,
        1.04321755884,
        1.09161407784,
        1.02503651884,
        0.9992682928400001,
        1.00389937084,
        1.01363480484,
        1.06025302584
      ],
      "exit_codes": [
        0,
        0,
        0,
        0,
        0,
        0,
        0,
        0,
        0,
        0
      ],
      "parameters": {
        "VERSION": "3.8.5"
      }
    },
    {
      "command": "3.8.6",
      "mean": 1.01194780264,