{
  "results": [
    {
      "command": "3.0.5",
      "mean": 0.7058693520000001,
      "stddev": 0.01965457878939904,
      "median": 0.7118991197,
      "user": 2.1030022199999996,
      "system": 0.08396028,
      "min": 0.6784680132,
      "max": 0.7288280162,
      "times": [
        0.6824738662000001,
        0.7201322472,
        0.7205230872,
        0.6784680132,
        0.6827454492,
        0.7143315162,
        0.7288280162,
        0.6940671462,
        0.7276574552,
        0.7094667232
      ],
      "exit_codes": [
        0,
        0,
        0,
        0,
        0,
        0,
        0,
        0,
        0,
        0
      ],
      "parameters": {
        "VERSION": "3.0.5"
      }
    },
    {
      "command": "3.1.1",
      "mean": 0.7420601534000001,
      "stddev": 0.016460622079296924,
      "median": 0.7460776142000001,
      "user": 2.2442445199999996,
      "system": 0.10034778,
      "min": 0.7136881022,
      "max": 0.7611840842,
      "times": [
        0.7205398462,
        0.7493850992000001,
        0.7452532192000001,
        0.7270634382000001,
        0.7611840842,
        0.7609076312,
        0.7136881022,
        0.7419005012000001,
        0.7469020092,
        0.7537776032000001
      ],
      "exit_codes": [
        0,
        0,
        0,
        0,
        0,
        0,
        0,
        0,
        0,
        0
      ],
      "parameters": {
        "VERSION": "3.1.1"
      }
    },
    {
      "command": "3.2.5",
      "mean": 0.7659964639,
      "stddev": 0.017018917971046876,
      "median": 0.7642678807000001,
      "user": 2.3658775199999997,
      "system": 0.09106697999999999,
      "min": 0.7444755882,
      "max": 0.8013766262,
      "times": [
        0.7776463372000001,
        0.7479744432000001,
        0.7807307522000001,
        0.7444755882,
        0.7668645782000001,
        0.7619770242,
        0.7547079712,
        0.7665587372,
        0.8013766262,
        0.7576525812
      ],
      "exit_codes": [
        0,
        0,
        0,
        0,
        0,
        0,
        0,
        0,
        0,
        0
      ],
      "parameters": {
        "VERSION": "3.2.5"
      }
    },
    {
      "command": "3.3.9",
      "mean": 0.7932382399000001,
      "stddev": 0.024731839408218697,
      "median": 0.7894748342,
      "user": 2.4215966199999994,
      "system": 0.08709908,
      "min": 0.7552422802000001,
      "max": 0.8447398392000001,
      "times": [
        0.8447398392000001,
        0.7785178582000001,
        0.8041845682000001,
        0.8097555742,
        0.7552422802000001,
        0.7795697132,
        0.8075852262000001,
        0.7905140692,
        0.7884355992000001,
        0.7738376712
      ],
      "exit_codes": [
        0,
        0,
        0,
        0,
        0,
        0,
        0,
        0,
        0,
        0
      ],
      "parameters": {
        "VERSION": "3.3.9"
      }
    },
    {
      "command": "3.5.4",
      "mean": 0.7924606867,
      "stddev": 0.025562562646274944,
      "median": 0.7865066057000001,
      "user": 2.4403165199999997,
      "system": 0.08240227999999998,
      "min": 0.7635436902,
      "max": 0.8372516602000001,
      "times": [
        0.8014562642,
        0.8198251602000001,
        0.8177104522,
        0.7635436902,
        0.7810926662000001,
        0.7919205452,
        0.8372516602000001,
        0.7686158382,
        0.7727048982,
        0.7704856922000001
      ],
      "exit_codes": [
        0,
        0,
        0,
        0,
        0,
        0,
        0,
        0,
        0,
        0
      ],
      "parameters": {
        "VERSION": "3.5.4"
      }
    },
    {
      "command": "3.6.3",
      "mean": 0.7583798515000001,
      "stddev": 0.01420052854625291,
      "median": 0.7599127872,
      "user": 2.2819539199999994,
      "system": 0.08859857999999998,
      "min": 0.7363278772,
      "max": 0.7810289482,
      "times": [
        0.7560607402,
        0.7363278772,
        0.7440847892000001,
        0.7654894232,
        0.7637648342000001,
        0.7664224202000001,
        0.7422718032000001,
        0.7723915062000001,
        0.7559561732000001,
        0.7810289482
      ],
      "exit_codes": [
        0,
        0,
        0,
        0,
        0,
        0,
        0,
        0,
        0,
        0
      ],
      "parameters": {
        "VERSION": "3.6.3"
      }
    },
    {
      "command": "3.8.1",
      "mean": 0.7605111601999999,
      "stddev": 0.01214701821766846,
      "median": 0.7626862152,
      "user": 2.3521831199999994,
      "system": 0.08268497999999999,
      "min": 0.7359311672000001,
      "max": 0.7766587232000001,
      "times": [
        0.7688762402,
        0.7608172352,
        0.7698939772000001,
        0.7553502982,
        0.7681117802,
        0.7645551952,
        0.7766587232000001,
        0.7585607902,
        0.7463561952000001,
        0.7359311672000001
      ],
      "exit_codes": [
        0,
        0,
        0,
        0,
        0,
        0,
        0,
        0,
        0,
        0
      ],
      "parameters": {
        "VERSION": "3.8.1"
      }
    },
    {
      "command": "3.8.2",
      "mean": 0.7496415995000001,
      "stddev": 0.01653658453058646,
      "median": 0.7498649401999999,
      "user": 2.35921862,
      "system": 0.06435737999999999,
      "min": 0.7262067512,
      "max": 0.7776957782,
      "times": [
        0.7262067512,
        0.7505919122,
        0.7457050502,
        0.7526108242,
        0.7301706062000001,
        0.7352463732000001,
        0.7586078482,
        0.7491379682,
        0.7704428832000001,
        0.7776957782
      ],
      "exit_codes": [
        0,
        0,
        0,
        0,
        0,
        0,
        0,
        0,
        0,
        0
      ],
      "parameters": {
        "VERSION": "3.8.2"
      }
    },
    {
      "command": "3.8.3",
      "mean": 0.7563766805000001,
      "stddev": 0.021515611780456394,
      "median": 0.7526015542,
      "user": 2.30289712,
      "system": 0.06311068,
      "min": 0.7277960332000001,
      "max": 0.7841177532000001,
      "times": [
        0.7277960332000001,
        0.7558387922,
        0.7841177532000001,
        0.7493643162,
        0.7765824552,
        0.7735554692000001,
        0.7377434172,
        0.7831924052,
        0.7318858302000001,
        0.7436903332
      ],
      "exit_codes": [
        0,
        0,
        0,
        0,
        0,
        0,
        0,
        0,
        0,
        0
      ],
      "parameters": {
        "VERSION": "3.8.3"
      }
    },
    {
      "command": "3.8.4",
      "mean": 0.7550795273,
      "stddev": 0.023473449299281763,
      "median": 0.7480529972000001,
      "user": 2.2861121199999994,
      "system": 0.07419927999999999,
      "min": 0.7305407332,
      "max": 0.8103736962,
      "times": [
        0.7361138072000001,
        0.7506952442,
        0.7477889132000001,
        0.7448613252,
        0.8103736962,
        0.7585468332,
        0.7793206092,
        0.7483170812000001,
        0.7442370302000001,
        0.7305407332
      ],
      "exit_codes": [
        0,
        0,
        0,
        0,
        0,
        0,
        0,
        0,
        0,
        0
      ],
      "parameters": {
        "VERSION": "3.8.4"
      }
    },
    {
      "command": "3.8.5",
      "mean": 0.7532712439000001,
      "stddev": 0.020373437218666936,
      "median": 0.7503637167,
      "user": 2.27986562,
      "system": 0.07340258,
      "min": 0.7209781242000001,
      "max": 0.7864214072000001,
      "times": [
        0.7587507982,
        0.7407714832000001,
        0.7864214072000001,
        0.7418882272,
        0.7725528632,
        0.7662682662,
        0.7419766352,
        0.7689288812,
        0.7341757532000001,
        0.7209781242000001
      ],