{
  "results": [
    {
      "command": "3.0.5",
      "mean": 0.79117923448,
      "stddev": 0.018609989188647615,
      "median": 0.7960041655800001,
      "user": 1.9435317399999998,
      "system": 0.12881282,
      "min": 0.7536139215800001,
      "max": 0.8127014655800001,
      "times": [
        0.7877802245800001,
        0.8127014655800001,
        0.7649623735800001,
        0.7536139215800001,
        0.7968958195800001,
        0.7960709385800001,
        0.8069370425800001,
        0.7910114085800001,
        0.7959373925800001,
        0.8058817575800001
      ],
      "exit_codes": [
        0,
        0,
        0,
        0,
        0,
        0,
        0,
        0,
        0,
        0
      ],
      "parameters": {
        "VERSION": "3.0.5"
      }
    },
    {
      "command": "3.6.3",
      "mean": 0.7580630033800001,
      "stddev": 0.0196029209128736,
      "median": 0.7484004845800001,
      "user": 2.17247104,
      "system": 0.11096752000000001,
      "min": 0.7394048765800001,
      "max": 0.7954718725800001,
      "times": [
        0.7460933085800001,
        0.7665699965800001,
        0.7394048765800001,
        0.7954718725800001,
        0.7441889935800001,
        0.7674087365800001,
        0.78459555958,
        0.7400957205800001,
        0.7493801915800001,
        0.7474207775800001
      ],
      "exit_codes": [
        0,
        0,
        0,
        0,
        0,
        0,
        0,
        0,
        0,
        0
      ],
      "parameters": {
        "VERSION": "3.6.3"
      }
    },
    {
      "command": "3.8.8",
      "mean": 0.7568620958800001,
      "stddev": 0.011021824899292121,
      "median": 0.75393764908,
      "user": 2.2063542399999996,
      "system": 0.09913081999999998,
      "min": 0.7472829305800001,
      "max": 0.7827972915800001,
      "times": [
        0.7586164435800001,
        0.7476447825800001,
        0.7533838265800001,
        0.7544914715800001,
        0.7495864565800001,
        0.7472829305800001,
        0.7827972915800001,
        0.7500411465800001,
        0.76798463258,
        0.7567919765800001
      ],
      "exit_codes": [
        0,
        0,
        0,
        0,
        0,
        0,
        0,
        0,
        0,
        0
      ],
      "parameters": {
        "VERSION": "3.8.8"
      }
    },
    {
      "command": "3.9.9",
      "mean": 0.9127781259800001,
      "stddev": 0.02361720274055912,
      "median": 0.91357052908,
      "user": 2.8034084399999997,
      "system": 0.11316111999999998,
      "min": 0.8777575205800001,
      "max": 0.9465975645800001,
      "times": [
        0.9465975645800001,
        0.8777575205800001,
        0.9417347795800001,
        0.89241370358,
        0.8823604405800001,
        0.9327521625800002,
        0.9181340455800001,
        0.9088899845800001,
        0.9098760315800001,
        0.9172650265800001
      ],
      "exit_codes": [
        0,
        0,
        0,
        0,
        0,
        0,
        0,
        0,
        0,
        0
      ],
      "parameters": {
        "VERSION": "3.9.9"
      }
    },
    {
      "command": "4.0.0-alpha-13",
      "mean": 1.29953800178,
      "stddev": 0.024127130498048713,
      "median": 1.30152865258,
      "user": 4.175557939999999,
      "system": 0.19111901999999997,
      "min": 1.26142753158,
      "max": 1.34098149958,
      "times": [
        1.30053685558,
        1.29564797158,
        1.30252044958,
        1.32599410458,
        1.26921720358,
        1.3075343595800002,
        1.26142753158,
        1.30865003958,
        1.34098149958,
        1.28287000258
      ],
      "exit_codes": [
        0,
        0,
        0,
        0,
        0,
        0,
        0,
        0,
        0,
        0
      ],
      "parameters": {
        "VERSION": "4.0.0-alpha-13"
      }
    },
    {
      "command": "4.0.0-beta-3",
      "mean": 1.37806743938,
      "stddev": 0.04020758372935434,
      "median": 1.3740316375800001,
      "user": 4.51198184,
      "system": 0.18675732,
      "min": 1.30573051858,
      "max": 1.45119152458,
      "times": [
        1.45119152458,
        1.3872605175800001,
        1.37730373458,
        1.36994523958,
        1.30573051858,
        1.3707595405800002,
        1.3467042925800001,
        1.3522995205800001,
        1.4172134145800002,
        1.4022660905800002
      ],
      "exit_codes": [
        0,
        0,
        0,
        0,
        0,
        0,
        0,
        0,
        0,
        0
      ],
      "parameters": {
        "VERSION": "4.0.0-beta-3"
      }
    },
    {
      "command": "4.0.0-beta-4",
      "mean": 1.42572184948,
      "stddev": 0.027814441485437356,
      "median": 1.41903422108,
      "user": 4.72666134,
      "system": 0.19811262,
      "min": 1.3948942855800002,
      "max": 1.48142498458,
      "times": [
        1.48142498458,
        1.42799063758,
        1.41007780458,
        1.43573066358,
        1.40995902658,
        1.45320926658,
        1.44225900858,
        1.3948942855800002,
        1.3961739045800001,
        1.4054989125800001
      ],
      "exit_codes": [
        0,
        0,
        0,
        0,
        0,
        0,
        0,
        0,
        0,
        0
      ],
      "parameters": {
        "VERSION": "4.0.0-beta-4"
      }
    }
  ]
}
