{
  "results": [
    {
      "command": "3.0.5",
      "mean": 0.9542725160400002,
      "stddev": 0.021585014925034115,
      "median": 0.95607451334,
      "user": 3.24661762,
      "system": 0.16001455999999997,
      "min": 0.9189851763400001,
      "max": 0.9824445433400001,
      "times": [
        0.97611328234,
        0.9824445433400001,
        0.9643218893400001,
        0.9578399213400001,
        0.9220883043400001,
        0.9189851763400001,
        0.94418925334,
        0.94837790434,
        0.95430910534,
        0.9740557803400001
      ],
      "exit_codes": [
        0,
        0,
        0,
        0,
        0,
        0,
        0,
        0,
        0,
        0
      ],
      "parameters": {
        "VERSION": "3.0.5"
      }
    },
    {
      "command": "3.1.1",
      "mean": 1.0184908932399999,
      "stddev": 0.02081722631432035,
      "median": 1.02809044984,
      "user": 3.413396519999999,
      "system": 0.19382106000000002,
      "min": 0.98334655234,
      "max": 1.04465303934,
      "times": [
        0.9901931503400001,
        1.03246194634,
        1.03174701334,
        1.00679049034,
        1.04465303934,
        1.03284557734,
        1.02443388634,
        0.98334655234,
        1.03387499434,
        1.00456228234
      ],
      "exit_codes": [
        0,
        0,
        0,
        0,
        0,
        0,
        0,
        0,
        0,
        0
      ],
      "parameters": {
        "VERSION": "3.1.1"
      }
    },
    {
      "command": "3.2.5",
      "mean": 1.06051434974,
      "stddev": 0.022310072534388554,
      "median": 1.05380326484,
      "user": 3.6346353199999997,
      "system": 0.17978816,
      "min": 1.0316889843400001,
      "max": 1.10702876234,
      "times": [
        1.04827365434,
        1.0316889843400001,
        1.04105000434,
        1.08683552734,
        1.06568551534,
        1.05260428334,
        1.05500224634,
        1.06672590134,
        1.10702876234,
        1.05024861834
      ],
      "exit_codes": [
        0,
        0,
        0,
        0,
        0,
        0,
        0,
        0,
        0,
        0
      ],
      "parameters": {
        "VERSION": "3.2.5"
      }
    },
    {
      "command": "3.3.9",
      "mean": 1.07582886564,
      "stddev": 0.02604892368665042,
      "median": 1.08247466534,
      "user": 3.6676997199999994,
      "system": 0.20772185999999998,
      "min": 1.02568886534,
      "max": 1.10635675834,
      "times": [
        1.09685600234,
        1.07817592134,
        1.05247316634,
        1.09286346634,
        1.07643573234,
        1.09600094234,
        1.02568886534,
        1.04666439234,
        1.08677340934,
        1.10635675834
      ],
      "exit_codes": [
        0,
        0,
        0,
        0,
        0,
        0,
        0,
        0,
        0,
        0
      ],
      "parameters": {
        "VERSION": "3.3.9"
      }
    },
    {
      "command": "3.5.4",
      "mean": 1.13911773964,
      "stddev": 0.032695162160390936,
      "median": 1.13154444084,
      "user": 3.9051093199999998,
      "system": 0.27348216000000003,
      "min": 1.09900024134,
      "max": 1.19141457734,
      "times": [
        1.10928553934,
        1.09900024134,
        1.15736755734,
        1.11844299434,
        1.16137837434,
        1.13494049634,
        1.18373481734,
        1.12814838534,
        1.10746441334,
        1.19141457734
      ],
      "exit_codes": [
        0,
        0,
        0,
        0,
        0,
        0,
        0,
        0,
        0,
        0
      ],
      "parameters": {
        "VERSION": "3.5.4"
      }
    },
    {
      "command": "3.6.3",
      "mean": 1.1057409789400003,
      "stddev": 0.015502133420835385,
      "median": 1.10235887734,
      "user": 3.65952602,
      "system": 0.25129946,
      "min": 1.08618729234,
      "max": 1.14257345634,
      "times": [
        1.11806567334,
        1.10465541934,
        1.09720681334,
        1.08618729234,
        1.11015289934,
        1.09690661034,
        1.10265991534,
        1.09694387034,
        1.14257345634,
        1.10205783934
      ],
      "exit_codes": [
        0,
        0,
        0,
        0,
        0,
        0,
        0,
        0,
        0,
        0
      ],
      "parameters": {
        "VERSION": "3.6.3"
      }
    },
    {
      "command": "3.8.1",
      "mean": 1.09875548134,
      "stddev": 0.017089432613619008,
      "median": 1.09830582284,
      "user": 3.6015622199999995,
      "system": 0.25689816,
      "min": 1.07548060434,
      "max": 1.13306225034,
      "times": [
        1.09545058534,
        1.10778911434,
        1.07548060434,
        1.11053365034,
        1.09924471534,
        1.10506024934,
        1.13306225034,
        1.08728273834,
        1.09736693034,
        1.07628397534
      ],
      "exit_codes": [
        0,
        0,
        0,
        0,
        0,
        0,
        0,
        0,
        0,
        0
      ],
      "parameters": {
        "VERSION": "3.8.1"
      }
    },
    {
      "command": "3.8.2",
      "mean": 1.0316816709399999,
      "stddev": 0.023145210150340545,
      "median": 1.02998840984,
      "user": 3.43377572,
      "system": 0.15601696,
      "min": 0.99367627834,
      "max": 1.08173888734,
      "times": [
        1.03499456734,
        1.08173888734,
        1.01598362434,
        1.04029146234,
        0.99367627834,
        1.01673553634,
        1.02498225234,
        1.04126419034,
        1.04285872234,
        1.02429118834
      ],
      "exit_codes": [
        0,
        0,
        0,
        0,
        0,
        0,
        0,
        0,
        0,
        0
      ],
      "parameters": {
        "VERSION": "3.8.2"
      }
    },
    {
      "command": "3.8.3",
      "mean": 1.01730738804,
      "stddev": 0.028500459669318988,
      "median": 1.00886036684,
      "user": 3.34648842,
      "system": 0.14478366,
      "min": 0.9802469453400001,
      "max": 1.06946001634,
      "times": [
        1.00417280234,
        1.02494998234,
        0.98766926034,
        1.05866017034,
        1.00407723434,
        1.00777200734,
        0.9802469453400001,
        1.06946001634,
        1.00994872634,
        1.02611673534
      ],
      "exit_codes": [
        0,
        0,
        0,
        0,
        0,
        0,
        0,
        0,
        0,
        0
      ],
      "parameters": {
        "VERSION": "3.8.3"
      }
    },
    {
      "command": "3.8.4",
      "mean": 1.0129806377400001,
      "stddev": 0.028002316268026396,
      "median": 1.00575044984,
      "user": 3.3628684199999994,
      "system": 0.15475506,
      "min": 0.96520154834,
      "max": 1.05715758534,
      "times": [
        0.99411596834,
        1.00043947934,
        0.96520154834,
        1.00157166334,
        1.02880485234,
        1.03697282034,
        1.00992923634,
        1.05715758534,
        0.99233623134,
        1.04327699234
      ],
      "exit_codes": [
        0,
        0,
        0,
        0,
        0,
        0,
        0,
        0,
        0,
        0
      ],
      "parameters": {
        "VERSION": "3.8.4"
      }
    },
    {
      "command": "3.8.5",
      "mean": 1.0210063701399998,
      "stddev": 0.028275047553195494,
      "median": 1.03215482934,
      "user": 3.33109702,
      "system": 0.14695306,
      "min": 0.9769728523400001,
      "max": 1.05730381134,
      "times": [
        1.03735574234,
        1.03280855834,
        1.05730381134,
        0.99762957634,
        0.99514322434,
        1.03673253534,
        1.03150110034,
        0.9769728523400001,
        1.05358145034,
        0.99103485034
      ],
      "exit_codes": [
        0,
        0,
        0,
        0,
        0,
        0,
        0,
        0,
        0,
        0
      ],
      "parameters": {
        "VERSION": "3.8.5"
      }
    },
    {
      "command": "3.8.6",
      "mean": 1.0285203254400002,
      "stddev": 0.052980156496385114,