{
  "results": [
    {
      "command": "3.0.5",
      "mean": 20.20799962256,
      "stddev": 0.4465659339390407,
      "median": 20.12351208486,
      "user": 31.216619500000007,
      "system": 1.4040982400000002,
      "min": 19.69448101286,
      "max": 21.28289770886,
      "times": [
        20.206869498859998,
        19.69448101286,
        19.96520089086,
        19.96571208986,
        20.05954033186,
        19.91149390086,
        20.214112802859997,
        21.28289770886,
        20.59220415086,
        20.18748383786
      ],
      "exit_codes": [
        0,
        0,
        0,
        0,
        0,
        0,
        0,
        0,
        0,
        0
      ],
      "parameters": {
        "VERSION": "3.0.5"
      }
    },
    {
      "command": "3.6.3",
      "mean": 31.99765844836,
      "stddev": 0.5062040983579541,
      "median": 31.966993808860003,
      "user": 48.942804,
      "system": 5.814991839999999,
      "min": 31.41248737586,
      "max": 32.84322973286,
      "times": [
        32.029060965860005,
        31.41248737586,
        32.84322973286,
        32.10158974186,
        31.696796949859998,
        32.15462554586,
        31.52692429286,
        31.90492665186,
        31.504211317859998,
        32.802731908860004
      ],
      "exit_codes": [
        0,
        0,
        0,
        0,
        0,
        0,
        0,
        0,
        0,
        0
      ],
      "parameters": {
        "VERSION": "3.6.3"
      }
    },
    {
      "command": "3.8.8",
      "mean": 14.913593215259999,
      "stddev": 0.2052797621012956,
      "median": 14.94214278386,
      "user": 33.5138783,
      "system": 1.79330054,
      "min": 14.527452891860001,
      "max": 15.153700756860001,
      "times": [
        15.05177113286,
        15.07250023386,
        14.75861864286,
        15.153700756860001,
        14.527452891860001,
        14.98618362686,
        15.12237854086,
        14.89810194086,
        14.680809358860001,
        14.884415026860001
      ],
      "exit_codes": [
        0,
        0,
        0,
        0,
        0,
        0,
        0,
        0,
        0,
        0
      ],
      "parameters": {
        "VERSION": "3.8.8"
      }
    },
    {
      "command": "3.9.9",
      "mean": 15.32309005626,
      "stddev": 0.29906720072174936,
      "median": 15.21661323386,
      "user": 34.5670564,
      "system": 1.75814694,
      "min": 14.99175236686,
      "max": 15.76465135686,
      "times": [
        15.091342175860001,
        15.76465135686,
        15.083469927860001,
        14.99175236686,
        15.618274986860001,
        15.023645139860001,
        15.71749361486,
        15.507044525860001,
        15.22698964386,
        15.206236823860001
      ],
      "exit_codes": [
        0,
        0,
        0,
        0,
        0,
        0,
        0,
        0,
        0,
        0
      ],
      "parameters": {
        "VERSION": "3.9.9"
      }
    },
    {
      "command": "4.0.0-alpha-13",
      "mean": 16.525340314559998,
      "stddev": 0.36294406111555266,
      "median": 16.48618817136,
      "user": 54.153360799999994,
      "system": 3.37802824,
      "min": 15.88437676086,
      "max": 17.110889844859997,
      "times": [
        16.28784497286,
        16.52570089886,
        17.110889844859997,
        16.65975364186,
        17.044084836859998,
        16.441792557859998,
        16.259653293859998,
        15.88437676086,
        16.44667544386,
        16.592630893859997
      ],
      "exit_codes": [
        0,
        0,
        0,
        0,
        0,
        0,
        0,
        0,
        0,
        0
      ],
      "parameters": {
        "VERSION": "4.0.0-alpha-13"
      }
    },
    {
      "command": "4.0.0-beta-3",
      "mean": 17.62983462186,
      "stddev": 0.3351164378555002,
      "median": 17.58401273686,
      "user": 54.3921919,
      "system": 2.9064100399999995,
      "min": 17.21612112386,
      "max": 18.12888153286,
      "times": [
        17.845533766859997,
        17.82557405886,
        17.50842748286,
        17.21820770586,
        17.347109557859998,
        18.12888153286,
        17.65959799086,
        18.08977140686,
        17.459121591859997,
        17.21612112386
      ],
      "exit_codes": [
        0,
        0,
        0,
        0,
        0,
        0,
        0,
        0,
        0,
        0
      ],
      "parameters": {
        "VERSION": "4.0.0-beta-3"
      }
    },
    {
      "command": "4.0.0-beta-4",
      "mean": 19.35392919176,
      "stddev": 0.27842224986100783,
      "median": 19.359207552359997,
      "user": 62.0590426,
      "system": 3.5072077399999992,
      "min": 18.98210671786,
      "max": 19.70471677786,
      "times": [
        19.60323078186,
        19.02214675286,
        19.247195063859998,
        18.98210671786,
        19.20627246986,
        19.70471677786,
        19.52429237486,
        19.084348526859998,
        19.69376241086,
        19.47122004086
      ],
      "exit_codes": [
        0,
        0,
        0,
        0,
        0,
        0,
        0,
        0,
        0,
        0
      ],
      "parameters": {
        "VERSION": "4.0.0-beta-4"
      }
    }
  ]
}
