{
  "results": [
    {
      "command": "3.0.5",
      "mean": 0.8586320717800001,
      "stddev": 0.014603758924233401,
      "median": 0.85929503868,
      "user": 2.6645806999999992,
      "system": 0.14369574,
      "min": 0.8337876606800001,
      "max": 0.8839878976800001,
      "times": [
        0.8532069226800001,
        0.8768989646800001,
        0.8495512086800001,
        0.8453218386800001,
        0.86167192268,
        0.85778167368,
        0.8608084036800001,
        0.8839878976800001,
        0.8337876606800001,
        0.8633042246800001
      ],
      "exit_codes": [
        0,
        0,
        0,
        0,
        0,
        0,
        0,
        0,
        0,
        0
      ],
      "parameters": {
        "VERSION": "3.0.5"
      }
    },
    {
      "command": "3.1.1",
      "mean": 0.9217158087800001,
      "stddev": 0.020154378121860963,
      "median": 0.9231312066800001,
      "user": 2.8693847999999997,
      "system": 0.14647514,
      "min": 0.8911959276800001,
      "max": 0.94363216368,
      "times": [
        0.9409462456800001,
        0.9351581336800001,
        0.9022579886800001,
        0.9054492326800001,
        0.8911959276800001,
        0.9423679936800001,
        0.9065564366800001,
        0.9111042796800001,
        0.93848968568,
        0.94363216368
      ],
      "exit_codes": [
        0,
        0,
        0,
        0,
        0,
        0,
        0,
        0,
        0,
        0
      ],
      "parameters": {
        "VERSION": "3.1.1"
      }
    },
    {
      "command": "3.2.5",
      "mean": 0.9613918424800001,
      "stddev": 0.02082288443920736,
      "median": 0.9628739201800001,
      "user": 3.0519383999999996,
      "system": 0.15778154,
      "min": 0.9358317676800001,
      "max": 1.00027594968,
      "times": [
        0.9358317676800001,
        0.98436894468,
        0.94426689868,
        0.94804040968,
        0.9660717646800001,
        0.96875206268,
        0.93706682768,
        0.9695677236800001,
        0.9596760756800001,
        1.00027594968
      ],
      "exit_codes": [
        0,
        0,
        0,
        0,
        0,
        0,
        0,
        0,
        0,
        0
      ],
      "parameters": {
        "VERSION": "3.2.5"
      }
    },
    {
      "command": "3.3.9",
      "mean": 0.97326010618,
      "stddev": 0.019814686603320954,
      "median": 0.9626090516800001,
      "user": 3.1509060999999994,
      "system": 0.15791093999999997,
      "min": 0.9528957456800001,
      "max": 1.0046448376800001,
      "times": [
        0.9879994186800001,
        0.9925414116800001,
        0.9546074156800001,
        0.9968640306800001,
        0.9633673786800001,
        0.95923296668,
        0.9618507246800001,
        0.9528957456800001,
        1.0046448376800001,
        0.95859713168
      ],
      "exit_codes": [
        0,
        0,
        0,
        0,
        0,
        0,
        0,
        0,
        0,
        0
      ],
      "parameters": {
        "VERSION": "3.3.9"
      }
    },
    {
      "command": "3.5.4",
      "mean": 1.0068495448800001,
      "stddev": 0.019936320309652224,
      "median": 1.01286916818,
      "user": 3.2224537000000004,
      "system": 0.21035983999999996,
      "min": 0.9643800656800001,
      "max": 1.02760967668,
      "times": [
        0.9950419916800001,
        1.02114625868,
        1.01934953068,
        1.02405591968,
        0.9857084116800001,
        1.01640563968,
        0.9643800656800001,
        1.00933269668,
        1.00546525768,
        1.02760967668
      ],
      "exit_codes": [
        0,
        0,
        0,
        0,
        0,
        0,
        0,
        0,
        0,
        0
      ],
      "parameters": {
        "VERSION": "3.5.4"
      }
    },
    {
      "command": "3.6.3",
      "mean": 0.98139377218,
      "stddev": 0.02476731563937929,
      "median": 0.9765786081800001,
      "user": 3.0548314000000003,
      "system": 0.18696783999999997,
      "min": 0.9547687906800001,
      "max": 1.0376905086800001,
      "times": [
        1.0376905086800001,
        0.9547687906800001,
        0.9681174066800001,
        0.9598657216800001,
        0.9738472626800001,
        0.9913162896800001,
        0.9816981276800001,
        1.00406671968,
        0.9632569406800001,
        0.9793099536800001
      ],
      "exit_codes": [
        0,
        0,
        0,
        0,
        0,
        0,
        0,
        0,
        0,
        0
      ],
      "parameters": {
        "VERSION": "3.6.3"
      }
    },
    {
      "command": "3.8.1",
      "mean": 0.97798487758,
      "stddev": 0.014960441432665767,
      "median": 0.9830158011800001,
      "user": 3.0574948999999996,
      "system": 0.19176944,
      "min": 0.94175534768,
      "max": 0.9944625956800001,
      "times": [
        0.9858807986800001,
        0.9757708566800001,
        0.9835908426800001,
        0.9944625956800001,
        0.96596255868,
        0.9861763416800001,
        0.94175534768,
        0.9760158106800001,
        0.9877928636800001,
        0.9824407596800001
      ],
      "exit_codes": [
        0,
        0,
        0,
        0,
        0,
        0,
        0,
        0,
        0,
        0
      ],
      "parameters": {
        "VERSION": "3.8.1"
      }
    },
    {
      "command": "3.8.2",
      "mean": 0.9434970506800002,
      "stddev": 0.019869792752813458,
      "median": 0.93861323718,
      "user": 3.0069417999999994,
      "system": 0.13039764,
      "min": 0.9141691776800001,
      "max": 0.97151624668,
      "times": [
        0.9141691776800001,
        0.9202703026800001,
        0.96127561768,
        0.94046177868,
        0.9367646956800001,
        0.97151624668,
        0.9339232726800001,
        0.9701939276800001,
        0.9530319216800001,
        0.9333635656800001
      ],
      "exit_codes": [
        0,
        0,
        0,
        0,
        0,
        0,
        0,
        0,
        0,
        0
      ],
      "parameters": {
        "VERSION": "3.8.2"
      }
    },
    {
      "command": "3.8.3",
      "mean": 0.9411120349800001,
      "stddev": 0.021856724143358208,
      "median": 0.9378926091800001,
      "user": 2.9678053999999996,
      "system": 0.12361294000000003,
      "min": 0.9057646246800001,
      "max": 0.9745924356800001,
      "times": [
        0.92990994668,
        0.9057646246800001,
        0.9732243276800001,
        0.93833532868,
        0.95152990668,
        0.9745924356800001,
        0.9173266226800001,
        0.9374498896800001,
        0.9353011296800001,
        0.9476861376800001
      ],
      "exit_codes": [
        0,
        0,
        0,
        0,
        0,
        0,
        0,
        0,
        0,
        0
      ],
      "parameters": {
        "VERSION": "3.8.3"
      }
    },
    {
      "command": "3.8.4",
      "mean": 0.9328422196800001,
      "stddev": 0.019170988464261348,
      "median": 0.9338728541800001,
      "user": 2.9458291999999995,
      "system": 0.12652874,
      "min": 0.8992050896800001,
      "max": 0.9568216126800001,
      "times": [
        0.9260080486800001,
        0.9568216126800001,
        0.90742672568,
        0.95223006068,
        0.9490996246800001,
        0.94600159768,
        0.9238837286800001,
        0.8992050896800001,
        0.93133510368,
        0.93641060468
      ],
      "exit_codes": [
        0,
        0,
        0,
        0,
        0,
        0,
        0,
        0,
        0,
        0
      ],
      "parameters": {
        "VERSION": "3.8.4"
      }
    },
    {
      "command": "3.8.5",
      "mean": 0.93310470938,
      "stddev": 0.01657167911466446,
      "median": 0.93117092718,
      "user": 2.9604107999999996,
      "system": 0.12430974000000002,
      "min": 0.9065011576800001,
      "max": 0.95799775468,