{
  "results": [
    {
      "command": "3.0.5",
      "mean": 0.75123064208,
      "stddev": 0.024761189209727225,
      "median": 0.74537251078,
      "user": 2.2421382999999993,
      "system": 0.12876934,
      "min": 0.72473254928,
      "max": 0.80745068328,
      "times": [
        0.80745068328,
        0.7720129932800001,
        0.74285453528,
        0.7512344882800001,
        0.74592538228,
        0.72519476928,
        0.7631196812800001,
        0.72473254928,
        0.7448196392800001,
        0.73496169928
      ],
      "exit_codes": [
        0,
        0,
        0,
        0,
        0,
        0,
        0,
        0,
        0,
        0
      ],
      "parameters": {
        "VERSION": "3.0.5"
      }
    },
    {
      "command": "3.6.3",
      "mean": 1.00523500688,
      "stddev": 0.026710735780986372,
      "median": 1.0089311572800002,
      "user": 3.3341997999999995,
      "system": 0.23768333999999997,
      "min": 0.96392211628,
      "max": 1.05131054228,
      "times": [
        1.00464651128,
        0.96392211628,
        1.05131054228,
        0.97162913628,
        0.9830965582800001,
        1.01321580328,
        1.01691943728,
        1.0014391492799999,
        1.01534758328,
        1.03082323128
      ],
      "exit_codes": [
        0,
        0,
        0,
        0,
        0,
        0,
        0,
        0,
        0,
        0
      ],
      "parameters": {
        "VERSION": "3.6.3"
      }
    },
    {
      "command": "3.8.8",
      "mean": 0.9497619073799999,
      "stddev": 0.020823991784187885,
      "median": 0.94994998978,
      "user": 3.193784499999999,
      "system": 0.13436494,
      "min": 0.92014645128,
      "max": 0.98845696328,
      "times": [
        0.92316557028,
        0.92014645128,
        0.96152677328,
        0.94150345128,
        0.98845696328,
        0.94501410028,
        0.9688475412800001,
        0.95488587928,
        0.9373803872800001,
        0.95669195628
      ],
      "exit_codes": [
        0,
        0,
        0,
        0,
        0,
        0,
        0,
        0,
        0,
        0
      ],
      "parameters": {
        "VERSION": "3.8.8"
      }
    },
    {
      "command": "3.9.6",
      "mean": 1.13823571648,
      "stddev": 0.015440615058490502,
      "median": 1.1373002207799998,
      "user": 3.7665845999999994,
      "system": 0.15149273999999996,
      "min": 1.11126186928,
      "max": 1.15730489228,
      "times": [
        1.15730489228,
        1.1433914272799999,
        1.15535888828,
        1.13124735228,
        1.11970965128,
        1.13347884028,
        1.13843417428,
        1.11126186928,
        1.15600380228,
        1.13616626728
      ],
      "exit_codes": [
        0,
        0,
        0,
        0,
        0,
        0,
        0,
        0,
        0,
        0
      ],
      "parameters": {
        "VERSION": "3.9.6"
      }
    },
    {
      "command": "4.0.0-alpha-13",
      "mean": 1.6438983888799998,
      "stddev": 0.043653561272986315,
      "median": 1.64508678428,
      "user": 6.6811859,
      "system": 0.27738993999999995,
      "min": 1.58210193328,
      "max": 1.70549082628,
      "times": [
        1.6631228472800001,
        1.6052233812799999,
        1.58210193328,
        1.62705072128,
        1.60056943028,
        1.70549082628,
        1.68182591928,
        1.66645256928,
        1.6946663292800002,
        1.61247993128
      ],
      "exit_codes": [
        0,
        0,
        0,
        0,
        0,
        0,
        0,
        0,
        0,
        0
      ],
      "parameters": {
        "VERSION": "4.0.0-alpha-13"
      }
    }
  ]
}
