{
  "results": [
    {
      "command": "3.0.5",
      "mean": 0.76306329998,
      "stddev": 0.01805265867548705,
      "median": 0.7616474632800001,
      "user": 2.32694212,
      "system": 0.08905690000000001,
      "min": 0.72594382828,
      "max": 0.7835607042800001,
      "times": [
        0.7813838682800001,
        0.7835607042800001,
        0.78082914128,
        0.7760172582800001,
        0.7556411052800001,
        0.7506756752800001,
        0.76363201028,
        0.75966291628,
        0.7532864922800001,
        0.72594382828
      ],
      "exit_codes": [
        0,
        0,
        0,
        0,
        0,
        0,
        0,
        0,
        0,
        0
      ],
      "parameters": {
        "VERSION": "3.0.5"
      }
    },
    {
      "command": "3.6.3",
      "mean": 0.83631397758,
      "stddev": 0.01652508960440948,
      "median": 0.8313272312800002,
      "user": 2.6206774200000003,
      "system": 0.1061938,
      "min": 0.8146713872800001,
      "max": 0.8679515802800001,
      "times": [
        0.82702588728,
        0.8350703802800001,
        0.82023262228,
        0.8456275032800001,
        0.8679515802800001,
        0.8270798962800001,
        0.8146713872800001,
        0.8275840822800001,
        0.8550504042800001,
        0.8428460322800001
      ],
      "exit_codes": [
        0,
        0,
        0,
        0,
        0,
        0,
        0,
        0,
        0,
        0
      ],
      "parameters": {
        "VERSION": "3.6.3"
      }
    },
    {
      "command": "3.8.8",
      "mean": 0.8232616431800001,
      "stddev": 0.020618980433143884,
      "median": 0.8213413297800001,
      "user": 2.5845868199999997,
      "system": 0.07451749999999999,
      "min": 0.7958474062800001,
      "max": 0.8510897002800001,
      "times": [
        0.7958474062800001,
        0.8217632342800001,
        0.8335502882800001,
        0.7968709502800001,
        0.84110016328,
        0.8209194252800001,
        0.81783578028,
        0.8510897002800001,
        0.80318384728,
        0.8504556362800001
      ],
      "exit_codes": [
        0,
        0,
        0,
        0,
        0,
        0,
        0,
        0,
        0,
        0
      ],
      "parameters": {
        "VERSION": "3.8.8"
      }
    },
    {
      "command": "3.9.4",
      "mean": 0.9978541349800001,
      "stddev": 0.01110524899581774,
      "median": 0.99793865478,
      "user": 3.1415255199999996,
      "system": 0.08410999999999999,
      "min": 0.9812429522800001,
      "max": 1.0114588952799999,
      "times": [
        1.0008421642799998,
        1.0091278422799999,
        1.00992098328,
        0.9812429522800001,
        0.9950351452800001,
        0.9903970382800001,
        0.9913778042800001,
        0.9836101142800001,
        1.00552841028,
        1.0114588952799999
      ],
      "exit_codes": [
        0,
        0,
        0,
        0,
        0,
        0,
        0,
        0,
        0,
        0
      ],
      "parameters": {
        "VERSION": "3.9.4"
      }
    },
    {
      "command": "3.9.5",
      "mean": 1.00363227438,
      "stddev": 0.024739698163880556,
      "median": 0.9976966752800001,
      "user": 3.16365522,
      "system": 0.0924226,
      "min": 0.9770857632800001,
      "max": 1.04641911428,
      "times": [
        1.03379851228,
        0.9770857632800001,
        1.04641911428,
        1.0021574222799998,
        0.9949525872800001,
        0.9776745182800001,
        0.9823854642800001,
        1.03007030228,
        1.0004407632799999,
        0.9913382962800001
      ],
      "exit_codes": [
        0,
        0,
        0,
        0,
        0,
        0,
        0,
        0,
        0,
        0
      ],
      "parameters": {
        "VERSION": "3.9.5"
      }
    },
    {
      "command": "4.0.0-alpha-7",
      "mean": 1.18829747728,
      "stddev": 0.028107718905833086,
      "median": 1.18534138628,
      "user": 3.56927022,
      "system": 0.0981013,
      "min": 1.16063944228,
      "max": 1.25725983028,
      "times": [
        1.19758807328,
        1.18435709528,
        1.19776626928,
        1.1745576442799999,
        1.18632567728,
        1.19568465928,
        1.16063944228,
        1.25725983028,
        1.16646133028,
        1.16233475128
      ],
      "exit_codes": [
        0,
        0,
        0,
        0,
        0,
        0,
        0,
        0,
        0,
        0
      ],
      "parameters": {
        "VERSION": "4.0.0-alpha-7"
      }
    },
    {
      "command": "4.0.0-alpha-8",
      "mean": 1.25655415198,
      "stddev": 0.03203074462397449,
      "median": 1.2698575727799999,
      "user": 3.7835605199999995,
      "system": 0.1203419,
      "min": 1.19961383428,
      "max": 1.28701398528,
      "times": [
        1.27483172128,
        1.26488342428,
        1.28549664228,
        1.28012310328,
        1.28701398528,
        1.23258939028,
        1.27974317228,
        1.2507505882799999,
        1.21049565828,
        1.19961383428
      ],
      "exit_codes": [
        0,
        0,
        0,
        0,
        0,
        0,
        0,
        0,
        0,
        0
      ],
      "parameters": {
        "VERSION": "4.0.0-alpha-8"
      }
    }
  ]
}
