{
  "results": [
    {
      "command": "3.0.5",
      "mean": 0.8612825961,
      "stddev": 0.01735770819794176,
      "median": 0.8586000438,
      "user": 2.8382353599999997,
      "system": 0.12336699999999998,
      "min": 0.8326615358,
      "max": 0.8953902088,
      "times": [
        0.8607325078,
        0.8462583468,
        0.8743513488,
        0.8564675798,
        0.8547427428000001,
        0.8524108388,
        0.8326615358,
        0.8654938228,
        0.8743170288000001,
        0.8953902088
      ],
      "exit_codes": [
        0,
        0,
        0,
        0,
        0,
        0,
        0,
        0,
        0,
        0
      ],
      "parameters": {
        "VERSION": "3.0.5"
      }
    },
    {
      "command": "3.1.1",
      "mean": 0.9152002579000001,
      "stddev": 0.02953096850640436,
      "median": 0.9088995768,
      "user": 3.0390606599999996,
      "system": 0.13170199999999999,
      "min": 0.8689878578,
      "max": 0.9794723848,
      "times": [
        0.8689878578,
        0.9310487968,
        0.9027821998,
        0.9268651278,
        0.8976965738,
        0.9794723848,
        0.9038462138,
        0.9309850188000001,
        0.9139529398,
        0.8963654658
      ],
      "exit_codes": [
        0,
        0,
        0,
        0,
        0,
        0,
        0,
        0,
        0,
        0
      ],
      "parameters": {
        "VERSION": "3.1.1"
      }
    },
    {
      "command": "3.2.5",
      "mean": 0.9707489234999999,
      "stddev": 0.02752419974082794,
      "median": 0.9649639513000001,
      "user": 3.3980811599999994,
      "system": 0.1174773,
      "min": 0.9457734308,
      "max": 1.0400294808000001,
      "times": [
        0.9645176468000001,
        0.9570185988000001,
        0.9482881198,
        0.9514186938,
        1.0400294808000001,
        0.9724559258000001,
        0.9770704338,
        0.9855066488,
        0.9654102558000001,
        0.9457734308
      ],
      "exit_codes": [
        0,
        0,
        0,
        0,
        0,
        0,
        0,
        0,
        0,
        0
      ],
      "parameters": {
        "VERSION": "3.2.5"
      }
    },
    {
      "command": "3.3.9",
      "mean": 0.9897498158000001,
      "stddev": 0.013814549659898877,
      "median": 0.9892525643000001,
      "user": 3.3769041599999996,
      "system": 0.11979100000000002,
      "min": 0.9697016518,
      "max": 1.0083269968000002,
      "times": [
        1.0027113538,
        0.9747588298000001,
        0.9780250798,
        0.9817757988,
        0.9965446128000001,
        0.9697016518,
        1.0071487058000002,
        0.9929515398000001,
        0.9855535888,
        1.0083269968000002
      ],
      "exit_codes": [
        0,
        0,
        0,
        0,
        0,
        0,
        0,
        0,
        0,
        0
      ],
      "parameters": {
        "VERSION": "3.3.9"
      }
    },
    {
      "command": "3.5.4",
      "mean": 1.0200755852000003,
      "stddev": 0.01616449606873856,
      "median": 1.0255388618,
      "user": 3.5336029600000005,
      "system": 0.1561072,
      "min": 0.9936398728,
      "max": 1.0425176298,
      "times": [
        1.0302992758,
        1.0306165178,
        1.0335472168000002,
        0.9936398728,
        1.0121460058,
        1.0221848228000001,
        0.9982356608,
        1.0086759488,
        1.0425176298,
        1.0288929008
      ],
      "exit_codes": [
        0,
        0,
        0,
        0,
        0,
        0,
        0,
        0,
        0,
        0
      ],
      "parameters": {
        "VERSION": "3.5.4"
      }
    },
    {
      "command": "3.6.3",
      "mean": 1.004787535,
      "stddev": 0.02585696520371482,
      "median": 0.9972226758,
      "user": 3.40215466,
      "system": 0.1703419,
      "min": 0.9748009488,
      "max": 1.0416123718,
      "times": [
        0.9805132098,
        1.0385305078,
        0.9748009488,
        1.0416123718,
        1.0407298738000001,
        0.9898925628,
        0.9931552748,
        1.0012900768000002,
        0.9857402138,
        1.0016103098
      ],
      "exit_codes": [
        0,
        0,
        0,
        0,
        0,
        0,
        0,
        0,
        0,
        0
      ],
      "parameters": {
        "VERSION": "3.6.3"
      }
    },
    {
      "command": "3.8.1",
      "mean": 0.9953766534999999,
      "stddev": 0.025385356111470227,
      "median": 0.9821809143,
      "user": 3.4178662600000003,
      "system": 0.1542147,
      "min": 0.9742772318,
      "max": 1.0439871438000001,
      "times": [
        0.9753520248,
        1.0058803268,
        1.0266422148,
        1.0439871438000001,
        0.9747932988,
        0.9842576788,
        0.9801041498,
        0.9742772318,
        1.0132043188000002,
        0.9752681468000001
      ],
      "exit_codes": [
        0,
        0,
        0,
        0,
        0,
        0,
        0,
        0,
        0,
        0
      ],
      "parameters": {
        "VERSION": "3.8.1"
      }
    },
    {
      "command": "3.8.2",
      "mean": 0.9768419580000002,
      "stddev": 0.025130487333195076,
      "median": 0.9779578018,
      "user": 3.39782206,
      "system": 0.0991888,
      "min": 0.9447493458,
      "max": 1.0238629818,
      "times": [
        0.9447493458,
        0.9846334208,
        0.9519237818,
        0.9831963748,
        1.0058572778000001,
        1.0238629818,
        0.9640973968000001,
        0.9855234388,
        0.9518563328,
        0.9727192288000001
      ],
      "exit_codes": [
        0,
        0,
        0,
        0,
        0,
        0,
        0,
        0,
        0,
        0
      ],
      "parameters": {
        "VERSION": "3.8.2"
      }
    },
    {
      "command": "3.8.3",
      "mean": 0.9800687029999999,
      "stddev": 0.03351150709009631,
      "median": 0.9706593738,
      "user": 3.3049500599999995,
      "system": 0.11047579999999999,
      "min": 0.9329814448,
      "max": 1.0218626478000001,
      "times": [
        1.0218626478000001,
        1.0133087618,
        0.9582245948,
        0.9572426578000001,
        0.9329814448,
        0.9830941528,
        1.0207310508,
        0.9532099058,
        0.9512394328,
        1.0087923808
      ],
      "exit_codes": [
        0,
        0,
        0,
        0,
        0,
        0,
        0,
        0,
        0,
        0
      ],
      "parameters": {
        "VERSION": "3.8.3"
      }
    },
    {
      "command": "3.8.4",
      "mean": 0.9565267942,
      "stddev": 0.016002001852729764,
      "median": 0.9551071943,
      "user": 3.3284283599999993,
      "system": 0.09547889999999999,
      "min": 0.9385845298000001,
      "max": 0.9881151308,
      "times": [
        0.9787821058,
        0.9406280198,
        0.9881151308,
        0.9530934278000001,
        0.9586860528,
        0.9577178168,
        0.9442536328,
        0.9385845298000001,
        0.9571209608,
        0.9482862648
      ],
      "exit_codes": [
        0,
        0,
        0,
        0,
        0,
        0,
        0,
        0,
        0,
        0
      ],
      "parameters": {
        "VERSION": "3.8.4"
      }
    },
    {
      "command": "3.8.5",
      "mean": 0.9686517822,
      "stddev": 0.028552737866571507,
      "median": 0.9654866538,
      "user": 3.28822916,
      "system": 0.09095349999999999,
      "min": 0.9396556038,
      "max": 1.0412948248,
      "times": [
        0.9780233758,
        0.9396556038,
        0.9662868398,
        0.9492701308,
        0.9646864678,
        1.0412948248,
        0.9746863058,
        0.9687682188,
        0.9435978788,
        0.9602481758
      ],
      "exit_codes": [
        0,
        0,
        0,
        0,
        0,
        0,
        0,
        0,
        0,
        0
      ],
      "parameters": {
        "VERSION": "3.8.5"
      }
    },
    {
      "command": "3.8.6",
      "mean": 0.9600670106999999,