{
  "results": [
    {
      "command": "3.0.5",
      "mean": 0.8671536183199999,
      "stddev": 0.03985148874526788,
      "median": 0.8504880242199999,
      "user": 2.76885106,
      "system": 0.08367748,
      "min": 0.83277158772,
      "max": 0.95721520072,
      "times": [
        0.85980396372,
        0.95721520072,
        0.91852417572,
        0.84190444572,
        0.87175007572,
        0.85155044372,
        0.83951439272,
        0.84942560472,
        0.84907629272,
        0.83277158772
      ],
      "exit_codes": [
        0,
        0,
        0,
        0,
        0,
        0,
        0,
        0,
        0,
        0
      ],
      "parameters": {
        "VERSION": "3.0.5"
      }
    },
    {
      "command": "3.1.1",
      "mean": 0.9099463190200001,
      "stddev": 0.02228229646790207,
      "median": 0.90687602272,
      "user": 2.84725146,
      "system": 0.08349878,
      "min": 0.87362961972,
      "max": 0.94525877972,
      "times": [
        0.92599404572,
        0.91260725872,
        0.87362961972,
        0.94525877972,
        0.89873569372,
        0.90120566472,
        0.91254638072,
        0.94057459372,
        0.89681873972,
        0.89209241372
      ],
      "exit_codes": [
        0,
        0,
        0,
        0,
        0,
        0,
        0,
        0,
        0,
        0
      ],
      "parameters": {
        "VERSION": "3.1.1"
      }
    },
    {
      "command": "3.2.5",
      "mean": 0.9630811620199999,
      "stddev": 0.02011786617774502,
      "median": 0.96511245072,
      "user": 3.1748311599999997,
      "system": 0.10923388,
      "min": 0.92451886172,
      "max": 0.99012827672,
      "times": [
        0.98419534072,
        0.99012827672,
        0.95337599472,
        0.97938676572,
        0.95963506272,
        0.97058983872,
        0.94486104972,
        0.95167332572,
        0.92451886172,
        0.97244710372
      ],
      "exit_codes": [
        0,
        0,
        0,
        0,
        0,
        0,
        0,
        0,
        0,
        0
      ],
      "parameters": {
        "VERSION": "3.2.5"
      }
    },
    {
      "command": "3.3.9",
      "mean": 1.03494911812,
      "stddev": 0.01651672894725626,
      "median": 1.0324931632199998,
      "user": 3.40026236,
      "system": 0.12550367999999998,
      "min": 1.00935080272,
      "max": 1.07114018972,
      "times": [
        1.02707853372,
        1.04646417672,
        1.02174555272,
        1.03352798872,
        1.0307749447199999,
        1.07114018972,
        1.04442266572,
        1.03238846572,
        1.00935080272,
        1.03259786072
      ],
      "exit_codes": [
        0,
        0,
        0,
        0,
        0,
        0,
        0,
        0,
        0,
        0
      ],
      "parameters": {
        "VERSION": "3.3.9"
      }
    },
    {
      "command": "3.5.4",
      "mean": 1.07379896312,
      "stddev": 0.024596573818122816,
      "median": 1.07823838872,
      "user": 3.5905649599999996,
      "system": 0.14990538000000003,
      "min": 1.04065080672,
      "max": 1.11025815572,
      "times": [
        1.07885887372,
        1.10576348472,
        1.08207233572,
        1.11025815572,
        1.0425259007199998,
        1.08200104872,
        1.04065080672,
        1.04479760672,
        1.0734435147199999,
        1.07761790372
      ],
      "exit_codes": [
        0,
        0,
        0,
        0,
        0,
        0,
        0,
        0,
        0,
        0
      ],
      "parameters": {
        "VERSION": "3.5.4"
      }
    },
    {
      "command": "3.6.3",
      "mean": 0.99812427932,
      "stddev": 0.022832807240650007,
      "median": 0.99464224222,
      "user": 3.30760486,
      "system": 0.13813398,
      "min": 0.97176363072,
      "max": 1.03717702972,
      "times": [
        1.03511741972,
        1.03717702972,
        0.99552486572,
        1.00036631872,
        1.00435563372,
        0.99375961872,
        0.99134575772,
        0.97503995072,
        0.97679256772,
        0.97176363072
      ],
      "exit_codes": [
        0,
        0,
        0,
        0,
        0,
        0,
        0,
        0,
        0,
        0
      ],
      "parameters": {
        "VERSION": "3.6.3"
      }
    },
    {
      "command": "3.8.1",
      "mean": 1.0333061409200002,
      "stddev": 0.03216021059013859,
      "median": 1.03855177722,
      "user": 3.43094706,
      "system": 0.13670648000000002,
      "min": 0.99523816272,
      "max": 1.0680881737199999,
      "times": [
        1.05905118172,
        1.06660441972,
        0.9953129617200001,
        1.05911828072,
        0.99775493172,
        1.01805237272,
        1.0680881737199999,
        0.99523816272,
        1.01196521972,
        1.06187570472
      ],
      "exit_codes": [
        0,
        0,
        0,
        0,
        0,
        0,
        0,
        0,
        0,
        0
      ],
      "parameters": {
        "VERSION": "3.8.1"
      }
    },
    {
      "command": "3.8.2",
      "mean": 1.0171421942199999,
      "stddev": 0.0361819760571301,
      "median": 1.00857619622,
      "user": 3.3703680599999997,
      "system": 0.08935018,
      "min": 0.97740656372,
      "max": 1.09499808372,
      "times": [
        1.00695525072,
        1.0444808937199999,
        1.02891310972,
        0.99180237572,
        0.97740656372,
        0.9934841157200001,
        0.98125760072,
        1.01019714172,
        1.04192680672,
        1.09499808372
      ],
      "exit_codes": [
        0,
        0,
        0,
        0,
        0,
        0,
        0,
        0,
        0,
        0
      ],
      "parameters": {
        "VERSION": "3.8.2"
      }
    },
    {
      "command": "3.8.3",
      "mean": 0.9947941740199999,
      "stddev": 0.023792699335987676,
      "median": 0.99104242472,
      "user": 3.24893626,
      "system": 0.10682118,
      "min": 0.96191238872,
      "max": 1.03030805572,
      "times": [
        0.96191238872,
        0.98635654872,
        1.01809401172,
        1.02400706872,
        0.96299648172,
        1.00135261472,
        1.03030805572,
        0.99299850772,
        0.98908634172,
        0.98082972072
      ],
      "exit_codes": [
        0,
        0,
        0,
        0,
        0,
        0,
        0,
        0,
        0,
        0
      ],
      "parameters": {
        "VERSION": "3.8.3"
      }
    },
    {
      "command": "3.8.4",
      "mean": 1.0145593699200002,
      "stddev": 0.037730165382491694,
      "median": 1.00492207472,
      "user": 3.30691896,
      "system": 0.09608128,
      "min": 0.97709940172,
      "max": 1.09912326472,
      "times": [
        1.02591868172,
        1.00530084072,
        1.00454330872,
        1.09912326472,
        1.05615328272,
        0.97709940172,
        0.99649943372,
        1.01200854872,
        0.97857149572,
        0.99037544072
      ],
      "exit_codes": [
        0,
        0,
        0,
        0,
        0,
        0,
        0,
        0,
        0,
        0
      ],
      "parameters": {
        "VERSION": "3.8.4"
      }
    },
    {
      "command": "3.8.5",
      "mean": 1.0048914361199999,
      "stddev": 0.029327479563021567,
      "median": 1.02022688422,
      "user": 3.32725356,
      "system": 0.09010738,
      "min": 0.94893769172,
      "max": 1.03516282972,
      "times": [
        0.94893769172,
        1.0317595717199999,
        0.98549643872,
        0.97922173972,
        1.01918018472,
        0.97879219072,
        1.02225478072,
        1.02683534972,
        1.03516282972,
        1.02127358372
      ],
      "exit_codes": [
        0,
        0,
        0,
        0,
        0,
        0,
        0,
        0,
        0,
        0
      ],
      "parameters": {
        "VERSION": "3.8.5"
      }
    },
    {
      "command": "3.8.6",
      "mean": 0.98694120372,
      "stddev": 0.013293233131642058,
      "median": 0.9893011112200001,