{
  "results": [
    {
      "command": "3.0.5",
      "mean": 0.60964639968,
      "stddev": 0.015703820003113256,
      "median": 0.60365973168,
      "user": 1.5675177999999999,
      "system": 0.11432734,
      "min": 0.59365581268,
      "max": 0.63804939368,
      "times": [
        0.62182209468,
        0.60359098368,
        0.63804939368,
        0.62679860468,
        0.59908229168,
        0.59406066368,
        0.60372847968,
        0.59596627668,
        0.61970939568,
        0.59365581268
      ],
      "exit_codes": [
        0,
        0,
        0,
        0,
        0,
        0,
        0,
        0,
        0,
        0
      ],
      "parameters": {
        "VERSION": "3.0.5"
      }
    },
    {
      "command": "3.6.3",
      "mean": 0.77347672008,
      "stddev": 0.012053015431396514,
      "median": 0.7741131996799999,
      "user": 2.3366148,
      "system": 0.13635674,
      "min": 0.74560784568,
      "max": 0.7866341786800001,
      "times": [
        0.76735147268,
        0.77486430168,
        0.78364373068,
        0.77914889868,
        0.7866341786800001,
        0.77336209768,
        0.78515909368,
        0.74560784568,
        0.76680119568,
        0.77219438568
      ],
      "exit_codes": [
        0,
        0,
        0,
        0,
        0,
        0,
        0,
        0,
        0,
        0
      ],
      "parameters": {
        "VERSION": "3.6.3"
      }
    },
    {
      "command": "3.8.8",
      "mean": 0.76020055158,
      "stddev": 0.019207667583145478,
      "median": 0.7671823816800001,
      "user": 2.2649248999999996,
      "system": 0.09900524,
      "min": 0.72858740568,
      "max": 0.78285171968,
      "times": [
        0.7619134536800001,
        0.77782451068,
        0.76998338868,
        0.7647272256800001,
        0.78285171968,
        0.7731526426800001,
        0.72858740568,
        0.76963753768,
        0.73407131268,
        0.73925631868
      ],
      "exit_codes": [
        0,
        0,
        0,
        0,
        0,
        0,
        0,
        0,
        0,
        0
      ],
      "parameters": {
        "VERSION": "3.8.8"
      }
    },
    {
      "command": "3.9.6",
      "mean": 0.9333878023800001,
      "stddev": 0.01976299644130269,
      "median": 0.9342969746800001,
      "user": 2.9511537,
      "system": 0.11898963999999998,
      "min": 0.9047624456800001,
      "max": 0.9656584796800001,
      "times": [
        0.92112636068,
        0.9047624456800001,
        0.9337804766800001,
        0.91622788868,
        0.9188365766800001,
        0.96445200868,
        0.93481347268,
        0.9656584796800001,
        0.93589579668,
        0.93832451768
      ],
      "exit_codes": [
        0,
        0,
        0,
        0,
        0,
        0,
        0,
        0,
        0,
        0
      ],
      "parameters": {
        "VERSION": "3.9.6"
      }
    },
    {
      "command": "4.0.0-alpha-13",
      "mean": 1.3923759930800002,
      "stddev": 0.03458089600046045,
      "median": 1.38776834068,
      "user": 4.937327700000001,
      "system": 0.17402274,
      "min": 1.33622396168,
      "max": 1.45002391268,
      "times": [
        1.33622396168,
        1.45002391268,
        1.3685480336800002,
        1.4382386666800002,
        1.38573098968,
        1.38562505268,
        1.3898056916800001,
        1.3961304596800002,
        1.35987851168,
        1.41355465068
      ],
      "exit_codes": [
        0,
        0,
        0,
        0,
        0,
        0,
        0,
        0,
        0,
        0
      ],
      "parameters": {
        "VERSION": "4.0.0-alpha-13"
      }
    }
  ]
}
