{
  "results": [
    {
      "command": "3.0.5",
      "mean": 1.0372008431599997,
      "stddev": 0.016089782026966332,
      "median": 1.03597370686,
      "user": 3.4589197999999994,
      "system": 0.21564076000000001,
      "min": 1.0123462483599999,
      "max": 1.06344960536,
      "times": [
        1.0450903943599998,
        1.01737950136,
        1.03680379736,
        1.06344960536,
        1.02518220836,
        1.0336929393599998,
        1.0351436163599999,
        1.0123462483599999,
        1.05181881736,
        1.0511013033599999
      ],
      "exit_codes": [
        0,
        0,
        0,
        0,
        0,
        0,
        0,
        0,
        0,
        0
      ],
      "parameters": {
        "VERSION": "3.0.5"
      }
    },
    {
      "command": "3.6.3",
      "mean": 1.5536881997599998,
      "stddev": 0.03564832516805445,
      "median": 1.55236562586,
      "user": 5.460676299999999,
      "system": 0.51469846,
      "min": 1.50745612936,
      "max": 1.62580419536,
      "times": [
        1.54242632336,
        1.62580419536,
        1.55555990636,
        1.55829088136,
        1.54917134536,
        1.5714495843599998,
        1.50745612936,
        1.58756340936,
        1.5278706733599998,
        1.5112895493599998
      ],
      "exit_codes": [
        0,
        0,
        0,
        0,
        0,
        0,
        0,
        0,
        0,
        0
      ],
      "parameters": {
        "VERSION": "3.6.3"
      }
    },
    {
      "command": "3.8.8",
      "mean": 1.3771833125599997,
      "stddev": 0.024557821154069036,
      "median": 1.3749969118599998,
      "user": 4.903243699999999,
      "system": 0.26474466,
      "min": 1.34813804836,
      "max": 1.41295735536,
      "times": [
        1.41295735536,
        1.4094939763599998,
        1.3788303923599998,
        1.3711634313599999,
        1.35093243336,
        1.34813804836,
        1.34857747836,
        1.40110568136,
        1.38352666236,
        1.36710766636
      ],
      "exit_codes": [
        0,
        0,
        0,
        0,
        0,
        0,
        0,
        0,
        0,
        0
      ],
      "parameters": {
        "VERSION": "3.8.8"
      }
    },
    {
      "command": "3.9.6",
      "mean": 1.55343622396,
      "stddev": 0.022824508242182993,
      "median": 1.55572864736,
      "user": 5.412519399999999,
      "system": 0.25473076,
      "min": 1.52078313936,
      "max": 1.58959046236,
      "times": [
        1.52078313936,
        1.5316513133599998,
        1.57276659536,
        1.53551717336,
        1.58959046236,
        1.53070410636,
        1.57027693336,
        1.55724319636,
        1.57161522136,
        1.5542140983600001
      ],
      "exit_codes": [
        0,
        0,
        0,
        0,
        0,
        0,
        0,
        0,
        0,
        0
      ],
      "parameters": {
        "VERSION": "3.9.6"
      }
    },
    {
      "command": "4.0.0-alpha-13",
      "mean": 2.07881323946,
      "stddev": 0.026797685817267283,
      "median": 2.07853599686,
      "user": 9.159735399999999,
      "system": 0.42047646,
      "min": 2.03659177536,
      "max": 2.11853190336,
      "times": [
        2.05756574636,
        2.03659177536,
        2.08560946136,
        2.05429450336,
        2.11350797136,
        2.08802594536,
        2.11853190336,
        2.09928920236,
        2.07146253236,
        2.06325335336
      ],
      "exit_codes": [
        0,
        0,
        0,
        0,
        0,
        0,
        0,
        0,
        0,
        0
      ],
      "parameters": {
        "VERSION": "4.0.0-alpha-13"
      }
    }
  ]
}
