{
  "results": [
    {
      "command": "3.0.5",
      "mean": 3.00251438148,
      "stddev": 0.034907702278569354,
      "median": 3.00366930678,
      "user": 9.69576348,
      "system": 0.60616894,
      "min": 2.94011797878,
      "max": 3.0678551217799996,
      "times": [
        3.0678551217799996,
        3.00191525778,
        2.9982979837799997,
        3.01532987378,
        3.0240214807799997,
        2.97427547678,
        3.0054233557799996,
        2.94011797878,
        3.0247220437799998,
        2.97318524178
      ],
      "exit_codes": [
        0,
        0,
        0,
        0,
        0,
        0,
        0,
        0,
        0,
        0
      ],
      "parameters": {
        "VERSION": "3.0.5"
      }
    },
    {
      "command": "3.1.1",
      "mean": 4.619221314080001,
      "stddev": 0.0605863949987969,
      "median": 4.6123783747800005,
      "user": 14.26739198,
      "system": 1.47227414,
      "min": 4.51142903878,
      "max": 4.71974376178,
      "times": [
        4.60703849578,
        4.51142903878,
        4.71974376178,
        4.67055607278,
        4.57014402178,
        4.57398485178,
        4.60118912178,
        4.61771825378,
        4.67411810978,
        4.64629141278
      ],
      "exit_codes": [
        0,
        0,
        0,
        0,
        0,
        0,
        0,
        0,
        0,
        0
      ],
      "parameters": {
        "VERSION": "3.1.1"
      }
    },
    {
      "command": "3.2.5",
      "mean": 4.769325412780001,
      "stddev": 0.04308159954613164,
      "median": 4.77634566378,
      "user": 15.69822758,
      "system": 1.44543314,
      "min": 4.70072650578,
      "max": 4.82549756478,
      "times": [
        4.76750577578,
        4.76534937678,
        4.79651977478,
        4.72237754678,
        4.82549756478,
        4.70072650578,
        4.80983192278,
        4.80382737278,
        4.71643273578,
        4.78518555178
      ],
      "exit_codes": [
        0,
        0,
        0,
        0,
        0,
        0,
        0,
        0,
        0,
        0
      ],
      "parameters": {
        "VERSION": "3.2.5"
      }
    },
    {
      "command": "3.3.9",
      "mean": 4.841538602879999,
      "stddev": 0.08491873360654566,
      "median": 4.84892040928,
      "user": 16.341216879999998,
      "system": 0.9120049400000001,
      "min": 4.739376496779999,
      "max": 5.02266795278,
      "times": [
        4.89100076678,
        4.76055746978,
        4.85866931578,
        4.80529871978,
        4.83917150278,
        4.88835652878,
        4.86081156478,
        4.74947571078,
        5.02266795278,
        4.739376496779999
      ],
      "exit_codes": [
        0,
        0,
        0,
        0,
        0,
        0,
        0,
        0,
        0,
        0
      ],
      "parameters": {
        "VERSION": "3.3.9"
      }
    },
    {
      "command": "3.5.4",
      "mean": 4.313927361180001,
      "stddev": 0.07454570486687744,
      "median": 4.29251968578,
      "user": 12.947822780000001,
      "system": 1.8490079400000003,
      "min": 4.21943856678,
      "max": 4.42984432678,
      "times": [
        4.21943856678,
        4.30423514578,
        4.39164996278,
        4.26919242778,
        4.38151567078,
        4.2389236197799995,
        4.28080422578,
        4.37591715278,
        4.42984432678,
        4.24775251278
      ],
      "exit_codes": [
        0,
        0,
        0,
        0,
        0,
        0,
        0,
        0,
        0,
        0
      ],
      "parameters": {
        "VERSION": "3.5.4"
      }
    },
    {
      "command": "3.6.3",
      "mean": 4.238965790479999,
      "stddev": 0.0564370147360552,
      "median": 4.22752289728,
      "user": 12.679022479999999,
      "system": 1.79734844,
      "min": 4.15822111478,
      "max": 4.32761462678,
      "times": [
        4.18832160778,
        4.32365041978,
        4.22405428878,
        4.20909972978,
        4.23099150578,
        4.15822111478,
        4.32761462678,
        4.23314239578,
        4.20727194278,
        4.28729027278
      ],
      "exit_codes": [
        0,
        0,
        0,
        0,
        0,
        0,
        0,
        0,
        0,
        0
      ],
      "parameters": {
        "VERSION": "3.6.3"
      }
    },
    {
      "command": "3.8.1",
      "mean": 4.292094702679999,
      "stddev": 0.06977469680899423,
      "median": 4.29341098978,
      "user": 12.939852679999996,
      "system": 1.82148264,
      "min": 4.1929915177799995,
      "max": 4.41188407878,
      "times": [
        4.27818431778,
        4.3508561087799995,
        4.224285453779999,
        4.20673786478,
        4.30028965778,
        4.32036136678,
        4.41188407878,
        4.28653232178,
        4.1929915177799995,
        4.34882433878
      ],
      "exit_codes": [
        0,
        0,
        0,
        0,
        0,
        0,
        0,
        0,
        0,
        0
      ],
      "parameters": {
        "VERSION": "3.8.1"
      }
    },
    {
      "command": "3.8.2",
      "mean": 3.5633763319800003,
      "stddev": 0.048226877346815696,
      "median": 3.56503749528,
      "user": 12.275075180000002,
      "system": 0.62367444,
      "min": 3.50765719278,
      "max": 3.62369037778,
      "times": [
        3.51769926678,
        3.62369037778,
        3.50765719278,
        3.51457082978,
        3.60877410778,
        3.60206723478,
        3.51091314578,
        3.55111858178,
        3.57895640878,
        3.61831617378
      ],
      "exit_codes": [
        0,
        0,
        0,
        0,
        0,
        0,
        0,
        0,
        0,
        0
      ],
      "parameters": {
        "VERSION": "3.8.2"
      }
    },
    {
      "command": "3.8.3",
      "mean": 2.90150341518,
      "stddev": 0.04328868502166206,
      "median": 2.90075139928,
      "user": 11.05658268,
      "system": 0.7202432400000001,
      "min": 2.83533073178,
      "max": 2.9777216377799998,
      "times": [
        2.94574167778,
        2.91498123078,
        2.9777216377799998,
        2.8802737057799996,
        2.85157931978,
        2.89191904178,
        2.90958375678,
        2.83533073178,
        2.8772473967799996,
        2.93065565278
      ],
      "exit_codes": [
        0,
        0,
        0,
        0,
        0,
        0,
        0,
        0,
        0,
        0
      ],
      "parameters": {
        "VERSION": "3.8.3"
      }
    },
    {
      "command": "3.8.4",
      "mean": 2.88455142758,
      "stddev": 0.04297177031489839,
      "median": 2.88586755978,
      "user": 11.044992579999999,
      "system": 0.72049074,
      "min": 2.81247573778,
      "max": 2.95203971078,
      "times": [
        2.81247573778,
        2.8631409787799997,
        2.88478447978,
        2.91443020378,
        2.84497784578,
        2.8480794327799996,
        2.95203971078,
        2.90934332278,
        2.92929192378,
        2.8869506397799998
      ],
      "exit_codes": [
        0,
        0,
        0,
        0,
        0,
        0,
        0,
        0,
        0,
        0
      ],
      "parameters": {
        "VERSION": "3.8.4"
      }
    },
    {
      "command": "3.8.5",
      "mean": 2.9217818896799996,
      "stddev": 0.03664763101209782,
      "median": 2.9316496557800003,
      "user": 11.03788098,
      "system": 0.72031204,
      "min": 2.85190042478,
      "max": 2.9789927877799998,
      "times": [
        2.85190042478,
        2.9497723047799997,
        2.9789927877799998,
        2.91723652978,
        2.87692518678,
        2.93388933778,
        2.92940997378,
        2.90295130578,
        2.93994404578,
        2.93679699978
      ],
      "exit_codes": [
        0,
        0,
        0,
        0,
        0,
        0,
        0,
        0,
        0,
        0
      ],
      "parameters": {
        "VERSION": "3.8.5"
      }
    },
    {
      "command": "3.8.6",
      "mean": 2.8923854783800005,