{
  "results": [
    {
      "command": "3.0.5",
      "mean": 0.91240581988,
      "stddev": 0.024495124081291283,
      "median": 0.9162738697800001,
      "user": 2.9763317799999998,
      "system": 0.0807435,
      "min": 0.8761137682800001,
      "max": 0.95172742728,
      "times": [
        0.88917392228,
        0.8761137682800001,
        0.91781153928,
        0.9070769542800001,
        0.9155089622800001,
        0.9315958162800001,
        0.93654625428,
        0.95172742728,
        0.91703877728,
        0.8814647772800001
      ],
      "exit_codes": [
        0,
        0,
        0,
        0,
        0,
        0,
        0,
        0,
        0,
        0
      ],
      "parameters": {
        "VERSION": "3.0.5"
      }
    },
    {
      "command": "3.6.3",
      "mean": 1.08399975198,
      "stddev": 0.024092480302708684,
      "median": 1.0833869412800001,
      "user": 3.68842168,
      "system": 0.1510938,
      "min": 1.05105183728,
      "max": 1.13128081028,
      "times": [
        1.10698513328,
        1.08734999128,
        1.07942389128,
        1.09031204328,
        1.13128081028,
        1.07813528028,
        1.05270483928,
        1.09310516028,
        1.05105183728,
        1.06964853328
      ],
      "exit_codes": [
        0,
        0,
        0,
        0,
        0,
        0,
        0,
        0,
        0,
        0
      ],
      "parameters": {
        "VERSION": "3.6.3"
      }
    },
    {
      "command": "3.8.8",
      "mean": 1.05318216138,
      "stddev": 0.029196426845760567,
      "median": 1.04853358378,
      "user": 3.5386077799999995,
      "system": 0.10346359999999999,
      "min": 1.01921320228,
      "max": 1.12339291028,
      "times": [
        1.0471074762800001,
        1.01921320228,
        1.12339291028,
        1.04198413328,
        1.04995969128,
        1.03207342928,
        1.07981441228,
        1.03752949428,
        1.05012704728,
        1.05061981728
      ],
      "exit_codes": [
        0,
        0,
        0,
        0,
        0,
        0,
        0,
        0,
        0,
        0
      ],
      "parameters": {
        "VERSION": "3.8.8"
      }
    },
    {
      "command": "3.9.4",
      "mean": 1.2503439493800002,
      "stddev": 0.025156882875154506,
      "median": 1.24907541428,
      "user": 4.289469479999999,
      "system": 0.10519029999999999,
      "min": 1.21911142128,
      "max": 1.30092050928,
      "times": [
        1.25312915628,
        1.22935511828,
        1.23622817128,
        1.30092050928,
        1.25364143528,
        1.26748580028,
        1.21911142128,
        1.27355766228,
        1.24502167228,
        1.22498854728
      ],
      "exit_codes": [
        0,
        0,
        0,
        0,
        0,
        0,
        0,
        0,
        0,
        0
      ],
      "parameters": {
        "VERSION": "3.9.4"
      }
    },
    {
      "command": "3.9.5",
      "mean": 1.25737760148,
      "stddev": 0.02322083837345163,
      "median": 1.26152021128,
      "user": 4.318595579999999,
      "system": 0.095502,
      "min": 1.21110694328,
      "max": 1.28654085628,
      "times": [
        1.24226204528,
        1.26746813128,
        1.27386556528,
        1.28402394428,
        1.24860177928,
        1.28654085628,
        1.21110694328,
        1.23686632728,
        1.26445001928,
        1.25859040328
      ],
      "exit_codes": [
        0,
        0,
        0,
        0,
        0,
        0,
        0,
        0,
        0,
        0
      ],
      "parameters": {
        "VERSION": "3.9.5"
      }
    },
    {
      "command": "4.0.0-alpha-7",
      "mean": 1.5410025786800001,
      "stddev": 0.03190898456175534,
      "median": 1.5353307792800002,
      "user": 5.23710148,
      "system": 0.12549689999999997,
      "min": 1.49977742328,
      "max": 1.58975414428,
      "times": [
        1.51652053128,
        1.5510173472800002,
        1.50977530528,
        1.56642768628,
        1.5196442112800002,
        1.56903295628,
        1.49977742328,
        1.58975414428,
        1.57147771128,
        1.51659847028
      ],
      "exit_codes": [
        0,
        0,
        0,
        0,
        0,
        0,
        0,
        0,
        0,
        0
      ],
      "parameters": {
        "VERSION": "4.0.0-alpha-7"
      }
    },
    {
      "command": "4.0.0-alpha-8",
      "mean": 1.63710867558,
      "stddev": 0.034073265014931076,
      "median": 1.62562963778,
      "user": 5.5253169799999995,
      "system": 0.12852249999999998,
      "min": 1.59842315728,
      "max": 1.70528056528,
      "times": [
        1.62461113128,
        1.61332821828,
        1.61021990828,
        1.66938198228,
        1.70528056528,
        1.63118969128,
        1.67353378728,
        1.6184701702800002,
        1.62664814428,
        1.59842315728
      ],
      "exit_codes": [
        0,
        0,
        0,
        0,
        0,
        0,
        0,
        0,
        0,
        0
      ],
      "parameters": {
        "VERSION": "4.0.0-alpha-8"
      }
    }
  ]
}
