{
  "results": [
    {
      "command": "3.0.5",
      "mean": 1.6315780702800002,
      "stddev": 0.027873833321013956,
      "median": 1.64092375728,
      "user": 5.97520562,
      "system": 0.27869762,
      "min": 1.5821528522800001,
      "max": 1.66418724928,
      "times": [
        1.5821528522800001,
        1.65878631628,
        1.58698572728,
        1.64314536528,
        1.6299670452800001,
        1.6196646782800002,
        1.63870214928,
        1.64421889928,
        1.66418724928,
        1.64797042028
      ],
      "exit_codes": [
        0,
        0,
        0,
        0,
        0,
        0,
        0,
        0,
        0,
        0
      ],
      "parameters": {
        "VERSION": "3.0.5"
      }
    },
    {
      "command": "3.6.3",
      "mean": 2.0429426384799996,
      "stddev": 0.023633009151081914,
      "median": 2.0436357847799997,
      "user": 7.213954019999998,
      "system": 0.6077679200000001,
      "min": 2.0135473392799996,
      "max": 2.0869089712799997,
      "times": [
        2.0171973032799997,
        2.0869089712799997,
        2.05488693428,
        2.06254867528,
        2.05854960928,
        2.02293568728,
        2.0504694292799996,
        2.0255802952799997,
        2.03680214028,
        2.0135473392799996
      ],
      "exit_codes": [
        0,
        0,
        0,
        0,
        0,
        0,
        0,
        0,
        0,
        0
      ],
      "parameters": {
        "VERSION": "3.6.3"
      }
    },
    {
      "command": "3.8.8",
      "mean": 1.6923654281799998,
      "stddev": 0.015461277427938569,
      "median": 1.6892396987800002,
      "user": 6.409280819999999,
      "system": 0.27694872,
      "min": 1.67625605528,
      "max": 1.7210695092800001,
      "times": [
        1.67625605528,
        1.6927039672800002,
        1.67716237228,
        1.67973945328,
        1.71020750528,
        1.6796556342800002,
        1.7210695092800001,
        1.68577543028,
        1.70373089728,
        1.69735345728
      ],
      "exit_codes": [
        0,
        0,
        0,
        0,
        0,
        0,
        0,
        0,
        0,
        0
      ],
      "parameters": {
        "VERSION": "3.8.8"
      }
    },
    {
      "command": "3.9.4",
      "mean": 2.06983410938,
      "stddev": 0.03572578740591644,
      "median": 2.0607695472799996,
      "user": 7.98906332,
      "system": 0.28657122,
      "min": 2.02872017228,
      "max": 2.14328074228,
      "times": [
        2.11485700328,
        2.06525855128,
        2.14328074228,
        2.0832926862799996,
        2.06767835328,
        2.0562805432799998,
        2.0539487082799996,
        2.03157087428,
        2.02872017228,
        2.05345345928
      ],
      "exit_codes": [
        0,
        0,
        0,
        0,
        0,
        0,
        0,
        0,
        0,
        0
      ],
      "parameters": {
        "VERSION": "3.9.4"
      }
    },
    {
      "command": "3.9.5",
      "mean": 2.05102890608,
      "stddev": 0.02381206282044582,
      "median": 2.05193685478,
      "user": 8.02209092,
      "system": 0.30592512,
      "min": 2.02560964428,
      "max": 2.0987283022799996,
      "times": [
        2.05574352428,
        2.06662181928,
        2.02772285528,
        2.03006144028,
        2.04813018528,
        2.0707246322799997,
        2.02560964428,
        2.0987283022799996,
        2.0580178612799997,
        2.02892879628
      ],
      "exit_codes": [
        0,
        0,
        0,
        0,
        0,
        0,
        0,
        0,
        0,
        0
      ],
      "parameters": {
        "VERSION": "3.9.5"
      }
    },
    {
      "command": "4.0.0-alpha-7",
      "mean": 2.82625068678,
      "stddev": 0.032793126639086075,
      "median": 2.8242353427799998,
      "user": 10.49191432,
      "system": 0.38534192,
      "min": 2.78643923228,
      "max": 2.87671382628,
      "times": [
        2.86367188328,
        2.82251458328,
        2.78643923228,
        2.8263722522799997,
        2.87671382628,
        2.78737311128,
        2.81085550728,
        2.82595610228,
        2.8654595602799997,
        2.7971508092799997
      ],
      "exit_codes": [
        0,
        0,
        0,
        0,
        0,
        0,
        0,
        0,
        0,
        0
      ],
      "parameters": {
        "VERSION": "4.0.0-alpha-7"
      }
    },
    {
      "command": "4.0.0-alpha-8",
      "mean": 3.154631186579999,
      "stddev": 0.018323479925006794,
      "median": 3.1592712152799995,
      "user": 11.53106812,
      "system": 0.38383041999999995,
      "min": 3.12291662728,
      "max": 3.17509471828,
      "times": [
        3.15828437328,
        3.1679381362799997,
        3.1251266042799997,
        3.1608850122799996,
        3.1599846332799997,
        3.1442891822799997,
        3.12291662728,
        3.15855779728,
        3.1732347812799997,
        3.17509471828
      ],
      "exit_codes": [
        0,
        0,
        0,
        0,
        0,
        0,
        0,
        0,
        0,
        0
      ],
      "parameters": {
        "VERSION": "4.0.0-alpha-8"
      }
    }
  ]
}
