{
  "results": [
    {
      "command": "3.0.5",
      "mean": 2.30946611452,
      "stddev": 0.05462043806681564,
      "median": 2.2960785134200004,
      "user": 14.054070439999998,
      "system": 0.53781832,
      "min": 2.2218069289200004,
      "max": 2.3938232479200003,
      "times": [
        2.2974757349200003,
        2.35400667292,
        2.26376542892,
        2.2946812919200004,
        2.3903524829200005,
        2.2823014989200003,
        2.3938232479200003,
        2.30463497092,
        2.2218069289200004,
        2.2918128869200003
      ],
      "exit_codes": [
        0,
        0,
        0,
        0,
        0,
        0,
        0,
        0,
        0,
        0
      ],
      "parameters": {
        "VERSION": "3.0.5"
      }
    },
    {
      "command": "3.1.1",
      "mean": 2.57369695162,
      "stddev": 0.042844828080262694,
      "median": 2.56415368042,
      "user": 15.222763839999999,
      "system": 0.6163589199999999,
      "min": 2.52395393292,
      "max": 2.6555475439200005,
      "times": [
        2.5932243519200004,
        2.55443979592,
        2.5420373299200003,
        2.57386756492,
        2.6132972969200003,
        2.53115632192,
        2.52395393292,
        2.6079846139200002,
        2.6555475439200005,
        2.5414607639200004
      ],
      "exit_codes": [
        0,
        0,
        0,
        0,
        0,
        0,
        0,
        0,
        0,
        0
      ],
      "parameters": {
        "VERSION": "3.1.1"
      }
    },
    {
      "command": "3.2.5",
      "mean": 2.77215936782,
      "stddev": 0.07433388847720085,
      "median": 2.74125664542,
      "user": 15.988064939999997,
      "system": 0.60928792,
      "min": 2.6833086229200003,
      "max": 2.89470501092,
      "times": [
        2.7298385459200003,
        2.7421911159200003,
        2.89470501092,
        2.6833086229200003,
        2.7299216259200003,
        2.7100367969200003,
        2.8344532209200004,
        2.74032217492,
        2.8886720889200004,
        2.76814447492
      ],
      "exit_codes": [
        0,
        0,
        0,
        0,
        0,
        0,
        0,
        0,
        0,
        0
      ],
      "parameters": {
        "VERSION": "3.2.5"
      }
    },
    {
      "command": "3.3.9",
      "mean": 2.80820040742,
      "stddev": 0.06011912917533126,
      "median": 2.8014090679200003,
      "user": 16.01881994,
      "system": 0.5966414200000001,
      "min": 2.73126180792,
      "max": 2.88682104192,
      "times": [
        2.8040908619200002,
        2.73329535992,
        2.7376821109200002,
        2.8638479089200004,
        2.87157323492,
        2.7965994709200004,
        2.8581050029200004,
        2.7987272739200004,
        2.88682104192,
        2.73126180792
      ],
      "exit_codes": [
        0,
        0,
        0,
        0,
        0,
        0,
        0,
        0,
        0,
        0
      ],
      "parameters": {
        "VERSION": "3.3.9"
      }
    },
    {
      "command": "3.5.4",
      "mean": 3.04882176112,
      "stddev": 0.06000362429427279,
      "median": 3.0565961669200004,
      "user": 17.053152439999998,
      "system": 0.9296375199999998,
      "min": 2.9498122729200005,
      "max": 3.12541656492,
      "times": [
        2.9498122729200005,
        2.9957618159200003,
        3.08460805792,
        3.0218313609200003,
        3.08584975092,
        2.9867788079200004,
        3.02858427592,
        3.10757325592,
        3.12541656492,
        3.10200144792
      ],
      "exit_codes": [
        0,
        0,
        0,
        0,
        0,
        0,
        0,
        0,
        0,
        0
      ],
      "parameters": {
        "VERSION": "3.5.4"
      }
    },
    {
      "command": "3.6.3",
      "mean": 2.9962638762200005,
      "stddev": 0.09111342755607121,
      "median": 3.01565714692,
      "user": 15.72008774,
      "system": 0.9357874199999999,
      "min": 2.87584626892,
      "max": 3.12633898692,
      "times": [
        2.87584626892,
        3.12633898692,
        3.1130405649200004,
        3.0099028379200004,
        2.9223393649200005,
        3.05525311992,
        3.03649467892,
        3.02141145592,
        2.89299161492,
        2.90901986892
      ],
      "exit_codes": [
        0,
        0,
        0,
        0,
        0,
        0,
        0,
        0,
        0,
        0
      ],
      "parameters": {
        "VERSION": "3.6.3"
      }
    },
    {
      "command": "3.8.1",
      "mean": 3.05223102332,
      "stddev": 0.08730997074657951,
      "median": 3.0403762214200003,
      "user": 15.75684204,
      "system": 0.91392532,
      "min": 2.93156146492,
      "max": 3.17615056592,
      "times": [
        3.05183714292,
        3.0289152999200004,
        3.1397895459200003,
        2.93156146492,
        2.99952840592,
        3.0000965189200004,
        2.95069443692,
        3.17615056592,
        3.0719894519200004,
        3.17174739992
      ],
      "exit_codes": [
        0,
        0,
        0,
        0,
        0,
        0,
        0,
        0,
        0,
        0
      ],
      "parameters": {
        "VERSION": "3.8.1"
      }
    },
    {
      "command": "3.8.2",
      "mean": 2.7329429140199997,
      "stddev": 0.07792968585007666,
      "median": 2.7399481859200003,
      "user": 14.91724404,
      "system": 0.5792324200000001,
      "min": 2.62792123092,
      "max": 2.8283614809200004,
      "times": [
        2.62792123092,
        2.6347802329200003,
        2.7472621379200004,
        2.8274801129200005,
        2.6372681049200004,
        2.76078369492,
        2.72423171992,
        2.8283614809200004,
        2.80870619092,
        2.7326342339200003
      ],
      "exit_codes": [
        0,
        0,
        0,
        0,
        0,
        0,
        0,
        0,
        0,
        0
      ],
      "parameters": {
        "VERSION": "3.8.2"
      }
    },
    {
      "command": "3.8.3",
      "mean": 2.5714491881200003,
      "stddev": 0.056391733805774794,
      "median": 2.5503673629200003,
      "user": 14.206507539999999,
      "system": 0.5325933199999999,
      "min": 2.5135017789200003,
      "max": 2.66524811392,
      "times": [
        2.5443720619200003,
        2.52636075392,
        2.55435368492,
        2.52018720992,
        2.65255659592,
        2.5463810409200005,
        2.5135017789200003,
        2.5612070249200003,
        2.63032361592,
        2.66524811392
      ],
      "exit_codes": [
        0,
        0,
        0,
        0,
        0,
        0,
        0,
        0,
        0,
        0
      ],
      "parameters": {
        "VERSION": "3.8.3"
      }
    },
    {
      "command": "3.8.4",
      "mean": 2.52216267802,
      "stddev": 0.05419378542053745,
      "median": 2.51540602492,
      "user": 13.868579639999998,
      "system": 0.5059504199999999,
      "min": 2.4617446219200003,
      "max": 2.6372525029200005,
      "times": [
        2.4617446219200003,
        2.52540019492,
        2.55577171392,
        2.47711885492,
        2.48991505692,
        2.6372525029200005,
        2.50541185492,
        2.53790119092,
        2.46701581792,
        2.5640949709200003
      ],
      "exit_codes": [
        0,
        0,
        0,
        0,
        0,
        0,
        0,
        0,
        0,
        0
      ],
      "parameters": {
        "VERSION": "3.8.4"
      }
    },
    {
      "command": "4.0.0-alpha-1",
      "mean": 2.9071266350200005,
      "stddev": 0.0788739618147097,
      "median": 2.93408510292,
      "user": 16.705680440000002,
      "system": 0.6144273200000001,
      "min": 2.75494020492,
      "max": 2.9888632739200003,
      "times": [
        2.9085871729200004,
        2.75494020492,
        2.92939823392,
        2.94408750992,
        2.96790444692,
        2.83053710792,
        2.9888632739200003,
        2.93877197192,
        2.8213105719200002,
        2.98686585592
      ],