{
  "results": [
    {
      "command": "3.0.5",
      "mean": 0.6811223495000001,
      "stddev": 0.015940693485609145,
      "median": 0.6850036400999999,
      "user": 1.8612368799999999,
      "system": 0.10381979999999999,
      "min": 0.6622441021000001,
      "max": 0.7013924971000001,
      "times": [
        0.6865791791,
        0.6834281011,
        0.6622441021000001,
        0.6656156141,
        0.6624369271,
        0.6962430861,
        0.6649897391,
        0.6999263811,
        0.6883678681000001,
        0.7013924971000001
      ],
      "exit_codes": [
        0,
        0,
        0,
        0,
        0,
        0,
        0,
        0,
        0,
        0
      ],
      "parameters": {
        "VERSION": "3.0.5"
      }
    },
    {
      "command": "3.6.3",
      "mean": 0.8442042609000001,
      "stddev": 0.021396985850165636,
      "median": 0.8400438186,
      "user": 2.53577738,
      "system": 0.15664359999999994,
      "min": 0.8239263471,
      "max": 0.8951236521,
      "times": [
        0.8242706381,
        0.8296639741,
        0.8951236521,
        0.8350504191,
        0.8317692751,
        0.8585268061,
        0.8516596261,
        0.8470146531,
        0.8450372181,
        0.8239263471
      ],
      "exit_codes": [
        0,
        0,
        0,
        0,
        0,
        0,
        0,
        0,
        0,
        0
      ],
      "parameters": {
        "VERSION": "3.6.3"
      }
    },
    {
      "command": "3.8.8",
      "mean": 0.8234911073000001,
      "stddev": 0.029888677519096723,
      "median": 0.8169287481,
      "user": 2.4714508799999995,
      "system": 0.10676680000000001,
      "min": 0.7809337891,
      "max": 0.8718154101000001,
      "times": [
        0.7901094571,
        0.8266144641000001,
        0.8101816641,
        0.8718154101000001,
        0.8142712191,
        0.8360635661,
        0.8710640071,
        0.8170278551,
        0.8168296411,
        0.7809337891
      ],
      "exit_codes": [
        0,
        0,
        0,
        0,
        0,
        0,
        0,
        0,
        0,
        0
      ],
      "parameters": {
        "VERSION": "3.8.8"
      }
    },
    {
      "command": "3.9.6",
      "mean": 0.9880864648000001,
      "stddev": 0.014013618430853995,
      "median": 0.9915537441,
      "user": 2.9895061800000002,
      "system": 0.13343860000000002,
      "min": 0.9654362571,
      "max": 1.0140386641,
      "times": [
        0.9743112121,
        0.9929552321,
        0.9828972331,
        0.9654362571,
        1.0140386641,
        0.9937800021000001,
        0.9901522561,
        0.9945107451,
        0.9977227511000001,
        0.9750602951
      ],
      "exit_codes": [
        0,
        0,
        0,
        0,
        0,
        0,
        0,
        0,
        0,
        0
      ],
      "parameters": {
        "VERSION": "3.9.6"
      }
    },
    {
      "command": "4.0.0-alpha-13",
      "mean": 1.4329686553,
      "stddev": 0.017821689011763328,
      "median": 1.4352048536000002,
      "user": 5.10900868,
      "system": 0.20650529999999997,
      "min": 1.4030253671000001,
      "max": 1.4644627171000002,
      "times": [
        1.4358237891,
        1.4442663851000002,
        1.4491772411000001,
        1.4118943421,
        1.4354560281000002,
        1.4251244861,
        1.4255025181,
        1.4644627171000002,
        1.4030253671000001,
        1.4349536791000002
      ],
      "exit_codes": [
        0,
        0,
        0,
        0,
        0,
        0,
        0,
        0,
        0,
        0
      ],
      "parameters": {
        "VERSION": "4.0.0-alpha-13"
      }
    }
  ]
}
