{
  "results": [
    {
      "command": "3.0.5",
      "mean": 5.839672620179999,
      "stddev": 0.07097987973675109,
      "median": 5.8351285524800005,
      "user": 13.17496214,
      "system": 1.0005185,
      "min": 5.76386972348,
      "max": 5.99883637148,
      "times": [
        5.812856726480001,
        5.99883637148,
        5.8647749434800005,
        5.82929266348,
        5.76968989648,
        5.84413507748,
        5.77345065948,
        5.89885569848,
        5.840964441480001,
        5.76386972348
      ],
      "exit_codes": [
        0,
        0,
        0,
        0,
        0,
        0,
        0,
        0,
        0,
        0
      ],
      "parameters": {
        "VERSION": "3.0.5"
      }
    },
    {
      "command": "3.6.3",
      "mean": 10.07072342368,
      "stddev": 0.09504071430788845,
      "median": 10.046651831479998,
      "user": 20.962871739999997,
      "system": 3.591048099999999,
      "min": 9.980069987479999,
      "max": 10.30157427448,
      "times": [
        10.04748205148,
        10.123410418479999,
        10.30157427448,
        9.980069987479999,
        10.02930550648,
        10.00890786148,
        10.04582161148,
        9.98463111948,
        10.062145728479999,
        10.123885677479999
      ],
      "exit_codes": [
        0,
        0,
        0,
        0,
        0,
        0,
        0,
        0,
        0,
        0
      ],
      "parameters": {
        "VERSION": "3.6.3"
      }
    },
    {
      "command": "3.8.8",
      "mean": 5.84611512338,
      "stddev": 0.08343742680749554,
      "median": 5.83086701798,
      "user": 16.939537039999998,
      "system": 1.1006722,
      "min": 5.710049430480001,
      "max": 6.00282094948,
      "times": [
        5.78021196048,
        5.89834468148,
        5.7934172124800005,
        6.00282094948,
        5.89151877048,
        5.82118264448,
        5.80430693848,
        5.84055139148,
        5.91874725448,
        5.710049430480001
      ],
      "exit_codes": [
        0,
        0,
        0,
        0,
        0,
        0,
        0,
        0,
        0,
        0
      ],
      "parameters": {
        "VERSION": "3.8.8"
      }
    },
    {
      "command": "3.9.6",
      "mean": 6.21045662098,
      "stddev": 0.08828596217221306,
      "median": 6.19364579748,
      "user": 18.078738140000002,
      "system": 1.134436,
      "min": 6.1078089684800005,
      "max": 6.3771529654800005,
      "times": [
        6.3771529654800005,
        6.21908711848,
        6.31437474148,
        6.12761963548,
        6.13582159348,
        6.27956997548,
        6.1078089684800005,
        6.18377683248,
        6.20351476248,
        6.15583961648
      ],
      "exit_codes": [
        0,
        0,
        0,
        0,
        0,
        0,
        0,
        0,
        0,
        0
      ],
      "parameters": {
        "VERSION": "3.9.6"
      }
    },
    {
      "command": "4.0.0-alpha-13",
      "mean": 7.925050618579999,
      "stddev": 0.351856245532245,
      "median": 7.8732611844800005,
      "user": 33.68249374,
      "system": 2.1095593999999998,
      "min": 7.47411948848,
      "max": 8.683821568479999,
      "times": [
        8.19408942948,
        7.90282879348,
        7.77848773748,
        8.093093889479999,
        7.47411948848,
        8.683821568479999,
        7.843693575480001,
        8.033980329479999,
        7.70013968948,
        7.5462516844800005
      ],
      "exit_codes": [
        0,
        0,
        0,
        0,
        0,
        0,
        0,
        0,
        0,
        0
      ],
      "parameters": {
        "VERSION": "4.0.0-alpha-13"
      }
    }
  ]
}
