{
  "results": [
    {
      "command": "3.0.5",
      "mean": 25.42354179216,
      "stddev": 1.0213545311116792,
      "median": 25.139620874659997,
      "user": 43.607620319999995,
      "system": 2.0418274,
      "min": 24.37677856516,
      "max": 27.72657647816,
      "times": [
        24.52713261316,
        24.87779074016,
        25.664046110159997,
        26.366974025159998,
        27.72657647816,
        25.24775998916,
        25.03148176016,
        24.37677856516,
        24.63295881816,
        25.78391882216
      ],
      "exit_codes": [
        0,
        0,
        0,
        0,
        0,
        0,
        0,
        0,
        0,
        0
      ],
      "parameters": {
        "VERSION": "3.0.5"
      }
    },
    {
      "command": "3.1.1",
      "mean": 57.50572054976001,
      "stddev": 0.8757845826020773,
      "median": 57.13834321216,
      "user": 152.76461122,
      "system": 5.5278171,
      "min": 56.48490967016,
      "max": 59.27076176116,
      "times": [
        57.98032425016,
        59.27076176116,
        58.28074769716,
        57.175039846160004,
        56.48490967016,
        57.09969504416,
        56.888971723160005,
        57.10164657816,
        58.12030914916,
        56.654799778160005
      ],
      "exit_codes": [
        0,
        0,
        0,
        0,
        0,
        0,
        0,
        0,
        0,
        0
      ],
      "parameters": {
        "VERSION": "3.1.1"
      }
    },
    {
      "command": "3.2.5",
      "mean": 57.017522170259994,
      "stddev": 1.0178878835229046,
      "median": 56.762916192160006,
      "user": 152.79609862,
      "system": 5.366159099999999,
      "min": 56.05415586016,
      "max": 59.46223338616,
      "times": [
        56.96193014616,
        57.272298318160004,
        56.79537819016,
        56.05415586016,
        56.092166250160005,
        59.46223338616,
        57.858126578160004,
        56.29092943916,
        56.65754934016,
        56.730454194160004
      ],
      "exit_codes": [
        0,
        0,
        0,
        0,
        0,
        0,
        0,
        0,
        0,
        0
      ],
      "parameters": {
        "VERSION": "3.2.5"
      }
    },
    {
      "command": "3.3.9",
      "mean": 56.62007385126001,
      "stddev": 0.9953020171616642,
      "median": 56.31901217266,
      "user": 147.55611721999998,
      "system": 4.764561800000001,
      "min": 55.45967691816,
      "max": 58.24033484816,
      "times": [
        56.24103642416,
        57.50149859516,
        55.45967691816,
        56.396987921160004,
        58.24033484816,
        55.67675838716,
        57.23585148616,
        55.658217736160005,
        55.99298166916,
        57.79739452716
      ],
      "exit_codes": [
        0,
        0,
        0,
        0,
        0,
        0,
        0,
        0,
        0,
        0
      ],
      "parameters": {
        "VERSION": "3.3.9"
      }
    },
    {
      "command": "3.5.4",
      "mean": 35.91637001846001,
      "stddev": 0.9913976062212208,
      "median": 35.67042680966,
      "user": 57.167688420000005,
      "system": 7.029982000000001,
      "min": 34.94340540516,
      "max": 37.86185741416,
      "times": [
        35.21861515716,
        35.786202122160006,
        34.977309082160005,
        37.86185741416,
        35.236172141160004,
        36.57690413216,
        34.94340540516,
        37.214038839160004,
        35.55465149716,
        35.794544394160006
      ],
      "exit_codes": [
        0,
        0,
        0,
        0,
        0,
        0,
        0,
        0,
        0,
        0
      ],
      "parameters": {
        "VERSION": "3.5.4"
      }
    },
    {
      "command": "3.6.3",
      "mean": 33.315177670560004,
      "stddev": 0.3923529308055184,
      "median": 33.213523661660005,
      "user": 54.38271032,
      "system": 6.9772919,
      "min": 32.83386104216,
      "max": 34.17741204616,
      "times": [
        33.59350561216,
        33.090418633160006,
        34.17741204616,
        33.53277118116,
        33.20874106016,
        33.472727965160004,
        32.83386104216,
        33.06528564916,
        32.958747253160006,
        33.21830626316
      ],
      "exit_codes": [
        0,
        0,
        0,
        0,
        0,
        0,
        0,
        0,
        0,
        0
      ],
      "parameters": {
        "VERSION": "3.6.3"
      }
    },
    {
      "command": "3.8.1",
      "mean": 33.163040320460006,
      "stddev": 0.32954961629374546,
      "median": 33.14556218616001,
      "user": 54.269170319999986,
      "system": 6.885405199999999,
      "min": 32.580737942160006,
      "max": 33.752227618160006,
      "times": [
        33.162199347160005,
        33.24653659116,
        33.536274342160006,
        33.12892502516,
        33.00751338916,
        33.752227618160006,
        33.27218258416,
        33.10343553816,
        32.580737942160006,
        32.84037082716
      ],
      "exit_codes": [
        0,
        0,
        0,
        0,
        0,
        0,
        0,
        0,
        0,
        0
      ],
      "parameters": {
        "VERSION": "3.8.1"
      }
    },
    {
      "command": "3.8.2",
      "mean": 30.417599593759995,
      "stddev": 0.27373434584225526,
      "median": 30.41498577566,
      "user": 52.36326802,
      "system": 2.0042561999999995,
      "min": 29.94311858816,
      "max": 30.840748004159998,
      "times": [
        30.840748004159998,
        30.71312951316,
        30.23976081016,
        30.42521807316,
        30.63631439016,
        29.94311858816,
        30.550822491159998,
        30.40475347816,
        30.20390076916,
        30.218229820159998
      ],
      "exit_codes": [
        0,
        0,
        0,
        0,
        0,
        0,
        0,
        0,
        0,
        0
      ],
      "parameters": {
        "VERSION": "3.8.2"
      }
    },
    {
      "command": "3.8.3",
      "mean": 15.08315357796,
      "stddev": 0.1838646273116306,
      "median": 15.07398709266,
      "user": 37.33762862,
      "system": 1.9630978999999997,
      "min": 14.80473801016,
      "max": 15.39576827416,
      "times": [
        14.80473801016,
        15.30628876516,
        14.945959453159999,
        15.077928309159999,
        14.94811014216,
        15.171685409159998,
        15.07004587616,
        15.18317440716,
        15.39576827416,
        14.927837133159999
      ],
      "exit_codes": [
        0,
        0,
        0,
        0,
        0,
        0,
        0,
        0,
        0,
        0
      ],
      "parameters": {
        "VERSION": "3.8.3"
      }
    },
    {
      "command": "3.8.4",
      "mean": 15.217339859960001,
      "stddev": 0.17673987458698193,
      "median": 15.23906000866,
      "user": 37.430313819999995,
      "system": 1.9796903999999997,
      "min": 14.924314706159999,
      "max": 15.43082979316,
      "times": [
        15.40343836216,
        15.02320075416,
        15.12120049416,
        14.924314706159999,
        15.29096358516,
        15.43082979316,
        15.187156432159998,
        15.31023861916,
        15.07971795516,
        15.402337898159999
      ],
      "exit_codes": [
        0,
        0,
        0,
        0,
        0,
        0,
        0,
        0,
        0,
        0
      ],
      "parameters": {
        "VERSION": "3.8.4"
      }
    },
    {
      "command": "3.8.5",
      "mean": 15.164190719459999,
      "stddev": 0.3141113345280969,
      "median": 15.07751602616,
      "user": 37.80739482,
      "system": 1.9987317999999994,
      "min": 14.83785584316,
      "max": 15.85576396416,
      "times": [
        15.11785336316,
        14.922691213159998,
        14.86082771916,
        15.08413296116,
        14.83785584316,
        15.065020685159999,
        15.44116399316,
        15.38569836116,
        15.85576396416,
        15.07089909116
      ],