{
  "results": [
    {
      "command": "3.0.5",
      "mean": 1.3675739674999998,
      "stddev": 0.032106819216550696,
      "median": 1.3619456339,
      "user": 4.894914099999999,
      "system": 0.2520708,
      "min": 1.3364927674,
      "max": 1.4494097224000002,
      "times": [
        1.3485646344000002,
        1.3604107644,
        1.3409257234,
        1.3634805034000002,
        1.3514404554000001,
        1.4494097224000002,
        1.3759691884,
        1.3696444174000002,
        1.3364927674,
        1.3794014984
      ],
      "exit_codes": [
        0,
        0,
        0,
        0,
        0,
        0,
        0,
        0,
        0,
        0
      ],
      "parameters": {
        "VERSION": "3.0.5"
      }
    },
    {
      "command": "3.6.3",
      "mean": 1.6267516466,
      "stddev": 0.03301062387758507,
      "median": 1.6220529119,
      "user": 5.895923000000001,
      "system": 0.4232074,
      "min": 1.5788130294000002,
      "max": 1.6817646974,
      "times": [
        1.6521167454,
        1.6369185524000003,
        1.6817646974,
        1.6661298364000001,
        1.6085672094,
        1.6043470574000003,
        1.6101220124,
        1.5788130294000002,
        1.6339838114,
        1.5947535144
      ],
      "exit_codes": [
        0,
        0,
        0,
        0,
        0,
        0,
        0,
        0,
        0,
        0
      ],
      "parameters": {
        "VERSION": "3.6.3"
      }
    },
    {
      "command": "3.8.8",
      "mean": 1.4322561914000003,
      "stddev": 0.03235427490249645,
      "median": 1.4420356404,
      "user": 5.291206,
      "system": 0.17837960000000003,
      "min": 1.3811454574000002,
      "max": 1.4652041014000001,
      "times": [
        1.4436380574,
        1.4652041014000001,
        1.3985230284,
        1.4213897214,
        1.4600573304000002,
        1.3896636274,
        1.4602135074,
        1.4404332234000001,
        1.4622938594000001,
        1.3811454574000002
      ],
      "exit_codes": [
        0,
        0,
        0,
        0,
        0,
        0,
        0,
        0,
        0,
        0
      ],
      "parameters": {
        "VERSION": "3.8.8"
      }
    },
    {
      "command": "3.9.4",
      "mean": 1.6173044384000002,
      "stddev": 0.026731101429143513,
      "median": 1.6168495439000001,
      "user": 5.915949,
      "system": 0.2146719,
      "min": 1.5793127574,
      "max": 1.6567223264000002,
      "times": [
        1.6268966584,
        1.6012889504,
        1.5793127574,
        1.6084872704000002,
        1.5793979444000001,
        1.6252118174,
        1.6437342114000002,
        1.6567223264000002,
        1.6078506564000001,
        1.6441417914000003
      ],
      "exit_codes": [
        0,
        0,
        0,
        0,
        0,
        0,
        0,
        0,
        0,
        0
      ],
      "parameters": {
        "VERSION": "3.9.4"
      }
    },
    {
      "command": "3.9.5",
      "mean": 1.6312672662,
      "stddev": 0.04295017150839636,
      "median": 1.6166361044000002,
      "user": 5.942350500000001,
      "system": 0.19136340000000002,
      "min": 1.5861550554000001,
      "max": 1.7215152434,
      "times": [
        1.5933612564000001,
        1.7215152434,
        1.6616738104000002,
        1.6000354794,
        1.6228828024000002,
        1.5988456274,
        1.6583861774000002,
        1.6594278034,
        1.5861550554000001,
        1.6103894064000002
      ],
      "exit_codes": [
        0,
        0,
        0,
        0,
        0,
        0,
        0,
        0,
        0,
        0
      ],
      "parameters": {
        "VERSION": "3.9.5"
      }
    },
    {
      "command": "4.0.0-alpha-7",
      "mean": 2.2192304827999996,
      "stddev": 0.043558863259939004,
      "median": 2.2214614219,
      "user": 7.8390257000000005,
      "system": 0.298459,
      "min": 2.1210516584,
      "max": 2.2672785784,
      "times": [
        2.2532329393999997,
        2.1210516584,
        2.2023203963999998,
        2.2672785784,
        2.2608726893999997,
        2.1991619704,
        2.2180384274,
        2.2500432833999997,
        2.1954204684,
        2.2248844163999997
      ],
      "exit_codes": [
        0,
        0,
        0,
        0,
        0,
        0,
        0,
        0,
        0,
        0
      ],
      "parameters": {
        "VERSION": "4.0.0-alpha-7"
      }
    },
    {
      "command": "4.0.0-alpha-8",
      "mean": 2.3473443443,
      "stddev": 0.03533404754836692,
      "median": 2.3387120094,
      "user": 8.238070099999998,
      "system": 0.3206399999999999,
      "min": 2.2852810264,
      "max": 2.4040488424,
      "times": [
        2.3386733504,
        2.2852810264,
        2.3387506684,
        2.3610108154,
        2.3281534263999997,
        2.3915616364,
        2.3726828204,
        2.3289410794,
        2.4040488424,
        2.3243397774
      ],
      "exit_codes": [
        0,
        0,
        0,
        0,
        0,
        0,
        0,
        0,
        0,
        0
      ],
      "parameters": {
        "VERSION": "4.0.0-alpha-8"
      }
    }
  ]
}
