{
  "results": [
    {
      "command": "3.0.5",
      "mean": 0.79364537038,
      "stddev": 0.018433650368503265,
      "median": 0.79153249008,
      "user": 2.4228214999999995,
      "system": 0.09606042,
      "min": 0.77188559858,
      "max": 0.83532251958,
      "times": [
        0.7977396455800001,
        0.7781298185800001,
        0.7926943575800001,
        0.7827354175800001,
        0.7989859755800001,
        0.7796284825800001,
        0.77188559858,
        0.80896126558,
        0.83532251958,
        0.7903706225800001
      ],
      "exit_codes": [
        0,
        0,
        0,
        0,
        0,
        0,
        0,
        0,
        0,
        0
      ],
      "parameters": {
        "VERSION": "3.0.5"
      }
    },
    {
      "command": "3.6.3",
      "mean": 0.88865508158,
      "stddev": 0.03224377441330379,
      "median": 0.8866525285800001,
      "user": 2.7746207,
      "system": 0.12247011999999999,
      "min": 0.8396167775800001,
      "max": 0.9409072165800001,
      "times": [
        0.91407296258,
        0.9409072165800001,
        0.8468832015800001,
        0.8954042335800001,
        0.8396167775800001,
        0.9242982065800001,
        0.8857900045800001,
        0.8663684525800001,
        0.8856947075800001,
        0.8875150525800001
      ],
      "exit_codes": [
        0,
        0,
        0,
        0,
        0,
        0,
        0,
        0,
        0,
        0
      ],
      "parameters": {
        "VERSION": "3.6.3"
      }
    },
    {
      "command": "3.8.8",
      "mean": 0.8745332319800001,
      "stddev": 0.020646917037708233,
      "median": 0.8676769560800002,
      "user": 2.7413429,
      "system": 0.07706872,
      "min": 0.8485040825800001,
      "max": 0.9085662765800001,
      "times": [
        0.9085662765800001,
        0.8591972855800001,
        0.8738076335800001,
        0.8565788285800001,
        0.8615462785800001,
        0.8990270265800001,
        0.8485040825800001,
        0.8806528975800001,
        0.8613824525800001,
        0.8960695575800001
      ],
      "exit_codes": [
        0,
        0,
        0,
        0,
        0,
        0,
        0,
        0,
        0,
        0
      ],
      "parameters": {
        "VERSION": "3.8.8"
      }
    },
    {
      "command": "3.9.4",
      "mean": 1.04931142078,
      "stddev": 0.02519935036789149,
      "median": 1.05310695958,
      "user": 3.3261185999999996,
      "system": 0.09635091999999999,
      "min": 1.00774525658,
      "max": 1.1048137685800001,
      "times": [
        1.05596423558,
        1.02919289058,
        1.05296414758,
        1.0608435785800001,
        1.1048137685800001,
        1.03813661458,
        1.00774525658,
        1.0533370985800001,
        1.05324977158,
        1.03686684558
      ],
      "exit_codes": [
        0,
        0,
        0,
        0,
        0,
        0,
        0,
        0,
        0,
        0
      ],
      "parameters": {
        "VERSION": "3.9.4"
      }
    },
    {
      "command": "3.9.5",
      "mean": 1.03429329598,
      "stddev": 0.026035224788044604,
      "median": 1.02467321458,
      "user": 3.2733177999999996,
      "system": 0.09950212,
      "min": 1.01226366858,
      "max": 1.09827540658,
      "times": [
        1.02330512258,
        1.03801008858,
        1.02072220458,
        1.09827540658,
        1.01458022358,
        1.05077217058,
        1.04411336158,
        1.01484940658,
        1.01226366858,
        1.02604130658
      ],
      "exit_codes": [
        0,
        0,
        0,
        0,
        0,
        0,
        0,
        0,
        0,
        0
      ],
      "parameters": {
        "VERSION": "3.9.5"
      }
    },
    {
      "command": "4.0.0-alpha-7",
      "mean": 1.2487756089800002,
      "stddev": 0.019815728449936117,
      "median": 1.2448319910799999,
      "user": 3.8405801000000004,
      "system": 0.12353582,
      "min": 1.22669648258,
      "max": 1.29939352158,
      "times": [
        1.24890216758,
        1.2591311115800001,
        1.2395839125800001,
        1.29939352158,
        1.22669648258,
        1.24266974858,
        1.24699423358,
        1.24924582058,
        1.23696144558,
        1.23817764558
      ],
      "exit_codes": [
        0,
        0,
        0,
        0,
        0,
        0,
        0,
        0,
        0,
        0
      ],
      "parameters": {
        "VERSION": "4.0.0-alpha-7"
      }
    },
    {
      "command": "4.0.0-alpha-8",
      "mean": 1.3326036298800004,
      "stddev": 0.02411784253693901,
      "median": 1.32697810208,
      "user": 4.049994700000001,
      "system": 0.12643142,
      "min": 1.30202077858,
      "max": 1.37559338658,
      "times": [
        1.35631350058,
        1.3574943425800001,
        1.3152725595800001,
        1.32569063858,
        1.30202077858,
        1.37559338658,
        1.3189404415800001,
        1.32826556558,
        1.33965773158,
        1.30678735358
      ],
      "exit_codes": [
        0,
        0,
        0,
        0,
        0,
        0,
        0,
        0,
        0,
        0
      ],
      "parameters": {
        "VERSION": "4.0.0-alpha-8"
      }
    }
  ]
}
