{
  "results": [
    {
      "command": "3.0.5",
      "mean": 0.9872431426,
      "stddev": 0.019364681922691702,
      "median": 0.9858151465,
      "user": 3.36596414,
      "system": 0.12211758000000002,
      "min": 0.9558431165000001,
      "max": 1.0235615125,
      "times": [
        0.9910795965000001,
        0.9761939575,
        0.9904024145000001,
        1.0112347935000001,
        0.9833602085,
        0.9691255335000001,
        1.0235615125,
        0.9855449075,
        0.9860853855,
        0.9558431165000001
      ],
      "exit_codes": [
        0,
        0,
        0,
        0,
        0,
        0,
        0,
        0,
        0,
        0
      ],
      "parameters": {
        "VERSION": "3.0.5"
      }
    },
    {
      "command": "3.6.3",
      "mean": 1.1246855048,
      "stddev": 0.024038429893918266,
      "median": 1.119277177,
      "user": 3.795311039999999,
      "system": 0.19770287999999997,
      "min": 1.0914347965,
      "max": 1.1652275315,
      "times": [
        1.1485197445,
        1.1652275315,
        1.0914347965,
        1.1360263575,
        1.0995706765,
        1.1481830925,
        1.1148047675000001,
        1.1130077685,
        1.1063307265,
        1.1237495865
      ],
      "exit_codes": [
        0,
        0,
        0,
        0,
        0,
        0,
        0,
        0,
        0,
        0
      ],
      "parameters": {
        "VERSION": "3.6.3"
      }
    },
    {
      "command": "3.8.8",
      "mean": 1.0546675697,
      "stddev": 0.020249043949873577,
      "median": 1.0507748585,
      "user": 3.5336180400000003,
      "system": 0.11604987999999998,
      "min": 1.0301004795,
      "max": 1.0909482975,
      "times": [
        1.0309343395,
        1.0493581665,
        1.0521717115,
        1.0677152955,
        1.0360843685,
        1.0301004795,
        1.0789208315,
        1.0909482975,
        1.0493780055,
        1.0610642015
      ],
      "exit_codes": [
        0,
        0,
        0,
        0,
        0,
        0,
        0,
        0,
        0,
        0
      ],
      "parameters": {
        "VERSION": "3.8.8"
      }
    },
    {
      "command": "3.9.4",
      "mean": 1.2103255517,
      "stddev": 0.012318896213254363,
      "median": 1.2103062565,
      "user": 4.01865824,
      "system": 0.12698097999999997,
      "min": 1.1872792635,
      "max": 1.2286111105,
      "times": [
        1.2067265455,
        1.2093304745,
        1.2043076825,
        1.2112820385,
        1.2218787985,
        1.2215694055,
        1.1973541655,
        1.2286111105,
        1.1872792635,
        1.2149160325
      ],
      "exit_codes": [
        0,
        0,
        0,
        0,
        0,
        0,
        0,
        0,
        0,
        0
      ],
      "parameters": {
        "VERSION": "3.9.4"
      }
    },
    {
      "command": "3.9.5",
      "mean": 1.2114159690000001,
      "stddev": 0.014467078965307145,
      "median": 1.2128867545,
      "user": 4.061376139999999,
      "system": 0.12887958,
      "min": 1.1813058235,
      "max": 1.2307028815,
      "times": [
        1.2108435275,
        1.2221854815,
        1.2149299815,
        1.1813058235,
        1.2099201995,
        1.2254901955,
        1.2169746345,
        1.2043790005000001,
        1.1974279645,
        1.2307028815
      ],
      "exit_codes": [
        0,
        0,
        0,
        0,
        0,
        0,
        0,
        0,
        0,
        0
      ],
      "parameters": {
        "VERSION": "3.9.5"
      }
    },
    {
      "command": "4.0.0-alpha-7",
      "mean": 1.5549459961,
      "stddev": 0.025700511117587293,
      "median": 1.552008135,
      "user": 5.122670139999999,
      "system": 0.16959387999999997,
      "min": 1.5222965225,
      "max": 1.6027778995000002,
      "times": [
        1.5356940884999999,
        1.5222965225,
        1.5345810135000002,
        1.5559687524999999,
        1.5573465885,
        1.5941355735,
        1.5580111435000001,
        1.6027778995000002,
        1.5480475175,
        1.5406008615
      ],
      "exit_codes": [
        0,
        0,
        0,
        0,
        0,
        0,
        0,
        0,
        0,
        0
      ],
      "parameters": {
        "VERSION": "4.0.0-alpha-7"
      }
    },
    {
      "command": "4.0.0-alpha-8",
      "mean": 1.636825349,
      "stddev": 0.030714521357664323,
      "median": 1.6374577045,
      "user": 5.354997840000001,
      "system": 0.19576087999999997,
      "min": 1.6035230325,
      "max": 1.7075782745,
      "times": [
        1.6391256755,
        1.6069536615000002,
        1.6499583295000002,
        1.6186136975,
        1.6546451005,
        1.6357897335,
        1.6405605705000001,
        1.6115054145,
        1.6035230325,
        1.7075782745
      ],
      "exit_codes": [
        0,
        0,
        0,
        0,
        0,
        0,
        0,
        0,
        0,
        0
      ],
      "parameters": {
        "VERSION": "4.0.0-alpha-8"
      }
    }
  ]
}
