{
  "results": [
    {
      "command": "3.0.5",
      "mean": 0.7592477076000002,
      "stddev": 0.01922620890137546,
      "median": 0.7550138305,
      "user": 2.3191070799999998,
      "system": 0.09092808,
      "min": 0.7355314485000001,
      "max": 0.7861246565000001,
      "times": [
        0.7355314485000001,
        0.7861246565000001,
        0.7639423275000001,
        0.7859876205,
        0.7502274005000001,
        0.7448663415000001,
        0.7575706635000001,
        0.7798404405000001,
        0.7524569975000001,
        0.7359291795000001
      ],
      "exit_codes": [
        0,
        0,
        0,
        0,
        0,
        0,
        0,
        0,
        0,
        0
      ],
      "parameters": {
        "VERSION": "3.0.5"
      }
    },
    {
      "command": "3.6.3",
      "mean": 0.8333512329999999,
      "stddev": 0.02037340015362501,
      "median": 0.8260490450000001,
      "user": 2.68707048,
      "system": 0.11327218000000001,
      "min": 0.8085195415,
      "max": 0.8728538055000001,
      "times": [
        0.8256380955000001,
        0.8295446905000001,
        0.8191796415000001,
        0.8196965795000001,
        0.8728538055000001,
        0.8581459825000001,
        0.8085195415,
        0.8264599945000001,
        0.8223816635000001,
        0.8510923355000001
      ],
      "exit_codes": [
        0,
        0,
        0,
        0,
        0,
        0,
        0,
        0,
        0,
        0
      ],
      "parameters": {
        "VERSION": "3.6.3"
      }
    },
    {
      "command": "3.8.8",
      "mean": 0.8284684203999999,
      "stddev": 0.017328946838777576,
      "median": 0.8263564725000001,
      "user": 2.6932330799999997,
      "system": 0.08730478,
      "min": 0.7944936235000001,
      "max": 0.8548702235000001,
      "times": [
        0.8257804515000001,
        0.8269324935000001,
        0.7944936235000001,
        0.8221038115000001,
        0.8362777565000001,
        0.8224966615000001,
        0.8186296265,
        0.8548702235000001,
        0.8530715775000001,
        0.8300279785000001
      ],
      "exit_codes": [
        0,
        0,
        0,
        0,
        0,
        0,
        0,
        0,
        0,
        0
      ],
      "parameters": {
        "VERSION": "3.8.8"
      }
    },
    {
      "command": "3.9.4",
      "mean": 1.0189654814,
      "stddev": 0.016359932320433073,
      "median": 1.0216001934999999,
      "user": 3.33963508,
      "system": 0.10041468,
      "min": 0.9886465545,
      "max": 1.0422229514999999,
      "times": [
        1.0155080715,
        1.0226724075,
        1.0288242875,
        1.0205279795,
        0.9886465545,
        1.0161940155,
        1.0319353715,
        1.0279599474999999,
        0.9951632275000001,
        1.0422229514999999
      ],
      "exit_codes": [
        0,
        0,
        0,
        0,
        0,
        0,
        0,
        0,
        0,
        0
      ],
      "parameters": {
        "VERSION": "3.9.4"
      }
    },
    {
      "command": "3.9.5",
      "mean": 1.0105344716,
      "stddev": 0.025607073844589656,
      "median": 1.00818138,
      "user": 3.33362998,
      "system": 0.08638467999999999,
      "min": 0.9711478925000001,
      "max": 1.0730133405,
      "times": [
        0.9989206255,
        0.9985980435000001,
        1.0026819434999998,
        1.0064015935,
        1.0184962985,
        1.0730133405,
        1.0099611665,
        1.0104170454999999,
        0.9711478925000001,
        1.0157067665
      ],
      "exit_codes": [
        0,
        0,
        0,
        0,
        0,
        0,
        0,
        0,
        0,
        0
      ],
      "parameters": {
        "VERSION": "3.9.5"
      }
    },
    {
      "command": "4.0.0-alpha-7",
      "mean": 1.2535678283,
      "stddev": 0.02674874790644821,
      "median": 1.2561678415,
      "user": 4.128286479999999,
      "system": 0.11934258,
      "min": 1.2180115805,
      "max": 1.3070616915,
      "times": [
        1.2737438525,
        1.2289384835,
        1.2586029825,
        1.3070616915,
        1.2652067605,
        1.2655560725,
        1.2253322215,
        1.2394919375,
        1.2180115805,
        1.2537327005
      ],
      "exit_codes": [
        0,
        0,
        0,
        0,
        0,
        0,
        0,
        0,
        0,
        0
      ],
      "parameters": {
        "VERSION": "4.0.0-alpha-7"
      }
    },
    {
      "command": "4.0.0-alpha-8",
      "mean": 1.3343465403,
      "stddev": 0.03972520055209829,
      "median": 1.323476017,
      "user": 4.4761232799999995,
      "system": 0.13219028,
      "min": 1.3038941394999999,
      "max": 1.4398315684999998,
      "times": [
        1.3273371775,
        1.3059762375,
        1.3038941394999999,
        1.4398315684999998,
        1.3226228325,
        1.3224503975,
        1.3504064665,
        1.3376871264999999,
        1.3089302555,
        1.3243292014999999
      ],
      "exit_codes": [
        0,
        0,
        0,
        0,
        0,
        0,
        0,
        0,
        0,
        0
      ],
      "parameters": {
        "VERSION": "4.0.0-alpha-8"
      }
    }
  ]
}
