{
  "results": [
    {
      "command": "3.0.5",
      "mean": 1.11788689046,
      "stddev": 0.02144569196972482,
      "median": 1.1206286789600002,
      "user": 3.7476758599999997,
      "system": 0.23757542000000004,
      "min": 1.06948861146,
      "max": 1.14292902046,
      "times": [
        1.12092482746,
        1.12304236846,
        1.10221846846,
        1.14255251946,
        1.13225087746,
        1.11492102646,
        1.14292902046,
        1.11020865446,
        1.12033253046,
        1.06948861146
      ],
      "exit_codes": [
        0,
        0,
        0,
        0,
        0,
        0,
        0,
        0,
        0,
        0
      ],
      "parameters": {
        "VERSION": "3.0.5"
      }
    },
    {
      "command": "3.6.3",
      "mean": 1.6759858573600002,
      "stddev": 0.02754336060101962,
      "median": 1.6715737119600003,
      "user": 5.8950492599999995,
      "system": 0.5696495199999999,
      "min": 1.62921168746,
      "max": 1.73021051146,
      "times": [
        1.6786639094600002,
        1.6698542314600002,
        1.68079720946,
        1.66187137546,
        1.6648923154600002,
        1.73021051146,
        1.62921168746,
        1.67329319246,
        1.7091951254600002,
        1.66186901546
      ],
      "exit_codes": [
        0,
        0,
        0,
        0,
        0,
        0,
        0,
        0,
        0,
        0
      ],
      "parameters": {
        "VERSION": "3.6.3"
      }
    },
    {
      "command": "3.8.8",
      "mean": 1.4584488214600002,
      "stddev": 0.04064844887009895,
      "median": 1.46755624046,
      "user": 5.24183666,
      "system": 0.28948631999999996,
      "min": 1.40891603446,
      "max": 1.5194837914600001,
      "times": [
        1.4299753154600001,
        1.4131449764600001,
        1.40891603446,
        1.5092329074600002,
        1.48496286546,
        1.41177971746,
        1.46420879246,
        1.5194837914600001,
        1.47188012546,
        1.47090368846
      ],
      "exit_codes": [
        0,
        0,
        0,
        0,
        0,
        0,
        0,
        0,
        0,
        0
      ],
      "parameters": {
        "VERSION": "3.8.8"
      }
    },
    {
      "command": "3.9.9",
      "mean": 1.67047978566,
      "stddev": 0.03689144695225237,
      "median": 1.66734477196,
      "user": 6.071872859999998,
      "system": 0.27021742,
      "min": 1.61369479546,
      "max": 1.73959157046,
      "times": [
        1.70049594946,
        1.66572249946,
        1.73959157046,
        1.64799013646,
        1.6689670444600002,
        1.61369479546,
        1.63702279846,
        1.64625263646,
        1.68424185346,
        1.70081857246
      ],
      "exit_codes": [
        0,
        0,
        0,
        0,
        0,
        0,
        0,
        0,
        0,
        0
      ],
      "parameters": {
        "VERSION": "3.9.9"
      }
    },
    {
      "command": "4.0.0-alpha-13",
      "mean": 2.1860289589599997,
      "stddev": 0.042736082165704965,
      "median": 2.1840134114599996,
      "user": 10.07124836,
      "system": 0.4748904199999999,
      "min": 2.1230705834599997,
      "max": 2.26723592746,
      "times": [
        2.1586273444599997,
        2.20321212046,
        2.1851400754599997,
        2.23573473146,
        2.26723592746,
        2.1230705834599997,
        2.1985092484599997,
        2.15126354446,
        2.18288674746,
        2.1546092664599996
      ],
      "exit_codes": [
        0,
        0,
        0,
        0,
        0,
        0,
        0,
        0,
        0,
        0
      ],
      "parameters": {
        "VERSION": "4.0.0-alpha-13"
      }
    },
    {
      "command": "4.0.0-beta-3",
      "mean": 2.33878901856,
      "stddev": 0.04679055525858985,
      "median": 2.35618190796,
      "user": 10.345176859999999,
      "system": 0.47593872,
      "min": 2.26449936046,
      "max": 2.39336587746,
      "times": [
        2.39336587746,
        2.35685811746,
        2.37542409946,
        2.3245160214599996,
        2.37353003346,
        2.2698512574599996,
        2.26449936046,
        2.3555056984599996,
        2.29786188346,
        2.37647783646
      ],
      "exit_codes": [
        0,
        0,
        0,
        0,
        0,
        0,
        0,
        0,
        0,
        0
      ],
      "parameters": {
        "VERSION": "4.0.0-beta-3"
      }
    },
    {
      "command": "4.0.0-beta-4",
      "mean": 2.5109429687599993,
      "stddev": 0.04776559518931028,
      "median": 2.52251044296,
      "user": 11.532979359999999,
      "system": 0.50554552,
      "min": 2.4422956024599998,
      "max": 2.5815604894599997,
      "times": [
        2.54695877546,
        2.44405082146,
        2.53416489046,
        2.5105447224599997,
        2.4422956024599998,
        2.45818187746,
        2.54171458646,
        2.53910192646,
        2.5108559954599996,
        2.5815604894599997
      ],
      "exit_codes": [
        0,
        0,
        0,
        0,
        0,
        0,
        0,
        0,
        0,
        0
      ],
      "parameters": {
        "VERSION": "4.0.0-beta-4"
      }
    }
  ]
}
