{
  "results": [
    {
      "command": "3.0.5",
      "mean": 0.62520478662,
      "stddev": 0.013938940528306512,
      "median": 0.6236167001199999,
      "user": 1.7178494399999997,
      "system": 0.10940429999999997,
      "min": 0.60330014012,
      "max": 0.65225392912,
      "times": [
        0.6151131171199999,
        0.62879691112,
        0.61676547812,
        0.62158445712,
        0.61583494012,
        0.60330014012,
        0.63690673312,
        0.63584321712,
        0.65225392912,
        0.62564894312
      ],
      "exit_codes": [
        0,
        0,
        0,
        0,
        0,
        0,
        0,
        0,
        0,
        0
      ],
      "parameters": {
        "VERSION": "3.0.5"
      }
    },
    {
      "command": "3.6.3",
      "mean": 0.8111067527200001,
      "stddev": 0.02729321589771091,
      "median": 0.8006841946200001,
      "user": 2.5483603399999994,
      "system": 0.14684250000000001,
      "min": 0.77127039012,
      "max": 0.86107351412,
      "times": [
        0.79870041512,
        0.80095163412,
        0.84358308812,
        0.80041675512,
        0.78762157112,
        0.77127039012,
        0.79626713112,
        0.86107351412,
        0.82431737312,
        0.82686565512
      ],
      "exit_codes": [
        0,
        0,
        0,
        0,
        0,
        0,
        0,
        0,
        0,
        0
      ],
      "parameters": {
        "VERSION": "3.6.3"
      }
    },
    {
      "command": "3.8.8",
      "mean": 0.79508912572,
      "stddev": 0.021747317297841986,
      "median": 0.7974269246200001,
      "user": 2.4640210399999996,
      "system": 0.10530409999999998,
      "min": 0.76427579012,
      "max": 0.82698460212,
      "times": [
        0.81064407912,
        0.77937655212,
        0.78039357712,
        0.82698460212,
        0.81588544812,
        0.76790247812,
        0.80644325612,
        0.81057488112,
        0.7884105931200001,
        0.76427579012
      ],
      "exit_codes": [
        0,
        0,
        0,
        0,
        0,
        0,
        0,
        0,
        0,
        0
      ],
      "parameters": {
        "VERSION": "3.8.8"
      }
    },
    {
      "command": "3.9.6",
      "mean": 0.9783579019199999,
      "stddev": 0.023506483659568582,
      "median": 0.98043223262,
      "user": 3.1410720399999996,
      "system": 0.1264799,
      "min": 0.95050583412,
      "max": 1.00708660812,
      "times": [
        0.99546653612,
        0.97060873912,
        0.95050583412,
        0.99025572612,
        0.95400289212,
        0.99802016712,
        1.00708660812,
        0.9517075861200001,
        1.00689141312,
        0.9590335171200001
      ],
      "exit_codes": [
        0,
        0,
        0,
        0,
        0,
        0,
        0,
        0,
        0,
        0
      ],
      "parameters": {
        "VERSION": "3.9.6"
      }
    },
    {
      "command": "4.0.0-alpha-13",
      "mean": 1.44524819182,
      "stddev": 0.03403648160210608,
      "median": 1.4497144936200002,
      "user": 5.429298940000001,
      "system": 0.20767829999999998,
      "min": 1.38409275312,
      "max": 1.48498285512,
      "times": [
        1.46926242812,
        1.48494860612,
        1.41179057412,
        1.42877753112,
        1.38409275312,
        1.45271049012,
        1.48498285512,
        1.47203370412,
        1.41716447912,
        1.44671849712
      ],
      "exit_codes": [
        0,
        0,
        0,
        0,
        0,
        0,
        0,
        0,
        0,
        0
      ],
      "parameters": {
        "VERSION": "4.0.0-alpha-13"
      }
    }
  ]
}
