{
  "results": [
    {
      "command": "3.0.5",
      "mean": 0.74021494228,
      "stddev": 0.027614929033548927,
      "median": 0.73113664988,
      "user": 2.20614908,
      "system": 0.13488364000000003,
      "min": 0.70942296788,
      "max": 0.79767511288,
      "times": [
        0.73589948788,
        0.71788192988,
        0.79767511288,
        0.70942296788,
        0.76656008188,
        0.71845320588,
        0.72637381188,
        0.72186457588,
        0.75088310788,
        0.75713514088
      ],
      "exit_codes": [
        0,
        0,
        0,
        0,
        0,
        0,
        0,
        0,
        0,
        0
      ],
      "parameters": {
        "VERSION": "3.0.5"
      }
    },
    {
      "command": "3.6.3",
      "mean": 0.9922848364799999,
      "stddev": 0.034568469038121726,
      "median": 0.98616805388,
      "user": 3.2549186799999994,
      "system": 0.21513443999999998,
      "min": 0.96225901388,
      "max": 1.07447185988,
      "times": [
        0.99693574188,
        1.07447185988,
        0.9996424488799999,
        1.0161579838800001,
        0.96225901388,
        0.97540036588,
        0.9642049688800001,
        0.96953554288,
        0.96402148288,
        1.00021895588
      ],
      "exit_codes": [
        0,
        0,
        0,
        0,
        0,
        0,
        0,
        0,
        0,
        0
      ],
      "parameters": {
        "VERSION": "3.6.3"
      }
    },
    {
      "command": "3.8.8",
      "mean": 0.9432049684800001,
      "stddev": 0.03235939646389271,
      "median": 0.93179042238,
      "user": 3.12032388,
      "system": 0.14156884,
      "min": 0.8978292208800001,
      "max": 1.00932937188,
      "times": [
        0.92056931788,
        0.97460245488,
        0.8978292208800001,
        0.95560196888,
        0.92860697188,
        0.92968422688,
        0.92036956288,
        0.93389661788,
        1.00932937188,
        0.96155997088
      ],
      "exit_codes": [
        0,
        0,
        0,
        0,
        0,
        0,
        0,
        0,
        0,
        0
      ],
      "parameters": {
        "VERSION": "3.8.8"
      }
    },
    {
      "command": "3.9.6",
      "mean": 1.1366019179800002,
      "stddev": 0.02895445697202244,
      "median": 1.13494795938,
      "user": 3.74426778,
      "system": 0.13522034,
      "min": 1.09240124988,
      "max": 1.18281856488,
      "times": [
        1.13122760188,
        1.1565421898800001,
        1.18281856488,
        1.1711158998800002,
        1.13268745688,
        1.14218594488,
        1.0963752958800002,
        1.1234565138800001,
        1.13720846188,
        1.09240124988
      ],
      "exit_codes": [
        0,
        0,
        0,
        0,
        0,
        0,
        0,
        0,
        0,
        0
      ],
      "parameters": {
        "VERSION": "3.9.6"
      }
    },
    {
      "command": "4.0.0-alpha-13",
      "mean": 1.6275056047800003,
      "stddev": 0.038081314852936275,
      "median": 1.6369674723800003,
      "user": 6.4853479799999985,
      "system": 0.25058424,
      "min": 1.56763192388,
      "max": 1.68705317088,
      "times": [
        1.6471221948800001,
        1.56763192388,
        1.68705317088,
        1.64102169788,
        1.6034931858800001,
        1.57638020988,
        1.6099692838800002,
        1.6368310948800002,
        1.6371038498800001,
        1.66844943588
      ],
      "exit_codes": [
        0,
        0,
        0,
        0,
        0,
        0,
        0,
        0,
        0,
        0
      ],
      "parameters": {
        "VERSION": "4.0.0-alpha-13"
      }
    }
  ]
}
