{
  "results": [
    {
      "command": "3.0.5",
      "mean": 0.7275316736,
      "stddev": 0.028637039991154245,
      "median": 0.7287430206000001,
      "user": 1.9805923399999998,
      "system": 0.11564274000000001,
      "min": 0.6868193946000001,
      "max": 0.7866216386,
      "times": [
        0.7274768946,
        0.7081242526,
        0.7866216386,
        0.7516807156,
        0.6940002576000001,
        0.7300091466,
        0.6868193946000001,
        0.7220262506,
        0.7374351146,
        0.7311230706
      ],
      "exit_codes": [
        0,
        0,
        0,
        0,
        0,
        0,
        0,
        0,
        0,
        0
      ],
      "parameters": {
        "VERSION": "3.0.5"
      }
    },
    {
      "command": "3.6.3",
      "mean": 0.8938441362,
      "stddev": 0.027460976999001976,
      "median": 0.8878039661,
      "user": 2.64101704,
      "system": 0.14768794,
      "min": 0.8557688506000001,
      "max": 0.9449895996000001,
      "times": [
        0.8863030556,
        0.8622098126000001,
        0.8557688506000001,
        0.9005432256,
        0.8893048766,
        0.9176630806,
        0.9449895996000001,
        0.9200724156000001,
        0.8797062376,
        0.8818802076000001
      ],
      "exit_codes": [
        0,
        0,
        0,
        0,
        0,
        0,
        0,
        0,
        0,
        0
      ],
      "parameters": {
        "VERSION": "3.6.3"
      }
    },
    {
      "command": "3.8.8",
      "mean": 0.8628335667,
      "stddev": 0.011115187627694841,
      "median": 0.8583045276000001,
      "user": 2.5036441400000005,
      "system": 0.11182183999999999,
      "min": 0.8489697276,
      "max": 0.8786303026000001,
      "times": [
        0.8547658046000001,
        0.8671229286000001,
        0.8521628336,
        0.8786303026000001,
        0.8582707736,
        0.8785534146,
        0.8566078216,
        0.8489697276,
        0.8749137786000001,
        0.8583382816
      ],
      "exit_codes": [
        0,
        0,
        0,
        0,
        0,
        0,
        0,
        0,
        0,
        0
      ],
      "parameters": {
        "VERSION": "3.8.8"
      }
    },
    {
      "command": "3.9.6",
      "mean": 1.018849176,
      "stddev": 0.021559184126494203,
      "median": 1.0206928651,
      "user": 3.04781154,
      "system": 0.12585814,
      "min": 0.9873317516000001,
      "max": 1.0559213066,
      "times": [
        1.0449701186,
        1.0186399576,
        1.0151865276,
        1.0277067386,
        1.0227457726,
        0.9998763615999999,
        0.9933398526,
        0.9873317516000001,
        1.0559213066,
        1.0227733726
      ],
      "exit_codes": [
        0,
        0,
        0,
        0,
        0,
        0,
        0,
        0,
        0,
        0
      ],
      "parameters": {
        "VERSION": "3.9.6"
      }
    },
    {
      "command": "4.0.0-alpha-13",
      "mean": 1.457479746,
      "stddev": 0.031142629150904152,
      "median": 1.4630029566,
      "user": 5.15080404,
      "system": 0.21105274000000002,
      "min": 1.3926783766,
      "max": 1.4965321166,
      "times": [
        1.4965321166,
        1.4789197636,
        1.4843872376,
        1.4558055776,
        1.4755969096000001,
        1.3926783766,
        1.4451607836,
        1.4702003356,
        1.4236462606,
        1.4518700986
      ],
      "exit_codes": [
        0,
        0,
        0,
        0,
        0,
        0,
        0,
        0,
        0,
        0
      ],
      "parameters": {
        "VERSION": "4.0.0-alpha-13"
      }
    }
  ]
}
