{
  "results": [
    {
      "command": "3.0.5",
      "mean": 7.391220075700001,
      "stddev": 0.06903577323070892,
      "median": 7.3726328489,
      "user": 15.187912919999999,
      "system": 0.9881401999999998,
      "min": 7.3125437569,
      "max": 7.5085265109,
      "times": [
        7.5085265109,
        7.3309089769,
        7.3741025999000005,
        7.3711630979,
        7.461339181900001,
        7.4734703389,
        7.4077789029000005,
        7.318921538900001,
        7.3534458519,
        7.3125437569
      ],
      "exit_codes": [
        0,
        0,
        0,
        0,
        0,
        0,
        0,
        0,
        0,
        0
      ],
      "parameters": {
        "VERSION": "3.0.5"
      }
    },
    {
      "command": "3.6.3",
      "mean": 12.2371985302,
      "stddev": 0.19176589885821968,
      "median": 12.1549678804,
      "user": 23.73704112,
      "system": 3.6078978,
      "min": 12.0707173179,
      "max": 12.6225301519,
      "times": [
        12.6225301519,
        12.102979333899999,
        12.158047628899999,
        12.1300323829,
        12.249927463899999,
        12.1518881319,
        12.5484233219,
        12.220330383899999,
        12.0707173179,
        12.117109184899999
      ],
      "exit_codes": [
        0,
        0,
        0,
        0,
        0,
        0,
        0,
        0,
        0,
        0
      ],
      "parameters": {
        "VERSION": "3.6.3"
      }
    },
    {
      "command": "3.8.8",
      "mean": 6.0997979788,
      "stddev": 0.09503457156177521,
      "median": 6.0832464809,
      "user": 17.962148619999997,
      "system": 1.1332107,
      "min": 5.9417835089,
      "max": 6.3068009339,
      "times": [
        6.0708527459,
        6.044640336900001,
        6.3068009339,
        5.9417835089,
        6.1823713509000005,
        6.1018986189,
        6.0651495089,
        6.1216861369,
        6.0671564309,
        6.0956402159000005
      ],
      "exit_codes": [
        0,
        0,
        0,
        0,
        0,
        0,
        0,
        0,
        0,
        0
      ],
      "parameters": {
        "VERSION": "3.8.8"
      }
    },
    {
      "command": "3.9.6",
      "mean": 6.500154290900001,
      "stddev": 0.11642776616717769,
      "median": 6.5050987184,
      "user": 19.29620952,
      "system": 1.1308992,
      "min": 6.2934560459,
      "max": 6.690760307900001,
      "times": [
        6.387818992900001,
        6.5208130069,
        6.5189064209000005,
        6.2934560459,
        6.690760307900001,
        6.4230072809,
        6.4656550739,
        6.5912182019,
        6.618616561900001,
        6.4912910159
      ],
      "exit_codes": [
        0,
        0,
        0,
        0,
        0,
        0,
        0,
        0,
        0,
        0
      ],
      "parameters": {
        "VERSION": "3.9.6"
      }
    },
    {
      "command": "4.0.0-alpha-13",
      "mean": 7.9607683908,
      "stddev": 0.10781782316474207,
      "median": 7.9988906534,
      "user": 33.82196052,
      "system": 2.0922624,
      "min": 7.7697627399,
      "max": 8.1019556319,
      "times": [
        7.8549072909,
        7.7697627399,
        8.0084894849,
        7.827934480900001,
        8.0443304369,
        8.0263402779,
        8.030985208899999,
        7.9536865339,
        8.1019556319,
        7.9892918219
      ],
      "exit_codes": [
        0,
        0,
        0,
        0,
        0,
        0,
        0,
        0,
        0,
        0
      ],
      "parameters": {
        "VERSION": "4.0.0-alpha-13"
      }
    }
  ]
}
