{
  "results": [
    {
      "command": "3.0.5",
      "mean": 0.8560500987600002,
      "stddev": 0.01701480884227641,
      "median": 0.85181196796,
      "user": 2.6608011599999997,
      "system": 0.13783919999999997,
      "min": 0.83716174596,
      "max": 0.89505218696,
      "times": [
        0.83716174596,
        0.86388786796,
        0.84442765596,
        0.85961826896,
        0.84305694796,
        0.85557551396,
        0.84804842196,
        0.89505218696,
        0.86875355396,
        0.84491882396
      ],
      "exit_codes": [
        0,
        0,
        0,
        0,
        0,
        0,
        0,
        0,
        0,
        0
      ],
      "parameters": {
        "VERSION": "3.0.5"
      }
    },
    {
      "command": "3.1.1",
      "mean": 0.9445585596600001,
      "stddev": 0.0383366252852219,
      "median": 0.9347100259600001,
      "user": 2.95247486,
      "system": 0.1638455,
      "min": 0.90038298296,
      "max": 1.02299554196,
      "times": [
        0.90922498396,
        1.02299554196,
        0.9123401209600001,
        0.97434200596,
        0.96062988696,
        0.92401265696,
        0.90038298296,
        0.94540739496,
        0.92319204696,
        0.97305797496
      ],
      "exit_codes": [
        0,
        0,
        0,
        0,
        0,
        0,
        0,
        0,
        0,
        0
      ],
      "parameters": {
        "VERSION": "3.1.1"
      }
    },
    {
      "command": "3.2.5",
      "mean": 0.9604606023600001,
      "stddev": 0.02599608446974288,
      "median": 0.96415129946,
      "user": 3.00511306,
      "system": 0.15417140000000001,
      "min": 0.92619195596,
      "max": 1.0100644459600001,
      "times": [
        0.96559200096,
        0.94385848096,
        1.0100644459600001,
        0.96420802296,
        0.97640432696,
        0.94036735396,
        0.96409457596,
        0.92619195596,
        0.93012665396,
        0.98369820596
      ],
      "exit_codes": [
        0,
        0,
        0,
        0,
        0,
        0,
        0,
        0,
        0,
        0
      ],
      "parameters": {
        "VERSION": "3.2.5"
      }
    },
    {
      "command": "3.3.9",
      "mean": 0.96632992536,
      "stddev": 0.018758506033260076,
      "median": 0.96104146246,
      "user": 3.08089616,
      "system": 0.1825235,
      "min": 0.93215012596,
      "max": 1.00198678596,
      "times": [
        1.00198678596,
        0.97169356696,
        0.93215012596,
        0.9827561179600001,
        0.97867310396,
        0.95852284596,
        0.95547490896,
        0.96032971396,
        0.96175321096,
        0.95995887296
      ],
      "exit_codes": [
        0,
        0,
        0,
        0,
        0,
        0,
        0,
        0,
        0,
        0
      ],
      "parameters": {
        "VERSION": "3.3.9"
      }
    },
    {
      "command": "3.5.4",
      "mean": 1.02407039846,
      "stddev": 0.030364558214582234,
      "median": 1.0311731814600003,
      "user": 3.2690251599999995,
      "system": 0.19814500000000002,
      "min": 0.97902561296,
      "max": 1.06361836296,
      "times": [
        1.01946837196,
        1.0367545849600002,
        1.0373111619600002,
        1.0255917779600001,
        0.98733528796,
        1.05530996896,
        1.06361836296,
        1.04936677796,
        0.97902561296,
        0.98692207696
      ],
      "exit_codes": [
        0,
        0,
        0,
        0,
        0,
        0,
        0,
        0,
        0,
        0
      ],
      "parameters": {
        "VERSION": "3.5.4"
      }
    },
    {
      "command": "3.6.3",
      "mean": 0.97689604376,
      "stddev": 0.0239676998881234,
      "median": 0.9677180889600001,
      "user": 3.02253086,
      "system": 0.1952855,
      "min": 0.94812229996,
      "max": 1.0310749779600001,
      "times": [
        0.9676638199600001,
        1.0310749779600001,
        0.96740123596,
        1.00242447296,
        0.96184194696,
        0.94812229996,
        0.96777235796,
        0.98691769696,
        0.96966997196,
        0.96607165696
      ],
      "exit_codes": [
        0,
        0,
        0,
        0,
        0,
        0,
        0,
        0,
        0,
        0
      ],
      "parameters": {
        "VERSION": "3.6.3"
      }
    },
    {
      "command": "3.8.1",
      "mean": 0.98511402696,
      "stddev": 0.028862015848605108,
      "median": 0.98890085096,
      "user": 3.07136036,
      "system": 0.18838639999999998,
      "min": 0.9506162219600001,
      "max": 1.04083982896,
      "times": [
        0.99603043296,
        0.9506162219600001,
        0.95924259896,
        1.00340559996,
        0.98765239996,
        0.96453540296,
        0.95143701196,
        1.04083982896,
        0.9901493019600001,
        1.00723146996
      ],
      "exit_codes": [
        0,
        0,
        0,
        0,
        0,
        0,
        0,
        0,
        0,
        0
      ],
      "parameters": {
        "VERSION": "3.8.1"
      }
    },
    {
      "command": "3.8.2",
      "mean": 0.9428689526599999,
      "stddev": 0.02231221639979857,
      "median": 0.93510930646,
      "user": 2.9854775599999996,
      "system": 0.12949460000000002,
      "min": 0.91926630796,
      "max": 0.98007719896,
      "times": [
        0.96825147596,
        0.94718464196,
        0.91926630796,
        0.96963391396,
        0.92579777496,
        0.93569189296,
        0.92886667296,
        0.98007719896,
        0.93452671996,
        0.91939292696
      ],
      "exit_codes": [
        0,
        0,
        0,
        0,
        0,
        0,
        0,
        0,
        0,
        0
      ],
      "parameters": {
        "VERSION": "3.8.2"
      }
    },
    {
      "command": "3.8.3",
      "mean": 0.93516710466,
      "stddev": 0.023023617416666576,
      "median": 0.93126195096,
      "user": 2.9229479599999997,
      "system": 0.12891809999999998,
      "min": 0.91179050496,
      "max": 0.98971069196,
      "times": [
        0.93705002996,
        0.91829983096,
        0.98971069196,
        0.94448707596,
        0.92152814596,
        0.93722493696,
        0.95010068296,
        0.91179050496,
        0.92547387196,
        0.9160052749600001
      ],
      "exit_codes": [
        0,
        0,
        0,
        0,
        0,
        0,
        0,
        0,
        0,
        0
      ],
      "parameters": {
        "VERSION": "3.8.3"
      }
    },
    {
      "command": "3.8.4",
      "mean": 0.93263550916,
      "stddev": 0.02351399120151826,
      "median": 0.93264614346,
      "user": 2.92085956,
      "system": 0.1269866,
      "min": 0.89069903196,
      "max": 0.9678811859600001,
      "times": [
        0.93971852796,
        0.95650802196,
        0.93564144296,
        0.90963346496,
        0.92587552296,
        0.9678811859600001,
        0.92965084396,
        0.95470548496,
        0.89069903196,
        0.91604156396
      ],
      "exit_codes": [
        0,
        0,
        0,
        0,
        0,
        0,
        0,
        0,
        0,
        0
      ],
      "parameters": {
        "VERSION": "3.8.4"
      }
    },
    {
      "command": "3.8.5",
      "mean": 0.9470538990599998,
      "stddev": 0.032087169176548865,
      "median": 0.9396072444600001,
      "user": 2.96026866,
      "system": 0.13675969999999998,
      "min": 0.91725560496,
      "max": 1.01656080096,
      "times": [
        0.9491547649600001,
        0.91876868096,
        0.91908822296,
        0.97205297796,
        0.93015432196,
        1.01656080096,
        0.9490601669600001,
        0.97198803896,
        0.91725560496,
        0.92645540996
      ],
      "exit_codes": [
        0,
        0,
        0,
        0,
        0,
        0,
        0,
        0,
        0,
        0
      ],
      "parameters": {
        "VERSION": "3.8.5"
      }
    },
    {
      "command": "3.8.6",
      "mean": 0.9238031050599999,