{
  "results": [
    {
      "command": "3.0.5",
      "mean": 3.6421954453799996,
      "stddev": 0.039921993363022074,
      "median": 3.6428990797800003,
      "user": 9.01556976,
      "system": 0.7078566,
      "min": 3.57388664428,
      "max": 3.69474781528,
      "times": [
        3.57388664428,
        3.64883019628,
        3.63696796328,
        3.63146422228,
        3.68703065528,
        3.63486232328,
        3.58260072128,
        3.66661610228,
        3.69474781528,
        3.66494781028
      ],
      "exit_codes": [
        0,
        0,
        0,
        0,
        0,
        0,
        0,
        0,
        0,
        0
      ],
      "parameters": {
        "VERSION": "3.0.5"
      }
    },
    {
      "command": "3.6.3",
      "mean": 6.007600032979999,
      "stddev": 0.08194790593849284,
      "median": 6.00412399128,
      "user": 14.65405576,
      "system": 2.2695697,
      "min": 5.90016430628,
      "max": 6.15230756528,
      "times": [
        6.01650414228,
        5.90016430628,
        6.02678975228,
        6.15230756528,
        6.02759592328,
        5.99174384028,
        5.94017063228,
        5.92513131328,
        5.96944359928,
        6.12614925528
      ],
      "exit_codes": [
        0,
        0,
        0,
        0,
        0,
        0,
        0,
        0,
        0,
        0
      ],
      "parameters": {
        "VERSION": "3.6.3"
      }
    },
    {
      "command": "3.8.8",
      "mean": 3.4461006082799996,
      "stddev": 0.048563374966905666,
      "median": 3.44935638828,
      "user": 12.235959459999998,
      "system": 0.7584384000000001,
      "min": 3.38560220528,
      "max": 3.51479341228,
      "times": [
        3.38560220528,
        3.45821402128,
        3.51237318928,
        3.44159598928,
        3.48653690128,
        3.45711678728,
        3.51479341228,
        3.39660041828,
        3.42068020728,
        3.38749295128
      ],
      "exit_codes": [
        0,
        0,
        0,
        0,
        0,
        0,
        0,
        0,
        0,
        0
      ],
      "parameters": {
        "VERSION": "3.8.8"
      }
    },
    {
      "command": "3.9.6",
      "mean": 3.67501950108,
      "stddev": 0.036250380776673266,
      "median": 3.67657392028,
      "user": 13.347126659999997,
      "system": 0.7915939000000001,
      "min": 3.62717338228,
      "max": 3.73584251728,
      "times": [
        3.63786416228,
        3.6798555842800003,
        3.69458404028,
        3.62717338228,
        3.65679961128,
        3.71519852828,
        3.67329225628,
        3.69555734628,
        3.73584251728,
        3.63402758228
      ],
      "exit_codes": [
        0,
        0,
        0,
        0,
        0,
        0,
        0,
        0,
        0,
        0
      ],
      "parameters": {
        "VERSION": "3.9.6"
      }
    },
    {
      "command": "4.0.0-alpha-13",
      "mean": 5.064082180679999,
      "stddev": 0.13556275769319998,
      "median": 5.01075096678,
      "user": 24.885661359999993,
      "system": 1.5820531999999998,
      "min": 4.96397564728,
      "max": 5.40972705228,
      "times": [
        4.98227053028,
        4.96397564728,
        5.17138824028,
        4.98930609628,
        5.00862849628,
        5.01287343728,
        4.98869790028,
        5.03932417028,
        5.07463023628,
        5.40972705228
      ],
      "exit_codes": [
        0,
        0,
        0,
        0,
        0,
        0,
        0,
        0,
        0,
        0
      ],
      "parameters": {
        "VERSION": "4.0.0-alpha-13"
      }
    }
  ]
}
