{
  "results": [
    {
      "command": "3.0.5",
      "mean": 4.48534443854,
      "stddev": 0.038725537341877725,
      "median": 4.50772144884,
      "user": 13.14076384,
      "system": 0.66072418,
      "min": 4.42991339634,
      "max": 4.52816114234,
      "times": [
        4.48567412234,
        4.43265622234,
        4.50836398834,
        4.50999568934,
        4.43096200234,
        4.42991339634,
        4.51015461534,
        4.52816114234,
        4.51048429734,
        4.50707890934
      ],
      "exit_codes": [
        0,
        0,
        0,
        0,
        0,
        0,
        0,
        0,
        0,
        0
      ],
      "parameters": {
        "VERSION": "3.0.5"
      }
    },
    {
      "command": "3.6.3",
      "mean": 6.11673479604,
      "stddev": 0.078097366257892,
      "median": 6.10075101134,
      "user": 17.74241454,
      "system": 1.7254639799999996,
      "min": 6.01850191934,
      "max": 6.25391346334,
      "times": [
        6.17075635234,
        6.02637651434,
        6.0743792033399995,
        6.14202162934,
        6.25391346334,
        6.09132898434,
        6.06530769634,
        6.11017303834,
        6.01850191934,
        6.21458915934
      ],
      "exit_codes": [
        0,
        0,
        0,
        0,
        0,
        0,
        0,
        0,
        0,
        0
      ],
      "parameters": {
        "VERSION": "3.6.3"
      }
    },
    {
      "command": "3.8.8",
      "mean": 3.77610114334,
      "stddev": 0.0961963218628708,
      "median": 3.75953269634,
      "user": 14.050104639999997,
      "system": 0.6253322800000001,
      "min": 3.67664877334,
      "max": 4.0052315823399995,
      "times": [
        3.80259517634,
        3.70511755234,
        3.82679493634,
        4.0052315823399995,
        3.78977681934,
        3.69280747234,
        3.67664877334,
        3.80559346434,
        3.72928857334,
        3.72715708334
      ],
      "exit_codes": [
        0,
        0,
        0,
        0,
        0,
        0,
        0,
        0,
        0,
        0
      ],
      "parameters": {
        "VERSION": "3.8.8"
      }
    },
    {
      "command": "3.9.4",
      "mean": 3.9621519029399996,
      "stddev": 0.057224011157819187,
      "median": 3.96882957484,
      "user": 15.672101040000001,
      "system": 0.72855288,
      "min": 3.84853868334,
      "max": 4.02303187234,
      "times": [
        3.93309174134,
        4.02182179134,
        3.97947394834,
        3.84853868334,
        4.01672285234,
        3.91030097834,
        3.95818520134,
        4.02303187234,
        4.0001858303399995,
        3.93016613034
      ],
      "exit_codes": [
        0,
        0,
        0,
        0,
        0,
        0,
        0,
        0,
        0,
        0
      ],
      "parameters": {
        "VERSION": "3.9.4"
      }
    },
    {
      "command": "3.9.5",
      "mean": 3.98538024494,
      "stddev": 0.08367876244365625,
      "median": 3.9564270923400002,
      "user": 15.619312439999998,
      "system": 0.73505878,
      "min": 3.89178648434,
      "max": 4.18834231834,
      "times": [
        3.94639271834,
        3.99607480834,
        4.18834231834,
        3.96646146634,
        3.9398145533399997,
        4.05303307534,
        3.89178648434,
        3.99430636034,
        3.93835956734,
        3.93923109734
      ],
      "exit_codes": [
        0,
        0,
        0,
        0,
        0,
        0,
        0,
        0,
        0,
        0
      ],
      "parameters": {
        "VERSION": "3.9.5"
      }
    },
    {
      "command": "4.0.0-alpha-7",
      "mean": 5.6649394953400005,
      "stddev": 0.04357587257389758,
      "median": 5.67124061084,
      "user": 19.661381040000002,
      "system": 0.87952988,
      "min": 5.59434707234,
      "max": 5.71552000834,
      "times": [
        5.66698305034,
        5.71301692734,
        5.65129989034,
        5.67549817134,
        5.59434707234,
        5.59760884534,
        5.6431598233399995,
        5.69587381034,
        5.71552000834,
        5.6960873543399995
      ],
      "exit_codes": [
        0,
        0,
        0,
        0,
        0,
        0,
        0,
        0,
        0,
        0
      ],
      "parameters": {
        "VERSION": "4.0.0-alpha-7"
      }
    },
    {
      "command": "4.0.0-alpha-8",
      "mean": 6.0940747775399995,
      "stddev": 0.072217665543184,
      "median": 6.0767752563399995,
      "user": 20.185251939999993,
      "system": 0.93574708,
      "min": 5.97367230634,
      "max": 6.2101250843399995,
      "times": [
        6.0742655253399995,
        5.97367230634,
        6.2101250843399995,
        6.15529708534,
        6.05850836634,
        6.03255544834,
        6.07928498734,
        6.10606094534,
        6.18651279034,
        6.06446523634
      ],
      "exit_codes": [
        0,
        0,
        0,
        0,
        0,
        0,
        0,
        0,
        0,
        0
      ],
      "parameters": {
        "VERSION": "4.0.0-alpha-8"
      }
    }
  ]
}
