{
  "results": [
    {
      "command": "3.0.5",
      "mean": 1.72602263012,
      "stddev": 0.03752948166947723,
      "median": 1.72136637932,
      "user": 6.090045959999999,
      "system": 0.30176919999999996,
      "min": 1.68334328432,
      "max": 1.79553288432,
      "times": [
        1.76515280232,
        1.69710349932,
        1.71497476932,
        1.68731343932,
        1.75781868332,
        1.69556013732,
        1.79553288432,
        1.73566881232,
        1.68334328432,
        1.72775798932
      ],
      "exit_codes": [
        0,
        0,
        0,
        0,
        0,
        0,
        0,
        0,
        0,
        0
      ],
      "parameters": {
        "VERSION": "3.0.5"
      }
    },
    {
      "command": "3.1.1",
      "mean": 2.0605160591200002,
      "stddev": 0.024981228223789235,
      "median": 2.06630761732,
      "user": 7.30838976,
      "system": 0.3518788,
      "min": 2.0117182973200003,
      "max": 2.09469451532,
      "times": [
        2.06396230732,
        2.05388065632,
        2.08417301232,
        2.0787512403200004,
        2.06865292732,
        2.04105334732,
        2.0117182973200003,
        2.03692229432,
        2.07135199332,
        2.09469451532
      ],
      "exit_codes": [
        0,
        0,
        0,
        0,
        0,
        0,
        0,
        0,
        0,
        0
      ],
      "parameters": {
        "VERSION": "3.1.1"
      }
    },
    {
      "command": "3.2.5",
      "mean": 2.21538211162,
      "stddev": 0.025435092476008666,
      "median": 2.21101731182,
      "user": 8.095090059999999,
      "system": 0.3920853,
      "min": 2.1749037873200003,
      "max": 2.2553665043200004,
      "times": [
        2.20294014732,
        2.19746753632,
        2.2492152893200004,
        2.22363614032,
        2.2157782053200004,
        2.2342546903200002,
        2.20625641832,
        2.2553665043200004,
        2.1749037873200003,
        2.1940023973200002
      ],
      "exit_codes": [
        0,
        0,
        0,
        0,
        0,
        0,
        0,
        0,
        0,
        0
      ],
      "parameters": {
        "VERSION": "3.2.5"
      }
    },
    {
      "command": "3.3.9",
      "mean": 2.3020761380200003,
      "stddev": 0.02719136171831908,
      "median": 2.2955882478200005,
      "user": 9.00894886,
      "system": 0.4940762,
      "min": 2.27087222932,
      "max": 2.35308734432,
      "times": [
        2.27087222932,
        2.3051872923200003,
        2.32516737132,
        2.32806334332,
        2.35308734432,
        2.27416583232,
        2.2849601173200003,
        2.28129930432,
        2.3119693423200003,
        2.28598920332
      ],
      "exit_codes": [
        0,
        0,
        0,
        0,
        0,
        0,
        0,
        0,
        0,
        0
      ],
      "parameters": {
        "VERSION": "3.3.9"
      }
    },
    {
      "command": "3.5.4",
      "mean": 2.3901743638200004,
      "stddev": 0.053130270578057526,
      "median": 2.3890286238200003,
      "user": 8.221578059999999,
      "system": 0.9362197000000002,
      "min": 2.3283686353200004,
      "max": 2.49524508932,
      "times": [
        2.35387967632,
        2.42130868932,
        2.3726627643200002,
        2.49524508932,
        2.4202761833200004,
        2.4274560653200004,
        2.33151044232,
        2.3283686353200004,
        2.3456416093200003,
        2.4053944833200003
      ],
      "exit_codes": [
        0,
        0,
        0,
        0,
        0,
        0,
        0,
        0,
        0,
        0
      ],
      "parameters": {
        "VERSION": "3.5.4"
      }
    },
    {
      "command": "3.6.3",
      "mean": 2.3285684862200005,
      "stddev": 0.0526809495554891,
      "median": 2.3405022308200003,
      "user": 8.27347386,
      "system": 0.9307611999999998,
      "min": 2.22027199032,
      "max": 2.39667827832,
      "times": [
        2.35633947732,
        2.39667827832,
        2.3381109163200002,
        2.36716144232,
        2.2537521923200003,
        2.34141848932,
        2.33958597232,
        2.22027199032,
        2.3248072793200003,
        2.34755882432
      ],
      "exit_codes": [
        0,
        0,
        0,
        0,
        0,
        0,
        0,
        0,
        0,
        0
      ],
      "parameters": {
        "VERSION": "3.6.3"
      }
    },
    {
      "command": "3.8.1",
      "mean": 2.3664430344200005,
      "stddev": 0.058765378251356234,
      "median": 2.3667349383200005,
      "user": 8.38894346,
      "system": 0.9097983999999999,
      "min": 2.2678006713200003,
      "max": 2.45239470832,
      "times": [
        2.2678006713200003,
        2.3430162403200003,
        2.3724821583200004,
        2.2873777213200004,
        2.39806426632,
        2.35820049532,
        2.36098771832,
        2.4426108183200004,
        2.38149554632,
        2.45239470832
      ],
      "exit_codes": [
        0,
        0,
        0,
        0,
        0,
        0,
        0,
        0,
        0,
        0
      ],
      "parameters": {
        "VERSION": "3.8.1"
      }
    },
    {
      "command": "3.8.2",
      "mean": 2.05519652102,
      "stddev": 0.03807996084025769,
      "median": 2.0584325978200004,
      "user": 7.708195860000001,
      "system": 0.3796806999999999,
      "min": 2.01078126832,
      "max": 2.1281089683200003,
      "times": [
        2.01303555632,
        2.02585024432,
        2.1281089683200003,
        2.05521437332,
        2.01078126832,
        2.06910632732,
        2.0616508223200003,
        2.09038662632,
        2.07693937232,
        2.0208916513200004
      ],
      "exit_codes": [
        0,
        0,
        0,
        0,
        0,
        0,
        0,
        0,
        0,
        0
      ],
      "parameters": {
        "VERSION": "3.8.2"
      }
    },
    {
      "command": "3.8.3",
      "mean": 1.92204175692,
      "stddev": 0.03800856947452694,
      "median": 1.93422572082,
      "user": 7.307990760000001,
      "system": 0.3644309,
      "min": 1.85414086532,
      "max": 1.9794449763200002,
      "times": [
        1.94755719632,
        1.89983389832,
        1.9794449763200002,
        1.93428669932,
        1.9015847073199998,
        1.85414086532,
        1.87676379232,
        1.94826775032,
        1.94437294132,
        1.93416474232
      ],
      "exit_codes": [
        0,
        0,
        0,
        0,
        0,
        0,
        0,
        0,
        0,
        0
      ],
      "parameters": {
        "VERSION": "3.8.3"
      }
    },
    {
      "command": "3.8.4",
      "mean": 1.89211656222,
      "stddev": 0.03586792341956156,
      "median": 1.89777036832,
      "user": 7.206781359999999,
      "system": 0.3384678,
      "min": 1.82577895232,
      "max": 1.94007527332,
      "times": [
        1.8639636233199999,
        1.92620251932,
        1.88829145132,
        1.94007527332,
        1.90724928532,
        1.92235224932,
        1.87670565332,
        1.85849243232,
        1.9120541823200001,
        1.82577895232
      ],
      "exit_codes": [
        0,
        0,
        0,
        0,
        0,
        0,
        0,
        0,
        0,
        0
      ],
      "parameters": {
        "VERSION": "3.8.4"
      }
    },
    {
      "command": "3.8.5",
      "mean": 1.8898119917199998,
      "stddev": 0.030021806667167073,
      "median": 1.8966328203199998,
      "user": 7.247343959999999,
      "system": 0.31987029999999994,
      "min": 1.83227885932,
      "max": 1.93104966532,
      "times": [
        1.8975240253199999,
        1.9110639353199999,
        1.93104966532,
        1.8755653613199998,
        1.8495771023199998,
        1.89574161532,
        1.9141630133199998,
        1.9016448473199998,
        1.88951149232,
        1.83227885932
      ],