{
  "results": [
    {
      "command": "3.0.5",
      "mean": 1.6641074669800002,
      "stddev": 0.03183981067960505,
      "median": 1.66105598078,
      "user": 6.1332041,
      "system": 0.30500246,
      "min": 1.62468644828,
      "max": 1.7260459502800003,
      "times": [
        1.63331421128,
        1.69363380428,
        1.69014190928,
        1.6567258452800002,
        1.62468644828,
        1.6505666442800002,
        1.7260459502800003,
        1.6678118972800002,
        1.66538611628,
        1.6327618432800002
      ],
      "exit_codes": [
        0,
        0,
        0,
        0,
        0,
        0,
        0,
        0,
        0,
        0
      ],
      "parameters": {
        "VERSION": "3.0.5"
      }
    },
    {
      "command": "3.1.1",
      "mean": 2.12916100578,
      "stddev": 0.02817635122038791,
      "median": 2.12695692978,
      "user": 7.7749991,
      "system": 0.90507696,
      "min": 2.0818638842799997,
      "max": 2.18625038328,
      "times": [
        2.13143090628,
        2.12248295328,
        2.1190272972799997,
        2.0818638842799997,
        2.18625038328,
        2.13254310028,
        2.15578671828,
        2.1199162442799997,
        2.10438441028,
        2.13792416028
      ],
      "exit_codes": [
        0,
        0,
        0,
        0,
        0,
        0,
        0,
        0,
        0,
        0
      ],
      "parameters": {
        "VERSION": "3.1.1"
      }
    },
    {
      "command": "3.2.5",
      "mean": 2.2005175000799997,
      "stddev": 0.0308466918635603,
      "median": 2.19879121978,
      "user": 7.986116999999998,
      "system": 0.91208946,
      "min": 2.15242714928,
      "max": 2.24284573528,
      "times": [
        2.15242714928,
        2.23922134228,
        2.17215505328,
        2.23376842428,
        2.19425232928,
        2.20333011028,
        2.19185564828,
        2.24284573528,
        2.17036187728,
        2.2049573312799997
      ],
      "exit_codes": [
        0,
        0,
        0,
        0,
        0,
        0,
        0,
        0,
        0,
        0
      ],
      "parameters": {
        "VERSION": "3.2.5"
      }
    },
    {
      "command": "3.3.9",
      "mean": 2.26515907248,
      "stddev": 0.03231148904769043,
      "median": 2.2548663407799996,
      "user": 8.5152614,
      "system": 0.9129888599999998,
      "min": 2.23522072928,
      "max": 2.3371041782799997,
      "times": [
        2.27913896828,
        2.29596742228,
        2.2424506852799997,
        2.23635966228,
        2.24330199428,
        2.27231440328,
        2.3371041782799997,
        2.23522072928,
        2.24803230028,
        2.26170038128
      ],
      "exit_codes": [
        0,
        0,
        0,
        0,
        0,
        0,
        0,
        0,
        0,
        0
      ],
      "parameters": {
        "VERSION": "3.3.9"
      }
    },
    {
      "command": "3.5.4",
      "mean": 2.07560190288,
      "stddev": 0.047741112682292586,
      "median": 2.06498982228,
      "user": 7.408502,
      "system": 0.62578926,
      "min": 2.01788949028,
      "max": 2.16229648128,
      "times": [
        2.05083772428,
        2.15874314728,
        2.04229724028,
        2.06547314028,
        2.07204401128,
        2.0645065042799997,
        2.0744660532799997,
        2.04746523628,
        2.01788949028,
        2.16229648128
      ],
      "exit_codes": [
        0,
        0,
        0,
        0,
        0,
        0,
        0,
        0,
        0,
        0
      ],
      "parameters": {
        "VERSION": "3.5.4"
      }
    },
    {
      "command": "3.6.3",
      "mean": 2.0477147804799998,
      "stddev": 0.041360805485968745,
      "median": 2.0423711187799998,
      "user": 7.209722999999999,
      "system": 0.5981203599999999,
      "min": 1.9974958022800002,
      "max": 2.12288735328,
      "times": [
        2.0253813792799997,
        1.9974958022800002,
        2.05936085828,
        2.08677091528,
        2.12288735328,
        2.0251058352799998,
        2.00327514328,
        2.06597026828,
        2.0120268912799997,
        2.07887335828
      ],
      "exit_codes": [
        0,
        0,
        0,
        0,
        0,
        0,
        0,
        0,
        0,
        0
      ],
      "parameters": {
        "VERSION": "3.6.3"
      }
    },
    {
      "command": "3.8.1",
      "mean": 2.0497466206799997,
      "stddev": 0.05527248750357606,
      "median": 2.04020393678,
      "user": 7.2677184,
      "system": 0.59393156,
      "min": 1.9820899052800003,
      "max": 2.13563126528,
      "times": [
        2.04359055028,
        1.99421914128,
        2.06994513228,
        2.13248467128,
        2.0228844102799997,
        2.0368173232799998,
        1.9820899052800003,
        2.13563126528,
        2.08509306728,
        1.9947107402800002
      ],
      "exit_codes": [
        0,
        0,
        0,
        0,
        0,
        0,
        0,
        0,
        0,
        0
      ],
      "parameters": {
        "VERSION": "3.8.1"
      }
    },
    {
      "command": "3.8.2",
      "mean": 1.8441212231800002,
      "stddev": 0.01968395477680519,
      "median": 1.83666451828,
      "user": 6.5523617000000005,
      "system": 0.30419866,
      "min": 1.82448706228,
      "max": 1.8824547522800001,
      "times": [
        1.8824547522800001,
        1.8322693852800003,
        1.8265772122800001,
        1.83877544728,
        1.84268549228,
        1.8508040062800002,
        1.82448706228,
        1.8345535892800002,
        1.87442407528,
        1.8341812092800003
      ],
      "exit_codes": [
        0,
        0,
        0,
        0,
        0,
        0,
        0,
        0,
        0,
        0
      ],
      "parameters": {
        "VERSION": "3.8.2"
      }
    },
    {
      "command": "3.8.3",
      "mean": 1.66311856528,
      "stddev": 0.03474589941816826,
      "median": 1.66776375928,
      "user": 6.346336000000001,
      "system": 0.26966526,
      "min": 1.59730738128,
      "max": 1.7115282522800002,
      "times": [
        1.67242868528,
        1.59730738128,
        1.6682590672800002,
        1.64268270428,
        1.6282078152800001,
        1.6672684512800002,
        1.6516097392800002,
        1.70420335928,
        1.68769019728,
        1.7115282522800002
      ],
      "exit_codes": [
        0,
        0,
        0,
        0,
        0,
        0,
        0,
        0,
        0,
        0
      ],
      "parameters": {
        "VERSION": "3.8.3"
      }
    },
    {
      "command": "3.8.4",
      "mean": 1.66984065348,
      "stddev": 0.01838554544548613,
      "median": 1.6688763522800003,
      "user": 6.353119499999999,
      "system": 0.31019146,
      "min": 1.63103749528,
      "max": 1.6960217452800002,
      "times": [
        1.6689363402800002,
        1.69374779128,
        1.6688163642800002,
        1.6960217452800002,
        1.6674456662800001,
        1.6647051122800003,
        1.63103749528,
        1.66943913928,
        1.68018321828,
        1.65807366228
      ],
      "exit_codes": [
        0,
        0,
        0,
        0,
        0,
        0,
        0,
        0,
        0,
        0
      ],
      "parameters": {
        "VERSION": "3.8.4"
      }
    },
    {
      "command": "3.8.5",
      "mean": 1.67179589558,
      "stddev": 0.033569906834746505,
      "median": 1.68085308728,
      "user": 6.4357665,
      "system": 0.26979746000000004,
      "min": 1.6282227842800001,
      "max": 1.71858359128,
      "times": [
        1.6355709362800002,
        1.6282368842800001,
        1.6282227842800001,
        1.6825085422800001,
        1.6791976322800002,
        1.65266556428,
        1.71858359128,
        1.6867902392800003,
        1.6951558472800001,
        1.7110269342800002
      ],
      "exit_codes": [
        0,
        0,
        0,
        0,
        0,
        0,
        0,
        0,
        0,
        0
      ],