{
  "results": [
    {
      "command": "3.0.5",
      "mean": 0.8386761461200001,
      "stddev": 0.02557540133210008,
      "median": 0.83082852782,
      "user": 2.6131330999999998,
      "system": 0.10715344,
      "min": 0.8123628893200001,
      "max": 0.8856071373200001,
      "times": [
        0.8235800643200001,
        0.8205435363200001,
        0.86050700032,
        0.82924531032,
        0.8324117453200001,
        0.83267500932,
        0.8856071373200001,
        0.8123628893200001,
        0.81561671132,
        0.8742120573200001
      ],
      "exit_codes": [
        0,
        0,
        0,
        0,
        0,
        0,
        0,
        0,
        0,
        0
      ],
      "parameters": {
        "VERSION": "3.0.5"
      }
    },
    {
      "command": "3.6.3",
      "mean": 0.91678757902,
      "stddev": 0.024202053623446917,
      "median": 0.9227829683200001,
      "user": 2.962372,
      "system": 0.12490414000000001,
      "min": 0.88456953132,
      "max": 0.9518244413200001,
      "times": [
        0.88464619032,
        0.9518244413200001,
        0.9351269063200001,
        0.88456953132,
        0.8883870613200001,
        0.91999522432,
        0.90786573132,
        0.9362988283200001,
        0.9255707123200001,
        0.93359116332
      ],
      "exit_codes": [
        0,
        0,
        0,
        0,
        0,
        0,
        0,
        0,
        0,
        0
      ],
      "parameters": {
        "VERSION": "3.6.3"
      }
    },
    {
      "command": "3.8.8",
      "mean": 0.90100906222,
      "stddev": 0.021444158232854556,
      "median": 0.90959333482,
      "user": 2.9123969,
      "system": 0.07961813999999998,
      "min": 0.86595739232,
      "max": 0.9275246963200001,
      "times": [
        0.91222386732,
        0.87804071632,
        0.9125798593200001,
        0.9211331473200001,
        0.88003043932,
        0.86595739232,
        0.90696280232,
        0.9191389253200001,
        0.9275246963200001,
        0.8864987763200001
      ],
      "exit_codes": [
        0,
        0,
        0,
        0,
        0,
        0,
        0,
        0,
        0,
        0
      ],
      "parameters": {
        "VERSION": "3.8.8"
      }
    },
    {
      "command": "3.9.4",
      "mean": 1.0657766050200004,
      "stddev": 0.027873575150663903,
      "median": 1.06011641582,
      "user": 3.424571499999999,
      "system": 0.10376593999999999,
      "min": 1.02848386932,
      "max": 1.11772875932,
      "times": [
        1.06194829732,
        1.04869398132,
        1.05828453432,
        1.04136887332,
        1.11772875932,
        1.02848386932,
        1.05086162932,
        1.07328804932,
        1.10627139932,
        1.07083665732
      ],
      "exit_codes": [
        0,
        0,
        0,
        0,
        0,
        0,
        0,
        0,
        0,
        0
      ],
      "parameters": {
        "VERSION": "3.9.4"
      }
    },
    {
      "command": "3.9.5",
      "mean": 1.07443745892,
      "stddev": 0.025473728064640724,
      "median": 1.07598820482,
      "user": 3.4298702,
      "system": 0.09472083999999999,
      "min": 1.04211926532,
      "max": 1.12556732332,
      "times": [
        1.08438609632,
        1.07439548232,
        1.07758092732,
        1.08792546232,
        1.04211926532,
        1.05054368732,
        1.12556732332,
        1.05840308132,
        1.09461738532,
        1.04883587832
      ],
      "exit_codes": [
        0,
        0,
        0,
        0,
        0,
        0,
        0,
        0,
        0,
        0
      ],
      "parameters": {
        "VERSION": "3.9.5"
      }
    },
    {
      "command": "4.0.0-alpha-7",
      "mean": 1.30848997652,
      "stddev": 0.028834477141455653,
      "median": 1.3115771498200002,
      "user": 4.1070749,
      "system": 0.13964653999999999,
      "min": 1.27010441432,
      "max": 1.34600921932,
      "times": [
        1.29241597832,
        1.30428051732,
        1.2785275763200001,
        1.31887378232,
        1.34600921932,
        1.27384382632,
        1.27010441432,
        1.34576999632,
        1.32900108232,
        1.32607337232
      ],
      "exit_codes": [
        0,
        0,
        0,
        0,
        0,
        0,
        0,
        0,
        0,
        0
      ],
      "parameters": {
        "VERSION": "4.0.0-alpha-7"
      }
    },
    {
      "command": "4.0.0-alpha-8",
      "mean": 1.36759590572,
      "stddev": 0.022220092344532396,
      "median": 1.37497145532,
      "user": 4.23705,
      "system": 0.13095424,
      "min": 1.33232000332,
      "max": 1.39765138932,
      "times": [
        1.39765138932,
        1.38203107832,
        1.33232000332,
        1.35861011232,
        1.33747719232,
        1.37956221632,
        1.37038069432,
        1.38604813332,
        1.34857977932,
        1.38329845832
      ],
      "exit_codes": [
        0,
        0,
        0,
        0,
        0,
        0,
        0,
        0,
        0,
        0
      ],
      "parameters": {
        "VERSION": "4.0.0-alpha-8"
      }
    }
  ]
}
