{
  "results": [
    {
      "command": "3.0.5",
      "mean": 1.1754167907400002,
      "stddev": 0.010726440346443815,
      "median": 1.17723229894,
      "user": 3.4146838200000005,
      "system": 0.15771922,
      "min": 1.16054471544,
      "max": 1.19242596544,
      "times": [
        1.18006463244,
        1.16054471544,
        1.16664517444,
        1.19242596544,
        1.18379288244,
        1.17678159044,
        1.16349904944,
        1.18650163244,
        1.17768300744,
        1.16622925744
      ],
      "exit_codes": [
        0,
        0,
        0,
        0,
        0,
        0,
        0,
        0,
        0,
        0
      ],
      "parameters": {
        "VERSION": "3.0.5"
      }
    },
    {
      "command": "3.8.8",
      "mean": 1.3650128076399999,
      "stddev": 0.04309706274831983,
      "median": 1.35444665344,
      "user": 3.77699772,
      "system": 0.18367592,
      "min": 1.33146950744,
      "max": 1.4789378824400001,
      "times": [
        1.37874479944,
        1.4789378824400001,
        1.36469804944,
        1.33146950744,
        1.33791534144,
        1.3493928824399999,
        1.33527104944,
        1.37132934144,
        1.34286879844,
        1.35950042444
      ],
      "exit_codes": [
        0,
        0,
        0,
        0,
        0,
        0,
        0,
        0,
        0,
        0
      ],
      "parameters": {
        "VERSION": "3.8.8"
      }
    },
    {
      "command": "3.9.4",
      "mean": 1.6080679489399998,
      "stddev": 0.017604005318974467,
      "median": 1.60822525744,
      "user": 4.49225122,
      "system": 0.21425812,
      "min": 1.5830708824400002,
      "max": 1.63715521544,
      "times": [
        1.60915917444,
        1.5830708824400002,
        1.62015384044,
        1.63715521544,
        1.5844250494399998,
        1.61204892344,
        1.59889179844,
        1.60729134044,
        1.62899050744,
        1.59949275744
      ],
      "exit_codes": [
        0,
        0,
        0,
        0,
        0,
        0,
        0,
        0,
        0,
        0
      ],
      "parameters": {
        "VERSION": "3.9.4"
      }
    },
    {
      "command": "4.0.0-alpha-7",
      "mean": 2.20414966584,
      "stddev": 0.017593825163646673,
      "median": 2.2036345284400003,
      "user": 5.706532919999999,
      "system": 0.36542141999999994,
      "min": 2.17897129944,
      "max": 2.2364232574400003,
      "times": [
        2.19866450744,
        2.22175646644,
        2.1821863824400003,
        2.21146400744,
        2.2364232574400003,
        2.2045111744400003,
        2.2027578824400003,
        2.19174946544,
        2.17897129944,
        2.21301221544
      ],
      "exit_codes": [
        0,
        0,
        0,
        0,
        0,
        0,
        0,
        0,
        0,
        0
      ],
      "parameters": {
        "VERSION": "4.0.0-alpha-7"
      }
    }
  ]
}
