{
  "results": [
    {
      "command": "3.0.5",
      "mean": 1.22049814478,
      "stddev": 0.029182392013975777,
      "median": 1.2202114053800002,
      "user": 4.2046933,
      "system": 0.22916425999999998,
      "min": 1.17091500938,
      "max": 1.26927727438,
      "times": [
        1.26927727438,
        1.20633739238,
        1.2440499013800002,
        1.21756466838,
        1.22285814238,
        1.23260457138,
        1.17091500938,
        1.18848504438,
        1.24663262038,
        1.20625682338
      ],
      "exit_codes": [
        0,
        0,
        0,
        0,
        0,
        0,
        0,
        0,
        0,
        0
      ],
      "parameters": {
        "VERSION": "3.0.5"
      }
    },
    {
      "command": "3.1.1",
      "mean": 1.34685511518,
      "stddev": 0.01682400589830637,
      "median": 1.34760853988,
      "user": 4.8093742,
      "system": 0.30217776,
      "min": 1.3217096263800001,
      "max": 1.3706488993800001,
      "times": [
        1.3217096263800001,
        1.36448907538,
        1.34447442838,
        1.36308102938,
        1.33434275738,
        1.33960557338,
        1.35461607838,
        1.35074265138,
        1.32484103238,
        1.3706488993800001
      ],
      "exit_codes": [
        0,
        0,
        0,
        0,
        0,
        0,
        0,
        0,
        0,
        0
      ],
      "parameters": {
        "VERSION": "3.1.1"
      }
    },
    {
      "command": "3.2.5",
      "mean": 1.4142186780800001,
      "stddev": 0.029096251152960072,
      "median": 1.40320708588,
      "user": 5.0515041,
      "system": 0.29658636000000005,
      "min": 1.38082119038,
      "max": 1.47938940138,
      "times": [
        1.39983202038,
        1.39344337138,
        1.38082119038,
        1.40658215138,
        1.42890327438,
        1.44130972138,
        1.47938940138,
        1.39762356338,
        1.3963091543800001,
        1.41797293238
      ],
      "exit_codes": [
        0,
        0,
        0,
        0,
        0,
        0,
        0,
        0,
        0,
        0
      ],
      "parameters": {
        "VERSION": "3.2.5"
      }
    },
    {
      "command": "3.3.9",
      "mean": 1.4367318056799998,
      "stddev": 0.03934133959924009,
      "median": 1.43744002188,
      "user": 5.1526321,
      "system": 0.30499926,
      "min": 1.3852755753800001,
      "max": 1.48800321738,
      "times": [
        1.4828204493800001,
        1.40569066138,
        1.40458857738,
        1.47866601838,
        1.48800321738,
        1.44859000938,
        1.42629003438,
        1.45674455638,
        1.3852755753800001,
        1.39064895738
      ],
      "exit_codes": [
        0,
        0,
        0,
        0,
        0,
        0,
        0,
        0,
        0,
        0
      ],
      "parameters": {
        "VERSION": "3.3.9"
      }
    },
    {
      "command": "3.5.4",
      "mean": 1.52328676108,
      "stddev": 0.046742720186673664,
      "median": 1.51567843838,
      "user": 5.2573126,
      "system": 0.46112376,
      "min": 1.4530979323800002,
      "max": 1.59308753538,
      "times": [
        1.59308753538,
        1.55684944138,
        1.4530979323800002,
        1.55054203938,
        1.58254755438,
        1.49331406238,
        1.48479341338,
        1.49708110238,
        1.48727875538,
        1.53427577438
      ],
      "exit_codes": [
        0,
        0,
        0,
        0,
        0,
        0,
        0,
        0,
        0,
        0
      ],
      "parameters": {
        "VERSION": "3.5.4"
      }
    },
    {
      "command": "3.6.3",
      "mean": 1.47602759278,
      "stddev": 0.033051483161698716,
      "median": 1.4716065653800001,
      "user": 5.012883199999999,
      "system": 0.48176016,
      "min": 1.42250702538,
      "max": 1.53554048538,
      "times": [
        1.53554048538,
        1.47813828038,
        1.46984543738,
        1.5242020223800001,
        1.42250702538,
        1.4603007323800001,
        1.4798641293800001,
        1.46722906838,
        1.44928105338,
        1.47336769338
      ],
      "exit_codes": [
        0,
        0,
        0,
        0,
        0,
        0,
        0,
        0,
        0,
        0
      ],
      "parameters": {
        "VERSION": "3.6.3"
      }
    },
    {
      "command": "3.8.1",
      "mean": 1.4707546187800002,
      "stddev": 0.029567727813013,
      "median": 1.4745754943800002,
      "user": 5.0211957,
      "system": 0.45013736,
      "min": 1.42673735438,
      "max": 1.50209133538,
      "times": [
        1.50105092838,
        1.50115666738,
        1.4417640303800001,
        1.45058658138,
        1.50209133538,
        1.43949009238,
        1.46363277338,
        1.42673735438,
        1.4955182093800001,
        1.4855182153800002
      ],
      "exit_codes": [
        0,
        0,
        0,
        0,
        0,
        0,
        0,
        0,
        0,
        0
      ],
      "parameters": {
        "VERSION": "3.8.1"
      }
    },
    {
      "command": "3.8.2",
      "mean": 1.3313204764800002,
      "stddev": 0.022624924181986878,
      "median": 1.33741891538,
      "user": 4.602995099999999,
      "system": 0.20117605999999996,
      "min": 1.2919217303800001,
      "max": 1.36303119038,
      "times": [
        1.31576864638,
        1.36036835338,
        1.31104090838,
        1.36303119038,
        1.2919217303800001,
        1.33462973138,
        1.34020809938,
        1.31456794538,
        1.34140378038,
        1.34026437938
      ],
      "exit_codes": [
        0,
        0,
        0,
        0,
        0,
        0,
        0,
        0,
        0,
        0
      ],
      "parameters": {
        "VERSION": "3.8.2"
      }
    },
    {
      "command": "3.8.3",
      "mean": 1.2730507861800002,
      "stddev": 0.026045346619519624,
      "median": 1.27133079188,
      "user": 4.352172099999999,
      "system": 0.21218335999999996,
      "min": 1.23946927938,
      "max": 1.3305339283800002,
      "times": [
        1.25398123638,
        1.27837594038,
        1.28976860138,
        1.3305339283800002,
        1.24459392838,
        1.27133981638,
        1.2713217673800001,
        1.23946927938,
        1.26625033738,
        1.2848730263800001
      ],
      "exit_codes": [
        0,
        0,
        0,
        0,
        0,
        0,
        0,
        0,
        0,
        0
      ],
      "parameters": {
        "VERSION": "3.8.3"
      }
    },
    {
      "command": "3.8.4",
      "mean": 1.27857366378,
      "stddev": 0.02197967358509196,
      "median": 1.2697126403799999,
      "user": 4.4315312,
      "system": 0.20739546,
      "min": 1.25353905738,
      "max": 1.3139130403800001,
      "times": [
        1.26577154838,
        1.26799673538,
        1.29869609038,
        1.27142854538,
        1.25504007138,
        1.26743935838,
        1.25353905738,
        1.3110974373800002,
        1.28081475338,
        1.3139130403800001
      ],
      "exit_codes": [
        0,
        0,
        0,
        0,
        0,
        0,
        0,
        0,
        0,
        0
      ],
      "parameters": {
        "VERSION": "3.8.4"
      }
    },
    {
      "command": "3.8.5",
      "mean": 1.27964256828,
      "stddev": 0.029480308200690485,
      "median": 1.27922733938,
      "user": 4.4566821,
      "system": 0.18825145999999998,
      "min": 1.21622869838,
      "max": 1.32503457738,
      "times": [
        1.27947744338,
        1.27526865438,
        1.26219775338,
        1.2915995873800001,
        1.28687780938,
        1.21622869838,
        1.26813187238,
        1.32503457738,
        1.27897723538,
        1.31263205138
      ],
      "exit_codes": [
        0,
        0,
        0,
        0,
        0,
        0,
        0,
        0,
        0,
        0
      ],
      "parameters": {
        "VERSION": "3.8.5"
      }
    },
    {
      "command": "3.8.6",