{
  "results": [
    {
      "command": "3.0.5",
      "mean": 0.8849566328800001,
      "stddev": 0.035971288949691364,
      "median": 0.8739635184800001,
      "user": 2.9038309799999995,
      "system": 0.08869837999999998,
      "min": 0.83906927748,
      "max": 0.9612296814800001,
      "times": [
        0.8994372514800001,
        0.9285014004800001,
        0.8807575494800001,
        0.9612296814800001,
        0.8588780424800001,
        0.86789874048,
        0.8658673484800001,
        0.8772457014800001,
        0.87068133548,
        0.83906927748
      ],
      "exit_codes": [
        0,
        0,
        0,
        0,
        0,
        0,
        0,
        0,
        0,
        0
      ],
      "parameters": {
        "VERSION": "3.0.5"
      }
    },
    {
      "command": "3.6.3",
      "mean": 1.02944465468,
      "stddev": 0.034711914381008145,
      "median": 1.02076330048,
      "user": 3.37963678,
      "system": 0.15070778,
      "min": 0.9844420574800001,
      "max": 1.08653190248,
      "times": [
        1.06674303648,
        1.01347241648,
        1.05262967748,
        0.9934698754800001,
        0.9844420574800001,
        1.02805418448,
        1.0591171554799998,
        1.08653190248,
        1.00359527848,
        1.0063909624799998
      ],
      "exit_codes": [
        0,
        0,
        0,
        0,
        0,
        0,
        0,
        0,
        0,
        0
      ],
      "parameters": {
        "VERSION": "3.6.3"
      }
    },
    {
      "command": "3.8.8",
      "mean": 0.9714973740799999,
      "stddev": 0.022156580181873293,
      "median": 0.9680273424800001,
      "user": 3.1832154800000003,
      "system": 0.08272678,
      "min": 0.9478996144800002,
      "max": 1.01107129348,
      "times": [
        0.9478996144800002,
        0.97806960748,
        0.97626374948,
        0.9830576704800001,
        1.01107129348,
        0.95979093548,
        0.9504005154800002,
        0.9517226944800001,
        0.9556697314800001,
        1.0010279284799999
      ],
      "exit_codes": [
        0,
        0,
        0,
        0,
        0,
        0,
        0,
        0,
        0,
        0
      ],
      "parameters": {
        "VERSION": "3.8.8"
      }
    },
    {
      "command": "3.9.4",
      "mean": 1.2447575985800001,
      "stddev": 0.026623377814279724,
      "median": 1.24741937898,
      "user": 4.10792928,
      "system": 0.12519888,
      "min": 1.2076405634799998,
      "max": 1.29053610748,
      "times": [
        1.25570635448,
        1.29053610748,
        1.2174207824799999,
        1.2519931014799999,
        1.2783344934799998,
        1.2076405634799998,
        1.24376061448,
        1.2318921434799999,
        1.25107814348,
        1.2192136814799999
      ],
      "exit_codes": [
        0,
        0,
        0,
        0,
        0,
        0,
        0,
        0,
        0,
        0
      ],
      "parameters": {
        "VERSION": "3.9.4"
      }
    },
    {
      "command": "3.9.5",
      "mean": 1.25482080458,
      "stddev": 0.048723244804887086,
      "median": 1.27131159898,
      "user": 4.17270388,
      "system": 0.10880207999999998,
      "min": 1.16563714748,
      "max": 1.3258959984799998,
      "times": [
        1.28219754348,
        1.16563714748,
        1.2387072234799998,
        1.2655690234799999,
        1.19276818148,
        1.22672861448,
        1.29197084348,
        1.3258959984799998,
        1.2816792954799998,
        1.27705417448
      ],
      "exit_codes": [
        0,
        0,
        0,
        0,
        0,
        0,
        0,
        0,
        0,
        0
      ],
      "parameters": {
        "VERSION": "3.9.5"
      }
    },
    {
      "command": "4.0.0-alpha-7",
      "mean": 1.58879048318,
      "stddev": 0.04315296071360627,
      "median": 1.5796467619799999,
      "user": 5.39666478,
      "system": 0.15486508,
      "min": 1.5385518804799998,
      "max": 1.69285114148,
      "times": [
        1.5385518804799998,
        1.59147030948,
        1.56782321448,
        1.6096404224799998,
        1.59770720348,
        1.5661344634799998,
        1.55735164948,
        1.69285114148,
        1.60418181148,
        1.5621927354799998
      ],
      "exit_codes": [
        0,
        0,
        0,
        0,
        0,
        0,
        0,
        0,
        0,
        0
      ],
      "parameters": {
        "VERSION": "4.0.0-alpha-7"
      }
    },
    {
      "command": "4.0.0-alpha-8",
      "mean": 1.6656222668799998,
      "stddev": 0.029624726108690214,
      "median": 1.66925640448,
      "user": 5.5613712799999995,
      "system": 0.14782968000000002,
      "min": 1.61865672148,
      "max": 1.70463170448,
      "times": [
        1.65878310048,
        1.70463170448,
        1.68360547748,
        1.67417498948,
        1.6964102884799999,
        1.62861059748,
        1.61865672148,
        1.6643378194799998,
        1.63705387048,
        1.6899580994799999
      ],
      "exit_codes": [
        0,
        0,
        0,
        0,
        0,
        0,
        0,
        0,
        0,
        0
      ],
      "parameters": {
        "VERSION": "4.0.0-alpha-8"
      }
    }
  ]
}
