{
  "results": [
    {
      "command": "3.0.5",
      "mean": 1.6996178695400002,
      "stddev": 0.023121219960750377,
      "median": 1.70648132054,
      "user": 6.05791726,
      "system": 0.21299991999999998,
      "min": 1.6532966790399999,
      "max": 1.72473922304,
      "times": [
        1.7146093260400002,
        1.6532966790399999,
        1.6958773200400001,
        1.70947084104,
        1.70468827904,
        1.7193247550400002,
        1.72473922304,
        1.70103285704,
        1.70827436204,
        1.66486505304
      ],
      "exit_codes": [
        0,
        0,
        0,
        0,
        0,
        0,
        0,
        0,
        0,
        0
      ],
      "parameters": {
        "VERSION": "3.0.5"
      }
    },
    {
      "command": "3.1.1",
      "mean": 2.06092486914,
      "stddev": 0.04096204019312156,
      "median": 2.05337871454,
      "user": 7.3627797600000005,
      "system": 0.29442022,
      "min": 1.99617663404,
      "max": 2.13121675604,
      "times": [
        2.04970078804,
        2.11448432004,
        2.07777175004,
        2.02642337204,
        2.04369464404,
        2.08029371804,
        2.13121675604,
        2.03243006804,
        1.99617663404,
        2.05705664104
      ],
      "exit_codes": [
        0,
        0,
        0,
        0,
        0,
        0,
        0,
        0,
        0,
        0
      ],
      "parameters": {
        "VERSION": "3.1.1"
      }
    },
    {
      "command": "3.2.5",
      "mean": 2.1910259916399992,
      "stddev": 0.04033509850730785,
      "median": 2.19675144554,
      "user": 8.11712426,
      "system": 0.26758202,
      "min": 2.12622091704,
      "max": 2.24570268504,
      "times": [
        2.19897347704,
        2.24138772004,
        2.14023822804,
        2.15915184004,
        2.24570268504,
        2.12622091704,
        2.17700510804,
        2.19452941404,
        2.21782205004,
        2.20922847704
      ],
      "exit_codes": [
        0,
        0,
        0,
        0,
        0,
        0,
        0,
        0,
        0,
        0
      ],
      "parameters": {
        "VERSION": "3.2.5"
      }
    },
    {
      "command": "3.3.9",
      "mean": 2.2736635924399993,
      "stddev": 0.0281204946749851,
      "median": 2.2791076115399997,
      "user": 8.87066776,
      "system": 0.40138441999999996,
      "min": 2.21334612804,
      "max": 2.30906416204,
      "times": [
        2.2776712410399997,
        2.30018196604,
        2.30906416204,
        2.28592786104,
        2.21334612804,
        2.29599686804,
        2.25362927404,
        2.2805439820399998,
        2.25553552804,
        2.26473891404
      ],
      "exit_codes": [
        0,
        0,
        0,
        0,
        0,
        0,
        0,
        0,
        0,
        0
      ],
      "parameters": {
        "VERSION": "3.3.9"
      }
    },
    {
      "command": "3.5.4",
      "mean": 2.2677644144399998,
      "stddev": 0.07317786465475233,
      "median": 2.26001939404,
      "user": 7.96641666,
      "system": 0.5994995200000001,
      "min": 2.18780763604,
      "max": 2.40081491204,
      "times": [
        2.23512428104,
        2.40081491204,
        2.31259490704,
        2.20706828004,
        2.21011667704,
        2.34954721204,
        2.29951937204,
        2.28491450704,
        2.18780763604,
        2.19013636004
      ],
      "exit_codes": [
        0,
        0,
        0,
        0,
        0,
        0,
        0,
        0,
        0,
        0
      ],
      "parameters": {
        "VERSION": "3.5.4"
      }
    },
    {
      "command": "3.6.3",
      "mean": 2.18735935234,
      "stddev": 0.05319617583537306,
      "median": 2.19359158654,
      "user": 7.94564486,
      "system": 0.5829869200000001,
      "min": 2.08630149304,
      "max": 2.27299527504,
      "times": [
        2.22265123304,
        2.18514400104,
        2.08630149304,
        2.20203917204,
        2.14085480304,
        2.27299527504,
        2.20281408304,
        2.17493155804,
        2.23673915304,
        2.14912275204
      ],
      "exit_codes": [
        0,
        0,
        0,
        0,
        0,
        0,
        0,
        0,
        0,
        0
      ],
      "parameters": {
        "VERSION": "3.6.3"
      }
    },
    {
      "command": "3.8.1",
      "mean": 2.2533962023400003,
      "stddev": 0.04049689479242438,
      "median": 2.26262147104,
      "user": 8.285751459999998,
      "system": 0.5611246200000001,
      "min": 2.17908769804,
      "max": 2.31328382004,
      "times": [
        2.22911644704,
        2.2674526190399997,
        2.2604913780399998,
        2.31328382004,
        2.17908769804,
        2.30634136804,
        2.22264304404,
        2.22529218904,
        2.26550189604,
        2.26475156404
      ],
      "exit_codes": [
        0,
        0,
        0,
        0,
        0,
        0,
        0,
        0,
        0,
        0
      ],
      "parameters": {
        "VERSION": "3.8.1"
      }
    },
    {
      "command": "3.8.2",
      "mean": 2.04539335194,
      "stddev": 0.04691313477808702,
      "median": 2.05099455804,
      "user": 7.781831359999998,
      "system": 0.29649081999999993,
      "min": 1.9808730840400002,
      "max": 2.11689430204,
      "times": [
        2.10464101004,
        1.9808730840400002,
        2.07804574204,
        2.01294529804,
        2.05331636204,
        2.00603801504,
        2.11689430204,
        1.99056070004,
        2.04867275404,
        2.06194625204
      ],
      "exit_codes": [
        0,
        0,
        0,
        0,
        0,
        0,
        0,
        0,
        0,
        0
      ],
      "parameters": {
        "VERSION": "3.8.2"
      }
    },
    {
      "command": "3.8.3",
      "mean": 1.85881278144,
      "stddev": 0.04104938933613619,
      "median": 1.85907418754,
      "user": 7.03083576,
      "system": 0.26119652,
      "min": 1.8024873110400002,
      "max": 1.91384338704,
      "times": [
        1.8024873110400002,
        1.86239356204,
        1.89277595604,
        1.81475490504,
        1.91384338704,
        1.81053841704,
        1.8784299930400001,
        1.84428582004,
        1.91286365004,
        1.85575481304
      ],
      "exit_codes": [
        0,
        0,
        0,
        0,
        0,
        0,
        0,
        0,
        0,
        0
      ],
      "parameters": {
        "VERSION": "3.8.3"
      }
    },
    {
      "command": "3.8.4",
      "mean": 1.88314411044,
      "stddev": 0.03896214433902541,
      "median": 1.8766512070399999,
      "user": 7.14360556,
      "system": 0.25480242,
      "min": 1.81575983004,
      "max": 1.94451944504,
      "times": [
        1.81575983004,
        1.86106297404,
        1.91228011404,
        1.90523772504,
        1.9254879740400002,
        1.94451944504,
        1.85350651604,
        1.86542691904,
        1.86028411204,
        1.8878754950399999
      ],
      "exit_codes": [
        0,
        0,
        0,
        0,
        0,
        0,
        0,
        0,
        0,
        0
      ],
      "parameters": {
        "VERSION": "3.8.4"
      }
    },
    {
      "command": "3.8.5",
      "mean": 1.8694520957399998,
      "stddev": 0.029868554048893443,
      "median": 1.87721005804,
      "user": 7.11694316,
      "system": 0.24712812000000003,
      "min": 1.82297655504,
      "max": 1.90329054104,
      "times": [
        1.85839509804,
        1.89735243604,
        1.8850944220399999,
        1.89339342204,
        1.82297655504,
        1.8926499300400002,
        1.82524580004,
        1.84679705904,
        1.90329054104,
        1.86932569404
      ],
      "exit_codes": [
        0,
        0,
        0,
        0,
        0,
        0,
        0,
        0,
        0,
        0
      ],
      "parameters": {
        "VERSION": "3.8.5"
      }
    },
    {
      "command": "3.8.6",
      "mean": 1.8689345827400001,