{
  "results": [
    {
      "command": "3.0.5",
      "mean": 1.45604635988,
      "stddev": 0.03812379349247371,
      "median": 1.4568444613800002,
      "user": 6.4067517800000005,
      "system": 0.40721348000000007,
      "min": 1.38416411138,
      "max": 1.4989067493800001,
      "times": [
        1.49647182638,
        1.4989067493800001,
        1.4789019573800002,
        1.4599693043800002,
        1.49626108338,
        1.42851592438,
        1.4449321613800001,
        1.45371961838,
        1.41862086238,
        1.38416411138
      ],
      "exit_codes": [
        0,
        0,
        0,
        0,
        0,
        0,
        0,
        0,
        0,
        0
      ],
      "parameters": {
        "VERSION": "3.0.5"
      }
    },
    {
      "command": "3.1.1",
      "mean": 1.55636070788,
      "stddev": 0.05734949366217779,
      "median": 1.5541707258800002,
      "user": 6.919695280000001,
      "system": 0.40786917999999994,
      "min": 1.4605169613800002,
      "max": 1.66813922038,
      "times": [
        1.5863938323800002,
        1.5614818553800003,
        1.4605169613800002,
        1.5373049553800002,
        1.66813922038,
        1.56361314338,
        1.54685959638,
        1.51513720238,
        1.5134940813800002,
        1.6106662303800001
      ],
      "exit_codes": [
        0,
        0,
        0,
        0,
        0,
        0,
        0,
        0,
        0,
        0
      ],
      "parameters": {
        "VERSION": "3.1.1"
      }
    },
    {
      "command": "3.2.5",
      "mean": 1.59677990128,
      "stddev": 0.057308651123349756,
      "median": 1.6004223528800001,
      "user": 7.751023079999999,
      "system": 0.47653157999999995,
      "min": 1.5199450623800002,
      "max": 1.6769899103800001,
      "times": [
        1.5363113783800002,
        1.57385805938,
        1.6406775553800002,
        1.6584951813800002,
        1.59575005638,
        1.5199450623800002,
        1.63818679838,
        1.6050946493800002,
        1.52249036138,
        1.6769899103800001
      ],
      "exit_codes": [
        0,
        0,
        0,
        0,
        0,
        0,
        0,
        0,
        0,
        0
      ],
      "parameters": {
        "VERSION": "3.2.5"
      }
    },
    {
      "command": "3.3.9",
      "mean": 1.68360233708,
      "stddev": 0.0722703425788324,
      "median": 1.6678493048800003,
      "user": 7.85674418,
      "system": 0.44956357999999996,
      "min": 1.58765354238,
      "max": 1.79317678538,
      "times": [
        1.70630628438,
        1.6567974853800003,
        1.6673778973800002,
        1.75586418938,
        1.6683207123800001,
        1.6069623993800002,
        1.58765354238,
        1.77621973838,
        1.6173443363800002,
        1.79317678538
      ],
      "exit_codes": [
        0,
        0,
        0,
        0,
        0,
        0,
        0,
        0,
        0,
        0
      ],
      "parameters": {
        "VERSION": "3.3.9"
      }
    },
    {
      "command": "3.5.4",
      "mean": 1.7851451048800002,
      "stddev": 0.06879480480896702,
      "median": 1.7989444523800002,
      "user": 8.22336598,
      "system": 0.5384519799999999,
      "min": 1.6650380673800003,
      "max": 1.8966692903800002,
      "times": [
        1.6650380673800003,
        1.7926055343800003,
        1.8326272163800001,
        1.8054678003800002,
        1.6942859593800002,
        1.7775335343800003,
        1.8369115633800002,
        1.7450287123800001,
        1.8052833703800002,
        1.8966692903800002
      ],
      "exit_codes": [
        0,
        0,
        0,
        0,
        0,
        0,
        0,
        0,
        0,
        0
      ],
      "parameters": {
        "VERSION": "3.5.4"
      }
    },
    {
      "command": "3.6.3",
      "mean": 1.6796842692800003,
      "stddev": 0.03691311114119212,
      "median": 1.67123481538,
      "user": 7.574578579999999,
      "system": 0.52166498,
      "min": 1.62714451738,
      "max": 1.74329389738,
      "times": [
        1.74329389738,
        1.72428622338,
        1.6660179563800002,
        1.67640207138,
        1.6412898553800002,
        1.7152188173800003,
        1.6751360163800002,
        1.6673336143800002,
        1.62714451738,
        1.6607197233800002
      ],
      "exit_codes": [
        0,
        0,
        0,
        0,
        0,
        0,
        0,
        0,
        0,
        0
      ],
      "parameters": {
        "VERSION": "3.6.3"
      }
    },
    {
      "command": "3.8.1",
      "mean": 1.6825660912800005,
      "stddev": 0.06113588653846122,
      "median": 1.6620981383800002,
      "user": 7.534334679999999,
      "system": 0.5100269799999999,
      "min": 1.6103602213800001,
      "max": 1.8315184813800003,
      "times": [
        1.6537437803800001,
        1.8315184813800003,
        1.6495088153800002,
        1.6853712343800002,
        1.7084746453800002,
        1.6103602213800001,
        1.71781716438,
        1.6704524963800003,
        1.6523855573800001,
        1.6460285163800001
      ],
      "exit_codes": [
        0,
        0,
        0,
        0,
        0,
        0,
        0,
        0,
        0,
        0
      ],
      "parameters": {
        "VERSION": "3.8.1"
      }
    },
    {
      "command": "3.8.2",
      "mean": 1.6565552672800004,
      "stddev": 0.05285586061721491,
      "median": 1.6670280618800002,
      "user": 7.33808678,
      "system": 0.44516207999999996,
      "min": 1.57566217138,
      "max": 1.7346474673800003,
      "times": [
        1.7040445423800001,
        1.6612752083800002,
        1.7346474673800003,
        1.57566217138,
        1.6886947783800001,
        1.58668706538,
        1.62928772938,
        1.6968724453800001,
        1.6727809153800002,
        1.6156003493800002
      ],
      "exit_codes": [
        0,
        0,
        0,
        0,
        0,
        0,
        0,
        0,
        0,
        0
      ],
      "parameters": {
        "VERSION": "3.8.2"
      }
    },
    {
      "command": "3.8.3",
      "mean": 1.6184016069800002,
      "stddev": 0.05890812378989761,
      "median": 1.63199773288,
      "user": 7.058401280000001,
      "system": 0.39988548,
      "min": 1.50465391338,
      "max": 1.6916363363800002,
      "times": [
        1.50465391338,
        1.67077647038,
        1.63260926338,
        1.6916363363800002,
        1.67884063038,
        1.5996285323800001,
        1.5479158773800001,
        1.63138620238,
        1.5934080113800002,
        1.6331608323800002
      ],
      "exit_codes": [
        0,
        0,
        0,
        0,
        0,
        0,
        0,
        0,
        0,
        0
      ],
      "parameters": {
        "VERSION": "3.8.3"
      }
    },
    {
      "command": "3.8.4",
      "mean": 1.62804871838,
      "stddev": 0.042387179831564044,
      "median": 1.6445469373800001,
      "user": 7.127800980000001,
      "system": 0.41671497999999996,
      "min": 1.5262032113800001,
      "max": 1.66391347338,
      "times": [
        1.66391347338,
        1.6094333713800002,
        1.6576980523800002,
        1.5262032113800001,
        1.62398603438,
        1.5959681973800002,
        1.64374084538,
        1.6453530293800003,
        1.6552409573800002,
        1.65895001138
      ],
      "exit_codes": [
        0,
        0,
        0,
        0,
        0,
        0,
        0,
        0,
        0,
        0
      ],
      "parameters": {
        "VERSION": "3.8.4"
      }
    },
    {
      "command": "4.0.0-alpha-1",
      "mean": 1.7892349176800004,
      "stddev": 0.06084655530126329,
      "median": 1.7915325723800002,
      "user": 7.881025679999999,
      "system": 0.48270687999999995,
      "min": 1.6854617363800002,
      "max": 1.8630771303800002,