{
  "results": [
    {
      "command": "3.0.5",
      "mean": 0.8108653121,
      "stddev": 0.019443391848842414,
      "median": 0.8068738646,
      "user": 2.3904001800000003,
      "system": 0.1394018,
      "min": 0.7901642801000001,
      "max": 0.8470179201000001,
      "times": [
        0.7928412771000001,
        0.8122421611,
        0.8181204161000001,
        0.8350999851,
        0.7921651541000001,
        0.7983387221,
        0.8470179201000001,
        0.7901642801000001,
        0.8211576371,
        0.8015055681000001
      ],
      "exit_codes": [
        0,
        0,
        0,
        0,
        0,
        0,
        0,
        0,
        0,
        0
      ],
      "parameters": {
        "VERSION": "3.0.5"
      }
    },
    {
      "command": "3.6.3",
      "mean": 1.0611659069000001,
      "stddev": 0.01594130614386439,
      "median": 1.0627087456000002,
      "user": 3.3283594800000005,
      "system": 0.2466862,
      "min": 1.0314192461,
      "max": 1.0886528581000001,
      "times": [
        1.0649688831,
        1.0886528581000001,
        1.0613601361,
        1.0688521041,
        1.0546797501,
        1.0314192461,
        1.0509572651,
        1.0640573551,
        1.0776546011,
        1.0490568701
      ],
      "exit_codes": [
        0,
        0,
        0,
        0,
        0,
        0,
        0,
        0,
        0,
        0
      ],
      "parameters": {
        "VERSION": "3.6.3"
      }
    },
    {
      "command": "3.8.8",
      "mean": 0.9856923015,
      "stddev": 0.020308490604592232,
      "median": 0.9819111406000001,
      "user": 3.09529818,
      "system": 0.1384832,
      "min": 0.9638403111,
      "max": 1.0222288771,
      "times": [
        0.9755305431000001,
        0.9690704911000001,
        1.0222288771,
        0.9886494101000001,
        0.9710392861,
        1.0052727981,
        1.0077721101,
        0.9652274501000001,
        0.9882917381,
        0.9638403111
      ],
      "exit_codes": [
        0,
        0,
        0,
        0,
        0,
        0,
        0,
        0,
        0,
        0
      ],
      "parameters": {
        "VERSION": "3.8.8"
      }
    },
    {
      "command": "3.9.9",
      "mean": 1.1986043621999998,
      "stddev": 0.02116535025138622,
      "median": 1.1952717086,
      "user": 3.75309778,
      "system": 0.15553049999999996,
      "min": 1.1706208311,
      "max": 1.2443118851000001,
      "times": [
        1.1798797081,
        1.2193663391,
        1.1706208311,
        1.2443118851000001,
        1.1975652811,
        1.1929781361,
        1.1986269171,
        1.1888282821,
        1.2079768521,
        1.1858893901
      ],
      "exit_codes": [
        0,
        0,
        0,
        0,
        0,
        0,
        0,
        0,
        0,
        0
      ],
      "parameters": {
        "VERSION": "3.9.9"
      }
    },
    {
      "command": "4.0.0-alpha-13",
      "mean": 1.6510633875,
      "stddev": 0.07034013328245602,
      "median": 1.6605656376,
      "user": 6.61188178,
      "system": 0.2662244,
      "min": 1.5348464071,
      "max": 1.7696470911,
      "times": [
        1.6767410901000002,
        1.6443901851,
        1.7696470911,
        1.6029260001,
        1.5348464071,
        1.6065361761,
        1.7221183861,
        1.5835691851,
        1.6794872571,
        1.6903720971
      ],
      "exit_codes": [
        0,
        0,
        0,
        0,
        0,
        0,
        0,
        0,
        0,
        0
      ],
      "parameters": {
        "VERSION": "4.0.0-alpha-13"
      }
    },
    {
      "command": "4.0.0-beta-3",
      "mean": 1.7238012821000006,
      "stddev": 0.04892891653265568,
      "median": 1.7278989476,
      "user": 6.333414179999999,
      "system": 0.2640007999999999,
      "min": 1.6410839221,
      "max": 1.7938711931000002,
      "times": [
        1.7791253531,
        1.7647124460999999,
        1.7189515781,
        1.7368463171,
        1.6675526921000001,
        1.6410839221,
        1.7938711931000002,
        1.7406047901,
        1.6926157751000002,
        1.7026487541000002
      ],
      "exit_codes": [
        0,
        0,
        0,
        0,
        0,
        0,
        0,
        0,
        0,
        0
      ],
      "parameters": {
        "VERSION": "4.0.0-beta-3"
      }
    },
    {
      "command": "4.0.0-beta-4",
      "mean": 1.7708064856,
      "stddev": 0.0178632138188395,
      "median": 1.7706478931,
      "user": 6.62382128,
      "system": 0.27924,
      "min": 1.7369402841000001,
      "max": 1.7946202961000002,
      "times": [
        1.7634210351,
        1.7700256031000001,
        1.7591890321,
        1.7797716411,
        1.7712701831,
        1.7946202961000002,
        1.7907540341,
        1.7866746790999999,
        1.7553980681,
        1.7369402841000001
      ],
      "exit_codes": [
        0,
        0,
        0,
        0,
        0,
        0,
        0,
        0,
        0,
        0
      ],
      "parameters": {
        "VERSION": "4.0.0-beta-4"
      }
    }
  ]
}
