{
  "results": [
    {
      "command": "3.0.5",
      "mean": 8.5918808566,
      "stddev": 0.09186407546670321,
      "median": 8.5710731716,
      "user": 20.855632799999995,
      "system": 1.9207172799999999,
      "min": 8.462793875100001,
      "max": 8.7606758921,
      "times": [
        8.5862883681,
        8.6626404511,
        8.4979743771,
        8.5537342751,
        8.462793875100001,
        8.6678563691,
        8.5209467861,
        8.7606758921,
        8.5558579751,
        8.650040197100001
      ],
      "exit_codes": [
        0,
        0,
        0,
        0,
        0,
        0,
        0,
        0,
        0,
        0
      ],
      "parameters": {
        "VERSION": "3.0.5"
      }
    },
    {
      "command": "3.1.1",
      "mean": 23.157910700799995,
      "stddev": 0.3646750466785598,
      "median": 23.208277656099998,
      "user": 90.72666380000001,
      "system": 18.884342179999997,
      "min": 22.3608514071,
      "max": 23.5474218331,
      "times": [
        23.5474218331,
        23.415704574099998,
        23.516788056099998,
        23.198163574099997,
        23.4321480491,
        23.032047532099998,
        23.010355293099998,
        22.3608514071,
        23.2183917381,
        22.8472349511
      ],
      "exit_codes": [
        0,
        0,
        0,
        0,
        0,
        0,
        0,
        0,
        0,
        0
      ],
      "parameters": {
        "VERSION": "3.1.1"
      }
    },
    {
      "command": "3.2.5",
      "mean": 23.4548195744,
      "stddev": 0.28040634668039355,
      "median": 23.354278761099998,
      "user": 92.4481332,
      "system": 18.78672858,
      "min": 23.1794943861,
      "max": 23.994662013099997,
      "times": [
        23.446195428099998,
        23.706656348099997,
        23.218682961099997,
        23.2213334791,
        23.994662013099997,
        23.5049219251,
        23.2623620941,
        23.2603068621,
        23.7535802471,
        23.1794943861
      ],
      "exit_codes": [
        0,
        0,
        0,
        0,
        0,
        0,
        0,
        0,
        0,
        0
      ],
      "parameters": {
        "VERSION": "3.2.5"
      }
    },
    {
      "command": "3.3.9",
      "mean": 23.620256703299997,
      "stddev": 0.4261044636653306,
      "median": 23.464950942099996,
      "user": 94.82657429999999,
      "system": 19.35197578,
      "min": 23.095377822099998,
      "max": 24.5215571261,
      "times": [
        23.419846768099998,
        23.457942252099997,
        23.4719596321,
        24.0958846691,
        23.095377822099998,
        24.5215571261,
        23.3040259791,
        23.4315434721,
        23.4991482131,
        23.905281099099998
      ],
      "exit_codes": [
        0,
        0,
        0,
        0,
        0,
        0,
        0,
        0,
        0,
        0
      ],
      "parameters": {
        "VERSION": "3.3.9"
      }
    },
    {
      "command": "3.5.4",
      "mean": 12.141434219500002,
      "stddev": 0.0887449545700055,
      "median": 12.118414300600001,
      "user": 25.6000361,
      "system": 4.69975928,
      "min": 12.0384222131,
      "max": 12.327836062100001,
      "times": [
        12.0645402301,
        12.0983985031,
        12.177644672100001,
        12.2353034261,
        12.0384222131,
        12.166247332100001,
        12.1384300981,
        12.0971596991,
        12.070359959100001,
        12.327836062100001
      ],
      "exit_codes": [
        0,
        0,
        0,
        0,
        0,
        0,
        0,
        0,
        0,
        0
      ],
      "parameters": {
        "VERSION": "3.5.4"
      }
    },
    {
      "command": "3.6.3",
      "mean": 11.6108328525,
      "stddev": 0.13317298792044083,
      "median": 11.6217225816,
      "user": 25.4559835,
      "system": 4.9024788799999985,
      "min": 11.3922995171,
      "max": 11.8243406361,
      "times": [
        11.7734609321,
        11.6473070491,
        11.3922995171,
        11.6788150291,
        11.5825156531,
        11.4904841281,
        11.4756604171,
        11.6279969541,
        11.8243406361,
        11.6154482091
      ],
      "exit_codes": [
        0,
        0,
        0,
        0,
        0,
        0,
        0,
        0,
        0,
        0
      ],
      "parameters": {
        "VERSION": "3.6.3"
      }
    },
    {
      "command": "3.8.1",
      "mean": 11.669701482800003,
      "stddev": 0.1172302555343106,
      "median": 11.651742459600001,
      "user": 25.467328899999995,
      "system": 4.80790958,
      "min": 11.451150183100001,
      "max": 11.8238084581,
      "times": [
        11.8238084581,
        11.7559905941,
        11.8208460071,
        11.5905962041,
        11.6071496541,
        11.6898788181,
        11.7358206481,
        11.6136061011,
        11.6081681601,
        11.451150183100001
      ],
      "exit_codes": [
        0,
        0,
        0,
        0,
        0,
        0,
        0,
        0,
        0,
        0
      ],
      "parameters": {
        "VERSION": "3.8.1"
      }
    },
    {
      "command": "3.8.2",
      "mean": 10.0280905251,
      "stddev": 0.15235566084961272,
      "median": 10.0428348636,
      "user": 24.327798599999998,
      "system": 2.1303844799999996,
      "min": 9.7927265431,
      "max": 10.268564128100001,
      "times": [
        10.1552181141,
        10.0234825621,
        9.8572091031,
        10.0796954801,
        10.268564128100001,
        10.165692808100001,
        10.062187165100001,
        10.013344162100001,
        9.7927265431,
        9.8627851851
      ],
      "exit_codes": [
        0,
        0,
        0,
        0,
        0,
        0,
        0,
        0,
        0,
        0
      ],
      "parameters": {
        "VERSION": "3.8.2"
      }
    },
    {
      "command": "3.8.3",
      "mean": 5.7641266863,
      "stddev": 0.20393697423103674,
      "median": 5.7913616035999995,
      "user": 19.2782665,
      "system": 1.8256551799999996,
      "min": 5.4759583591,
      "max": 6.1439698731,
      "times": [
        5.8084738761,
        5.9945864560999995,
        5.796534857099999,
        5.634786163099999,
        5.4759583591,
        5.6229506711,
        5.7861883501,
        5.8345119931,
        6.1439698731,
        5.5433062641
      ],
      "exit_codes": [
        0,
        0,
        0,
        0,
        0,
        0,
        0,
        0,
        0,
        0
      ],
      "parameters": {
        "VERSION": "3.8.3"
      }
    },
    {
      "command": "3.8.4",
      "mean": 5.744098165399999,
      "stddev": 0.18395139514654532,
      "median": 5.8063348916,
      "user": 19.145464499999996,
      "system": 1.8086773800000002,
      "min": 5.4479171190999995,
      "max": 5.9874451551,
      "times": [
        5.9874451551,
        5.5254694141,
        5.8480886331,
        5.9630396091,
        5.805746700099999,
        5.4479171190999995,
        5.5792400791,
        5.828185822099999,
        5.8069230831,
        5.6489260391
      ],
      "exit_codes": [
        0,
        0,
        0,
        0,
        0,
        0,
        0,
        0,
        0,
        0
      ],
      "parameters": {
        "VERSION": "3.8.4"
      }
    },
    {
      "command": "3.8.5",
      "mean": 5.6659294884,
      "stddev": 0.06995681486054152,
      "median": 5.658706564599999,
      "user": 19.5234206,
      "system": 1.7735107799999998,
      "min": 5.5709448540999995,
      "max": 5.8376836481,
      "times": [
        5.6907209861,
        5.652670061099999,
        5.6453102751,
        5.8376836481,
        5.6076767181,
        5.6759669241,
        5.6388195471,
        5.6647430681,
        5.5709448540999995,
        5.6747588020999995
      ],
      "exit_codes": [
        0,
        0,
        0,
        0,
        0,
        0,
        0,
        0,
        0,
        0
      ],