{
  "results": [
    {
      "command": "3.0.5",
      "mean": 1.11405088768,
      "stddev": 0.031089832303684024,
      "median": 1.10677827258,
      "user": 3.75579526,
      "system": 0.22034858000000002,
      "min": 1.08254055358,
      "max": 1.18890059958,
      "times": [
        1.1105790685799999,
        1.08254055358,
        1.12067461258,
        1.10297747658,
        1.13558400458,
        1.12177499758,
        1.0943478575799999,
        1.18890059958,
        1.09267861658,
        1.09045108958
      ],
      "exit_codes": [
        0,
        0,
        0,
        0,
        0,
        0,
        0,
        0,
        0,
        0
      ],
      "parameters": {
        "VERSION": "3.0.5"
      }
    },
    {
      "command": "3.6.3",
      "mean": 1.68809112108,
      "stddev": 0.030771544580863817,
      "median": 1.6774672225799998,
      "user": 5.936260259999999,
      "system": 0.57486248,
      "min": 1.6559857895799999,
      "max": 1.76130690858,
      "times": [
        1.68739683458,
        1.67812647158,
        1.6559857895799999,
        1.76130690858,
        1.6768079735799999,
        1.67172166158,
        1.71466283858,
        1.66658255258,
        1.66939421458,
        1.69892596558
      ],
      "exit_codes": [
        0,
        0,
        0,
        0,
        0,
        0,
        0,
        0,
        0,
        0
      ],
      "parameters": {
        "VERSION": "3.6.3"
      }
    },
    {
      "command": "3.8.8",
      "mean": 1.4411354077799998,
      "stddev": 0.05030849890325889,
      "median": 1.43055204008,
      "user": 5.209826159999999,
      "system": 0.26525558,
      "min": 1.38710380958,
      "max": 1.5396830665799999,
      "times": [
        1.48148465558,
        1.48958177658,
        1.5396830665799999,
        1.41245638758,
        1.44864769258,
        1.40103926358,
        1.38710380958,
        1.45286301358,
        1.39483486958,
        1.40365954258
      ],
      "exit_codes": [
        0,
        0,
        0,
        0,
        0,
        0,
        0,
        0,
        0,
        0
      ],
      "parameters": {
        "VERSION": "3.8.8"
      }
    },
    {
      "command": "3.9.6",
      "mean": 1.6467436471799999,
      "stddev": 0.026028290534636563,
      "median": 1.64005099708,
      "user": 5.880277959999999,
      "system": 0.26299897999999994,
      "min": 1.61191359958,
      "max": 1.6933050275800001,
      "times": [
        1.64244096558,
        1.63161955858,
        1.6671217785799999,
        1.61191359958,
        1.63190533058,
        1.63797624058,
        1.6933050275800001,
        1.6261019165800001,
        1.64212575358,
        1.6829263005800001
      ],
      "exit_codes": [
        0,
        0,
        0,
        0,
        0,
        0,
        0,
        0,
        0,
        0
      ],
      "parameters": {
        "VERSION": "3.9.6"
      }
    },
    {
      "command": "4.0.0-alpha-13",
      "mean": 2.1789590355799997,
      "stddev": 0.039515087074111006,
      "median": 2.19130344508,
      "user": 10.07114166,
      "system": 0.48073977999999995,
      "min": 2.1141308575799997,
      "max": 2.22168134558,
      "times": [
        2.1141308575799997,
        2.17922564658,
        2.19448062158,
        2.11563058258,
        2.15116311358,
        2.21103867358,
        2.21963262458,
        2.19383135558,
        2.22168134558,
        2.18877553458
      ],
      "exit_codes": [
        0,
        0,
        0,
        0,
        0,
        0,
        0,
        0,
        0,
        0
      ],
      "parameters": {
        "VERSION": "4.0.0-alpha-13"
      }
    }
  ]
}
