{
  "results": [
    {
      "command": "3.0.5",
      "mean": 5.8615773325600005,
      "stddev": 0.03207819054561427,
      "median": 5.86919040086,
      "user": 13.64910362,
      "system": 1.0774389599999998,
      "min": 5.80674707786,
      "max": 5.89894333586,
      "times": [
        5.87777467986,
        5.87190960686,
        5.86482628386,
        5.89894333586,
        5.86647119486,
        5.89537123986,
        5.81013396986,
        5.84354478886,
        5.880051147860001,
        5.80674707786
      ],
      "exit_codes": [
        0,
        0,
        0,
        0,
        0,
        0,
        0,
        0,
        0,
        0
      ],
      "parameters": {
        "VERSION": "3.0.5"
      }
    },
    {
      "command": "3.6.3",
      "mean": 10.25060038406,
      "stddev": 0.12515331867577104,
      "median": 10.228923580859998,
      "user": 21.31157612,
      "system": 3.6026501600000005,
      "min": 10.099501240859999,
      "max": 10.56257724486,
      "times": [
        10.099501240859999,
        10.30268181986,
        10.232029127859999,
        10.14495040186,
        10.20771634586,
        10.19829647486,
        10.56257724486,
        10.22581803386,
        10.28759114186,
        10.24484200886
      ],
      "exit_codes": [
        0,
        0,
        0,
        0,
        0,
        0,
        0,
        0,
        0,
        0
      ],
      "parameters": {
        "VERSION": "3.6.3"
      }
    },
    {
      "command": "3.8.8",
      "mean": 6.00398772206,
      "stddev": 0.06809720013848884,
      "median": 6.01386121486,
      "user": 17.35884042,
      "system": 1.1070251599999998,
      "min": 5.87685632186,
      "max": 6.10475282286,
      "times": [
        6.02803458386,
        6.023892490860001,
        5.981523338860001,
        5.987891250860001,
        5.91901623886,
        6.00382993886,
        6.10475282286,
        5.87685632186,
        6.07743095086,
        6.03664928286
      ],
      "exit_codes": [
        0,
        0,
        0,
        0,
        0,
        0,
        0,
        0,
        0,
        0
      ],
      "parameters": {
        "VERSION": "3.8.8"
      }
    },
    {
      "command": "3.9.6",
      "mean": 6.23283894486,
      "stddev": 0.06458300072330525,
      "median": 6.21401828836,
      "user": 18.252060820000004,
      "system": 1.13657956,
      "min": 6.161384941860001,
      "max": 6.35367621386,
      "times": [
        6.21049683586,
        6.29021639486,
        6.21753974086,
        6.18821353486,
        6.161384941860001,
        6.23721133086,
        6.176291833860001,
        6.35367621386,
        6.31076798486,
        6.1825906368600005
      ],
      "exit_codes": [
        0,
        0,
        0,
        0,
        0,
        0,
        0,
        0,
        0,
        0
      ],
      "parameters": {
        "VERSION": "3.9.6"
      }
    },
    {
      "command": "4.0.0-alpha-13",
      "mean": 7.61923821436,
      "stddev": 0.21731186386510887,
      "median": 7.5922226128600006,
      "user": 33.01637512,
      "system": 1.9917911599999996,
      "min": 7.20222516986,
      "max": 7.94201355386,
      "times": [
        7.533610196860001,
        7.80405589486,
        7.20222516986,
        7.80526946486,
        7.77766141986,
        7.48649569486,
        7.60250102786,
        7.58194419786,
        7.45660552286,
        7.94201355386
      ],
      "exit_codes": [
        0,
        0,
        0,
        0,
        0,
        0,
        0,
        0,
        0,
        0
      ],
      "parameters": {
        "VERSION": "4.0.0-alpha-13"
      }
    }
  ]
}
