{
  "results": [
    {
      "command": "3.0.5",
      "mean": 1.2227516898400002,
      "stddev": 0.01755780870311551,
      "median": 1.22348447534,
      "user": 4.257528259999999,
      "system": 0.23930832,
      "min": 1.18837828034,
      "max": 1.24727605834,
      "times": [
        1.24727605834,
        1.2269408783400002,
        1.23806851634,
        1.18837828034,
        1.2400147003400002,
        1.22404353734,
        1.22292541334,
        1.20435391234,
        1.21269357534,
        1.22282202634
      ],
      "exit_codes": [
        0,
        0,
        0,
        0,
        0,
        0,
        0,
        0,
        0,
        0
      ],
      "parameters": {
        "VERSION": "3.0.5"
      }
    },
    {
      "command": "3.1.1",
      "mean": 1.33722480244,
      "stddev": 0.02286756827927001,
      "median": 1.34309624484,
      "user": 4.68613166,
      "system": 0.31395152000000004,
      "min": 1.2927692833400002,
      "max": 1.36769781434,
      "times": [
        1.33670753534,
        1.35335600234,
        1.35188048634,
        1.34948495434,
        1.31011328434,
        1.33592144434,
        1.3519759643400002,
        1.32234125534,
        1.2927692833400002,
        1.36769781434
      ],
      "exit_codes": [
        0,
        0,
        0,
        0,
        0,
        0,
        0,
        0,
        0,
        0
      ],
      "parameters": {
        "VERSION": "3.1.1"
      }
    },
    {
      "command": "3.2.5",
      "mean": 1.40278861474,
      "stddev": 0.02200220478681625,
      "median": 1.4009143293400002,
      "user": 5.05533626,
      "system": 0.29905242000000004,
      "min": 1.37600632734,
      "max": 1.4484071973400001,
      "times": [
        1.4160766203400001,
        1.38713910434,
        1.41766796334,
        1.4484071973400001,
        1.38347151134,
        1.4096029633400002,
        1.39222569534,
        1.38541291534,
        1.41187584934,
        1.37600632734
      ],
      "exit_codes": [
        0,
        0,
        0,
        0,
        0,
        0,
        0,
        0,
        0,
        0
      ],
      "parameters": {
        "VERSION": "3.2.5"
      }
    },
    {
      "command": "3.3.9",
      "mean": 1.4268569570400003,
      "stddev": 0.028667782239162967,
      "median": 1.4286458343400001,
      "user": 5.110914859999999,
      "system": 0.30074262,
      "min": 1.38100619934,
      "max": 1.4818078573400002,
      "times": [
        1.4299141243400002,
        1.3993765953400001,
        1.42448243234,
        1.42737754434,
        1.4357715553400001,
        1.40132414834,
        1.43370955434,
        1.4537995593400002,
        1.38100619934,
        1.4818078573400002
      ],
      "exit_codes": [
        0,
        0,
        0,
        0,
        0,
        0,
        0,
        0,
        0,
        0
      ],
      "parameters": {
        "VERSION": "3.3.9"
      }
    },
    {
      "command": "3.5.4",
      "mean": 1.51428141514,
      "stddev": 0.029352670749131355,
      "median": 1.51432498434,
      "user": 5.31490476,
      "system": 0.4628555200000001,
      "min": 1.47214555534,
      "max": 1.57197118734,
      "times": [
        1.51764881034,
        1.51100115834,
        1.53206203034,
        1.48153589334,
        1.49310396034,
        1.51829319534,
        1.57197118734,
        1.5046429083400001,
        1.54040945234,
        1.47214555534
      ],
      "exit_codes": [
        0,
        0,
        0,
        0,
        0,
        0,
        0,
        0,
        0,
        0
      ],
      "parameters": {
        "VERSION": "3.5.4"
      }
    },
    {
      "command": "3.6.3",
      "mean": 1.4631089196400002,
      "stddev": 0.021908315636557072,
      "median": 1.4675943083400003,
      "user": 4.99953326,
      "system": 0.45011241999999996,
      "min": 1.42796659034,
      "max": 1.4936662573400001,
      "times": [
        1.4797331473400002,
        1.4688183643400001,
        1.44872281034,
        1.43917758434,
        1.42796659034,
        1.4936662573400001,
        1.4663702523400002,
        1.44369641834,
        1.48085873034,
        1.48207904134
      ],
      "exit_codes": [
        0,
        0,
        0,
        0,
        0,
        0,
        0,
        0,
        0,
        0
      ],
      "parameters": {
        "VERSION": "3.6.3"
      }
    },
    {
      "command": "3.8.1",
      "mean": 1.47280218134,
      "stddev": 0.02931775041705491,
      "median": 1.47081779684,
      "user": 5.003267060000001,
      "system": 0.44653612000000004,
      "min": 1.4335846863400001,
      "max": 1.5071114303400002,
      "times": [
        1.4619019773400002,
        1.4797336163400001,
        1.45591103934,
        1.5071114303400002,
        1.5016922683400002,
        1.5051728553400001,
        1.4454059783400002,
        1.4335846863400001,
        1.49959747734,
        1.4379104843400001
      ],
      "exit_codes": [
        0,
        0,
        0,
        0,
        0,
        0,
        0,
        0,
        0,
        0
      ],
      "parameters": {
        "VERSION": "3.8.1"
      }
    },
    {
      "command": "3.8.2",
      "mean": 1.32826121424,
      "stddev": 0.020034873542850284,
      "median": 1.3217100148400003,
      "user": 4.59377956,
      "system": 0.20020522000000002,
      "min": 1.30436972034,
      "max": 1.3620272773400002,
      "times": [
        1.3620272773400002,
        1.3178493913400002,
        1.3430560853400002,
        1.32568380634,
        1.3130725143400002,
        1.3152891713400001,
        1.31573679134,
        1.32557063834,
        1.30436972034,
        1.35995674634
      ],
      "exit_codes": [
        0,
        0,
        0,
        0,
        0,
        0,
        0,
        0,
        0,
        0
      ],
      "parameters": {
        "VERSION": "3.8.2"
      }
    },
    {
      "command": "3.8.3",
      "mean": 1.26724307934,
      "stddev": 0.021382470516375308,
      "median": 1.27097579484,
      "user": 4.40106396,
      "system": 0.21416001999999995,
      "min": 1.22877695234,
      "max": 1.29761103934,
      "times": [
        1.29761103934,
        1.27058439834,
        1.22877695234,
        1.2389791783400002,
        1.26242945334,
        1.28406749134,
        1.25517352434,
        1.28445024334,
        1.2789913213400002,
        1.27136719134
      ],
      "exit_codes": [
        0,
        0,
        0,
        0,
        0,
        0,
        0,
        0,
        0,
        0
      ],
      "parameters": {
        "VERSION": "3.8.3"
      }
    },
    {
      "command": "3.8.4",
      "mean": 1.27259370554,
      "stddev": 0.021976507290260964,
      "median": 1.27268186584,
      "user": 4.433112659999999,
      "system": 0.20770802000000002,
      "min": 1.24026559634,
      "max": 1.31265330634,
      "times": [
        1.2910886753400002,
        1.25249220734,
        1.2695117963400002,
        1.2822560843400002,
        1.31265330634,
        1.24026559634,
        1.2469135983400002,
        1.27585193534,
        1.28553094734,
        1.26937290834
      ],
      "exit_codes": [
        0,
        0,
        0,
        0,
        0,
        0,
        0,
        0,
        0,
        0
      ],
      "parameters": {
        "VERSION": "3.8.4"
      }
    },
    {
      "command": "3.8.5",
      "mean": 1.2841258913400002,
      "stddev": 0.02943528187503016,
      "median": 1.27971143484,
      "user": 4.51452126,
      "system": 0.19448791999999998,
      "min": 1.2451165613400001,
      "max": 1.32489208734,
      "times": [
        1.2451165613400001,
        1.27899309134,
        1.2545407593400002,
        1.3222996793400001,
        1.32489208734,
        1.28042977834,
        1.3066006003400001,
        1.30655799034,
        1.26974334934,
        1.2520850163400001
      ],