{
  "results": [
    {
      "command": "3.0.5",
      "mean": 19.441012908559998,
      "stddev": 0.47178078961553743,
      "median": 19.32295776916,
      "user": 31.478428079999997,
      "system": 1.58113526,
      "min": 18.92497318166,
      "max": 20.58037181966,
      "times": [
        19.26230892766,
        20.58037181966,
        19.25868813366,
        18.92497318166,
        19.38360661066,
        19.24553978366,
        19.01554715766,
        19.43404641366,
        19.47712040866,
        19.82792664866
      ],
      "exit_codes": [
        0,
        0,
        0,
        0,
        0,
        0,
        0,
        0,
        0,
        0
      ],
      "parameters": {
        "VERSION": "3.0.5"
      }
    },
    {
      "command": "3.6.3",
      "mean": 30.860819275460006,
      "stddev": 0.5439592372824443,
      "median": 30.654295226160002,
      "user": 47.468903780000005,
      "system": 6.580806459999998,
      "min": 30.09658412466,
      "max": 31.82726883366,
      "times": [
        31.26912384166,
        31.82726883366,
        30.58276239066,
        30.690990782660002,
        30.56982518466,
        31.56764875466,
        30.39956432366,
        30.61759966966,
        30.98682484866,
        30.09658412466
      ],
      "exit_codes": [
        0,
        0,
        0,
        0,
        0,
        0,
        0,
        0,
        0,
        0
      ],
      "parameters": {
        "VERSION": "3.6.3"
      }
    },
    {
      "command": "3.8.8",
      "mean": 16.680174066559996,
      "stddev": 0.1838717663731363,
      "median": 16.64482840166,
      "user": 34.07969677999999,
      "system": 1.8906429599999999,
      "min": 16.46016788266,
      "max": 17.01689646166,
      "times": [
        16.51201070566,
        16.91902638366,
        16.66058784566,
        16.54295924466,
        16.80453048866,
        16.71334818466,
        16.62906895766,
        16.54314451066,
        16.46016788266,
        17.01689646166
      ],
      "exit_codes": [
        0,
        0,
        0,
        0,
        0,
        0,
        0,
        0,
        0,
        0
      ],
      "parameters": {
        "VERSION": "3.8.8"
      }
    },
    {
      "command": "3.9.6",
      "mean": 17.296125914759997,
      "stddev": 0.25182319811966675,
      "median": 17.27027849166,
      "user": 35.506993079999994,
      "system": 1.9019275599999996,
      "min": 16.96940007866,
      "max": 17.78371871366,
      "times": [
        17.25173593366,
        17.06326417966,
        17.31542019466,
        17.35058110666,
        17.78371871366,
        17.63854758966,
        17.28882104966,
        16.96940007866,
        17.20744562566,
        17.09232467566
      ],
      "exit_codes": [
        0,
        0,
        0,
        0,
        0,
        0,
        0,
        0,
        0,
        0
      ],
      "parameters": {
        "VERSION": "3.9.6"
      }
    },
    {
      "command": "4.0.0-alpha-13",
      "mean": 19.32617132056,
      "stddev": 0.40564774454163477,
      "median": 19.345295049660002,
      "user": 58.867354979999995,
      "system": 3.6761659599999996,
      "min": 18.573626118660002,
      "max": 19.83371005566,
      "times": [
        18.85078596666,
        19.19355087066,
        19.17691450266,
        19.61036697166,
        19.77167572566,
        19.573954897660002,
        19.49703922866,
        18.573626118660002,
        19.18008886766,
        19.83371005566
      ],
      "exit_codes": [
        0,
        0,
        0,
        0,
        0,
        0,
        0,
        0,
        0,
        0
      ],
      "parameters": {
        "VERSION": "4.0.0-alpha-13"
      }
    }
  ]
}
