{
  "results": [
    {
      "command": "3.0.5",
      "mean": 0.89662027004,
      "stddev": 0.020976429396757135,
      "median": 0.89973086224,
      "user": 2.81282624,
      "system": 0.13283267999999998,
      "min": 0.85409496724,
      "max": 0.92458405424,
      "times": [
        0.92105881624,
        0.92458405424,
        0.89594499624,
        0.90351672824,
        0.88998861624,
        0.85409496724,
        0.90576395524,
        0.88630456224,
        0.90757369324,
        0.87737231124
      ],
      "exit_codes": [
        0,
        0,
        0,
        0,
        0,
        0,
        0,
        0,
        0,
        0
      ],
      "parameters": {
        "VERSION": "3.0.5"
      }
    },
    {
      "command": "3.1.1",
      "mean": 0.9349045398400001,
      "stddev": 0.02810827057847744,
      "median": 0.9314199937400001,
      "user": 2.89766024,
      "system": 0.11444407999999999,
      "min": 0.89365416924,
      "max": 0.98079100524,
      "times": [
        0.94042744324,
        0.89365416924,
        0.91741023224,
        0.91630815824,
        0.94518490124,
        0.95979289824,
        0.92241254424,
        0.90708146424,
        0.98079100524,
        0.96598258224
      ],
      "exit_codes": [
        0,
        0,
        0,
        0,
        0,
        0,
        0,
        0,
        0,
        0
      ],
      "parameters": {
        "VERSION": "3.1.1"
      }
    },
    {
      "command": "3.2.5",
      "mean": 0.99933166864,
      "stddev": 0.023795493414974674,
      "median": 1.00636494074,
      "user": 3.2895208400000002,
      "system": 0.13678637999999999,
      "min": 0.96001123224,
      "max": 1.02993349324,
      "times": [
        1.01909584724,
        0.99688188824,
        1.0096069992399999,
        1.00312288224,
        0.96001123224,
        0.9616777132400001,
        1.01295164124,
        0.98432328324,
        1.02993349324,
        1.0157117062399998
      ],
      "exit_codes": [
        0,
        0,
        0,
        0,
        0,
        0,
        0,
        0,
        0,
        0
      ],
      "parameters": {
        "VERSION": "3.2.5"
      }
    },
    {
      "command": "3.3.9",
      "mean": 1.0570469125400002,
      "stddev": 0.01976969680990172,
      "median": 1.0496613302399997,
      "user": 3.4954343400000005,
      "system": 0.15516937999999997,
      "min": 1.03574411624,
      "max": 1.0865925432399999,
      "times": [
        1.0484100402399998,
        1.08290092924,
        1.05383839124,
        1.0488075102399999,
        1.03574411624,
        1.0505151502399999,
        1.0865925432399999,
        1.0396473042399998,
        1.03992716824,
        1.08408597224
      ],
      "exit_codes": [
        0,
        0,
        0,
        0,
        0,
        0,
        0,
        0,
        0,
        0
      ],
      "parameters": {
        "VERSION": "3.3.9"
      }
    },
    {
      "command": "3.5.4",
      "mean": 1.08998422894,
      "stddev": 0.01919963370866596,
      "median": 1.08296190324,
      "user": 3.68362014,
      "system": 0.21358618000000001,
      "min": 1.06271337424,
      "max": 1.1233548012399999,
      "times": [
        1.07323565624,
        1.07767928324,
        1.06271337424,
        1.1233548012399999,
        1.09870001924,
        1.08112477224,
        1.10219524724,
        1.11491532924,
        1.08143504324,
        1.08448876324
      ],
      "exit_codes": [
        0,
        0,
        0,
        0,
        0,
        0,
        0,
        0,
        0,
        0
      ],
      "parameters": {
        "VERSION": "3.5.4"
      }
    },
    {
      "command": "3.6.3",
      "mean": 1.0641070819399998,
      "stddev": 0.03286220741947806,
      "median": 1.0578482227400001,
      "user": 3.49868094,
      "system": 0.20941967999999997,
      "min": 1.00951483124,
      "max": 1.12321936424,
      "times": [
        1.00951483124,
        1.04740813224,
        1.12321936424,
        1.0447475852399999,
        1.05265818924,
        1.09443605924,
        1.03883208424,
        1.06303825624,
        1.0752527592399999,
        1.09196355824
      ],
      "exit_codes": [
        0,
        0,
        0,
        0,
        0,
        0,
        0,
        0,
        0,
        0
      ],
      "parameters": {
        "VERSION": "3.6.3"
      }
    },
    {
      "command": "3.8.1",
      "mean": 1.06554609324,
      "stddev": 0.023627482764047723,
      "median": 1.0637374097399999,
      "user": 3.504741739999999,
      "system": 0.19893787999999996,
      "min": 1.02677634724,
      "max": 1.10321810324,
      "times": [
        1.04539717024,
        1.02677634724,
        1.05224430924,
        1.06931144824,
        1.06090443624,
        1.06657038324,
        1.10321810324,
        1.0558819742399999,
        1.07311945924,
        1.10203730124
      ],
      "exit_codes": [
        0,
        0,
        0,
        0,
        0,
        0,
        0,
        0,
        0,
        0
      ],
      "parameters": {
        "VERSION": "3.8.1"
      }
    },
    {
      "command": "3.8.2",
      "mean": 1.0448511164399998,
      "stddev": 0.027179202015845526,
      "median": 1.03991664824,
      "user": 3.4251760399999993,
      "system": 0.13841157999999998,
      "min": 1.0141500722399999,
      "max": 1.1000090492399999,
      "times": [
        1.03718238224,
        1.02228297224,
        1.0483380602399999,
        1.0276107162399999,
        1.04265091424,
        1.1000090492399999,
        1.01983125924,
        1.06265429524,
        1.0141500722399999,
        1.07380144324
      ],
      "exit_codes": [
        0,
        0,
        0,
        0,
        0,
        0,
        0,
        0,
        0,
        0
      ],
      "parameters": {
        "VERSION": "3.8.2"
      }
    },
    {
      "command": "3.8.3",
      "mean": 1.0482889945399998,
      "stddev": 0.037577621694570226,
      "median": 1.04730775474,
      "user": 3.4438232399999995,
      "system": 0.14062107999999998,
      "min": 0.99636502724,
      "max": 1.1196632362399999,
      "times": [
        1.03764631124,
        0.99636502724,
        1.1196632362399999,
        1.01684306124,
        1.0875206502399999,
        1.0630824642399999,
        1.06357963324,
        1.03102296724,
        1.05696919824,
        1.01019739624
      ],
      "exit_codes": [
        0,
        0,
        0,
        0,
        0,
        0,
        0,
        0,
        0,
        0
      ],
      "parameters": {
        "VERSION": "3.8.3"
      }
    },
    {
      "command": "3.8.4",
      "mean": 1.04124200234,
      "stddev": 0.02855700091388685,
      "median": 1.04752614424,
      "user": 3.3897627399999997,
      "system": 0.14606998,
      "min": 1.00199885924,
      "max": 1.0846346682399999,
      "times": [
        1.06666107024,
        1.02018076124,
        1.0846346682399999,
        1.0198378102399999,
        1.05215295024,
        1.00199885924,
        1.05656852724,
        1.06456153024,
        1.04289933824,
        1.00292450824
      ],
      "exit_codes": [
        0,
        0,
        0,
        0,
        0,
        0,
        0,
        0,
        0,
        0
      ],
      "parameters": {
        "VERSION": "3.8.4"
      }
    },
    {
      "command": "3.8.5",
      "mean": 1.0295773476399999,
      "stddev": 0.01627341156705895,
      "median": 1.02880172424,
      "user": 3.3209121399999995,
      "system": 0.14093138,
      "min": 1.01111671524,
      "max": 1.06721341824,
      "times": [
        1.03063512624,
        1.06721341824,
        1.03173873124,
        1.01946511924,
        1.02696832224,
        1.01310491824,
        1.03956438724,
        1.01976362224,
        1.01111671524,
        1.03620311624
      ],
      "exit_codes": [
        0,
        0,
        0,
        0,
        0,
        0,
        0,
        0,
        0,
        0
      ],