{
  "results": [
    {
      "command": "3.0.5",
      "mean": 0.7535221418600001,
      "stddev": 0.024094421165695483,
      "median": 0.7496468046600001,
      "user": 2.43151878,
      "system": 0.08824794,
      "min": 0.7263303421600001,
      "max": 0.8070829521600001,
      "times": [
        0.7366556141600001,
        0.75919348616,
        0.7348720471600001,
        0.75494965816,
        0.7263303421600001,
        0.7454390651600001,
        0.8070829521600001,
        0.7788760361600001,
        0.7379676731600001,
        0.7538545441600001
      ],
      "exit_codes": [
        0,
        0,
        0,
        0,
        0,
        0,
        0,
        0,
        0,
        0
      ],
      "parameters": {
        "VERSION": "3.0.5"
      }
    },
    {
      "command": "3.1.1",
      "mean": 0.80941794606,
      "stddev": 0.02133848560956,
      "median": 0.8081934956600001,
      "user": 2.5569913800000004,
      "system": 0.11073733999999999,
      "min": 0.78847422716,
      "max": 0.8499128081600001,
      "times": [
        0.81657997416,
        0.8499128081600001,
        0.7897419961600001,
        0.7911953211600001,
        0.8362695441600001,
        0.8157941541600001,
        0.8152799461600001,
        0.78847422716,
        0.7898244441600001,
        0.8011070451600001
      ],
      "exit_codes": [
        0,
        0,
        0,
        0,
        0,
        0,
        0,
        0,
        0,
        0
      ],
      "parameters": {
        "VERSION": "3.1.1"
      }
    },
    {
      "command": "3.2.5",
      "mean": 0.8461187279600001,
      "stddev": 0.02089083811750865,
      "median": 0.8392864921600001,
      "user": 2.78622318,
      "system": 0.10522064,
      "min": 0.8272638201600001,
      "max": 0.8965368841600001,
      "times": [
        0.8302022991600001,
        0.8359011931600001,
        0.8390093081600001,
        0.83956367616,
        0.8559022651600001,
        0.8289259501600001,
        0.8482216981600001,
        0.8272638201600001,
        0.8965368841600001,
        0.8596601851600001
      ],
      "exit_codes": [
        0,
        0,
        0,
        0,
        0,
        0,
        0,
        0,
        0,
        0
      ],
      "parameters": {
        "VERSION": "3.2.5"
      }
    },
    {
      "command": "3.3.9",
      "mean": 0.8525660587600001,
      "stddev": 0.014290417140827181,
      "median": 0.8504656751600002,
      "user": 2.80735998,
      "system": 0.10562823999999997,
      "min": 0.83044028416,
      "max": 0.88166081916,
      "times": [
        0.8455785811600001,
        0.8619925901600001,
        0.84203399716,
        0.8489457021600001,
        0.8530902721600001,
        0.8519856481600001,
        0.8656443411600001,
        0.83044028416,
        0.8442883521600001,
        0.88166081916
      ],
      "exit_codes": [
        0,
        0,
        0,
        0,
        0,
        0,
        0,
        0,
        0,
        0
      ],
      "parameters": {
        "VERSION": "3.3.9"
      }
    },
    {
      "command": "3.5.4",
      "mean": 0.8922114974600002,
      "stddev": 0.014105018209319697,
      "median": 0.8871576381600002,
      "user": 2.91980438,
      "system": 0.13374354,
      "min": 0.87398173316,
      "max": 0.9119996141600001,
      "times": [
        0.9116041541600001,
        0.9022128791600001,
        0.8856581141600001,
        0.8809015571600001,
        0.8776630951600001,
        0.8886571621600001,
        0.8851567461600001,
        0.9119996141600001,
        0.9042799191600001,
        0.87398173316
      ],
      "exit_codes": [
        0,
        0,
        0,
        0,
        0,
        0,
        0,
        0,
        0,
        0
      ],
      "parameters": {
        "VERSION": "3.5.4"
      }
    },
    {
      "command": "3.6.3",
      "mean": 0.8543612178600002,
      "stddev": 0.019088299506610288,
      "median": 0.8599587576600001,
      "user": 2.74347438,
      "system": 0.11166693999999996,
      "min": 0.8262156551600001,
      "max": 0.8791023011600001,
      "times": [
        0.8709457951600001,
        0.8262156551600001,
        0.8328435661600001,
        0.85827036716,
        0.8616471481600001,
        0.8791023011600001,
        0.8619656601600001,
        0.84143913016,
        0.8350886321600001,
        0.8760939231600001
      ],
      "exit_codes": [
        0,
        0,
        0,
        0,
        0,
        0,
        0,
        0,
        0,
        0
      ],
      "parameters": {
        "VERSION": "3.6.3"
      }
    },
    {
      "command": "3.8.1",
      "mean": 0.8647295963600001,
      "stddev": 0.021597284140899998,
      "median": 0.8585017081600002,
      "user": 2.78347368,
      "system": 0.12812464,
      "min": 0.8414444511600001,
      "max": 0.9060991951600001,
      "times": [
        0.8414444511600001,
        0.8720663691600001,
        0.8621528461600001,
        0.84474367116,
        0.8516974561600001,
        0.8548505701600001,
        0.8931707151600001,
        0.8468802211600001,
        0.8741904681600001,
        0.9060991951600001
      ],
      "exit_codes": [
        0,
        0,
        0,
        0,
        0,
        0,
        0,
        0,
        0,
        0
      ],
      "parameters": {
        "VERSION": "3.8.1"
      }
    },
    {
      "command": "3.8.2",
      "mean": 0.8356493782600001,
      "stddev": 0.01850692157079537,
      "median": 0.8375915226600001,
      "user": 2.66790068,
      "system": 0.09681083999999998,
      "min": 0.8106524571600001,
      "max": 0.8673993911600001,
      "times": [
        0.85296747516,
        0.8106524571600001,
        0.8159238601600001,
        0.82276302716,
        0.8372869391600001,
        0.8378961061600001,
        0.8417959021600001,
        0.8514565921600001,
        0.8183520321600001,
        0.8673993911600001
      ],
      "exit_codes": [
        0,
        0,
        0,
        0,
        0,
        0,
        0,
        0,
        0,
        0
      ],
      "parameters": {
        "VERSION": "3.8.2"
      }
    },
    {
      "command": "3.8.3",
      "mean": 0.82886854536,
      "stddev": 0.02023011716671784,
      "median": 0.8290675756600001,
      "user": 2.5896099799999996,
      "system": 0.08596724,
      "min": 0.7925521201600001,
      "max": 0.85565414116,
      "times": [
        0.85565414116,
        0.81593367116,
        0.8506656401600001,
        0.7925521201600001,
        0.81620738416,
        0.8223343471600001,
        0.8118527081600001,
        0.8358008041600001,
        0.8410566301600001,
        0.8466280071600001
      ],
      "exit_codes": [
        0,
        0,
        0,
        0,
        0,
        0,
        0,
        0,
        0,
        0
      ],
      "parameters": {
        "VERSION": "3.8.3"
      }
    },
    {
      "command": "3.8.4",
      "mean": 0.8384327246600002,
      "stddev": 0.03642037720137131,
      "median": 0.8381965331600001,
      "user": 2.67723788,
      "system": 0.08175834,
      "min": 0.8011363841600001,
      "max": 0.9262613841600001,
      "times": [
        0.8128670731600001,
        0.8433153451600001,
        0.8511915581600001,
        0.8070315431600001,
        0.84636769316,
        0.8112888311600001,
        0.8011363841600001,
        0.8330777211600001,
        0.9262613841600001,
        0.8517897131600001
      ],
      "exit_codes": [
        0,
        0,
        0,
        0,
        0,
        0,
        0,
        0,
        0,
        0
      ],
      "parameters": {
        "VERSION": "3.8.4"
      }
    },
    {
      "command": "3.8.5",
      "mean": 0.8291444531600002,
      "stddev": 0.030173069642949926,
      "median": 0.8170692176600001,
      "user": 2.6404436799999997,
      "system": 0.09210643999999998,
      "min": 0.8099616531600001,
      "max": 0.9079158611600001,