{
  "results": [
    {
      "command": "3.0.5",
      "mean": 19.21309435778,
      "stddev": 0.5736822253112769,
      "median": 19.26907435088,
      "user": 31.29786378,
      "system": 1.7158970999999998,
      "min": 18.353539047880002,
      "max": 20.36494478188,
      "times": [
        20.36494478188,
        19.25692622688,
        19.539348532880002,
        18.55718672588,
        19.38786802688,
        18.353539047880002,
        19.28122247488,
        18.98299346388,
        18.83636748588,
        19.57054681088
      ],
      "exit_codes": [
        0,
        0,
        0,
        0,
        0,
        0,
        0,
        0,
        0,
        0
      ],
      "parameters": {
        "VERSION": "3.0.5"
      }
    },
    {
      "command": "3.6.3",
      "mean": 31.43159893698,
      "stddev": 0.5644095043634605,
      "median": 31.40043117338,
      "user": 48.00926567999999,
      "system": 6.576488199999998,
      "min": 30.61170964588,
      "max": 32.47740974088,
      "times": [
        30.85651117188,
        31.63769102788,
        31.38619850788,
        31.46646273988,
        30.61170964588,
        31.32706891588,
        32.150325688879995,
        30.98794809188,
        31.41466383888,
        32.47740974088
      ],
      "exit_codes": [
        0,
        0,
        0,
        0,
        0,
        0,
        0,
        0,
        0,
        0
      ],
      "parameters": {
        "VERSION": "3.6.3"
      }
    },
    {
      "command": "3.8.8",
      "mean": 16.833406928579997,
      "stddev": 0.22830112047066278,
      "median": 16.85264405188,
      "user": 34.307991879999996,
      "system": 1.8724862999999998,
      "min": 16.44308572688,
      "max": 17.25172584788,
      "times": [
        16.90926168188,
        16.88516380888,
        16.78375801488,
        17.01706668788,
        16.88156031288,
        16.52637858988,
        16.44308572688,
        16.82372779088,
        16.81234082388,
        17.25172584788
      ],
      "exit_codes": [
        0,
        0,
        0,
        0,
        0,
        0,
        0,
        0,
        0,
        0
      ],
      "parameters": {
        "VERSION": "3.8.8"
      }
    },
    {
      "command": "3.9.9",
      "mean": 17.666927635279997,
      "stddev": 0.2367631131086069,
      "median": 17.69087016888,
      "user": 36.39490488,
      "system": 1.8870814,
      "min": 17.29136905188,
      "max": 18.10259301288,
      "times": [
        17.70872280788,
        17.57517196588,
        17.89772207788,
        17.29136905188,
        17.51428797988,
        17.73643703688,
        17.67301752988,
        17.77022212788,
        17.39973276188,
        18.10259301288
      ],
      "exit_codes": [
        0,
        0,
        0,
        0,
        0,
        0,
        0,
        0,
        0,
        0
      ],
      "parameters": {
        "VERSION": "3.9.9"
      }
    },
    {
      "command": "4.0.0-alpha-13",
      "mean": 19.351147164479997,
      "stddev": 0.27891246046405904,
      "median": 19.39185501438,
      "user": 59.527823979999994,
      "system": 3.6358051,
      "min": 18.77564419088,
      "max": 19.71855633588,
      "times": [
        19.20166872488,
        19.47735763788,
        19.06211796388,
        18.77564419088,
        19.38270873988,
        19.62441050688,
        19.71855633588,
        19.534603487880002,
        19.40100128888,
        19.33340276788
      ],
      "exit_codes": [
        0,
        0,
        0,
        0,
        0,
        0,
        0,
        0,
        0,
        0
      ],
      "parameters": {
        "VERSION": "4.0.0-alpha-13"
      }
    },
    {
      "command": "4.0.0-beta-3",
      "mean": 20.35777743548,
      "stddev": 0.32311730378920844,
      "median": 20.28985629238,
      "user": 56.940017379999986,
      "system": 3.3574973999999997,
      "min": 19.97004811488,
      "max": 20.89542026688,
      "times": [
        20.81100537988,
        19.99625460788,
        20.12989086488,
        20.89542026688,
        20.37073047088,
        20.20178554088,
        20.35377350288,
        20.62292652388,
        20.22593908188,
        19.97004811488
      ],
      "exit_codes": [
        0,
        0,
        0,
        0,
        0,
        0,
        0,
        0,
        0,
        0
      ],
      "parameters": {
        "VERSION": "4.0.0-beta-3"
      }
    },
    {
      "command": "4.0.0-beta-4",
      "mean": 21.822635777979997,
      "stddev": 0.23140300796319635,
      "median": 21.82075162188,
      "user": 65.30670448,
      "system": 3.8496145999999998,
      "min": 21.39857445588,
      "max": 22.15864398888,
      "times": [
        21.79174735988,
        21.81735782788,
        21.87770659088,
        22.14969438388,
        21.39857445588,
        22.15864398888,
        21.58236819988,
        21.82414541588,
        21.71231162388,
        21.91380793288
      ],
      "exit_codes": [
        0,
        0,
        0,
        0,
        0,
        0,
        0,
        0,
        0,
        0
      ],
      "parameters": {
        "VERSION": "4.0.0-beta-4"
      }
    }
  ]
}
