{
  "results": [
    {
      "command": "3.0.5",
      "mean": 0.85492684288,
      "stddev": 0.017407045646792078,
      "median": 0.85710381608,
      "user": 2.6789854200000005,
      "system": 0.15199098000000003,
      "min": 0.82615046958,
      "max": 0.88450662558,
      "times": [
        0.86720924058,
        0.85490658758,
        0.8354663305800001,
        0.8702777985800001,
        0.85998656858,
        0.8409909025800001,
        0.85930104458,
        0.88450662558,
        0.82615046958,
        0.85047286058
      ],
      "exit_codes": [
        0,
        0,
        0,
        0,
        0,
        0,
        0,
        0,
        0,
        0
      ],
      "parameters": {
        "VERSION": "3.0.5"
      }
    },
    {
      "command": "3.6.3",
      "mean": 1.14368835608,
      "stddev": 0.020629134014884046,
      "median": 1.1427984955800001,
      "user": 3.69003322,
      "system": 0.28117678,
      "min": 1.10688798358,
      "max": 1.17422768158,
      "times": [
        1.13142170158,
        1.12947214758,
        1.10688798358,
        1.15312696458,
        1.1409924575800001,
        1.13043147558,
        1.14460453358,
        1.17422768158,
        1.15330496058,
        1.17241365458
      ],
      "exit_codes": [
        0,
        0,
        0,
        0,
        0,
        0,
        0,
        0,
        0,
        0
      ],
      "parameters": {
        "VERSION": "3.6.3"
      }
    },
    {
      "command": "3.8.8",
      "mean": 1.0700353354799998,
      "stddev": 0.03334835944047906,
      "median": 1.06070398258,
      "user": 3.4662092199999996,
      "system": 0.15560957999999997,
      "min": 1.02705521758,
      "max": 1.14181513858,
      "times": [
        1.05850821358,
        1.02705521758,
        1.06289975158,
        1.09594482858,
        1.08229968858,
        1.03672272258,
        1.05801460558,
        1.14181513858,
        1.04924349958,
        1.08784968858
      ],
      "exit_codes": [
        0,
        0,
        0,
        0,
        0,
        0,
        0,
        0,
        0,
        0
      ],
      "parameters": {
        "VERSION": "3.8.8"
      }
    },
    {
      "command": "3.9.6",
      "mean": 1.26507618178,
      "stddev": 0.03835613348642107,
      "median": 1.25618242308,
      "user": 4.032695819999999,
      "system": 0.15764107999999996,
      "min": 1.21939336758,
      "max": 1.3282232465800001,
      "times": [
        1.2632744925800001,
        1.24258117558,
        1.21939336758,
        1.3282232465800001,
        1.23589305158,
        1.30391740458,
        1.24909035358,
        1.27119557858,
        1.22399321958,
        1.31319992758
      ],
      "exit_codes": [
        0,
        0,
        0,
        0,
        0,
        0,
        0,
        0,
        0,
        0
      ],
      "parameters": {
        "VERSION": "3.9.6"
      }
    },
    {
      "command": "4.0.0-alpha-13",
      "mean": 1.7307551008800002,
      "stddev": 0.022377626786169502,
      "median": 1.72973894108,
      "user": 6.903009620000001,
      "system": 0.28202488,
      "min": 1.69732970858,
      "max": 1.7712025735799999,
      "times": [
        1.69732970858,
        1.71254785258,
        1.71994836058,
        1.73042891458,
        1.7404594615800002,
        1.71141661958,
        1.7712025735799999,
        1.73601560558,
        1.75915294458,
        1.72904896758
      ],
      "exit_codes": [
        0,
        0,
        0,
        0,
        0,
        0,
        0,
        0,
        0,
        0
      ],
      "parameters": {
        "VERSION": "4.0.0-alpha-13"
      }
    }
  ]
}
