{
  "results": [
    {
      "command": "3.0.5",
      "mean": 18.86868855162,
      "stddev": 0.10901047223698347,
      "median": 18.86018700192,
      "user": 33.910599,
      "system": 1.36551358,
      "min": 18.70772752642,
      "max": 19.02414824542,
      "times": [
        18.76891791942,
        18.80300211342,
        19.02414824542,
        18.98967440142,
        18.94217108942,
        18.95494958142,
        18.70772752642,
        18.79951893642,
        18.91737189042,
        18.77940381242
      ],
      "exit_codes": [
        0,
        0,
        0,
        0,
        0,
        0,
        0,
        0,
        0,
        0
      ],
      "parameters": {
        "VERSION": "3.0.5"
      }
    },
    {
      "command": "3.6.3",
      "mean": 26.55472255052,
      "stddev": 0.46199709289735164,
      "median": 26.35689247242,
      "user": 43.23480429999999,
      "system": 3.38187808,
      "min": 25.97616205042,
      "max": 27.35460496142,
      "times": [
        27.224484774420002,
        26.221251490420002,
        26.35297537642,
        27.35460496142,
        26.360809568420002,
        25.97616205042,
        26.854622493420003,
        26.170663162420002,
        26.33160902842,
        26.70004259942
      ],
      "exit_codes": [
        0,
        0,
        0,
        0,
        0,
        0,
        0,
        0,
        0,
        0
      ],
      "parameters": {
        "VERSION": "3.6.3"
      }
    },
    {
      "command": "3.8.8",
      "mean": 13.188098234220002,
      "stddev": 0.1273156149051374,
      "median": 13.15629528642,
      "user": 30.671284800000002,
      "system": 1.3333247799999999,
      "min": 13.028889919420001,
      "max": 13.408392307420002,
      "times": [
        13.34327717642,
        13.13474894542,
        13.028889919420001,
        13.069967057420001,
        13.094637894420002,
        13.31787482742,
        13.190974957420002,
        13.114377629420002,
        13.177841627420001,
        13.408392307420002
      ],
      "exit_codes": [
        0,
        0,
        0,
        0,
        0,
        0,
        0,
        0,
        0,
        0
      ],
      "parameters": {
        "VERSION": "3.8.8"
      }
    },
    {
      "command": "3.9.4",
      "mean": 13.53469496872,
      "stddev": 0.13560809590891038,
      "median": 13.53068100642,
      "user": 32.1379063,
      "system": 1.31027058,
      "min": 13.338351993420002,
      "max": 13.714002842420001,
      "times": [
        13.714002842420001,
        13.685703982420002,
        13.53704295642,
        13.497499840420002,
        13.438750009420001,
        13.338351993420002,
        13.712277829420001,
        13.36195822042,
        13.530899066420002,
        13.53046294642
      ],
      "exit_codes": [
        0,
        0,
        0,
        0,
        0,
        0,
        0,
        0,
        0,
        0
      ],
      "parameters": {
        "VERSION": "3.9.4"
      }
    },
    {
      "command": "3.9.5",
      "mean": 13.711267324620001,
      "stddev": 0.13743537320587815,
      "median": 13.723223158920002,
      "user": 31.976213399999995,
      "system": 1.3285126799999998,
      "min": 13.49952525842,
      "max": 13.88670327242,
      "times": [
        13.59737966442,
        13.88670327242,
        13.833374965420001,
        13.686145345420002,
        13.80559081142,
        13.576406220420001,
        13.49952525842,
        13.760300972420001,
        13.600612557420002,
        13.86663417842
      ],
      "exit_codes": [
        0,
        0,
        0,
        0,
        0,
        0,
        0,
        0,
        0,
        0
      ],
      "parameters": {
        "VERSION": "3.9.5"
      }
    },
    {
      "command": "4.0.0-alpha-7",
      "mean": 17.32281934802,
      "stddev": 0.21860029111631474,
      "median": 17.42112425792,
      "user": 38.495705,
      "system": 1.8452464800000001,
      "min": 16.93577516942,
      "max": 17.57394444042,
      "times": [
        17.534580411420002,
        16.93577516942,
        17.419605079420002,
        17.429639152420002,
        17.43848785342,
        17.24326731942,
        17.57394444042,
        17.24861852242,
        16.98163209542,
        17.42264343642
      ],
      "exit_codes": [
        0,
        0,
        0,
        0,
        0,
        0,
        0,
        0,
        0,
        0
      ],
      "parameters": {
        "VERSION": "4.0.0-alpha-7"
      }
    },
    {
      "command": "4.0.0-alpha-8",
      "mean": 18.73198045892,
      "stddev": 0.20015685463709584,
      "median": 18.745524000419998,
      "user": 41.7451845,
      "system": 1.8273493799999998,
      "min": 18.439920337420002,
      "max": 19.09413602542,
      "times": [
        18.643722728420002,
        18.89788910742,
        18.439920337420002,
        18.78135072342,
        18.52715505542,
        18.90047623642,
        18.54410637442,
        18.73231794242,
        18.75873005842,
        19.09413602542
      ],
      "exit_codes": [
        0,
        0,
        0,
        0,
        0,
        0,
        0,
        0,
        0,
        0
      ],
      "parameters": {
        "VERSION": "4.0.0-alpha-8"
      }
    }
  ]
}
