{
  "results": [
    {
      "command": "3.0.5",
      "mean": 0.8848938196,
      "stddev": 0.019488812350178273,
      "median": 0.8826176175,
      "user": 2.88508196,
      "system": 0.0884594,
      "min": 0.8628705705,
      "max": 0.9278193095,
      "times": [
        0.8941252055000001,
        0.8893091105,
        0.8998387765000001,
        0.8691603075000001,
        0.8822183325,
        0.9278193095,
        0.8765292795,
        0.8628705705,
        0.8830169025000001,
        0.8640504015000001
      ],
      "exit_codes": [
        0,
        0,
        0,
        0,
        0,
        0,
        0,
        0,
        0,
        0
      ],
      "parameters": {
        "VERSION": "3.0.5"
      }
    },
    {
      "command": "3.1.1",
      "mean": 0.903360119,
      "stddev": 0.01967477264765598,
      "median": 0.9084519030000001,
      "user": 2.99398046,
      "system": 0.08071249999999999,
      "min": 0.8726190445,
      "max": 0.9381923275,
      "times": [
        0.9076341375000001,
        0.9381923275,
        0.8726190445,
        0.8781601605000001,
        0.9190621115000001,
        0.9124923505000001,
        0.8950836705,
        0.9111040045000001,
        0.8899837145,
        0.9092696685000001
      ],
      "exit_codes": [
        0,
        0,
        0,
        0,
        0,
        0,
        0,
        0,
        0,
        0
      ],
      "parameters": {
        "VERSION": "3.1.1"
      }
    },
    {
      "command": "3.2.5",
      "mean": 0.9505878577999999,
      "stddev": 0.019499588952758263,
      "median": 0.944979564,
      "user": 3.27039056,
      "system": 0.09219129999999999,
      "min": 0.9250165365,
      "max": 0.9816576365,
      "times": [
        0.9460679675000001,
        0.9422139305000001,
        0.9412212345000001,
        0.9476598185,
        0.9709193355000001,
        0.9816576365,
        0.9438911605000001,
        0.9297463015,
        0.9250165365,
        0.9774846565
      ],
      "exit_codes": [
        0,
        0,
        0,
        0,
        0,
        0,
        0,
        0,
        0,
        0
      ],
      "parameters": {
        "VERSION": "3.2.5"
      }
    },
    {
      "command": "3.3.9",
      "mean": 0.9954113779,
      "stddev": 0.015706770209438527,
      "median": 1.000506201,
      "user": 3.3734741599999998,
      "system": 0.09972779999999999,
      "min": 0.9636599115000001,
      "max": 1.0120725705,
      "times": [
        1.0073396145,
        0.9774602685000001,
        0.9819332505000001,
        0.9996940805000001,
        1.0013183215,
        1.0120725705,
        1.0067470795,
        0.9986811545000001,
        0.9636599115000001,
        1.0052075275
      ],
      "exit_codes": [
        0,
        0,
        0,
        0,
        0,
        0,
        0,
        0,
        0,
        0
      ],
      "parameters": {
        "VERSION": "3.3.9"
      }
    },
    {
      "command": "3.5.4",
      "mean": 1.0151204741000002,
      "stddev": 0.021792254763482486,
      "median": 1.0156057705000001,
      "user": 3.3519857599999994,
      "system": 0.15357889999999996,
      "min": 0.9808729855000001,
      "max": 1.0544261555,
      "times": [
        1.0085141075,
        1.0370257575,
        1.0544261555,
        1.0156537635,
        1.0155577775,
        1.0227021535,
        1.0070165325,
        0.9808729855000001,
        0.9861066795000001,
        1.0233288285
      ],
      "exit_codes": [
        0,
        0,
        0,
        0,
        0,
        0,
        0,
        0,
        0,
        0
      ],
      "parameters": {
        "VERSION": "3.5.4"
      }
    },
    {
      "command": "3.6.3",
      "mean": 0.9906441843,
      "stddev": 0.026986429508977693,
      "median": 0.9997541185000001,
      "user": 3.2073358600000006,
      "system": 0.1391415,
      "min": 0.9476271605000001,
      "max": 1.0226359945,
      "times": [
        1.0120754505,
        0.9476271605000001,
        0.9795595785000001,
        1.0016811215,
        0.9978271155,
        1.0226359945,
        0.9540694245000001,
        0.9666756095000001,
        1.0187821185000001,
        1.0055082695
      ],
      "exit_codes": [
        0,
        0,
        0,
        0,
        0,
        0,
        0,
        0,
        0,
        0
      ],
      "parameters": {
        "VERSION": "3.6.3"
      }
    },
    {
      "command": "3.8.1",
      "mean": 0.9879722477999999,
      "stddev": 0.024739687577223824,
      "median": 0.9903270765000001,
      "user": 3.178823559999999,
      "system": 0.14162029999999998,
      "min": 0.9521132215000001,
      "max": 1.0305509145,
      "times": [
        0.9967194215,
        0.9699007715000001,
        1.0305509145,
        0.9639368755000001,
        1.0142718175,
        1.0030920275,
        0.9973423875,
        0.9678603095000001,
        0.9521132215000001,
        0.9839347315000001
      ],
      "exit_codes": [
        0,
        0,
        0,
        0,
        0,
        0,
        0,
        0,
        0,
        0
      ],
      "parameters": {
        "VERSION": "3.8.1"
      }
    },
    {
      "command": "3.8.2",
      "mean": 0.9637152456000001,
      "stddev": 0.016315993333357814,
      "median": 0.9665805715,
      "user": 3.12749626,
      "system": 0.09433520000000001,
      "min": 0.9372260725000001,
      "max": 0.9819570805000001,
      "times": [
        0.9492581295000001,
        0.9728302795000001,
        0.9399099665,
        0.9372260725000001,
        0.9649140215,
        0.9769395205000001,
        0.9646946365000001,
        0.9811756275000001,
        0.9682471215,
        0.9819570805000001
      ],
      "exit_codes": [
        0,
        0,
        0,
        0,
        0,
        0,
        0,
        0,
        0,
        0
      ],
      "parameters": {
        "VERSION": "3.8.2"
      }
    },
    {
      "command": "3.8.3",
      "mean": 0.9462734967000002,
      "stddev": 0.0261349299977806,
      "median": 0.937709725,
      "user": 3.006623759999999,
      "system": 0.094872,
      "min": 0.9086136745000001,
      "max": 0.9874929565000001,
      "times": [
        0.9086136745000001,
        0.9873825085000001,
        0.9389086705,
        0.9302375405000001,
        0.9640916515000001,
        0.9243945415000001,
        0.9351531305,
        0.9499495135000001,
        0.9365107795000001,
        0.9874929565000001
      ],
      "exit_codes": [
        0,
        0,
        0,
        0,
        0,
        0,
        0,
        0,
        0,
        0
      ],
      "parameters": {
        "VERSION": "3.8.3"
      }
    },
    {
      "command": "3.8.4",
      "mean": 0.9468655910999999,
      "stddev": 0.02680350653353138,
      "median": 0.943179622,
      "user": 3.04668326,
      "system": 0.0859048,
      "min": 0.9116788595,
      "max": 0.9899771745000001,
      "times": [
        0.9409718405,
        0.9453874035000001,
        0.9882006185000001,
        0.9899771745000001,
        0.9567366485000001,
        0.9289165825000001,
        0.9215753205000001,
        0.9263555645000001,
        0.9588558985000001,
        0.9116788595
      ],
      "exit_codes": [
        0,
        0,
        0,
        0,
        0,
        0,
        0,
        0,
        0,
        0
      ],
      "parameters": {
        "VERSION": "3.8.4"
      }
    },
    {
      "command": "3.8.5",
      "mean": 0.9432539987000002,
      "stddev": 0.01986016754701976,
      "median": 0.9498203265,
      "user": 3.0367861599999997,
      "system": 0.08515219999999998,
      "min": 0.9084516285,
      "max": 0.9703633795000001,
      "times": [
        0.9534479485,
        0.9556098665000001,
        0.9613277095000001,
        0.9379003345000001,
        0.9217664055000001,
        0.9542432795000001,
        0.9232367305000001,
        0.9703633795000001,
        0.9084516285,
        0.9461927045
      ],