{
  "results": [
    {
      "command": "3.0.5",
      "mean": 1.02377639136,
      "stddev": 0.03185962351241433,
      "median": 1.02078774206,
      "user": 3.43179078,
      "system": 0.14812384000000003,
      "min": 0.9791701380600001,
      "max": 1.07981036506,
      "times": [
        1.0340036050599999,
        1.07981036506,
        1.01468521106,
        1.01307842906,
        1.02689027306,
        0.99970069406,
        0.98613709406,
        1.05880003006,
        1.0454880740599999,
        0.9791701380600001
      ],
      "exit_codes": [
        0,
        0,
        0,
        0,
        0,
        0,
        0,
        0,
        0,
        0
      ],
      "parameters": {
        "VERSION": "3.0.5"
      }
    },
    {
      "command": "3.1.1",
      "mean": 1.0768319694600001,
      "stddev": 0.024593597690341674,
      "median": 1.07738744706,
      "user": 3.5599570799999993,
      "system": 0.16051824,
      "min": 1.04088770406,
      "max": 1.12134959606,
      "times": [
        1.0448078300599999,
        1.07213792606,
        1.09387379306,
        1.07235975006,
        1.09090807406,
        1.12134959606,
        1.08241514406,
        1.09173313406,
        1.05784674306,
        1.04088770406
      ],
      "exit_codes": [
        0,
        0,
        0,
        0,
        0,
        0,
        0,
        0,
        0,
        0
      ],
      "parameters": {
        "VERSION": "3.1.1"
      }
    },
    {
      "command": "3.2.5",
      "mean": 1.15025209836,
      "stddev": 0.026824114097347945,
      "median": 1.13838696956,
      "user": 3.9679863799999993,
      "system": 0.16453273999999998,
      "min": 1.12434002506,
      "max": 1.19714259806,
      "times": [
        1.19714259806,
        1.15835146406,
        1.13409293606,
        1.19188575206,
        1.14268100306,
        1.16461723606,
        1.13407946506,
        1.12766781706,
        1.12766268706,
        1.12434002506
      ],
      "exit_codes": [
        0,
        0,
        0,
        0,
        0,
        0,
        0,
        0,
        0,
        0
      ],
      "parameters": {
        "VERSION": "3.2.5"
      }
    },
    {
      "command": "3.3.9",
      "mean": 1.20226316036,
      "stddev": 0.02100802174800035,
      "median": 1.2016993765600001,
      "user": 4.28011448,
      "system": 0.21937384,
      "min": 1.17602664706,
      "max": 1.23708392806,
      "times": [
        1.19121943806,
        1.22692986606,
        1.21124775606,
        1.19384163706,
        1.20955711606,
        1.17602664706,
        1.17747876306,
        1.18369007706,
        1.21555637506,
        1.23708392806
      ],
      "exit_codes": [
        0,
        0,
        0,
        0,
        0,
        0,
        0,
        0,
        0,
        0
      ],
      "parameters": {
        "VERSION": "3.3.9"
      }
    },
    {
      "command": "3.5.4",
      "mean": 1.29046383366,
      "stddev": 0.026295365862272435,
      "median": 1.28509941506,
      "user": 4.457403479999999,
      "system": 0.30222953999999996,
      "min": 1.24520474706,
      "max": 1.33662277106,
      "times": [
        1.28184545106,
        1.28635805506,
        1.32785270806,
        1.29968385106,
        1.28181635206,
        1.28384077506,
        1.33662277106,
        1.27173823906,
        1.24520474706,
        1.28967538706
      ],
      "exit_codes": [
        0,
        0,
        0,
        0,
        0,
        0,
        0,
        0,
        0,
        0
      ],
      "parameters": {
        "VERSION": "3.5.4"
      }
    },
    {
      "command": "3.6.3",
      "mean": 1.2422212409599998,
      "stddev": 0.027893965117729964,
      "median": 1.23780161456,
      "user": 4.33606088,
      "system": 0.27517504,
      "min": 1.19767132606,
      "max": 1.2994373370599999,
      "times": [
        1.23478256206,
        1.26695242306,
        1.25286300506,
        1.23891102306,
        1.23669220606,
        1.19767132606,
        1.24845171006,
        1.23222654106,
        1.21422427606,
        1.2994373370599999
      ],
      "exit_codes": [
        0,
        0,
        0,
        0,
        0,
        0,
        0,
        0,
        0,
        0
      ],
      "parameters": {
        "VERSION": "3.6.3"
      }
    },
    {
      "command": "3.8.1",
      "mean": 1.25233559256,
      "stddev": 0.02762687094839984,
      "median": 1.26292620806,
      "user": 4.33047748,
      "system": 0.3080311399999999,
      "min": 1.19755817906,
      "max": 1.27446581606,
      "times": [
        1.20791804406,
        1.26143305306,
        1.25083612306,
        1.27446581606,
        1.27249304206,
        1.2705639980599999,
        1.26441936306,
        1.2505228100599999,
        1.27314549706,
        1.19755817906
      ],
      "exit_codes": [
        0,
        0,
        0,
        0,
        0,
        0,
        0,
        0,
        0,
        0
      ],
      "parameters": {
        "VERSION": "3.8.1"
      }
    },
    {
      "command": "3.8.2",
      "mean": 1.2111807537600001,
      "stddev": 0.04660525752377643,
      "median": 1.21232725556,
      "user": 4.2075242799999995,
      "system": 0.18616634000000004,
      "min": 1.15979528006,
      "max": 1.30527083006,
      "times": [
        1.1683058580599999,
        1.2104788740599999,
        1.30527083006,
        1.16125586506,
        1.21417563706,
        1.18004425206,
        1.21681149506,
        1.15979528006,
        1.25148258706,
        1.24418685906
      ],
      "exit_codes": [
        0,
        0,
        0,
        0,
        0,
        0,
        0,
        0,
        0,
        0
      ],
      "parameters": {
        "VERSION": "3.8.2"
      }
    },
    {
      "command": "3.8.3",
      "mean": 1.15892013916,
      "stddev": 0.023803246997075433,
      "median": 1.1526063285600001,
      "user": 3.9676430799999993,
      "system": 0.16459474000000002,
      "min": 1.13277752706,
      "max": 1.20908525706,
      "times": [
        1.20908525706,
        1.15089019906,
        1.17705076206,
        1.14140389306,
        1.15892531106,
        1.14443827206,
        1.13277752706,
        1.13818284906,
        1.15432245806,
        1.18212486306
      ],
      "exit_codes": [
        0,
        0,
        0,
        0,
        0,
        0,
        0,
        0,
        0,
        0
      ],
      "parameters": {
        "VERSION": "3.8.3"
      }
    },
    {
      "command": "3.8.4",
      "mean": 1.18399842866,
      "stddev": 0.04546378636428755,
      "median": 1.18311617956,
      "user": 4.03944768,
      "system": 0.17146734000000002,
      "min": 1.11965898606,
      "max": 1.28247631706,
      "times": [
        1.19950815306,
        1.28247631706,
        1.17817662606,
        1.11965898606,
        1.18290318506,
        1.21118572706,
        1.18332917406,
        1.16062633906,
        1.12826282306,
        1.19385695606
      ],
      "exit_codes": [
        0,
        0,
        0,
        0,
        0,
        0,
        0,
        0,
        0,
        0
      ],
      "parameters": {
        "VERSION": "3.8.4"
      }
    },
    {
      "command": "3.8.5",
      "mean": 1.16091549036,
      "stddev": 0.020489769747669574,
      "median": 1.1598789680600001,
      "user": 3.9348684799999996,
      "system": 0.16997194000000002,
      "min": 1.13014317906,
      "max": 1.19406451106,
      "times": [
        1.16023166006,
        1.15089658906,
        1.16268244206,
        1.19406451106,
        1.13014317906,
        1.15772572906,
        1.16397735106,
        1.19301265706,
        1.15952627606,
        1.13689450906
      ],
      "exit_codes": [
        0,
        0,
        0,
        0,
        0,
        0,
        0,
        0,
        0,
        0
      ],
      "parameters": {
        "VERSION": "3.8.5"
      }
    },
    {
      "command": "3.8.6",
      "mean": 1.15686430656,