{
  "results": [
    {
      "command": "3.0.5",
      "mean": 12.77947232532,
      "stddev": 0.0947118057739952,
      "median": 12.78495080242,
      "user": 22.48087016,
      "system": 1.18973606,
      "min": 12.65129028592,
      "max": 12.93794509392,
      "times": [
        12.93794509392,
        12.785879850919999,
        12.65129028592,
        12.86793697592,
        12.81146501892,
        12.78402175392,
        12.72211982592,
        12.71931069092,
        12.65156512992,
        12.86318862692
      ],
      "exit_codes": [
        0,
        0,
        0,
        0,
        0,
        0,
        0,
        0,
        0,
        0
      ],
      "parameters": {
        "VERSION": "3.0.5"
      }
    },
    {
      "command": "3.6.3",
      "mean": 21.735473854020004,
      "stddev": 0.15943350420187222,
      "median": 21.76452161542,
      "user": 36.57202436,
      "system": 4.7806387599999995,
      "min": 21.406582423920003,
      "max": 21.917709347920002,
      "times": [
        21.685604439920002,
        21.406582423920003,
        21.844950712920003,
        21.753107887920002,
        21.85684371492,
        21.88161965392,
        21.77593534292,
        21.917709347920002,
        21.67287796892,
        21.55950704692
      ],
      "exit_codes": [
        0,
        0,
        0,
        0,
        0,
        0,
        0,
        0,
        0,
        0
      ],
      "parameters": {
        "VERSION": "3.6.3"
      }
    },
    {
      "command": "3.8.8",
      "mean": 10.987978360720003,
      "stddev": 0.14728120365975989,
      "median": 10.961760766920001,
      "user": 26.75220746,
      "system": 1.4640617599999999,
      "min": 10.79415129992,
      "max": 11.26835458892,
      "times": [
        10.86669191592,
        10.91946704592,
        10.79415129992,
        10.98137932992,
        10.95577110292,
        11.17348158592,
        11.26835458892,
        11.08469809292,
        10.86803821392,
        10.96775043092
      ],
      "exit_codes": [
        0,
        0,
        0,
        0,
        0,
        0,
        0,
        0,
        0,
        0
      ],
      "parameters": {
        "VERSION": "3.8.8"
      }
    },
    {
      "command": "3.9.6",
      "mean": 11.50751568692,
      "stddev": 0.18242374598184172,
      "median": 11.487729327419999,
      "user": 27.776141359999997,
      "system": 1.49351106,
      "min": 11.24320398792,
      "max": 11.78610769292,
      "times": [
        11.53142668592,
        11.24320398792,
        11.29179953692,
        11.42263079292,
        11.78610769292,
        11.37371607092,
        11.70421075592,
        11.44403196892,
        11.60354960192,
        11.67447977492
      ],
      "exit_codes": [
        0,
        0,
        0,
        0,
        0,
        0,
        0,
        0,
        0,
        0
      ],
      "parameters": {
        "VERSION": "3.9.6"
      }
    },
    {
      "command": "4.0.0-alpha-13",
      "mean": 12.85812019492,
      "stddev": 0.20790135155276893,
      "median": 12.841502077920001,
      "user": 44.66043705999999,
      "system": 2.70097096,
      "min": 12.65812556192,
      "max": 13.342209046919999,
      "times": [
        12.81365995792,
        13.342209046919999,
        12.93582341692,
        12.72226748492,
        12.87538800792,
        12.86934419792,
        12.65812556192,
        12.67960614692,
        13.00883734092,
        12.67594078692
      ],
      "exit_codes": [
        0,
        0,
        0,
        0,
        0,
        0,
        0,
        0,
        0,
        0
      ],
      "parameters": {
        "VERSION": "4.0.0-alpha-13"
      }
    }
  ]
}
