{
  "results": [
    {
      "command": "3.0.5",
      "mean": 0.7549138857200001,
      "stddev": 0.024654370911850826,
      "median": 0.7575752075200001,
      "user": 2.21948972,
      "system": 0.12567714,
      "min": 0.72386731002,
      "max": 0.7847455680200001,
      "times": [
        0.7838818870200001,
        0.72386731002,
        0.78288783102,
        0.72485776702,
        0.7630963740200001,
        0.7847455680200001,
        0.7520540410200001,
        0.7295802570200001,
        0.73869130402,
        0.76547651802
      ],
      "exit_codes": [
        0,
        0,
        0,
        0,
        0,
        0,
        0,
        0,
        0,
        0
      ],
      "parameters": {
        "VERSION": "3.0.5"
      }
    },
    {
      "command": "3.6.3",
      "mean": 0.9887921871199999,
      "stddev": 0.015861886768489215,
      "median": 0.9852097325200001,
      "user": 3.09801402,
      "system": 0.21804163999999995,
      "min": 0.9687989950200001,
      "max": 1.0182257500199998,
      "times": [
        0.9687989950200001,
        0.96932244302,
        0.9950127230200001,
        0.9844359100200001,
        1.0182257500199998,
        0.9859835550200001,
        0.9837327060200001,
        1.0107112860199998,
        0.9819547580200001,
        0.9897437450200001
      ],
      "exit_codes": [
        0,
        0,
        0,
        0,
        0,
        0,
        0,
        0,
        0,
        0
      ],
      "parameters": {
        "VERSION": "3.6.3"
      }
    },
    {
      "command": "3.8.8",
      "mean": 0.94458829752,
      "stddev": 0.017649487971942057,
      "median": 0.9372360585200001,
      "user": 3.0141001199999997,
      "system": 0.13814484,
      "min": 0.92725274702,
      "max": 0.9782680650200001,
      "times": [
        0.9503541870200001,
        0.93331784502,
        0.96745404702,
        0.92882848902,
        0.92725274702,
        0.9555614650200001,
        0.9354136960200001,
        0.93905842102,
        0.9782680650200001,
        0.9303740130200001
      ],
      "exit_codes": [
        0,
        0,
        0,
        0,
        0,
        0,
        0,
        0,
        0,
        0
      ],
      "parameters": {
        "VERSION": "3.8.8"
      }
    },
    {
      "command": "3.9.6",
      "mean": 1.13584383112,
      "stddev": 0.018591142418000157,
      "median": 1.1301543945199999,
      "user": 3.5606799199999997,
      "system": 0.15908293999999995,
      "min": 1.11862752302,
      "max": 1.18162343102,
      "times": [
        1.15163345202,
        1.1231871970199998,
        1.1279152660199998,
        1.11862752302,
        1.12300458102,
        1.1341267710199998,
        1.1280442340199999,
        1.13801130102,
        1.13226455502,
        1.18162343102
      ],
      "exit_codes": [
        0,
        0,
        0,
        0,
        0,
        0,
        0,
        0,
        0,
        0
      ],
      "parameters": {
        "VERSION": "3.9.6"
      }
    },
    {
      "command": "4.0.0-alpha-13",
      "mean": 1.54114998362,
      "stddev": 0.029808992919793526,
      "median": 1.5466155495199998,
      "user": 5.80477782,
      "system": 0.24240024,
      "min": 1.4942713830199998,
      "max": 1.59355439302,
      "times": [
        1.56524421502,
        1.55819598902,
        1.50397798702,
        1.55386608002,
        1.52115872502,
        1.54841641802,
        1.5448146810199999,
        1.4942713830199998,
        1.52799996502,
        1.59355439302
      ],
      "exit_codes": [
        0,
        0,
        0,
        0,
        0,
        0,
        0,
        0,
        0,
        0
      ],
      "parameters": {
        "VERSION": "4.0.0-alpha-13"
      }
    }
  ]
}
