{
  "results": [
    {
      "command": "3.0.5",
      "mean": 0.74894306048,
      "stddev": 0.018057557108824673,
      "median": 0.7427099696800001,
      "user": 2.3928184999999997,
      "system": 0.09345442,
      "min": 0.7336484306800001,
      "max": 0.7902576316800001,
      "times": [
        0.7344173926800001,
        0.7495591916800001,
        0.74472826668,
        0.7902576316800001,
        0.7399759906800001,
        0.74614670268,
        0.7386477126800001,
        0.7406916726800001,
        0.7713576126800001,
        0.7336484306800001
      ],
      "exit_codes": [
        0,
        0,
        0,
        0,
        0,
        0,
        0,
        0,
        0,
        0
      ],
      "parameters": {
        "VERSION": "3.0.5"
      }
    },
    {
      "command": "3.1.1",
      "mean": 0.79683881688,
      "stddev": 0.02923201618834306,
      "median": 0.7853923216800001,
      "user": 2.5544632,
      "system": 0.09556582,
      "min": 0.7659339206800001,
      "max": 0.8465744676800001,
      "times": [
        0.8465744676800001,
        0.7659339206800001,
        0.8085624946800001,
        0.8149242926800001,
        0.77712850468,
        0.7750592926800001,
        0.8399479066800001,
        0.79109893068,
        0.7796857126800001,
        0.7694726456800001
      ],
      "exit_codes": [
        0,
        0,
        0,
        0,
        0,
        0,
        0,
        0,
        0,
        0
      ],
      "parameters": {
        "VERSION": "3.1.1"
      }
    },
    {
      "command": "3.2.5",
      "mean": 0.83505349268,
      "stddev": 0.013073538036583524,
      "median": 0.8337058346800001,
      "user": 2.7408770999999996,
      "system": 0.09747661999999999,
      "min": 0.8154381606800001,
      "max": 0.85359074168,
      "times": [
        0.8345563436800001,
        0.8497408026800001,
        0.8454422756800001,
        0.8267991696800001,
        0.8192667796800001,
        0.85359074168,
        0.8328553256800001,
        0.8453680346800001,
        0.82747729268,
        0.8154381606800001
      ],
      "exit_codes": [
        0,
        0,
        0,
        0,
        0,
        0,
        0,
        0,
        0,
        0
      ],
      "parameters": {
        "VERSION": "3.2.5"
      }
    },
    {
      "command": "3.3.9",
      "mean": 0.8543474037800001,
      "stddev": 0.026736542446379817,
      "median": 0.85163921218,
      "user": 2.7948407000000004,
      "system": 0.12587792,
      "min": 0.8249051946800001,
      "max": 0.9010254896800001,
      "times": [
        0.83754714368,
        0.8801435976800001,
        0.8377876876800001,
        0.9010254896800001,
        0.8723161236800001,
        0.8698622326800001,
        0.8286178266800001,
        0.8257780046800001,
        0.8249051946800001,
        0.8654907366800001
      ],
      "exit_codes": [
        0,
        0,
        0,
        0,
        0,
        0,
        0,
        0,
        0,
        0
      ],
      "parameters": {
        "VERSION": "3.3.9"
      }
    },
    {
      "command": "3.5.4",
      "mean": 0.8815252747800002,
      "stddev": 0.02212048242131341,
      "median": 0.88183715768,
      "user": 2.9718795,
      "system": 0.13141122,
      "min": 0.8413232526800001,
      "max": 0.9165787486800001,
      "times": [
        0.8908682616800001,
        0.88316119668,
        0.88051311868,
        0.8870823216800001,
        0.8413232526800001,
        0.9165787486800001,
        0.87177016768,
        0.8751023276800001,
        0.90976210168,
        0.8590912506800001
      ],
      "exit_codes": [
        0,
        0,
        0,
        0,
        0,
        0,
        0,
        0,
        0,
        0
      ],
      "parameters": {
        "VERSION": "3.5.4"
      }
    },
    {
      "command": "3.6.3",
      "mean": 0.8602582259800002,
      "stddev": 0.028966345705963993,
      "median": 0.8525309256800001,
      "user": 2.8038511999999995,
      "system": 0.12529621999999999,
      "min": 0.8170368026800001,
      "max": 0.9000389836800001,
      "times": [
        0.8532686476800001,
        0.8971193536800001,
        0.8652544626800001,
        0.8326450806800001,
        0.8967074526800001,
        0.8442315046800001,
        0.8170368026800001,
        0.9000389836800001,
        0.8444867676800001,
        0.8517932036800001
      ],
      "exit_codes": [
        0,
        0,
        0,
        0,
        0,
        0,
        0,
        0,
        0,
        0
      ],
      "parameters": {
        "VERSION": "3.6.3"
      }
    },
    {
      "command": "3.8.1",
      "mean": 0.8450167602800001,
      "stddev": 0.01868937596288482,
      "median": 0.8495368326800001,
      "user": 2.7679226999999997,
      "system": 0.12563452,
      "min": 0.8115815926800001,
      "max": 0.8650746166800001,
      "times": [
        0.86369967968,
        0.8535948106800001,
        0.8553390486800001,
        0.8650746166800001,
        0.8265990846800001,
        0.8647500156800001,
        0.8282951436800001,
        0.8357547556800001,
        0.8454788546800001,
        0.8115815926800001
      ],
      "exit_codes": [
        0,
        0,
        0,
        0,
        0,
        0,
        0,
        0,
        0,
        0
      ],
      "parameters": {
        "VERSION": "3.8.1"
      }
    },
    {
      "command": "3.8.2",
      "mean": 0.81854246718,
      "stddev": 0.01546554306864861,
      "median": 0.8143980751800001,
      "user": 2.6880268000000003,
      "system": 0.08608531999999999,
      "min": 0.7983678176800001,
      "max": 0.8489851196800001,
      "times": [
        0.8068398446800001,
        0.8489851196800001,
        0.81357130468,
        0.8034659956800001,
        0.8152248456800001,
        0.7983678176800001,
        0.8364379096800001,
        0.81344166768,
        0.8250823806800001,
        0.8240077856800001
      ],
      "exit_codes": [
        0,
        0,
        0,
        0,
        0,
        0,
        0,
        0,
        0,
        0
      ],
      "parameters": {
        "VERSION": "3.8.2"
      }
    },
    {
      "command": "3.8.3",
      "mean": 0.83160848888,
      "stddev": 0.016441309226605423,
      "median": 0.8348527676800002,
      "user": 2.6923946000000005,
      "system": 0.08157212,
      "min": 0.7983719676800001,
      "max": 0.8548483906800001,
      "times": [
        0.82206752268,
        0.8332302656800001,
        0.8548483906800001,
        0.8368726396800001,
        0.8364752696800001,
        0.8153189136800001,
        0.7983719676800001,
        0.8298431366800001,
        0.84001624368,
        0.8490405386800001
      ],
      "exit_codes": [
        0,
        0,
        0,
        0,
        0,
        0,
        0,
        0,
        0,
        0
      ],
      "parameters": {
        "VERSION": "3.8.3"
      }
    },
    {
      "command": "3.8.4",
      "mean": 0.8187465685800002,
      "stddev": 0.024194331901508617,
      "median": 0.81252051018,
      "user": 2.6439251,
      "system": 0.07511692,
      "min": 0.7951271146800001,
      "max": 0.8702423036800001,
      "times": [
        0.80081912868,
        0.8037755586800001,
        0.8702423036800001,
        0.7986693006800001,
        0.8344894556800001,
        0.82126546168,
        0.8274229946800001,
        0.8375607436800001,
        0.7951271146800001,
        0.79809362368
      ],
      "exit_codes": [
        0,
        0,
        0,
        0,
        0,
        0,
        0,
        0,
        0,
        0
      ],
      "parameters": {
        "VERSION": "3.8.4"
      }
    },
    {
      "command": "3.8.5",
      "mean": 0.8283633403800001,
      "stddev": 0.027469247093505754,
      "median": 0.83403511718,
      "user": 2.7218142,
      "system": 0.09579842,
      "min": 0.7909951436800001,
      "max": 0.8695172116800001,