{
  "results": [
    {
      "command": "3.0.5",
      "mean": 0.7405900424799999,
      "stddev": 0.019907208834304302,
      "median": 0.74077390998,
      "user": 2.34375862,
      "system": 0.09284799999999999,
      "min": 0.71455563448,
      "max": 0.77737851948,
      "times": [
        0.71455563448,
        0.72090727448,
        0.7526745344800001,
        0.75799354748,
        0.74771672148,
        0.73270485648,
        0.73383109848,
        0.77737851948,
        0.7491599774800001,
        0.71897826048
      ],
      "exit_codes": [
        0,
        0,
        0,
        0,
        0,
        0,
        0,
        0,
        0,
        0
      ],
      "parameters": {
        "VERSION": "3.0.5"
      }
    },
    {
      "command": "3.1.1",
      "mean": 0.77715286528,
      "stddev": 0.007334343724461796,
      "median": 0.7774928869800001,
      "user": 2.4701728199999997,
      "system": 0.087966,
      "min": 0.76129267048,
      "max": 0.78657134248,
      "times": [
        0.7788432954800001,
        0.7825486274800001,
        0.77950084048,
        0.76129267048,
        0.7852324944800001,
        0.77362140848,
        0.7761424784800001,
        0.77211283448,
        0.78657134248,
        0.7756626604800001
      ],
      "exit_codes": [
        0,
        0,
        0,
        0,
        0,
        0,
        0,
        0,
        0,
        0
      ],
      "parameters": {
        "VERSION": "3.1.1"
      }
    },
    {
      "command": "3.2.5",
      "mean": 0.8024005534800001,
      "stddev": 0.017175064441934035,
      "median": 0.79792867448,
      "user": 2.60981612,
      "system": 0.10261519999999999,
      "min": 0.7802885904800001,
      "max": 0.8269615184800001,
      "times": [
        0.82372705448,
        0.7925708304800001,
        0.7802885904800001,
        0.8032865184800001,
        0.8269615184800001,
        0.82384551248,
        0.78591680748,
        0.78928316848,
        0.8055623834800001,
        0.79256315048
      ],
      "exit_codes": [
        0,
        0,
        0,
        0,
        0,
        0,
        0,
        0,
        0,
        0
      ],
      "parameters": {
        "VERSION": "3.2.5"
      }
    },
    {
      "command": "3.3.9",
      "mean": 0.8359898112800002,
      "stddev": 0.014552962925513098,
      "median": 0.8400625784800001,
      "user": 2.7151923199999994,
      "system": 0.10545850000000001,
      "min": 0.80868348048,
      "max": 0.8501725104800001,
      "times": [
        0.8450909294800001,
        0.8374386714800001,
        0.8272990614800001,
        0.8487118744800001,
        0.8423058454800001,
        0.8501725104800001,
        0.8146404904800001,
        0.80868348048,
        0.8378193114800001,
        0.8477359374800001
      ],
      "exit_codes": [
        0,
        0,
        0,
        0,
        0,
        0,
        0,
        0,
        0,
        0
      ],
      "parameters": {
        "VERSION": "3.3.9"
      }
    },
    {
      "command": "3.5.4",
      "mean": 0.85675107258,
      "stddev": 0.026502803613465957,
      "median": 0.8499927039800002,
      "user": 2.8614525199999994,
      "system": 0.10914629999999999,
      "min": 0.8253303564800001,
      "max": 0.9094066294800001,
      "times": [
        0.8481819164800001,
        0.8303512784800001,
        0.8253303564800001,
        0.8518034914800001,
        0.9094066294800001,
        0.86773142548,
        0.8678710724800001,
        0.84193004548,
        0.8873316424800001,
        0.83757286748
      ],
      "exit_codes": [
        0,
        0,
        0,
        0,
        0,
        0,
        0,
        0,
        0,
        0
      ],
      "parameters": {
        "VERSION": "3.5.4"
      }
    },
    {
      "command": "3.6.3",
      "mean": 0.8265621659800001,
      "stddev": 0.030848641123315798,
      "median": 0.82928582898,
      "user": 2.6736522199999997,
      "system": 0.11610029999999998,
      "min": 0.7845681294800001,
      "max": 0.8719702354800001,
      "times": [
        0.83440728348,
        0.80372742748,
        0.8560688804800001,
        0.8256926184800001,
        0.7845681294800001,
        0.8102849324800001,
        0.8328790394800001,
        0.86144928348,
        0.8719702354800001,
        0.7845738294800001
      ],
      "exit_codes": [
        0,
        0,
        0,
        0,
        0,
        0,
        0,
        0,
        0,
        0
      ],
      "parameters": {
        "VERSION": "3.6.3"
      }
    },
    {
      "command": "3.8.1",
      "mean": 0.82700089368,
      "stddev": 0.019207287746931145,
      "median": 0.82419884848,
      "user": 2.72539372,
      "system": 0.11548850000000002,
      "min": 0.80164569748,
      "max": 0.8582246294800001,
      "times": [
        0.8483686634800001,
        0.80848858548,
        0.84184317748,
        0.8582246294800001,
        0.8092015384800001,
        0.80164569748,
        0.8398223144800001,
        0.8271476734800001,
        0.8140166334800001,
        0.8212500234800001
      ],
      "exit_codes": [
        0,
        0,
        0,
        0,
        0,
        0,
        0,
        0,
        0,
        0
      ],
      "parameters": {
        "VERSION": "3.8.1"
      }
    },
    {
      "command": "3.8.2",
      "mean": 0.80952782768,
      "stddev": 0.02180903249596088,
      "median": 0.80328188298,
      "user": 2.61436272,
      "system": 0.08971580000000001,
      "min": 0.79203927348,
      "max": 0.86256482848,
      "times": [
        0.80407408948,
        0.82798618448,
        0.8044082224800001,
        0.7955521104800001,
        0.80248967648,
        0.81730288648,
        0.79299849148,
        0.79586251348,
        0.86256482848,
        0.79203927348
      ],
      "exit_codes": [
        0,
        0,
        0,
        0,
        0,
        0,
        0,
        0,
        0,
        0
      ],
      "parameters": {
        "VERSION": "3.8.2"
      }
    },
    {
      "command": "3.8.3",
      "mean": 0.7915010923800002,
      "stddev": 0.018494666629601413,
      "median": 0.7913022404800001,
      "user": 2.5478666199999997,
      "system": 0.0750307,
      "min": 0.76645087848,
      "max": 0.8227298284800001,
      "times": [
        0.76645087848,
        0.78068285148,
        0.8127189654800001,
        0.7916029134800001,
        0.7694805374800001,
        0.8227298284800001,
        0.79486105648,
        0.80704089948,
        0.7910015674800001,
        0.7784414254800001
      ],
      "exit_codes": [
        0,
        0,
        0,
        0,
        0,
        0,
        0,
        0,
        0,
        0
      ],
      "parameters": {
        "VERSION": "3.8.3"
      }
    },
    {
      "command": "3.8.4",
      "mean": 0.7914932926800001,
      "stddev": 0.015496786480636729,
      "median": 0.7900823399800001,
      "user": 2.55446942,
      "system": 0.08483160000000001,
      "min": 0.7674925434800001,
      "max": 0.8140887734800001,
      "times": [
        0.8025265354800001,
        0.7755190244800001,
        0.8132307634800001,
        0.7969564774800001,
        0.8140887734800001,
        0.7909781984800001,
        0.78617278148,
        0.78918648148,
        0.7674925434800001,
        0.77878134748
      ],
      "exit_codes": [
        0,
        0,
        0,
        0,
        0,
        0,
        0,
        0,
        0,
        0
      ],
      "parameters": {
        "VERSION": "3.8.4"
      }
    },
    {
      "command": "3.8.5",
      "mean": 0.80083652198,
      "stddev": 0.026689851860503815,
      "median": 0.79085407198,
      "user": 2.6065794199999996,
      "system": 0.0785076,
      "min": 0.7755520624800001,
      "max": 0.8620915884800001,