{
  "results": [
    {
      "command": "3.0.5",
      "mean": 0.7543894926800001,
      "stddev": 0.024383873823049202,
      "median": 0.7505878239800001,
      "user": 2.27462792,
      "system": 0.14035404,
      "min": 0.72018233998,
      "max": 0.79592369498,
      "times": [
        0.7818929469800001,
        0.7766743889800001,
        0.7405818199800001,
        0.79592369498,
        0.75350719198,
        0.7561501609800001,
        0.72422529698,
        0.7476684559800001,
        0.72018233998,
        0.74708862998
      ],
      "exit_codes": [
        0,
        0,
        0,
        0,
        0,
        0,
        0,
        0,
        0,
        0
      ],
      "parameters": {
        "VERSION": "3.0.5"
      }
    },
    {
      "command": "3.6.3",
      "mean": 1.03438857278,
      "stddev": 0.032104166794588516,
      "median": 1.0332409444800001,
      "user": 3.4016029199999998,
      "system": 0.22639894,
      "min": 0.99172657498,
      "max": 1.08851403598,
      "times": [
        1.03859960598,
        1.04420683698,
        1.0806246479800001,
        1.0293913079800001,
        0.99308004398,
        1.02870467398,
        1.01194741898,
        1.08851403598,
        1.03709058098,
        0.99172657498
      ],
      "exit_codes": [
        0,
        0,
        0,
        0,
        0,
        0,
        0,
        0,
        0,
        0
      ],
      "parameters": {
        "VERSION": "3.6.3"
      }
    },
    {
      "command": "3.8.8",
      "mean": 0.9755428809800002,
      "stddev": 0.022524353757471766,
      "median": 0.9775050629800001,
      "user": 3.21396362,
      "system": 0.13488983999999998,
      "min": 0.9454621309800001,
      "max": 1.00863605598,
      "times": [
        1.00702188298,
        0.95815416898,
        0.9461992429800001,
        0.9638208479800001,
        0.9822766729800001,
        0.98221127498,
        0.9888476809800001,
        1.00863605598,
        0.9454621309800001,
        0.9727988509800001
      ],
      "exit_codes": [
        0,
        0,
        0,
        0,
        0,
        0,
        0,
        0,
        0,
        0
      ],
      "parameters": {
        "VERSION": "3.8.8"
      }
    },
    {
      "command": "3.9.9",
      "mean": 1.18021146398,
      "stddev": 0.013817718125406166,
      "median": 1.1792923104800002,
      "user": 3.97149722,
      "system": 0.14514824,
      "min": 1.16165280098,
      "max": 1.20443381598,
      "times": [
        1.1723060059800001,
        1.18247856198,
        1.18266519798,
        1.16165280098,
        1.20147590398,
        1.1823642249800002,
        1.16993068098,
        1.16858705098,
        1.20443381598,
        1.17622039598
      ],
      "exit_codes": [
        0,
        0,
        0,
        0,
        0,
        0,
        0,
        0,
        0,
        0
      ],
      "parameters": {
        "VERSION": "3.9.9"
      }
    },
    {
      "command": "4.0.0-alpha-13",
      "mean": 1.65748977708,
      "stddev": 0.03485867731805843,
      "median": 1.6502830719800001,
      "user": 6.7220716199999995,
      "system": 0.26607274,
      "min": 1.61004733298,
      "max": 1.72765004498,
      "times": [
        1.64741921298,
        1.6531469309800002,
        1.65818932498,
        1.72765004498,
        1.63930940998,
        1.64628081998,
        1.67670680798,
        1.6205506929800002,
        1.61004733298,
        1.6955971929800002
      ],
      "exit_codes": [
        0,
        0,
        0,
        0,
        0,
        0,
        0,
        0,
        0,
        0
      ],
      "parameters": {
        "VERSION": "4.0.0-alpha-13"
      }
    },
    {
      "command": "4.0.0-beta-3",
      "mean": 1.7274136375800002,
      "stddev": 0.03775944422040188,
      "median": 1.7381597434800002,
      "user": 7.00290952,
      "system": 0.27332494,
      "min": 1.67885650898,
      "max": 1.78695094898,
      "times": [
        1.6795069529800002,
        1.7453333179800001,
        1.7006017079800002,
        1.67885650898,
        1.7355651229800002,
        1.78695094898,
        1.74075436398,
        1.74751125798,
        1.76785022898,
        1.69120596498
      ],
      "exit_codes": [
        0,
        0,
        0,
        0,
        0,
        0,
        0,
        0,
        0,
        0
      ],
      "parameters": {
        "VERSION": "4.0.0-beta-3"
      }
    },
    {
      "command": "4.0.0-beta-4",
      "mean": 1.7905885725800004,
      "stddev": 0.030414608601252686,
      "median": 1.7961924064800001,
      "user": 7.44921262,
      "system": 0.29918733999999997,
      "min": 1.73473625198,
      "max": 1.8317150579800001,
      "times": [
        1.8014377059800002,
        1.79094710698,
        1.73473625198,
        1.8178399279800002,
        1.8317150579800001,
        1.81279326498,
        1.7664875099800001,
        1.81272297598,
        1.77646178098,
        1.7607441429800001
      ],
      "exit_codes": [
        0,
        0,
        0,
        0,
        0,
        0,
        0,
        0,
        0,
        0
      ],
      "parameters": {
        "VERSION": "4.0.0-beta-4"
      }
    }
  ]
}
