{
  "results": [
    {
      "command": "3.0.5",
      "mean": 1.7303110740399998,
      "stddev": 0.02694733605624443,
      "median": 1.7253520141399998,
      "user": 6.288579139999999,
      "system": 0.28443684,
      "min": 1.69289034514,
      "max": 1.7823545321399998,
      "times": [
        1.7823545321399998,
        1.6977188381400001,
        1.75870107414,
        1.69289034514,
        1.73490430914,
        1.71735227314,
        1.72420801614,
        1.72227173414,
        1.72649601214,
        1.74621360614
      ],
      "exit_codes": [
        0,
        0,
        0,
        0,
        0,
        0,
        0,
        0,
        0,
        0
      ],
      "parameters": {
        "VERSION": "3.0.5"
      }
    },
    {
      "command": "3.1.1",
      "mean": 2.1450959715400004,
      "stddev": 0.024797434426773072,
      "median": 2.13885107164,
      "user": 7.898922140000001,
      "system": 0.4333950399999999,
      "min": 2.10365925314,
      "max": 2.1783134671399997,
      "times": [
        2.15674995914,
        2.13850952014,
        2.17206094714,
        2.10365925314,
        2.1783134671399997,
        2.11895147214,
        2.17448958014,
        2.13531743714,
        2.13919262314,
        2.13371545614
      ],
      "exit_codes": [
        0,
        0,
        0,
        0,
        0,
        0,
        0,
        0,
        0,
        0
      ],
      "parameters": {
        "VERSION": "3.1.1"
      }
    },
    {
      "command": "3.2.5",
      "mean": 2.2431120668399998,
      "stddev": 0.03483241825405425,
      "median": 2.23525108514,
      "user": 8.307252340000002,
      "system": 0.4746862399999999,
      "min": 2.19194826714,
      "max": 2.29432417114,
      "times": [
        2.28111698114,
        2.21693510314,
        2.24415162414,
        2.24059056114,
        2.19194826714,
        2.22074690114,
        2.21998381814,
        2.29141163214,
        2.2299116091399998,
        2.29432417114
      ],
      "exit_codes": [
        0,
        0,
        0,
        0,
        0,
        0,
        0,
        0,
        0,
        0
      ],
      "parameters": {
        "VERSION": "3.2.5"
      }
    },
    {
      "command": "3.3.9",
      "mean": 2.2877582152399993,
      "stddev": 0.02934092841904604,
      "median": 2.28543550214,
      "user": 8.555311439999999,
      "system": 0.47351164,
      "min": 2.24818611614,
      "max": 2.34258119514,
      "times": [
        2.31327653314,
        2.2802517721399997,
        2.24818611614,
        2.27699947014,
        2.31244930314,
        2.29275844914,
        2.29061923214,
        2.25036139414,
        2.27009868714,
        2.34258119514
      ],
      "exit_codes": [
        0,
        0,
        0,
        0,
        0,
        0,
        0,
        0,
        0,
        0
      ],
      "parameters": {
        "VERSION": "3.3.9"
      }
    },
    {
      "command": "3.5.4",
      "mean": 2.17402249064,
      "stddev": 0.043838845417873744,
      "median": 2.16399114014,
      "user": 7.8898204399999985,
      "system": 0.62691824,
      "min": 2.1334060841399998,
      "max": 2.28514021314,
      "times": [
        2.28514021314,
        2.16740563114,
        2.1949773651399997,
        2.1334060841399998,
        2.14463107414,
        2.17777461314,
        2.16057664914,
        2.14548281214,
        2.14547204414,
        2.18535842014
      ],
      "exit_codes": [
        0,
        0,
        0,
        0,
        0,
        0,
        0,
        0,
        0,
        0
      ],
      "parameters": {
        "VERSION": "3.5.4"
      }
    },
    {
      "command": "3.6.3",
      "mean": 2.11634858964,
      "stddev": 0.05914805647663742,
      "median": 2.09150031214,
      "user": 7.741632339999998,
      "system": 0.61859284,
      "min": 2.0405970771399997,
      "max": 2.20787795514,
      "times": [
        2.0405970771399997,
        2.09129124214,
        2.09170938214,
        2.10159373314,
        2.0827451091399998,
        2.20736969814,
        2.07823410714,
        2.17909516014,
        2.20787795514,
        2.08297243214
      ],
      "exit_codes": [
        0,
        0,
        0,
        0,
        0,
        0,
        0,
        0,
        0,
        0
      ],
      "parameters": {
        "VERSION": "3.6.3"
      }
    },
    {
      "command": "3.8.1",
      "mean": 2.10231496654,
      "stddev": 0.03454202661926967,
      "median": 2.10299849914,
      "user": 7.634978439999998,
      "system": 0.61898824,
      "min": 2.04753989814,
      "max": 2.15289487414,
      "times": [
        2.07907847714,
        2.0617677041399998,
        2.10329637214,
        2.09385213014,
        2.04753989814,
        2.12551669514,
        2.10545604014,
        2.15104684814,
        2.10270062614,
        2.15289487414
      ],
      "exit_codes": [
        0,
        0,
        0,
        0,
        0,
        0,
        0,
        0,
        0,
        0
      ],
      "parameters": {
        "VERSION": "3.8.1"
      }
    },
    {
      "command": "3.8.2",
      "mean": 1.93260062134,
      "stddev": 0.04125913595347985,
      "median": 1.93038740864,
      "user": 7.168723339999998,
      "system": 0.28884134,
      "min": 1.88983300914,
      "max": 2.02624218314,
      "times": [
        1.8992141411399999,
        1.9612133951400001,
        1.93383314514,
        1.92694167214,
        2.02624218314,
        1.88983300914,
        1.8929429631399999,
        1.9051743771399998,
        1.95266706014,
        1.93794426714
      ],
      "exit_codes": [
        0,
        0,
        0,
        0,
        0,
        0,
        0,
        0,
        0,
        0
      ],
      "parameters": {
        "VERSION": "3.8.2"
      }
    },
    {
      "command": "3.8.3",
      "mean": 1.6914475209400002,
      "stddev": 0.026687451819130695,
      "median": 1.68497526714,
      "user": 6.67499004,
      "system": 0.26559184,
      "min": 1.65224026814,
      "max": 1.73452217014,
      "times": [
        1.65224026814,
        1.70617082514,
        1.68559931314,
        1.72666800014,
        1.66672386814,
        1.7087392231399998,
        1.67650886214,
        1.67295145814,
        1.68435122114,
        1.73452217014
      ],
      "exit_codes": [
        0,
        0,
        0,
        0,
        0,
        0,
        0,
        0,
        0,
        0
      ],
      "parameters": {
        "VERSION": "3.8.3"
      }
    },
    {
      "command": "3.8.4",
      "mean": 1.6981368533399999,
      "stddev": 0.025848832143641805,
      "median": 1.69233451364,
      "user": 6.665552439999999,
      "system": 0.25840854,
      "min": 1.6486982431400001,
      "max": 1.7367684961399998,
      "times": [
        1.7367684961399998,
        1.69104269914,
        1.68723407314,
        1.69362632814,
        1.72405085314,
        1.68262760414,
        1.70866928514,
        1.6486982431400001,
        1.68447939014,
        1.72417156114
      ],
      "exit_codes": [
        0,
        0,
        0,
        0,
        0,
        0,
        0,
        0,
        0,
        0
      ],
      "parameters": {
        "VERSION": "3.8.4"
      }
    },
    {
      "command": "3.8.5",
      "mean": 1.7163726567399997,
      "stddev": 0.031173525250413624,
      "median": 1.71265838314,
      "user": 6.74662294,
      "system": 0.24745064,
      "min": 1.66940001314,
      "max": 1.7904505091399998,
      "times": [
        1.7023269181399998,
        1.71077087314,
        1.71454589314,
        1.72031802414,
        1.72766361614,
        1.72692936314,
        1.69466432314,
        1.66940001314,
        1.7904505091399998,
        1.70665703414
      ],
      "exit_codes": [
        0,
        0,
        0,
        0,
        0,
        0,
        0,
        0,
        0,
        0
      ],
      "parameters": {
        "VERSION": "3.8.5"
      }
    },
    {
      "command": "3.8.6",