{
  "results": [
    {
      "command": "3.0.5",
      "mean": 0.88275142764,
      "stddev": 0.017644834466908677,
      "median": 0.87730864634,
      "user": 3.00178032,
      "system": 0.10930085999999999,
      "min": 0.86381886234,
      "max": 0.9114553903400001,
      "times": [
        0.86769103834,
        0.88156499334,
        0.8700749413400001,
        0.9020366793400001,
        0.90608760034,
        0.86381886234,
        0.8730522993400001,
        0.8837846693400001,
        0.86794780234,
        0.9114553903400001
      ],
      "exit_codes": [
        0,
        0,
        0,
        0,
        0,
        0,
        0,
        0,
        0,
        0
      ],
      "parameters": {
        "VERSION": "3.0.5"
      }
    },
    {
      "command": "3.1.1",
      "mean": 0.9324787355400002,
      "stddev": 0.02060854022953108,
      "median": 0.9282844643400001,
      "user": 3.14510322,
      "system": 0.12700256,
      "min": 0.9033763263400001,
      "max": 0.96945720834,
      "times": [
        0.93157091534,
        0.9033763263400001,
        0.94151714334,
        0.91256272534,
        0.9249980133400001,
        0.91597678134,
        0.96945720834,
        0.9500017983400001,
        0.92283429634,
        0.9524921473400001
      ],
      "exit_codes": [
        0,
        0,
        0,
        0,
        0,
        0,
        0,
        0,
        0,
        0
      ],
      "parameters": {
        "VERSION": "3.1.1"
      }
    },
    {
      "command": "3.2.5",
      "mean": 0.97757817534,
      "stddev": 0.01976176317904501,
      "median": 0.9723678188400001,
      "user": 3.42264992,
      "system": 0.13347036,
      "min": 0.95386786434,
      "max": 1.0175664353399998,
      "times": [
        0.96336684634,
        0.9844875753400001,
        0.95386786434,
        0.9976250183400001,
        0.9892709093400001,
        1.0175664353399998,
        0.9694132903400001,
        0.96658789834,
        0.9582735683400001,
        0.9753223473400001
      ],
      "exit_codes": [
        0,
        0,
        0,
        0,
        0,
        0,
        0,
        0,
        0,
        0
      ],
      "parameters": {
        "VERSION": "3.2.5"
      }
    },
    {
      "command": "3.3.9",
      "mean": 0.9971052553400002,
      "stddev": 0.02173241318820214,
      "median": 0.99598538184,
      "user": 3.5187907199999997,
      "system": 0.11230415999999999,
      "min": 0.9694133503400001,
      "max": 1.0369819463399998,
      "times": [
        0.9760661193400001,
        1.0369819463399998,
        1.0129110883399999,
        1.00814368334,
        1.00061325434,
        0.9742032943400001,
        0.9913575093400001,
        0.9851255293400001,
        0.9694133503400001,
        1.01623677834
      ],
      "exit_codes": [
        0,
        0,
        0,
        0,
        0,
        0,
        0,
        0,
        0,
        0
      ],
      "parameters": {
        "VERSION": "3.3.9"
      }
    },
    {
      "command": "3.5.4",
      "mean": 1.0347590819399999,
      "stddev": 0.024706773523401296,
      "median": 1.03460490834,
      "user": 3.67243842,
      "system": 0.15557865999999998,
      "min": 1.00043466934,
      "max": 1.0889160003399998,
      "times": [
        1.02244776834,
        1.0500984383399998,
        1.0442210513399999,
        1.0132025513399998,
        1.0889160003399998,
        1.04328422434,
        1.03667082334,
        1.01577629934,
        1.03253899334,
        1.00043466934
      ],
      "exit_codes": [
        0,
        0,
        0,
        0,
        0,
        0,
        0,
        0,
        0,
        0
      ],
      "parameters": {
        "VERSION": "3.5.4"
      }
    },
    {
      "command": "3.6.3",
      "mean": 0.9748235877399999,
      "stddev": 0.02879431167294837,
      "median": 0.97081212084,
      "user": 3.3296667199999996,
      "system": 0.15665755999999997,
      "min": 0.93770457634,
      "max": 1.03094384234,
      "times": [
        0.99136146834,
        0.9756767483400001,
        0.95578896934,
        1.00814676234,
        0.94855186434,
        0.93770457634,
        1.03094384234,
        0.95484844134,
        0.9792657113400001,
        0.9659474933400001
      ],
      "exit_codes": [
        0,
        0,
        0,
        0,
        0,
        0,
        0,
        0,
        0,
        0
      ],
      "parameters": {
        "VERSION": "3.6.3"
      }
    },
    {
      "command": "3.8.1",
      "mean": 0.98808226454,
      "stddev": 0.028428939178924834,
      "median": 0.9930028398400002,
      "user": 3.38002702,
      "system": 0.16404926,
      "min": 0.94928014634,
      "max": 1.03091388234,
      "times": [
        0.9961040143400001,
        0.97827112534,
        1.0159635943399998,
        0.94928014634,
        0.9899016653400001,
        1.03091388234,
        1.0083680683399998,
        0.9573824013400001,
        0.95079806034,
        1.00383968734
      ],
      "exit_codes": [
        0,
        0,
        0,
        0,
        0,
        0,
        0,
        0,
        0,
        0
      ],
      "parameters": {
        "VERSION": "3.8.1"
      }
    },
    {
      "command": "3.8.2",
      "mean": 0.9503311311400001,
      "stddev": 0.011460988700304387,
      "median": 0.9459240028400001,
      "user": 3.25881762,
      "system": 0.09703626,
      "min": 0.9388766083400001,
      "max": 0.9776006823400001,
      "times": [
        0.94062721534,
        0.9456215953400001,
        0.9518262353400001,
        0.9593090043400001,
        0.95459295734,
        0.9436914913400001,
        0.9388766083400001,
        0.9462264103400001,
        0.9776006823400001,
        0.9449391113400001
      ],
      "exit_codes": [
        0,
        0,
        0,
        0,
        0,
        0,
        0,
        0,
        0,
        0
      ],
      "parameters": {
        "VERSION": "3.8.2"
      }
    },
    {
      "command": "3.8.3",
      "mean": 0.9600690337400002,
      "stddev": 0.0484456233778569,
      "median": 0.94967287734,
      "user": 3.31293412,
      "system": 0.08922666,
      "min": 0.91821011734,
      "max": 1.08260476334,
      "times": [
        0.9308535323400001,
        0.9541461183400001,
        0.9524994093400001,
        0.94700565134,
        0.91821011734,
        0.9514912833400001,
        1.08260476334,
        0.9478544713400001,
        0.91923220234,
        0.9967927883400001
      ],
      "exit_codes": [
        0,
        0,
        0,
        0,
        0,
        0,
        0,
        0,
        0,
        0
      ],
      "parameters": {
        "VERSION": "3.8.3"
      }
    },
    {
      "command": "3.8.4",
      "mean": 0.9450043207400001,
      "stddev": 0.024943470343491304,
      "median": 0.9400972383400001,
      "user": 3.238689419999999,
      "system": 0.09120845999999999,
      "min": 0.9112163063400001,
      "max": 0.97913925434,
      "times": [
        0.9529167483400001,
        0.93524552634,
        0.9231017193400001,
        0.9112163063400001,
        0.93766010734,
        0.97716575234,
        0.9734624313400001,
        0.97913925434,
        0.9425343693400001,
        0.91760099234
      ],
      "exit_codes": [
        0,
        0,
        0,
        0,
        0,
        0,
        0,
        0,
        0,
        0
      ],
      "parameters": {
        "VERSION": "3.8.4"
      }
    },
    {
      "command": "3.8.5",
      "mean": 0.93699532004,
      "stddev": 0.012295558632654103,
      "median": 0.9356037313400001,
      "user": 3.2428144199999998,
      "system": 0.10472046000000002,
      "min": 0.9233215033400001,
      "max": 0.9611713583400001,
      "times": [
        0.9461083923400001,
        0.9449080513400001,
        0.92552707034,
        0.93282579334,
        0.9383816693400001,
        0.92512103034,
        0.9611713583400001,
        0.92761362134,
        0.94497471034,
        0.9233215033400001
      ],