{
  "results": [
    {
      "command": "3.0.5",
      "mean": 5.388485221200001,
      "stddev": 0.06265603489793506,
      "median": 5.3749286846,
      "user": 14.549387720000002,
      "system": 0.99595068,
      "min": 5.296187075100001,
      "max": 5.5082282591,
      "times": [
        5.5082282591,
        5.430973870100001,
        5.3409945391,
        5.425197364100001,
        5.4395047581,
        5.296187075100001,
        5.3461903461,
        5.3569716521,
        5.3928857171,
        5.3477186311
      ],
      "exit_codes": [
        0,
        0,
        0,
        0,
        0,
        0,
        0,
        0,
        0,
        0
      ],
      "parameters": {
        "VERSION": "3.0.5"
      }
    },
    {
      "command": "3.6.3",
      "mean": 7.212165217400002,
      "stddev": 0.06564659914901032,
      "median": 7.2120560206,
      "user": 17.777023019999998,
      "system": 1.9220970800000003,
      "min": 7.1256253421,
      "max": 7.3517120751,
      "times": [
        7.2214913131000005,
        7.228917029100001,
        7.3517120751,
        7.1808204921000005,
        7.2331846981000005,
        7.2683766501000004,
        7.1256253421,
        7.2026207281,
        7.1621469721,
        7.1467568741
      ],
      "exit_codes": [
        0,
        0,
        0,
        0,
        0,
        0,
        0,
        0,
        0,
        0
      ],
      "parameters": {
        "VERSION": "3.6.3"
      }
    },
    {
      "command": "3.8.8",
      "mean": 4.6277947078,
      "stddev": 0.03783685111185882,
      "median": 4.6198809441,
      "user": 14.928091720000001,
      "system": 0.71730148,
      "min": 4.5598936321000005,
      "max": 4.690453206100001,
      "times": [
        4.5598936321000005,
        4.690453206100001,
        4.6215224701,
        4.684280082100001,
        4.6067610191,
        4.627565828100001,
        4.6167520441,
        4.611114955100001,
        4.6182394181,
        4.641364423100001
      ],
      "exit_codes": [
        0,
        0,
        0,
        0,
        0,
        0,
        0,
        0,
        0,
        0
      ],
      "parameters": {
        "VERSION": "3.8.8"
      }
    },
    {
      "command": "3.9.4",
      "mean": 4.9204595353,
      "stddev": 0.05693539737029202,
      "median": 4.9179977906,
      "user": 16.11342182,
      "system": 0.73803228,
      "min": 4.841890648100001,
      "max": 5.0095953271,
      "times": [
        4.841890648100001,
        4.9090557161,
        4.860611207100001,
        4.9269398651000005,
        4.895529224100001,
        4.8659842501,
        4.997680288100001,
        4.9576156521,
        5.0095953271,
        4.9396931751
      ],
      "exit_codes": [
        0,
        0,
        0,
        0,
        0,
        0,
        0,
        0,
        0,
        0
      ],
      "parameters": {
        "VERSION": "3.9.4"
      }
    },
    {
      "command": "3.9.5",
      "mean": 4.9288420441000005,
      "stddev": 0.055247753438565486,
      "median": 4.9178702876000004,
      "user": 16.005662319999995,
      "system": 0.7885772799999999,
      "min": 4.8353511531,
      "max": 5.006341385100001,
      "times": [
        4.9083682221,
        4.9825666551,
        4.9239477541,
        5.006341385100001,
        5.0025448341,
        4.9397623121,
        4.8755022671,
        4.911792821100001,
        4.8353511531,
        4.902243037100001
      ],
      "exit_codes": [
        0,
        0,
        0,
        0,
        0,
        0,
        0,
        0,
        0,
        0
      ],
      "parameters": {
        "VERSION": "3.9.5"
      }
    },
    {
      "command": "4.0.0-alpha-7",
      "mean": 6.8619837135,
      "stddev": 0.07504012972379777,
      "median": 6.8816897606000005,
      "user": 21.548214320000003,
      "system": 1.01714678,
      "min": 6.7412960031,
      "max": 6.9378124431,
      "times": [
        6.9378124431,
        6.8126360111,
        6.9206150481,
        6.7412960031,
        6.9313826151,
        6.931466422100001,
        6.9180740681,
        6.8453054531,
        6.815506554100001,
        6.7657425171000005
      ],
      "exit_codes": [
        0,
        0,
        0,
        0,
        0,
        0,
        0,
        0,
        0,
        0
      ],
      "parameters": {
        "VERSION": "4.0.0-alpha-7"
      }
    },
    {
      "command": "4.0.0-alpha-8",
      "mean": 7.475646599199999,
      "stddev": 0.060727827842843245,
      "median": 7.4600198251,
      "user": 22.331901620000004,
      "system": 1.0340960799999999,
      "min": 7.416003298100001,
      "max": 7.5941741701000005,
      "times": [
        7.423278816100001,
        7.5941741701000005,
        7.4827027961,
        7.4434141921000005,
        7.4542581261,
        7.4657815241000005,
        7.417417134100001,
        7.5610287301,
        7.4984072051,
        7.416003298100001
      ],
      "exit_codes": [
        0,
        0,
        0,
        0,
        0,
        0,
        0,
        0,
        0,
        0
      ],
      "parameters": {
        "VERSION": "4.0.0-alpha-8"
      }
    }
  ]
}
