{
  "results": [
    {
      "command": "3.0.5",
      "mean": 0.7359733391400001,
      "stddev": 0.026434323598590707,
      "median": 0.7278050445400001,
      "user": 2.0754044200000004,
      "system": 0.10018859999999999,
      "min": 0.7143628160400001,
      "max": 0.7976815540400001,
      "times": [
        0.72767060804,
        0.7290518060400001,
        0.7143628160400001,
        0.71801498104,
        0.7344472700400001,
        0.7248652230400001,
        0.7279394810400001,
        0.7976815540400001,
        0.76824532704,
        0.7174543250400001
      ],
      "exit_codes": [
        0,
        0,
        0,
        0,
        0,
        0,
        0,
        0,
        0,
        0
      ],
      "parameters": {
        "VERSION": "3.0.5"
      }
    },
    {
      "command": "3.6.3",
      "mean": 0.90423023514,
      "stddev": 0.011657302261464976,
      "median": 0.9040746010400001,
      "user": 2.7179653200000002,
      "system": 0.16701479999999996,
      "min": 0.8879937990400001,
      "max": 0.9266643720400001,
      "times": [
        0.8967403260400001,
        0.8879937990400001,
        0.9039990380400001,
        0.8891824910400001,
        0.9041501640400001,
        0.9266643720400001,
        0.9111365310400001,
        0.9133746410400001,
        0.9091147780400001,
        0.89994621104
      ],
      "exit_codes": [
        0,
        0,
        0,
        0,
        0,
        0,
        0,
        0,
        0,
        0
      ],
      "parameters": {
        "VERSION": "3.6.3"
      }
    },
    {
      "command": "3.8.8",
      "mean": 0.8886702080400001,
      "stddev": 0.022744055781164795,
      "median": 0.8890703590400001,
      "user": 2.6494806199999994,
      "system": 0.12023369999999997,
      "min": 0.8467044760400001,
      "max": 0.9318719400400001,
      "times": [
        0.8467044760400001,
        0.88479107304,
        0.8933496450400001,
        0.8986760010400001,
        0.9318719400400001,
        0.8994735120400001,
        0.9034750000400001,
        0.8818462420400001,
        0.8773478050400001,
        0.8691663860400001
      ],
      "exit_codes": [
        0,
        0,
        0,
        0,
        0,
        0,
        0,
        0,
        0,
        0
      ],
      "parameters": {
        "VERSION": "3.8.8"
      }
    },
    {
      "command": "3.9.6",
      "mean": 1.0659854111400002,
      "stddev": 0.03200777384709276,
      "median": 1.06470700504,
      "user": 3.2653751200000003,
      "system": 0.12509619999999996,
      "min": 1.0263441500400001,
      "max": 1.13099420304,
      "times": [
        1.0449056890400001,
        1.06244369304,
        1.04260339204,
        1.07106640204,
        1.13099420304,
        1.10656486904,
        1.06697031704,
        1.0263441500400001,
        1.03885483904,
        1.06910655704
      ],
      "exit_codes": [
        0,
        0,
        0,
        0,
        0,
        0,
        0,
        0,
        0,
        0
      ],
      "parameters": {
        "VERSION": "3.9.6"
      }
    },
    {
      "command": "4.0.0-alpha-13",
      "mean": 1.52725860194,
      "stddev": 0.04421273560328786,
      "median": 1.5200761225400001,
      "user": 5.667635719999999,
      "system": 0.215937,
      "min": 1.46778835004,
      "max": 1.5904520150400001,
      "times": [
        1.55493392904,
        1.5904520150400001,
        1.48319511304,
        1.46778835004,
        1.4842389390400001,
        1.52946183004,
        1.57065791404,
        1.5792269360400002,
        1.5106904150400002,
        1.50194057804
      ],
      "exit_codes": [
        0,
        0,
        0,
        0,
        0,
        0,
        0,
        0,
        0,
        0
      ],
      "parameters": {
        "VERSION": "4.0.0-alpha-13"
      }
    }
  ]
}
