{
  "results": [
    {
      "command": "3.0.5",
      "mean": 1.5665786312,
      "stddev": 0.07885239510648086,
      "median": 1.5540959388000002,
      "user": 7.1372234799999985,
      "system": 0.31657758,
      "min": 1.4696694378000001,
      "max": 1.7271804088000002,
      "times": [
        1.4773541408000002,
        1.5866531598,
        1.5579171458,
        1.6523247288,
        1.5042694878000002,
        1.4696694378000001,
        1.7271804088000002,
        1.5502747318,
        1.5499354858,
        1.5902075848000001
      ],
      "exit_codes": [
        0,
        0,
        0,
        0,
        0,
        0,
        0,
        0,
        0,
        0
      ],
      "parameters": {
        "VERSION": "3.0.5"
      }
    },
    {
      "command": "3.1.1",
      "mean": 1.6343464654999997,
      "stddev": 0.07724920766818129,
      "median": 1.6299159968,
      "user": 7.20448388,
      "system": 0.31836228,
      "min": 1.5432971178000001,
      "max": 1.7839385718000003,
      "times": [
        1.5651241508,
        1.6797013818000002,
        1.7839385718000003,
        1.6285671008000002,
        1.5475479818000002,
        1.5432971178000001,
        1.6312648928,
        1.6900707368,
        1.6893904828000001,
        1.5845622378000002
      ],
      "exit_codes": [
        0,
        0,
        0,
        0,
        0,
        0,
        0,
        0,
        0,
        0
      ],
      "parameters": {
        "VERSION": "3.1.1"
      }
    },
    {
      "command": "3.2.5",
      "mean": 1.711254804,
      "stddev": 0.061902078721767305,
      "median": 1.6951059963000001,
      "user": 8.88506668,
      "system": 0.39733628,
      "min": 1.6454952988000002,
      "max": 1.8473911328000001,
      "times": [
        1.6914990308000002,
        1.7081990248,
        1.6569380198,
        1.8473911328000001,
        1.6818530338,
        1.6728591158000001,
        1.7232482178000001,
        1.7863522038000001,
        1.6454952988000002,
        1.6987129618
      ],
      "exit_codes": [
        0,
        0,
        0,
        0,
        0,
        0,
        0,
        0,
        0,
        0
      ],
      "parameters": {
        "VERSION": "3.2.5"
      }
    },
    {
      "command": "3.3.9",
      "mean": 1.8221791388,
      "stddev": 0.06121278471489657,
      "median": 1.8225704938000002,
      "user": 8.641034479999998,
      "system": 0.35427418,
      "min": 1.7535013618000002,
      "max": 1.9450730228000002,
      "times": [
        1.8655124908,
        1.9450730228000002,
        1.7535013618000002,
        1.7994493668000002,
        1.8574369248,
        1.7578573018,
        1.8456916208000003,
        1.7919149288000003,
        1.7585225838,
        1.8468317858
      ],
      "exit_codes": [
        0,
        0,
        0,
        0,
        0,
        0,
        0,
        0,
        0,
        0
      ],
      "parameters": {
        "VERSION": "3.3.9"
      }
    },
    {
      "command": "3.5.4",
      "mean": 1.9244651473000005,
      "stddev": 0.06294773819887614,
      "median": 1.9264364753,
      "user": 9.71499798,
      "system": 0.45245678,
      "min": 1.7871101548000001,
      "max": 2.0050004308,
      "times": [
        1.9662515888,
        1.9808024908000001,
        1.9057342198000002,
        1.9430804478,
        1.7871101548000001,
        1.8746763478000001,
        1.9067160478000003,
        2.0050004308,
        1.9654872418,
        1.9097925028000002
      ],
      "exit_codes": [
        0,
        0,
        0,
        0,
        0,
        0,
        0,
        0,
        0,
        0
      ],
      "parameters": {
        "VERSION": "3.5.4"
      }
    },
    {
      "command": "3.6.3",
      "mean": 1.8957556047000002,
      "stddev": 0.07068364789095492,
      "median": 1.8976502253,
      "user": 8.72199538,
      "system": 0.4460734799999999,
      "min": 1.7804094508000001,
      "max": 2.0083883398,
      "times": [
        1.7804094508000001,
        2.0083883398,
        1.9091432218000002,
        1.8239798918,
        1.9579202728,
        1.9300649828000003,
        1.9586973128,
        1.8861572288000001,
        1.8689067298000002,
        1.8338886158000003
      ],
      "exit_codes": [
        0,
        0,
        0,
        0,
        0,
        0,
        0,
        0,
        0,
        0
      ],
      "parameters": {
        "VERSION": "3.6.3"
      }
    },
    {
      "command": "3.8.1",
      "mean": 1.9157063281,
      "stddev": 0.07027343751248318,
      "median": 1.9242155333000002,
      "user": 8.751125779999999,
      "system": 0.46596118000000003,
      "min": 1.8084816458000001,
      "max": 2.0175543758,
      "times": [
        1.8660640678,
        1.8101914618000001,
        1.8084816458000001,
        1.9236458538,
        1.9584695048,
        1.9247852128000003,
        1.9095606258000002,
        1.9941733268000001,
        1.9441372058000002,
        2.0175543758
      ],
      "exit_codes": [
        0,
        0,
        0,
        0,
        0,
        0,
        0,
        0,
        0,
        0
      ],
      "parameters": {
        "VERSION": "3.8.1"
      }
    },
    {
      "command": "3.8.2",
      "mean": 1.8823821098000004,
      "stddev": 0.06332537811557373,
      "median": 1.8938499743000001,
      "user": 8.814117979999999,
      "system": 0.36068538000000006,
      "min": 1.7959248878,
      "max": 1.9767749238,
      "times": [
        1.8954558928000003,
        1.7959248878,
        1.8950426898000001,
        1.8173150118,
        1.9286052028,
        1.9767749238,
        1.8175649448,
        1.8926572588000001,
        1.9651250968,
        1.8393551888000002
      ],
      "exit_codes": [
        0,
        0,
        0,
        0,
        0,
        0,
        0,
        0,
        0,
        0
      ],
      "parameters": {
        "VERSION": "3.8.2"
      }
    },
    {
      "command": "3.8.3",
      "mean": 1.8085358854000002,
      "stddev": 0.07107044767601033,
      "median": 1.7946725968000001,
      "user": 8.19461098,
      "system": 0.33014518,
      "min": 1.7166673198,
      "max": 1.9363255858000001,
      "times": [
        1.7922891628000002,
        1.7550756308,
        1.7166673198,
        1.7970560308,
        1.7497109288000001,
        1.7974960888,
        1.9178135008000001,
        1.8422382378000002,
        1.9363255858000001,
        1.7806863678
      ],
      "exit_codes": [
        0,
        0,
        0,
        0,
        0,
        0,
        0,
        0,
        0,
        0
      ],
      "parameters": {
        "VERSION": "3.8.3"
      }
    },
    {
      "command": "3.8.4",
      "mean": 1.7922301534999998,
      "stddev": 0.03996074595621688,
      "median": 1.7844508378000001,
      "user": 8.38213218,
      "system": 0.33133628,
      "min": 1.7306994968000002,
      "max": 1.8650398218000002,
      "times": [
        1.7844660908,
        1.7540631158000002,
        1.7834213488000001,
        1.7306994968000002,
        1.7919911208000001,
        1.7844355848000002,
        1.8650398218000002,
        1.8081182228000001,
        1.8470653188000001,
        1.7730014138
      ],
      "exit_codes": [
        0,
        0,
        0,
        0,
        0,
        0,
        0,
        0,
        0,
        0
      ],
      "parameters": {
        "VERSION": "3.8.4"
      }
    },
    {
      "command": "4.0.0-alpha-1",
      "mean": 1.9678555585999997,
      "stddev": 0.08674123690791861,
      "median": 2.0027795823,
      "user": 9.670526679999998,
      "system": 0.36116318,
      "min": 1.8601763218,
      "max": 2.1152209848,
      "times": [
        2.0100243408000003,
        2.0169233388,
        2.1152209848,
        1.9091805598000002,
        1.8682018188000002,
        2.0188116948,
        1.8642324538000001,
        1.9955348238000001,
        2.0202492488,
        1.8601763218
      ],