{
  "results": [
    {
      "command": "3.0.5",
      "mean": 0.7120139515399999,
      "stddev": 0.010697680259349515,
      "median": 0.71313372454,
      "user": 2.0773002399999996,
      "system": 0.09253217999999999,
      "min": 0.68783714754,
      "max": 0.72620548954,
      "times": [
        0.71555392954,
        0.7115547975400001,
        0.72026472554,
        0.72620548954,
        0.70725235254,
        0.71220104254,
        0.72083639054,
        0.71406640654,
        0.70436723354,
        0.68783714754
      ],
      "exit_codes": [
        0,
        0,
        0,
        0,
        0,
        0,
        0,
        0,
        0,
        0
      ],
      "parameters": {
        "VERSION": "3.0.5"
      }
    },
    {
      "command": "3.6.3",
      "mean": 0.77653828214,
      "stddev": 0.019538226397505593,
      "median": 0.77511047804,
      "user": 2.3134411399999997,
      "system": 0.08053068,
      "min": 0.74714484754,
      "max": 0.80724523654,
      "times": [
        0.76935503454,
        0.74714484754,
        0.77726975054,
        0.80724523654,
        0.77295120554,
        0.75493063654,
        0.80143274854,
        0.76288697254,
        0.79345186454,
        0.77871452454
      ],
      "exit_codes": [
        0,
        0,
        0,
        0,
        0,
        0,
        0,
        0,
        0,
        0
      ],
      "parameters": {
        "VERSION": "3.6.3"
      }
    },
    {
      "command": "3.8.8",
      "mean": 0.76550553404,
      "stddev": 0.01506037936846172,
      "median": 0.76636836704,
      "user": 2.3643737399999996,
      "system": 0.07458757999999999,
      "min": 0.74237981354,
      "max": 0.78955492054,
      "times": [
        0.77416777554,
        0.74237981354,
        0.76805672554,
        0.74821419054,
        0.76012682054,
        0.78361565454,
        0.78955492054,
        0.77127435654,
        0.76468000854,
        0.75298507454
      ],
      "exit_codes": [
        0,
        0,
        0,
        0,
        0,
        0,
        0,
        0,
        0,
        0
      ],
      "parameters": {
        "VERSION": "3.8.8"
      }
    },
    {
      "command": "3.9.4",
      "mean": 0.9393482398399999,
      "stddev": 0.029586455456933874,
      "median": 0.9320600480400001,
      "user": 2.9854214399999996,
      "system": 0.07328018,
      "min": 0.90879129254,
      "max": 0.99502350354,
      "times": [
        0.91832474954,
        0.97884805854,
        0.9210181135400001,
        0.92031255954,
        0.99502350354,
        0.94310198254,
        0.94917338454,
        0.90879129254,
        0.94990644654,
        0.90898230754
      ],
      "exit_codes": [
        0,
        0,
        0,
        0,
        0,
        0,
        0,
        0,
        0,
        0
      ],
      "parameters": {
        "VERSION": "3.9.4"
      }
    },
    {
      "command": "3.9.5",
      "mean": 0.9249596456399999,
      "stddev": 0.013514213821538074,
      "median": 0.92789434504,
      "user": 2.92909694,
      "system": 0.07692508,
      "min": 0.90720279054,
      "max": 0.94382426454,
      "times": [
        0.93543667054,
        0.93207529254,
        0.90720279054,
        0.93432146754,
        0.94382426454,
        0.91113503454,
        0.92371339754,
        0.91455508154,
        0.93816119354,
        0.90917126354
      ],
      "exit_codes": [
        0,
        0,
        0,
        0,
        0,
        0,
        0,
        0,
        0,
        0
      ],
      "parameters": {
        "VERSION": "3.9.5"
      }
    },
    {
      "command": "4.0.0-alpha-7",
      "mean": 1.0782507407400002,
      "stddev": 0.025640227960778954,
      "median": 1.0719174910400002,
      "user": 3.0880752399999998,
      "system": 0.08722738000000001,
      "min": 1.0360472095400002,
      "max": 1.1270358525400002,
      "times": [
        1.0802779875400002,
        1.0762849945400002,
        1.0985594895400002,
        1.1033500525400002,
        1.1270358525400002,
        1.06660656154,
        1.0360472095400002,
        1.06075667554,
        1.06603859654,
        1.06754998754
      ],
      "exit_codes": [
        0,
        0,
        0,
        0,
        0,
        0,
        0,
        0,
        0,
        0
      ],
      "parameters": {
        "VERSION": "4.0.0-alpha-7"
      }
    },
    {
      "command": "4.0.0-alpha-8",
      "mean": 1.14094642484,
      "stddev": 0.022811390742616334,
      "median": 1.14385516654,
      "user": 3.3813084399999993,
      "system": 0.09922458,
      "min": 1.10702026254,
      "max": 1.16979476754,
      "times": [
        1.16055176454,
        1.14330833554,
        1.1254644015400002,
        1.1535639045400001,
        1.13044879954,
        1.16715906154,
        1.1444019975400002,
        1.10702026254,
        1.16979476754,
        1.10775095354
      ],
      "exit_codes": [
        0,
        0,
        0,
        0,
        0,
        0,
        0,
        0,
        0,
        0
      ],
      "parameters": {
        "VERSION": "4.0.0-alpha-8"
      }
    }
  ]
}
