{
  "results": [
    {
      "command": "3.0.5",
      "mean": 0.845823588,
      "stddev": 0.026526643708094183,
      "median": 0.8386721397,
      "user": 2.6545704599999995,
      "system": 0.13870686000000002,
      "min": 0.8114703592,
      "max": 0.9099429502,
      "times": [
        0.8316892162,
        0.8648244332,
        0.8338866662,
        0.8520193212,
        0.8427596582,
        0.8114703592,
        0.8331569822,
        0.8439016722,
        0.9099429502,
        0.8345846212
      ],
      "exit_codes": [
        0,
        0,
        0,
        0,
        0,
        0,
        0,
        0,
        0,
        0
      ],
      "parameters": {
        "VERSION": "3.0.5"
      }
    },
    {
      "command": "3.6.3",
      "mean": 1.1180454251999996,
      "stddev": 0.019276481779473848,
      "median": 1.1128111272,
      "user": 3.64317276,
      "system": 0.26180245999999996,
      "min": 1.0944633462,
      "max": 1.1533543112,
      "times": [
        1.1430407112,
        1.1086259742,
        1.1533543112,
        1.1169962802,
        1.0944633462,
        1.1083564812,
        1.1260487691999999,
        1.1264038902,
        1.1069187242,
        1.0962457641999999
      ],
      "exit_codes": [
        0,
        0,
        0,
        0,
        0,
        0,
        0,
        0,
        0,
        0
      ],
      "parameters": {
        "VERSION": "3.6.3"
      }
    },
    {
      "command": "3.8.8",
      "mean": 1.0379876084000002,
      "stddev": 0.02060538026399251,
      "median": 1.0414591877000001,
      "user": 3.4250402600000003,
      "system": 0.14504676,
      "min": 0.9945055372,
      "max": 1.0688902122,
      "times": [
        1.0503277462,
        1.0271832252,
        1.0422564932,
        1.0688902122,
        1.0406618822,
        1.0432294912,
        0.9945055372,
        1.0562938762,
        1.0202175772,
        1.0363100431999999
      ],
      "exit_codes": [
        0,
        0,
        0,
        0,
        0,
        0,
        0,
        0,
        0,
        0
      ],
      "parameters": {
        "VERSION": "3.8.8"
      }
    },
    {
      "command": "3.9.6",
      "mean": 1.2081144164000004,
      "stddev": 0.022560366701219563,
      "median": 1.2099888397,
      "user": 3.8758748599999997,
      "system": 0.16761166,
      "min": 1.1746861432,
      "max": 1.2437566312,
      "times": [
        1.1746861432,
        1.2149625532,
        1.2075146072,
        1.2357838982,
        1.2124630722,
        1.1982486932,
        1.1835753871999999,
        1.2230097062,
        1.2437566312,
        1.1871434722
      ],
      "exit_codes": [
        0,
        0,
        0,
        0,
        0,
        0,
        0,
        0,
        0,
        0
      ],
      "parameters": {
        "VERSION": "3.9.6"
      }
    },
    {
      "command": "4.0.0-alpha-13",
      "mean": 1.6713142706,
      "stddev": 0.040148493625826086,
      "median": 1.6670336142,
      "user": 6.67097366,
      "system": 0.28059096,
      "min": 1.6233013352,
      "max": 1.7458736252,
      "times": [
        1.6316324502,
        1.6233013352,
        1.6681449282,
        1.7458736252,
        1.6318008562000001,
        1.7041000702,
        1.6855577121999998,
        1.6460831532,
        1.6659223001999999,
        1.7107262752
      ],
      "exit_codes": [
        0,
        0,
        0,
        0,
        0,
        0,
        0,
        0,
        0,
        0
      ],
      "parameters": {
        "VERSION": "4.0.0-alpha-13"
      }
    }
  ]
}
