{
  "results": [
    {
      "command": "3.0.5",
      "mean": 0.8896205579,
      "stddev": 0.032358281917882745,
      "median": 0.8872754168000001,
      "user": 2.8490007399999993,
      "system": 0.1016273,
      "min": 0.8403446678000001,
      "max": 0.9581740958000001,
      "times": [
        0.8403446678000001,
        0.8936520968000001,
        0.8842271458000001,
        0.9581740958000001,
        0.8810907118000001,
        0.8528754138000001,
        0.8903236878,
        0.8801153248000001,
        0.9012648228000001,
        0.9141376118000001
      ],
      "exit_codes": [
        0,
        0,
        0,
        0,
        0,
        0,
        0,
        0,
        0,
        0
      ],
      "parameters": {
        "VERSION": "3.0.5"
      }
    },
    {
      "command": "3.1.1",
      "mean": 0.9300588696000002,
      "stddev": 0.016869951514963583,
      "median": 0.9287591683,
      "user": 3.0504580399999996,
      "system": 0.09463629999999999,
      "min": 0.9084281498000001,
      "max": 0.9580710888000001,
      "times": [
        0.9221273178000001,
        0.9331049928000001,
        0.9098960748000001,
        0.9580710888000001,
        0.9517109428000001,
        0.9244133438000001,
        0.9164898048000001,
        0.9084281498000001,
        0.9407773668000001,
        0.9355696138000001
      ],
      "exit_codes": [
        0,
        0,
        0,
        0,
        0,
        0,
        0,
        0,
        0,
        0
      ],
      "parameters": {
        "VERSION": "3.1.1"
      }
    },
    {
      "command": "3.2.5",
      "mean": 0.9697164516000001,
      "stddev": 0.024250429121031935,
      "median": 0.9650741388000001,
      "user": 3.31885004,
      "system": 0.0950636,
      "min": 0.9368708208000001,
      "max": 1.0251803147999998,
      "times": [
        0.9626826068000001,
        0.9883155468000001,
        0.9588392098000001,
        0.9727871128000001,
        0.9674656708000001,
        1.0251803147999998,
        0.9514499788000002,
        0.9368708208000001,
        0.9781583418,
        0.9554149128000001
      ],
      "exit_codes": [
        0,
        0,
        0,
        0,
        0,
        0,
        0,
        0,
        0,
        0
      ],
      "parameters": {
        "VERSION": "3.2.5"
      }
    },
    {
      "command": "3.3.9",
      "mean": 1.0138877729,
      "stddev": 0.017415305310972757,
      "median": 1.0157634123,
      "user": 3.4225593399999994,
      "system": 0.1083809,
      "min": 0.9864318418000001,
      "max": 1.0400180958,
      "times": [
        1.0335046237999999,
        1.0198661128,
        1.0214945138,
        1.0116607117999998,
        1.0225362787999999,
        1.0400180958,
        0.9885339818000001,
        1.0053853337999998,
        1.0094462348,
        0.9864318418000001
      ],
      "exit_codes": [
        0,
        0,
        0,
        0,
        0,
        0,
        0,
        0,
        0,
        0
      ],
      "parameters": {
        "VERSION": "3.3.9"
      }
    },
    {
      "command": "3.5.4",
      "mean": 1.0255871438,
      "stddev": 0.03031593836627319,
      "median": 1.0320120343,
      "user": 3.39874894,
      "system": 0.1437599,
      "min": 0.9654310008000001,
      "max": 1.0742449777999998,
      "times": [
        0.9907035788000002,
        1.0397647718,
        1.0175280897999999,
        1.0470705338,
        1.0261982898,
        1.0742449777999998,
        1.0378257788,
        1.0378544978,
        0.9654310008000001,
        1.0192499188
      ],
      "exit_codes": [
        0,
        0,
        0,
        0,
        0,
        0,
        0,
        0,
        0,
        0
      ],
      "parameters": {
        "VERSION": "3.5.4"
      }
    },
    {
      "command": "3.6.3",
      "mean": 1.0060830997,
      "stddev": 0.03051493084633429,
      "median": 0.9953668458000001,
      "user": 3.31648974,
      "system": 0.1368552,
      "min": 0.9781930218000001,
      "max": 1.0776705737999999,
      "times": [
        1.0141865008,
        1.0776705737999999,
        1.0353787378,
        0.9974570548000001,
        0.9898852088000001,
        0.9781930218000001,
        1.0083678118,
        0.9823845008000001,
        0.9932766368000001,
        0.9840309498
      ],
      "exit_codes": [
        0,
        0,
        0,
        0,
        0,
        0,
        0,
        0,
        0,
        0
      ],
      "parameters": {
        "VERSION": "3.6.3"
      }
    },
    {
      "command": "3.8.1",
      "mean": 0.9881071756,
      "stddev": 0.01818738387090707,
      "median": 0.9834572393000001,
      "user": 3.20032164,
      "system": 0.12975799999999998,
      "min": 0.9657992708,
      "max": 1.0145081327999999,
      "times": [
        0.9793692628000001,
        1.0145081327999999,
        0.9662808598000001,
        0.9830530848000001,
        1.0084490398,
        0.9942158038000001,
        1.0113621088,
        0.9741727988000001,
        0.9657992708,
        0.9838613938000002
      ],
      "exit_codes": [
        0,
        0,
        0,
        0,
        0,
        0,
        0,
        0,
        0,
        0
      ],
      "parameters": {
        "VERSION": "3.8.1"
      }
    },
    {
      "command": "3.8.2",
      "mean": 0.9913526281000001,
      "stddev": 0.023611145233349205,
      "median": 0.9897261623000001,
      "user": 3.22005264,
      "system": 0.0892498,
      "min": 0.9663436778000001,
      "max": 1.0481826777999999,
      "times": [
        0.9894531188000001,
        1.0088157208,
        0.9698337638000001,
        1.0481826777999999,
        0.9723219338000001,
        0.9663436778000001,
        0.9862706558000001,
        0.9899992058000001,
        0.9905449828000001,
        0.9917605438000001
      ],
      "exit_codes": [
        0,
        0,
        0,
        0,
        0,
        0,
        0,
        0,
        0,
        0
      ],
      "parameters": {
        "VERSION": "3.8.2"
      }
    },
    {
      "command": "3.8.3",
      "mean": 0.9361552907,
      "stddev": 0.017242412668405194,
      "median": 0.9315166708000001,
      "user": 3.0775330399999996,
      "system": 0.08515969999999999,
      "min": 0.9092085008000002,
      "max": 0.9692450378000002,
      "times": [
        0.9692450378000002,
        0.9329169768000001,
        0.9578094248000001,
        0.9224727598000001,
        0.9402331998000001,
        0.9092085008000002,
        0.9301163648000002,
        0.9280244958000001,
        0.9299093998000001,
        0.9416167468000001
      ],
      "exit_codes": [
        0,
        0,
        0,
        0,
        0,
        0,
        0,
        0,
        0,
        0
      ],
      "parameters": {
        "VERSION": "3.8.3"
      }
    },
    {
      "command": "3.8.4",
      "mean": 0.971198015,
      "stddev": 0.020460102497284565,
      "median": 0.9732057973000001,
      "user": 3.17486254,
      "system": 0.0880307,
      "min": 0.9381459408000001,
      "max": 1.0069489457999998,
      "times": [
        0.9721009688000001,
        0.9677186648000001,
        0.9421974228000001,
        0.9762179398000002,
        0.9812388878000001,
        1.0069489457999998,
        0.9743106258,
        0.9897794218000001,
        0.9633213318000001,
        0.9381459408000001
      ],
      "exit_codes": [
        0,
        0,
        0,
        0,
        0,
        0,
        0,
        0,
        0,
        0
      ],
      "parameters": {
        "VERSION": "3.8.4"
      }
    },
    {
      "command": "3.8.5",
      "mean": 0.9550687382000002,
      "stddev": 0.016309718282658352,
      "median": 0.9504533028000001,
      "user": 3.10865624,
      "system": 0.0812146,
      "min": 0.9414584808,
      "max": 0.9857238798000001,