{
  "results": [
    {
      "command": "3.0.5",
      "mean": 0.8779444608600002,
      "stddev": 0.032694670344669524,
      "median": 0.8713330720600001,
      "user": 2.8173367,
      "system": 0.18137516,
      "min": 0.84212525406,
      "max": 0.9529183240600001,
      "times": [
        0.8769744820600001,
        0.8586455740600001,
        0.8709362810600001,
        0.8555583250600001,
        0.8531289910600001,
        0.88697536206,
        0.9529183240600001,
        0.9104521520600001,
        0.84212525406,
        0.87172986306
      ],
      "exit_codes": [
        0,
        0,
        0,
        0,
        0,
        0,
        0,
        0,
        0,
        0
      ],
      "parameters": {
        "VERSION": "3.0.5"
      }
    },
    {
      "command": "3.6.3",
      "mean": 1.24846750936,
      "stddev": 0.023959230363679702,
      "median": 1.24843508856,
      "user": 4.3450399,
      "system": 0.36330895999999996,
      "min": 1.20489231506,
      "max": 1.29124775806,
      "times": [
        1.24951683806,
        1.25971681306,
        1.23889366306,
        1.24735333906,
        1.25353708506,
        1.29124775806,
        1.20489231506,
        1.27042445706,
        1.24722524106,
        1.22186758406
      ],
      "exit_codes": [
        0,
        0,
        0,
        0,
        0,
        0,
        0,
        0,
        0,
        0
      ],
      "parameters": {
        "VERSION": "3.6.3"
      }
    },
    {
      "command": "3.8.8",
      "mean": 1.15892789706,
      "stddev": 0.02960347709118452,
      "median": 1.15921747656,
      "user": 4.0307930999999995,
      "system": 0.18159086,
      "min": 1.12628360406,
      "max": 1.21424172006,
      "times": [
        1.15706409606,
        1.12750957606,
        1.16137085706,
        1.16532609606,
        1.1409630370600001,
        1.12628360406,
        1.21424172006,
        1.12739618806,
        1.19139363606,
        1.17773016006
      ],
      "exit_codes": [
        0,
        0,
        0,
        0,
        0,
        0,
        0,
        0,
        0,
        0
      ],
      "parameters": {
        "VERSION": "3.8.8"
      }
    },
    {
      "command": "3.9.9",
      "mean": 1.37614015636,
      "stddev": 0.03537624836370302,
      "median": 1.37231204206,
      "user": 4.7856201,
      "system": 0.21157105999999998,
      "min": 1.33344360706,
      "max": 1.46081715606,
      "times": [
        1.33620201406,
        1.37099866206,
        1.36856207906,
        1.38471704706,
        1.37362542206,
        1.37435941506,
        1.33344360706,
        1.39495365106,
        1.46081715606,
        1.3637225100600001
      ],
      "exit_codes": [
        0,
        0,
        0,
        0,
        0,
        0,
        0,
        0,
        0,
        0
      ],
      "parameters": {
        "VERSION": "3.9.9"
      }
    },
    {
      "command": "4.0.0-alpha-13",
      "mean": 1.88165138046,
      "stddev": 0.04028428482235594,
      "median": 1.87213582456,
      "user": 8.2359261,
      "system": 0.36507146,
      "min": 1.83966871706,
      "max": 1.96835298406,
      "times": [
        1.86335669206,
        1.87072360206,
        1.84589271306,
        1.89138125606,
        1.84864056106,
        1.88501155306,
        1.96835298406,
        1.92993767906,
        1.8735480470599999,
        1.83966871706
      ],
      "exit_codes": [
        0,
        0,
        0,
        0,
        0,
        0,
        0,
        0,
        0,
        0
      ],
      "parameters": {
        "VERSION": "4.0.0-alpha-13"
      }
    },
    {
      "command": "4.0.0-beta-3",
      "mean": 1.94150723286,
      "stddev": 0.041137908884185566,
      "median": 1.92842183906,
      "user": 8.3732589,
      "system": 0.33963526,
      "min": 1.89390580806,
      "max": 2.00537236306,
      "times": [
        1.93375270106,
        1.89924298606,
        1.9187841950600002,
        1.9230909770600002,
        1.9143286590600002,
        1.89390580806,
        2.00537236306,
        1.9958217230600002,
        1.93935542206,
        1.99141749406
      ],
      "exit_codes": [
        0,
        0,
        0,
        0,
        0,
        0,
        0,
        0,
        0,
        0
      ],
      "parameters": {
        "VERSION": "4.0.0-beta-3"
      }
    },
    {
      "command": "4.0.0-beta-4",
      "mean": 2.04852690806,
      "stddev": 0.03689234202074874,
      "median": 2.0418984675600003,
      "user": 9.079621299999998,
      "system": 0.37282746000000005,
      "min": 1.99854048106,
      "max": 2.12294768706,
      "times": [
        2.12294768706,
        2.02705954406,
        2.06030969806,
        1.99854048106,
        2.06407883206,
        2.08661958406,
        2.02927976306,
        2.05120626806,
        2.03259066706,
        2.01263655606
      ],
      "exit_codes": [
        0,
        0,
        0,
        0,
        0,
        0,
        0,
        0,
        0,
        0
      ],
      "parameters": {
        "VERSION": "4.0.0-beta-4"
      }
    }
  ]
}
