{
  "results": [
    {
      "command": "3.0.5",
      "mean": 0.8592947761200002,
      "stddev": 0.019794680775581046,
      "median": 0.85180576342,
      "user": 2.6885953799999998,
      "system": 0.14817003999999998,
      "min": 0.8391066344200001,
      "max": 0.8918063934200001,
      "times": [
        0.84105039942,
        0.8391066344200001,
        0.8792186374200001,
        0.84319798942,
        0.88558329842,
        0.85033376242,
        0.8652436654200001,
        0.8918063934200001,
        0.85327776442,
        0.84412921642
      ],
      "exit_codes": [
        0,
        0,
        0,
        0,
        0,
        0,
        0,
        0,
        0,
        0
      ],
      "parameters": {
        "VERSION": "3.0.5"
      }
    },
    {
      "command": "3.6.3",
      "mean": 1.1508077504199998,
      "stddev": 0.014373418893901254,
      "median": 1.1510856989199998,
      "user": 3.7283466800000005,
      "system": 0.29424574,
      "min": 1.12347403842,
      "max": 1.1729137344199998,
      "times": [
        1.1571517224199999,
        1.14217175242,
        1.14814719242,
        1.1540242054199998,
        1.1608580364199999,
        1.1372743754199999,
        1.16476534542,
        1.14729710142,
        1.1729137344199998,
        1.12347403842
      ],
      "exit_codes": [
        0,
        0,
        0,
        0,
        0,
        0,
        0,
        0,
        0,
        0
      ],
      "parameters": {
        "VERSION": "3.6.3"
      }
    },
    {
      "command": "3.8.8",
      "mean": 1.0880398323199998,
      "stddev": 0.015769709899475525,
      "median": 1.08893363942,
      "user": 3.5405254799999994,
      "system": 0.15323364,
      "min": 1.0617965274199999,
      "max": 1.10856043642,
      "times": [
        1.0807790744199999,
        1.09064731442,
        1.0937931214199998,
        1.10163457842,
        1.0617965274199999,
        1.08721996442,
        1.1077393654199998,
        1.0680185034199998,
        1.10856043642,
        1.08020943742
      ],
      "exit_codes": [
        0,
        0,
        0,
        0,
        0,
        0,
        0,
        0,
        0,
        0
      ],
      "parameters": {
        "VERSION": "3.8.8"
      }
    },
    {
      "command": "3.9.6",
      "mean": 1.26129064152,
      "stddev": 0.026816850845645997,
      "median": 1.25344339092,
      "user": 4.07266918,
      "system": 0.15157184,
      "min": 1.22148366142,
      "max": 1.31100211242,
      "times": [
        1.25237189142,
        1.25303217542,
        1.24249588142,
        1.24955141542,
        1.25385460642,
        1.26774443142,
        1.22148366142,
        1.25913948242,
        1.31100211242,
        1.3022307574199998
      ],
      "exit_codes": [
        0,
        0,
        0,
        0,
        0,
        0,
        0,
        0,
        0,
        0
      ],
      "parameters": {
        "VERSION": "3.9.6"
      }
    },
    {
      "command": "4.0.0-alpha-13",
      "mean": 1.7618947296200003,
      "stddev": 0.052259383544827565,
      "median": 1.75841374692,
      "user": 7.17701208,
      "system": 0.28005104000000003,
      "min": 1.6864681104199999,
      "max": 1.85060381042,
      "times": [
        1.72906018742,
        1.75762074042,
        1.75920675342,
        1.85060381042,
        1.77381985242,
        1.83170585142,
        1.7931758704199998,
        1.6864681104199999,
        1.72817165742,
        1.70911446242
      ],
      "exit_codes": [
        0,
        0,
        0,
        0,
        0,
        0,
        0,
        0,
        0,
        0
      ],
      "parameters": {
        "VERSION": "4.0.0-alpha-13"
      }
    }
  ]
}
