{
  "results": [
    {
      "command": "3.0.5",
      "mean": 1.3887634054400002,
      "stddev": 0.03883848101735077,
      "median": 1.3836243519400002,
      "user": 4.716487599999999,
      "system": 0.35099267999999995,
      "min": 1.34876926294,
      "max": 1.47487374294,
      "times": [
        1.4067788089400002,
        1.39300585594,
        1.34876926294,
        1.47487374294,
        1.4228649989400002,
        1.3749105919400002,
        1.3923381119400002,
        1.3558366509400002,
        1.3614184419400002,
        1.35683758794
      ],
      "exit_codes": [
        0,
        0,
        0,
        0,
        0,
        0,
        0,
        0,
        0,
        0
      ],
      "parameters": {
        "VERSION": "3.0.5"
      }
    },
    {
      "command": "3.6.3",
      "mean": 2.2138835430399997,
      "stddev": 0.026226311918776876,
      "median": 2.21551292744,
      "user": 7.684827999999999,
      "system": 0.8418665799999999,
      "min": 2.17527193294,
      "max": 2.25006275294,
      "times": [
        2.25006275294,
        2.17595552794,
        2.24603079494,
        2.22507392794,
        2.21900697694,
        2.19405031194,
        2.2088954689399998,
        2.17527193294,
        2.23246885794,
        2.21201887794
      ],
      "exit_codes": [
        0,
        0,
        0,
        0,
        0,
        0,
        0,
        0,
        0,
        0
      ],
      "parameters": {
        "VERSION": "3.6.3"
      }
    },
    {
      "command": "3.8.8",
      "mean": 1.8003441356400003,
      "stddev": 0.029724681309846727,
      "median": 1.7952554894400001,
      "user": 6.767632399999999,
      "system": 0.33790057999999995,
      "min": 1.7509409619400003,
      "max": 1.8644286619400001,
      "times": [
        1.79364084194,
        1.7897950789400001,
        1.7968701369400002,
        1.7509409619400003,
        1.8094904369400002,
        1.7840826099400002,
        1.7836514109400001,
        1.8243228549400001,
        1.8062183619400003,
        1.8644286619400001
      ],
      "exit_codes": [
        0,
        0,
        0,
        0,
        0,
        0,
        0,
        0,
        0,
        0
      ],
      "parameters": {
        "VERSION": "3.8.8"
      }
    },
    {
      "command": "3.9.9",
      "mean": 2.05932355704,
      "stddev": 0.040206671768756835,
      "median": 2.05956576944,
      "user": 7.8452937999999985,
      "system": 0.3494200799999999,
      "min": 1.9748290739400003,
      "max": 2.1146577669399997,
      "times": [
        2.05587710894,
        2.10454565994,
        2.1146577669399997,
        2.0636851689399998,
        1.9748290739400003,
        2.0919558499399997,
        2.04248218694,
        2.05180709294,
        2.0632544299399997,
        2.03014123194
      ],
      "exit_codes": [
        0,
        0,
        0,
        0,
        0,
        0,
        0,
        0,
        0,
        0
      ],
      "parameters": {
        "VERSION": "3.9.9"
      }
    },
    {
      "command": "4.0.0-alpha-13",
      "mean": 2.7385475870400002,
      "stddev": 0.04996487312201309,
      "median": 2.74692755894,
      "user": 13.707947399999998,
      "system": 0.73967368,
      "min": 2.64133582294,
      "max": 2.80832015194,
      "times": [
        2.76188798994,
        2.75442834194,
        2.79116667694,
        2.74338341494,
        2.73512744594,
        2.72599474594,
        2.64133582294,
        2.67335957694,
        2.75047170294,
        2.80832015194
      ],
      "exit_codes": [
        0,
        0,
        0,
        0,
        0,
        0,
        0,
        0,
        0,
        0
      ],
      "parameters": {
        "VERSION": "4.0.0-alpha-13"
      }
    },
    {
      "command": "4.0.0-beta-3",
      "mean": 2.8894083568399997,
      "stddev": 0.05310922815279408,
      "median": 2.89820338544,
      "user": 13.9571289,
      "system": 0.68701838,
      "min": 2.81712334894,
      "max": 2.95820325394,
      "times": [
        2.95440695194,
        2.95820325394,
        2.84259203394,
        2.92223565194,
        2.89186449094,
        2.93215343294,
        2.83025047794,
        2.81712334894,
        2.90454227994,
        2.84071164594
      ],
      "exit_codes": [
        0,
        0,
        0,
        0,
        0,
        0,
        0,
        0,
        0,
        0
      ],
      "parameters": {
        "VERSION": "4.0.0-beta-3"
      }
    },
    {
      "command": "4.0.0-beta-4",
      "mean": 3.12265743774,
      "stddev": 0.046319170246437426,
      "median": 3.1411739059399997,
      "user": 15.6131448,
      "system": 0.7825087799999999,
      "min": 3.02243321694,
      "max": 3.19114906694,
      "times": [
        3.14946153494,
        3.1424251069399998,
        3.10657054094,
        3.0953931889399997,
        3.14594837694,
        3.14446295994,
        3.08880767994,
        3.19114906694,
        3.02243321694,
        3.13992270494
      ],
      "exit_codes": [
        0,
        0,
        0,
        0,
        0,
        0,
        0,
        0,
        0,
        0
      ],
      "parameters": {
        "VERSION": "4.0.0-beta-4"
      }
    }
  ]
}
