{
  "results": [
    {
      "command": "3.0.5",
      "mean": 1.10418179686,
      "stddev": 0.023381866801706386,
      "median": 1.09930803956,
      "user": 3.7284343399999997,
      "system": 0.23015974,
      "min": 1.06823717006,
      "max": 1.1513661580599999,
      "times": [
        1.12571643806,
        1.10316582606,
        1.06823717006,
        1.08611616806,
        1.09444414706,
        1.0954502530599999,
        1.10578462606,
        1.12046924806,
        1.1513661580599999,
        1.09106793406
      ],
      "exit_codes": [
        0,
        0,
        0,
        0,
        0,
        0,
        0,
        0,
        0,
        0
      ],
      "parameters": {
        "VERSION": "3.0.5"
      }
    },
    {
      "command": "3.6.3",
      "mean": 1.67042698276,
      "stddev": 0.025508402238751057,
      "median": 1.66324501956,
      "user": 5.873352639999999,
      "system": 0.56900324,
      "min": 1.64129047906,
      "max": 1.71268682906,
      "times": [
        1.64129047906,
        1.68720747406,
        1.64822746906,
        1.65663373706,
        1.68371021506,
        1.70478407006,
        1.66860443106,
        1.6432395150599999,
        1.65788560806,
        1.71268682906
      ],
      "exit_codes": [
        0,
        0,
        0,
        0,
        0,
        0,
        0,
        0,
        0,
        0
      ],
      "parameters": {
        "VERSION": "3.6.3"
      }
    },
    {
      "command": "3.8.8",
      "mean": 1.4383185369600002,
      "stddev": 0.02706769892197947,
      "median": 1.4347417765600001,
      "user": 5.196507339999999,
      "system": 0.26044583999999993,
      "min": 1.38683054706,
      "max": 1.48619582306,
      "times": [
        1.48619582306,
        1.38683054706,
        1.4637257100599999,
        1.44917330506,
        1.41575670206,
        1.45222163406,
        1.43242506906,
        1.4280394700599999,
        1.43175862506,
        1.43705848406
      ],
      "exit_codes": [
        0,
        0,
        0,
        0,
        0,
        0,
        0,
        0,
        0,
        0
      ],
      "parameters": {
        "VERSION": "3.8.8"
      }
    },
    {
      "command": "3.9.9",
      "mean": 1.66936391146,
      "stddev": 0.02744420117834702,
      "median": 1.67738046556,
      "user": 6.028550139999999,
      "system": 0.29326373999999994,
      "min": 1.6147649790599998,
      "max": 1.69715928606,
      "times": [
        1.68520551106,
        1.65070211306,
        1.6147649790599998,
        1.66918843806,
        1.63634575306,
        1.68789182906,
        1.68825479006,
        1.66955542006,
        1.6945709950599999,
        1.69715928606
      ],
      "exit_codes": [
        0,
        0,
        0,
        0,
        0,
        0,
        0,
        0,
        0,
        0
      ],
      "parameters": {
        "VERSION": "3.9.9"
      }
    },
    {
      "command": "4.0.0-alpha-13",
      "mean": 2.2421705417599997,
      "stddev": 0.03437833578965166,
      "median": 2.23947029756,
      "user": 10.30131774,
      "system": 0.4713676400000001,
      "min": 2.18888422506,
      "max": 2.31298430406,
      "times": [
        2.25509000306,
        2.26957659106,
        2.24686894306,
        2.31298430406,
        2.22079069206,
        2.25564325106,
        2.18888422506,
        2.22731366306,
        2.2124820930599998,
        2.23207165206
      ],
      "exit_codes": [
        0,
        0,
        0,
        0,
        0,
        0,
        0,
        0,
        0,
        0
      ],
      "parameters": {
        "VERSION": "4.0.0-alpha-13"
      }
    },
    {
      "command": "4.0.0-beta-3",
      "mean": 2.3145657779599995,
      "stddev": 0.03848604126605164,
      "median": 2.32856374006,
      "user": 10.36957254,
      "system": 0.45326834,
      "min": 2.26062126706,
      "max": 2.37191739906,
      "times": [
        2.26062126706,
        2.33047852106,
        2.33852331606,
        2.33261604206,
        2.32664895906,
        2.27756729706,
        2.35352406206,
        2.37191739906,
        2.28413866606,
        2.26962225006
      ],
      "exit_codes": [
        0,
        0,
        0,
        0,
        0,
        0,
        0,
        0,
        0,
        0
      ],
      "parameters": {
        "VERSION": "4.0.0-beta-3"
      }
    },
    {
      "command": "4.0.0-beta-4",
      "mean": 2.51657268576,
      "stddev": 0.026876851093729823,
      "median": 2.51456545056,
      "user": 11.54585014,
      "system": 0.5608194400000001,
      "min": 2.47964065306,
      "max": 2.57127535806,
      "times": [
        2.51883622306,
        2.4847005270599998,
        2.50632830006,
        2.51375977906,
        2.47964065306,
        2.54796547406,
        2.51167345706,
        2.57127535806,
        2.51537112206,
        2.51617596406
      ],
      "exit_codes": [
        0,
        0,
        0,
        0,
        0,
        0,
        0,
        0,
        0,
        0
      ],
      "parameters": {
        "VERSION": "4.0.0-beta-4"
      }
    }
  ]
}
