{
  "results": [
    {
      "command": "3.0.5",
      "mean": 4.42661387722,
      "stddev": 0.0370538127603266,
      "median": 4.42239583132,
      "user": 10.85487894,
      "system": 1.0163623,
      "min": 4.38064750982,
      "max": 4.47336308882,
      "times": [
        4.3925224938200005,
        4.43680738982,
        4.46215489982,
        4.40798427282,
        4.46179527682,
        4.38064750982,
        4.38255213682,
        4.464890054820001,
        4.47336308882,
        4.40342164882
      ],
      "exit_codes": [
        0,
        0,
        0,
        0,
        0,
        0,
        0,
        0,
        0,
        0
      ],
      "parameters": {
        "VERSION": "3.0.5"
      }
    },
    {
      "command": "3.6.3",
      "mean": 7.66775835682,
      "stddev": 0.045111929664126096,
      "median": 7.67425069732,
      "user": 17.324395339999995,
      "system": 2.9145601999999995,
      "min": 7.57712761782,
      "max": 7.7305970978200005,
      "times": [
        7.69232215082,
        7.677005797820001,
        7.57712761782,
        7.7305970978200005,
        7.67149559682,
        7.68316880482,
        7.62151971182,
        7.71895409982,
        7.65285251082,
        7.65254017982
      ],
      "exit_codes": [
        0,
        0,
        0,
        0,
        0,
        0,
        0,
        0,
        0,
        0
      ],
      "parameters": {
        "VERSION": "3.6.3"
      }
    },
    {
      "command": "3.8.8",
      "mean": 4.761075400519999,
      "stddev": 0.046533300778036274,
      "median": 4.74741845582,
      "user": 14.65704034,
      "system": 0.9578801000000002,
      "min": 4.71085678782,
      "max": 4.83434411882,
      "times": [
        4.81293003782,
        4.71148162482,
        4.83434411882,
        4.8234792118200005,
        4.73468293282,
        4.71085678782,
        4.72736255382,
        4.76124329482,
        4.73421946382,
        4.76015397882
      ],
      "exit_codes": [
        0,
        0,
        0,
        0,
        0,
        0,
        0,
        0,
        0,
        0
      ],
      "parameters": {
        "VERSION": "3.8.8"
      }
    },
    {
      "command": "3.9.6",
      "mean": 5.00893833952,
      "stddev": 0.04519902595042852,
      "median": 5.01549423382,
      "user": 15.52242644,
      "system": 0.9341428,
      "min": 4.93182495582,
      "max": 5.067238686820001,
      "times": [
        4.93182495582,
        5.02610371582,
        5.00615362182,
        5.00086904382,
        5.067238686820001,
        5.02483484582,
        4.938453630820001,
        5.00126360582,
        5.0290134678200005,
        5.06362782082
      ],
      "exit_codes": [
        0,
        0,
        0,
        0,
        0,
        0,
        0,
        0,
        0,
        0
      ],
      "parameters": {
        "VERSION": "3.9.6"
      }
    },
    {
      "command": "4.0.0-alpha-13",
      "mean": 6.3821602862199995,
      "stddev": 0.10273391619718057,
      "median": 6.37061262732,
      "user": 28.131448139999996,
      "system": 1.8231777,
      "min": 6.21195018782,
      "max": 6.53943730082,
      "times": [
        6.53943730082,
        6.5215483478200005,
        6.36030090782,
        6.3809243468200005,
        6.35419951982,
        6.27020498882,
        6.39684355582,
        6.21195018782,
        6.45474821482,
        6.33144549182
      ],
      "exit_codes": [
        0,
        0,
        0,
        0,
        0,
        0,
        0,
        0,
        0,
        0
      ],
      "parameters": {
        "VERSION": "4.0.0-alpha-13"
      }
    }
  ]
}
