{
  "results": [
    {
      "command": "3.0.5",
      "mean": 1.1998037846599998,
      "stddev": 0.020578920803979453,
      "median": 1.18875286826,
      "user": 4.001449920000001,
      "system": 0.27874160000000003,
      "min": 1.17956759776,
      "max": 1.24002268676,
      "times": [
        1.17956759776,
        1.2270031907599999,
        1.21418168976,
        1.18887453976,
        1.2017576607599998,
        1.1886311967599998,
        1.24002268676,
        1.1866592727599998,
        1.18271752476,
        1.18862248676
      ],
      "exit_codes": [
        0,
        0,
        0,
        0,
        0,
        0,
        0,
        0,
        0,
        0
      ],
      "parameters": {
        "VERSION": "3.0.5"
      }
    },
    {
      "command": "3.6.3",
      "mean": 1.8183091150599995,
      "stddev": 0.050145343268586606,
      "median": 1.81641335026,
      "user": 6.366321819999999,
      "system": 0.6652902,
      "min": 1.73231796976,
      "max": 1.90107148776,
      "times": [
        1.73231796976,
        1.81682342576,
        1.8562261547599999,
        1.82123124276,
        1.76512438376,
        1.90107148776,
        1.81600327476,
        1.8090235777600001,
        1.8751075047599999,
        1.79016212876
      ],
      "exit_codes": [
        0,
        0,
        0,
        0,
        0,
        0,
        0,
        0,
        0,
        0
      ],
      "parameters": {
        "VERSION": "3.6.3"
      }
    },
    {
      "command": "3.8.8",
      "mean": 1.53699230296,
      "stddev": 0.02252570951136485,
      "median": 1.5450823967599998,
      "user": 5.61254142,
      "system": 0.27111849999999993,
      "min": 1.4958853807599999,
      "max": 1.56127494376,
      "times": [
        1.56127494376,
        1.5515308607599998,
        1.55366753176,
        1.5386339327599998,
        1.55320266276,
        1.5300302237599999,
        1.55255976676,
        1.53083926476,
        1.50229846176,
        1.4958853807599999
      ],
      "exit_codes": [
        0,
        0,
        0,
        0,
        0,
        0,
        0,
        0,
        0,
        0
      ],
      "parameters": {
        "VERSION": "3.8.8"
      }
    },
    {
      "command": "3.9.6",
      "mean": 1.72849855246,
      "stddev": 0.025411866409881127,
      "median": 1.7231111292599999,
      "user": 6.251469819999999,
      "system": 0.28832399999999997,
      "min": 1.69034042976,
      "max": 1.78704253176,
      "times": [
        1.78704253176,
        1.71351850776,
        1.72598073676,
        1.7202415217599998,
        1.72808715776,
        1.7422038677599998,
        1.71813605076,
        1.74258494976,
        1.69034042976,
        1.71684977076
      ],
      "exit_codes": [
        0,
        0,
        0,
        0,
        0,
        0,
        0,
        0,
        0,
        0
      ],
      "parameters": {
        "VERSION": "3.9.6"
      }
    },
    {
      "command": "4.0.0-alpha-13",
      "mean": 2.3470017419599998,
      "stddev": 0.048816740975427826,
      "median": 2.33823753376,
      "user": 11.03771132,
      "system": 0.5411182999999999,
      "min": 2.26405954076,
      "max": 2.42520993776,
      "times": [
        2.31511398876,
        2.37691038476,
        2.34166599876,
        2.38002858276,
        2.40314025276,
        2.26405954076,
        2.31195195276,
        2.33480906876,
        2.31712771176,
        2.42520993776
      ],
      "exit_codes": [
        0,
        0,
        0,
        0,
        0,
        0,
        0,
        0,
        0,
        0
      ],
      "parameters": {
        "VERSION": "4.0.0-alpha-13"
      }
    }
  ]
}
