{
  "results": [
    {
      "command": "3.0.5",
      "mean": 0.7384040767400002,
      "stddev": 0.021559869511736305,
      "median": 0.74068452344,
      "user": 2.1069211,
      "system": 0.13995947999999997,
      "min": 0.71381323844,
      "max": 0.77662639544,
      "times": [
        0.7165287344400001,
        0.73594806944,
        0.77662639544,
        0.7537635714400001,
        0.7166648414400001,
        0.71381323844,
        0.7185471974400001,
        0.7574627944400001,
        0.74926494744,
        0.74542097744
      ],
      "exit_codes": [
        0,
        0,
        0,
        0,
        0,
        0,
        0,
        0,
        0,
        0
      ],
      "parameters": {
        "VERSION": "3.0.5"
      }
    },
    {
      "command": "3.1.1",
      "mean": 0.75725935964,
      "stddev": 0.014345598444399595,
      "median": 0.7602783689400001,
      "user": 2.2022,
      "system": 0.10431307999999999,
      "min": 0.7268801714400001,
      "max": 0.77706763544,
      "times": [
        0.76250852644,
        0.7268801714400001,
        0.76405393044,
        0.75310172744,
        0.7588383534400001,
        0.7473119624400001,
        0.77706763544,
        0.74825140144,
        0.7617183844400001,
        0.77286150344
      ],
      "exit_codes": [
        0,
        0,
        0,
        0,
        0,
        0,
        0,
        0,
        0,
        0
      ],
      "parameters": {
        "VERSION": "3.1.1"
      }
    },
    {
      "command": "3.2.5",
      "mean": 0.7972397061400001,
      "stddev": 0.014577175529813927,
      "median": 0.79885972394,
      "user": 2.3504875,
      "system": 0.13869408,
      "min": 0.77035094244,
      "max": 0.8187055094400001,
      "times": [
        0.78402957244,
        0.78720173744,
        0.80076548944,
        0.8157502574400001,
        0.80353668444,
        0.8187055094400001,
        0.79214812144,
        0.80295478844,
        0.77035094244,
        0.79695395844
      ],
      "exit_codes": [
        0,
        0,
        0,
        0,
        0,
        0,
        0,
        0,
        0,
        0
      ],
      "parameters": {
        "VERSION": "3.2.5"
      }
    },
    {
      "command": "3.3.9",
      "mean": 0.81323050234,
      "stddev": 0.029069160865568048,
      "median": 0.8047702854400001,
      "user": 2.4231312,
      "system": 0.11230068,
      "min": 0.77986628944,
      "max": 0.8809136204400001,
      "times": [
        0.8809136204400001,
        0.80441743444,
        0.80323142144,
        0.81816646244,
        0.77986628944,
        0.80512313644,
        0.7936368664400001,
        0.83669825744,
        0.78813745644,
        0.8221140784400001
      ],
      "exit_codes": [
        0,
        0,
        0,
        0,
        0,
        0,
        0,
        0,
        0,
        0
      ],
      "parameters": {
        "VERSION": "3.3.9"
      }
    },
    {
      "command": "3.5.4",
      "mean": 0.8266936895400001,
      "stddev": 0.011128840074918775,
      "median": 0.8255882324400001,
      "user": 2.5693129000000003,
      "system": 0.13930928,
      "min": 0.8125454134400001,
      "max": 0.84578034444,
      "times": [
        0.83135113244,
        0.8260048374400001,
        0.81870939844,
        0.84123419044,
        0.8139921894400001,
        0.8125454134400001,
        0.84578034444,
        0.82517162744,
        0.8194244014400001,
        0.8327233604400001
      ],
      "exit_codes": [
        0,
        0,
        0,
        0,
        0,
        0,
        0,
        0,
        0,
        0
      ],
      "parameters": {
        "VERSION": "3.5.4"
      }
    },
    {
      "command": "3.6.3",
      "mean": 0.8237545044399999,
      "stddev": 0.021165083763816633,
      "median": 0.81611606944,
      "user": 2.5711624,
      "system": 0.13373798,
      "min": 0.79453470544,
      "max": 0.8711675294400001,
      "times": [
        0.8711675294400001,
        0.8278629334400001,
        0.81269651044,
        0.83505388544,
        0.84003127944,
        0.81260060144,
        0.81743859844,
        0.79453470544,
        0.8147935404400001,
        0.81136546044
      ],
      "exit_codes": [
        0,
        0,
        0,
        0,
        0,
        0,
        0,
        0,
        0,
        0
      ],
      "parameters": {
        "VERSION": "3.6.3"
      }
    },
    {
      "command": "3.8.1",
      "mean": 0.8345556229400002,
      "stddev": 0.03997050056586495,
      "median": 0.82677582944,
      "user": 2.5712792,
      "system": 0.15173098000000002,
      "min": 0.79418912344,
      "max": 0.9118759844400001,
      "times": [
        0.7985027024400001,
        0.79418912344,
        0.79748715544,
        0.84154064344,
        0.8226901254400001,
        0.89138717444,
        0.84569899544,
        0.83086153344,
        0.9118759844400001,
        0.8113227914400001
      ],
      "exit_codes": [
        0,
        0,
        0,
        0,
        0,
        0,
        0,
        0,
        0,
        0
      ],
      "parameters": {
        "VERSION": "3.8.1"
      }
    },
    {
      "command": "3.8.2",
      "mean": 0.8208464048399999,
      "stddev": 0.018491313799894486,
      "median": 0.8148321644400001,
      "user": 2.5767217,
      "system": 0.11330068,
      "min": 0.79750395644,
      "max": 0.84676490144,
      "times": [
        0.80414104044,
        0.81049110144,
        0.8046257894400001,
        0.84676490144,
        0.8410207364400001,
        0.82802066044,
        0.79750395644,
        0.81058425844,
        0.84623153344,
        0.8190800704400001
      ],
      "exit_codes": [
        0,
        0,
        0,
        0,
        0,
        0,
        0,
        0,
        0,
        0
      ],
      "parameters": {
        "VERSION": "3.8.2"
      }
    },
    {
      "command": "3.8.3",
      "mean": 0.80182349954,
      "stddev": 0.010118167773874417,
      "median": 0.8038297054400001,
      "user": 2.4867909999999998,
      "system": 0.11640957999999998,
      "min": 0.78650639444,
      "max": 0.8216709094400001,
      "times": [
        0.8216709094400001,
        0.7926092614400001,
        0.80756604044,
        0.8040509624400001,
        0.78650639444,
        0.79033243444,
        0.80040314844,
        0.8067531544400001,
        0.80360844844,
        0.80473424144
      ],
      "exit_codes": [
        0,
        0,
        0,
        0,
        0,
        0,
        0,
        0,
        0,
        0
      ],
      "parameters": {
        "VERSION": "3.8.3"
      }
    },
    {
      "command": "3.8.4",
      "mean": 0.8181502284400001,
      "stddev": 0.0337751700419988,
      "median": 0.8078483134400001,
      "user": 2.5194164,
      "system": 0.11449248000000001,
      "min": 0.78147335644,
      "max": 0.8746888124400001,
      "times": [
        0.7891814864400001,
        0.84392786344,
        0.8746888124400001,
        0.78147335644,
        0.8656237844400001,
        0.7972851564400001,
        0.79909771344,
        0.82814100444,
        0.81659891344,
        0.7854841934400001
      ],
      "exit_codes": [
        0,
        0,
        0,
        0,
        0,
        0,
        0,
        0,
        0,
        0
      ],
      "parameters": {
        "VERSION": "3.8.4"
      }
    },
    {
      "command": "3.8.5",
      "mean": 0.8030004364400002,
      "stddev": 0.02839652574807954,
      "median": 0.8068122884400001,
      "user": 2.4884131000000003,
      "system": 0.11002768,
      "min": 0.75449968844,
      "max": 0.84262193444,
      "times": [
        0.77630390744,
        0.7786533424400001,
        0.84262193444,
        0.82059575044,
        0.75449968844,
        0.8042190144400001,
        0.8094055624400001,
        0.78637977244,
        0.83514873944,
        0.82217665244
      ],