{
  "results": [
    {
      "command": "3.0.5",
      "mean": 0.7415389182400001,
      "stddev": 0.024105706274220807,
      "median": 0.73225607914,
      "user": 2.1524308000000003,
      "system": 0.12866419999999998,
      "min": 0.70394286564,
      "max": 0.77500159964,
      "times": [
        0.77437614464,
        0.76418671864,
        0.73329031064,
        0.77500159964,
        0.73122184764,
        0.70394286564,
        0.72480280564,
        0.75517439564,
        0.73017692264,
        0.72321557164
      ],
      "exit_codes": [
        0,
        0,
        0,
        0,
        0,
        0,
        0,
        0,
        0,
        0
      ],
      "parameters": {
        "VERSION": "3.0.5"
      }
    },
    {
      "command": "3.6.3",
      "mean": 0.9769002763400001,
      "stddev": 0.01985909081014114,
      "median": 0.9770679171400001,
      "user": 3.010815,
      "system": 0.2086083,
      "min": 0.93623032764,
      "max": 1.00271534664,
      "times": [
        0.97339802164,
        0.95582206764,
        0.97260945064,
        0.99412835464,
        1.00271534664,
        0.98667913564,
        0.98073781264,
        0.9718543376400001,
        0.99482790864,
        0.93623032764
      ],
      "exit_codes": [
        0,
        0,
        0,
        0,
        0,
        0,
        0,
        0,
        0,
        0
      ],
      "parameters": {
        "VERSION": "3.6.3"
      }
    },
    {
      "command": "3.8.8",
      "mean": 0.93800704584,
      "stddev": 0.030945177541885097,
      "median": 0.92767183964,
      "user": 2.9575647,
      "system": 0.12843739999999998,
      "min": 0.90375747564,
      "max": 0.99558017164,
      "times": [
        0.97212638164,
        0.93221165064,
        0.90375747564,
        0.91243237564,
        0.95114545464,
        0.90816506364,
        0.92313202864,
        0.99558017164,
        0.9628888036400001,
        0.91863105264
      ],
      "exit_codes": [
        0,
        0,
        0,
        0,
        0,
        0,
        0,
        0,
        0,
        0
      ],
      "parameters": {
        "VERSION": "3.8.8"
      }
    },
    {
      "command": "3.9.9",
      "mean": 1.12837787934,
      "stddev": 0.025263161538158344,
      "median": 1.13650101114,
      "user": 3.6110727000000002,
      "system": 0.1341042,
      "min": 1.08325044264,
      "max": 1.1606139016400001,
      "times": [
        1.13723461964,
        1.08325044264,
        1.1367816996400002,
        1.09377620964,
        1.11886942264,
        1.13689540664,
        1.1606139016400001,
        1.13622032264,
        1.11976741164,
        1.1603693566400002
      ],
      "exit_codes": [
        0,
        0,
        0,
        0,
        0,
        0,
        0,
        0,
        0,
        0
      ],
      "parameters": {
        "VERSION": "3.9.9"
      }
    },
    {
      "command": "4.0.0-alpha-13",
      "mean": 1.5392806733400002,
      "stddev": 0.03917080971074554,
      "median": 1.5378613836400001,
      "user": 5.7371839,
      "system": 0.2296411,
      "min": 1.4829651326400002,
      "max": 1.61524487864,
      "times": [
        1.52303597064,
        1.61524487864,
        1.56201586264,
        1.4866510776400002,
        1.54499353464,
        1.5307292326400002,
        1.4829651326400002,
        1.56046859864,
        1.52426345164,
        1.5624389936400003
      ],
      "exit_codes": [
        0,
        0,
        0,
        0,
        0,
        0,
        0,
        0,
        0,
        0
      ],
      "parameters": {
        "VERSION": "4.0.0-alpha-13"
      }
    },
    {
      "command": "4.0.0-beta-3",
      "mean": 1.62358605394,
      "stddev": 0.03653883063324635,
      "median": 1.6221452841400001,
      "user": 6.0238663,
      "system": 0.22563149999999998,
      "min": 1.56911761964,
      "max": 1.6843417776400003,
      "times": [
        1.56911761964,
        1.6085550616400002,
        1.6073667386400001,
        1.60302144864,
        1.66011204564,
        1.6509538966400001,
        1.57875248764,
        1.6357355066400001,
        1.6843417776400003,
        1.6379039566400002
      ],
      "exit_codes": [
        0,
        0,
        0,
        0,
        0,
        0,
        0,
        0,
        0,
        0
      ],
      "parameters": {
        "VERSION": "4.0.0-beta-3"
      }
    },
    {
      "command": "4.0.0-beta-4",
      "mean": 1.6786767629400003,
      "stddev": 0.040365803118999795,
      "median": 1.6663261021400002,
      "user": 6.1555409,
      "system": 0.24655810000000003,
      "min": 1.6323718236400002,
      "max": 1.74640311964,
      "times": [
        1.6664190196400002,
        1.64595908064,
        1.64080283964,
        1.6323718236400002,
        1.6515120036400002,
        1.6662331846400003,
        1.69343142864,
        1.70688909864,
        1.73674603064,
        1.74640311964
      ],
      "exit_codes": [
        0,
        0,
        0,
        0,
        0,
        0,
        0,
        0,
        0,
        0
      ],
      "parameters": {
        "VERSION": "4.0.0-beta-4"
      }
    }
  ]
}
