{
  "results": [
    {
      "command": "3.0.5",
      "mean": 5.6706766523,
      "stddev": 0.08618288773959623,
      "median": 5.663317532000001,
      "user": 24.011210999999996,
      "system": 1.27599858,
      "min": 5.5631496545,
      "max": 5.8758665445,
      "times": [
        5.7006551065,
        5.6834946155,
        5.6111881435,
        5.6554176115,
        5.6137523505,
        5.6712174525000005,
        5.5631496545,
        5.6156957335,
        5.7163293105,
        5.8758665445
      ],
      "exit_codes": [
        0,
        0,
        0,
        0,
        0,
        0,
        0,
        0,
        0,
        0
      ],
      "parameters": {
        "VERSION": "3.0.5"
      }
    },
    {
      "command": "3.1.1",
      "mean": 8.040422009199998,
      "stddev": 0.060639985765577754,
      "median": 8.044264677000001,
      "user": 31.2989237,
      "system": 2.04773038,
      "min": 7.9495287255000004,
      "max": 8.1528669465,
      "times": [
        8.0512118375,
        8.1528669465,
        7.9614543825,
        7.9495287255000004,
        8.0277753685,
        8.0604930265,
        7.9987697785,
        8.0840241915,
        8.0373175165,
        8.0807783185
      ],
      "exit_codes": [
        0,
        0,
        0,
        0,
        0,
        0,
        0,
        0,
        0,
        0
      ],
      "parameters": {
        "VERSION": "3.1.1"
      }
    },
    {
      "command": "3.2.5",
      "mean": 8.332227506700002,
      "stddev": 0.11980626877326,
      "median": 8.3402078345,
      "user": 32.8142505,
      "system": 2.2105577799999994,
      "min": 8.1393540945,
      "max": 8.5016671415,
      "times": [
        8.4412691645,
        8.3898135385,
        8.3394289255,
        8.3409867435,
        8.1820949565,
        8.2935841995,
        8.2387207515,
        8.4553555515,
        8.1393540945,
        8.5016671415
      ],
      "exit_codes": [
        0,
        0,
        0,
        0,
        0,
        0,
        0,
        0,
        0,
        0
      ],
      "parameters": {
        "VERSION": "3.2.5"
      }
    },
    {
      "command": "3.3.9",
      "mean": 8.4951803905,
      "stddev": 0.07955535775215201,
      "median": 8.51616832,
      "user": 33.298193600000005,
      "system": 2.3024897799999997,
      "min": 8.3689631585,
      "max": 8.6075651685,
      "times": [
        8.6075651685,
        8.5391054755,
        8.3728158705,
        8.4362342495,
        8.500220004500001,
        8.5321166355,
        8.5434664395,
        8.5606168505,
        8.4907000525,
        8.3689631585
      ],
      "exit_codes": [
        0,
        0,
        0,
        0,
        0,
        0,
        0,
        0,
        0,
        0
      ],
      "parameters": {
        "VERSION": "3.3.9"
      }
    },
    {
      "command": "3.5.4",
      "mean": 8.0017077509,
      "stddev": 0.10387423266295659,
      "median": 8.0038707665,
      "user": 28.747211,
      "system": 2.6499047799999995,
      "min": 7.7999792815,
      "max": 8.1766983185,
      "times": [
        7.9764665785,
        8.0225195055,
        7.9852220275,
        7.9604558095,
        7.7999792815,
        7.9163043525,
        8.1191046835,
        8.1766983185,
        8.0249843205,
        8.0353426315
      ],
      "exit_codes": [
        0,
        0,
        0,
        0,
        0,
        0,
        0,
        0,
        0,
        0
      ],
      "parameters": {
        "VERSION": "3.5.4"
      }
    },
    {
      "command": "3.6.3",
      "mean": 7.9031215109,
      "stddev": 0.10624486855578885,
      "median": 7.859549295,
      "user": 27.524433799999997,
      "system": 2.65498508,
      "min": 7.7791457955,
      "max": 8.0718701705,
      "times": [
        7.7791457955,
        7.8415689115,
        7.9990857635,
        7.8405820945,
        7.8278754945,
        7.8775296785,
        7.8966371005000005,
        8.0718701705,
        7.8252397125,
        8.0716803875
      ],
      "exit_codes": [
        0,
        0,
        0,
        0,
        0,
        0,
        0,
        0,
        0,
        0
      ],
      "parameters": {
        "VERSION": "3.6.3"
      }
    },
    {
      "command": "3.8.1",
      "mean": 8.034215360000001,
      "stddev": 0.11034909722398917,
      "median": 7.989997646,
      "user": 28.173609500000005,
      "system": 2.6594443799999996,
      "min": 7.9096557485000005,
      "max": 8.2269972105,
      "times": [
        8.2269972105,
        8.1002687665,
        8.0015560925,
        7.9696569715,
        7.9167909765,
        7.9784391995,
        7.9528585355,
        8.1514360615,
        8.1344940375,
        7.9096557485000005
      ],
      "exit_codes": [
        0,
        0,
        0,
        0,
        0,
        0,
        0,
        0,
        0,
        0
      ],
      "parameters": {
        "VERSION": "3.8.1"
      }
    },
    {
      "command": "3.8.2",
      "mean": 6.8258444124999995,
      "stddev": 0.09618810822657473,
      "median": 6.8151845484999996,
      "user": 27.153040700000002,
      "system": 1.27547628,
      "min": 6.6974927455,
      "max": 7.0065279085,
      "times": [
        6.7524427705,
        6.7601003765000005,
        6.8690773325,
        6.8023398955,
        6.8280292015,
        6.6974927455,
        6.8829938585,
        6.7329827625,
        7.0065279085,
        6.9264572735000005
      ],
      "exit_codes": [
        0,
        0,
        0,
        0,
        0,
        0,
        0,
        0,
        0,
        0
      ],
      "parameters": {
        "VERSION": "3.8.2"
      }
    },
    {
      "command": "3.8.3",
      "mean": 4.970409042999999,
      "stddev": 0.08103125111000989,
      "median": 4.9650899420000005,
      "user": 25.305003500000005,
      "system": 1.1502328799999997,
      "min": 4.8606819485,
      "max": 5.1411174385,
      "times": [
        4.8960426105,
        5.1411174385,
        5.0510811915,
        4.9700937065,
        4.9600861775,
        4.9750478225000005,
        5.0010793815,
        4.8606819485,
        4.9414277215,
        4.9074324315
      ],
      "exit_codes": [
        0,
        0,
        0,
        0,
        0,
        0,
        0,
        0,
        0,
        0
      ],
      "parameters": {
        "VERSION": "3.8.3"
      }
    },
    {
      "command": "3.8.4",
      "mean": 4.9496879781,
      "stddev": 0.054792932019425665,
      "median": 4.9366900325,
      "user": 25.4893722,
      "system": 1.16800998,
      "min": 4.8747876765,
      "max": 5.0329011765,
      "times": [
        4.9702020265,
        4.9059232025,
        4.9444721135,
        5.0258826545,
        4.9289079515,
        4.9047638975000005,
        4.8747876765,
        4.9108147885,
        5.0329011765,
        4.9982242935
      ],
      "exit_codes": [
        0,
        0,
        0,
        0,
        0,
        0,
        0,
        0,
        0,
        0
      ],
      "parameters": {
        "VERSION": "3.8.4"
      }
    },
    {
      "command": "4.0.0-alpha-1",
      "mean": 5.465921174600001,
      "stddev": 0.09069888029142845,
      "median": 5.4460862505000005,
      "user": 28.215141199999998,
      "system": 1.2432774799999997,
      "min": 5.3570457415,
      "max": 5.6122543165,
      "times": [
        5.3759734515,
        5.4646602135,
        5.4275122875,
        5.5689607445,
        5.3916990465,
        5.6122543165,
        5.3914305535,
        5.3570457415,
        5.5310957375,
        5.5385796535
      ],
      "exit_codes": [
        0,
        0,
        0,
        0,
        0,
        0,
        0,
        0,
        0,
        0
      ],
      "parameters": {
        "VERSION": "4.0.0-alpha-1"
      }
    }
  ]
}
