{
  "results": [
    {
      "command": "3.0.5",
      "mean": 0.74178265978,
      "stddev": 0.014700402025903026,
      "median": 0.7441179123800001,
      "user": 2.1930604800000006,
      "system": 0.11212252,
      "min": 0.71772448188,
      "max": 0.7584890298800001,
      "times": [
        0.7241088938800001,
        0.7524488298800001,
        0.71772448188,
        0.73922620388,
        0.7485784188800001,
        0.7552952228800001,
        0.7396574058800001,
        0.7266531648800001,
        0.7556449458800001,
        0.7584890298800001
      ],
      "exit_codes": [
        0,
        0,
        0,
        0,
        0,
        0,
        0,
        0,
        0,
        0
      ],
      "parameters": {
        "VERSION": "3.0.5"
      }
    },
    {
      "command": "3.6.3",
      "mean": 0.9646327281800001,
      "stddev": 0.017365679052999593,
      "median": 0.9663671943800001,
      "user": 2.98800468,
      "system": 0.20826801999999994,
      "min": 0.9437075378800001,
      "max": 0.98963486588,
      "times": [
        0.9716312118800001,
        0.9889704518800001,
        0.9481614748800001,
        0.96252813288,
        0.9702062558800001,
        0.98963486588,
        0.9758198858800001,
        0.94523888188,
        0.9437075378800001,
        0.9504285828800001
      ],
      "exit_codes": [
        0,
        0,
        0,
        0,
        0,
        0,
        0,
        0,
        0,
        0
      ],
      "parameters": {
        "VERSION": "3.6.3"
      }
    },
    {
      "command": "3.8.8",
      "mean": 0.9258022797800003,
      "stddev": 0.01777243001189019,
      "median": 0.9323174863800001,
      "user": 2.9633561799999995,
      "system": 0.13474751999999998,
      "min": 0.89730678088,
      "max": 0.9442855548800001,
      "times": [
        0.89730678088,
        0.90890077288,
        0.9302836778800001,
        0.9442855548800001,
        0.94223974188,
        0.9414810588800001,
        0.9214134418800001,
        0.9004523578800001,
        0.9373081158800001,
        0.9343512948800001
      ],
      "exit_codes": [
        0,
        0,
        0,
        0,
        0,
        0,
        0,
        0,
        0,
        0
      ],
      "parameters": {
        "VERSION": "3.8.8"
      }
    },
    {
      "command": "3.9.9",
      "mean": 1.12080596278,
      "stddev": 0.029707635669860347,
      "median": 1.1215494963800001,
      "user": 3.5694777800000006,
      "system": 0.14052441999999998,
      "min": 1.07642602088,
      "max": 1.16206591988,
      "times": [
        1.16206591988,
        1.08351795588,
        1.12223454088,
        1.0895659958800001,
        1.14759214388,
        1.11892520688,
        1.07642602088,
        1.12086445188,
        1.1523074958800001,
        1.13455989588
      ],
      "exit_codes": [
        0,
        0,
        0,
        0,
        0,
        0,
        0,
        0,
        0,
        0
      ],
      "parameters": {
        "VERSION": "3.9.9"
      }
    },
    {
      "command": "4.0.0-alpha-13",
      "mean": 1.57588095208,
      "stddev": 0.038986161337092734,
      "median": 1.56688022188,
      "user": 6.194953879999999,
      "system": 0.24476182,
      "min": 1.54179857288,
      "max": 1.67538612388,
      "times": [
        1.59538014388,
        1.5687175398800002,
        1.56122575388,
        1.56504290388,
        1.58659939588,
        1.55013697888,
        1.67538612388,
        1.54179857288,
        1.57107390488,
        1.54344820288
      ],
      "exit_codes": [
        0,
        0,
        0,
        0,
        0,
        0,
        0,
        0,
        0,
        0
      ],
      "parameters": {
        "VERSION": "4.0.0-alpha-13"
      }
    },
    {
      "command": "4.0.0-beta-3",
      "mean": 1.62956208598,
      "stddev": 0.041420987822977234,
      "median": 1.6199674048800001,
      "user": 6.16866838,
      "system": 0.23140551999999998,
      "min": 1.56790199888,
      "max": 1.68425782888,
      "times": [
        1.61906705588,
        1.66344848988,
        1.6725150688800001,
        1.58385584988,
        1.59334180988,
        1.62086775388,
        1.6170778218800002,
        1.68425782888,
        1.6732871818800001,
        1.56790199888
      ],
      "exit_codes": [
        0,
        0,
        0,
        0,
        0,
        0,
        0,
        0,
        0,
        0
      ],
      "parameters": {
        "VERSION": "4.0.0-beta-3"
      }
    },
    {
      "command": "4.0.0-beta-4",
      "mean": 1.66437168938,
      "stddev": 0.02608428330419017,
      "median": 1.66178999838,
      "user": 6.308297179999999,
      "system": 0.26923551999999995,
      "min": 1.63366843788,
      "max": 1.70521637388,
      "times": [
        1.70521637388,
        1.63661993988,
        1.63367323788,
        1.66972130488,
        1.63366843788,
        1.6913286848800002,
        1.65240562488,
        1.68864052788,
        1.65385869188,
        1.67858406988
      ],
      "exit_codes": [
        0,
        0,
        0,
        0,
        0,
        0,
        0,
        0,
        0,
        0
      ],
      "parameters": {
        "VERSION": "4.0.0-beta-4"
      }
    }
  ]
}
