{
  "results": [
    {
      "command": "3.0.5",
      "mean": 1.23367311046,
      "stddev": 0.01591321757130249,
      "median": 1.23276746586,
      "user": 4.30634114,
      "system": 0.16209764000000002,
      "min": 1.2162600483600001,
      "max": 1.27118271736,
      "times": [
        1.22865383736,
        1.2368810943600002,
        1.2388547083600001,
        1.2379202493600001,
        1.2162600483600001,
        1.22043136136,
        1.27118271736,
        1.22797509436,
        1.2182811603600001,
        1.24029083336
      ],
      "exit_codes": [
        0,
        0,
        0,
        0,
        0,
        0,
        0,
        0,
        0,
        0
      ],
      "parameters": {
        "VERSION": "3.0.5"
      }
    },
    {
      "command": "3.6.3",
      "mean": 1.4718807790600004,
      "stddev": 0.04004348464403486,
      "median": 1.4679824413600002,
      "user": 5.08685094,
      "system": 0.33335124,
      "min": 1.41818571336,
      "max": 1.53666623636,
      "times": [
        1.48218742736,
        1.45014983136,
        1.43316424936,
        1.46214938836,
        1.53666623636,
        1.41818571336,
        1.43553678436,
        1.49944297236,
        1.4738154943600001,
        1.52750969336
      ],
      "exit_codes": [
        0,
        0,
        0,
        0,
        0,
        0,
        0,
        0,
        0,
        0
      ],
      "parameters": {
        "VERSION": "3.6.3"
      }
    },
    {
      "command": "3.8.8",
      "mean": 1.29996596326,
      "stddev": 0.017649802214822097,
      "median": 1.3006262403600002,
      "user": 4.73076614,
      "system": 0.15152374,
      "min": 1.27617013136,
      "max": 1.3240132663600002,
      "times": [
        1.32208362036,
        1.2795100023600001,
        1.2983957183600001,
        1.31716806736,
        1.29180064336,
        1.30285676236,
        1.28152627436,
        1.27617013136,
        1.3240132663600002,
        1.30613514636
      ],
      "exit_codes": [
        0,
        0,
        0,
        0,
        0,
        0,
        0,
        0,
        0,
        0
      ],
      "parameters": {
        "VERSION": "3.8.8"
      }
    },
    {
      "command": "3.9.4",
      "mean": 1.65771063866,
      "stddev": 0.033984770779750796,
      "median": 1.6560425153600002,
      "user": 6.15946134,
      "system": 0.20933883999999997,
      "min": 1.59221780136,
      "max": 1.69625082636,
      "times": [
        1.6822095563600001,
        1.6351773603600002,
        1.66224508436,
        1.69271654936,
        1.69625082636,
        1.59221780136,
        1.6498399463600002,
        1.6918479293600002,
        1.62715997936,
        1.64744135336
      ],
      "exit_codes": [
        0,
        0,
        0,
        0,
        0,
        0,
        0,
        0,
        0,
        0
      ],
      "parameters": {
        "VERSION": "3.9.4"
      }
    },
    {
      "command": "3.9.5",
      "mean": 1.63975846586,
      "stddev": 0.03184618693602656,
      "median": 1.6343924998600001,
      "user": 6.10252004,
      "system": 0.23313934,
      "min": 1.59345045236,
      "max": 1.71710355536,
      "times": [
        1.71710355536,
        1.63600385236,
        1.63278114736,
        1.65989124036,
        1.59345045236,
        1.62640492836,
        1.62461165036,
        1.6286729743600001,
        1.63837880636,
        1.64028605136
      ],
      "exit_codes": [
        0,
        0,
        0,
        0,
        0,
        0,
        0,
        0,
        0,
        0
      ],
      "parameters": {
        "VERSION": "3.9.5"
      }
    },
    {
      "command": "4.0.0-alpha-7",
      "mean": 2.1255202958600004,
      "stddev": 0.037303179036941796,
      "median": 2.10854130386,
      "user": 7.722846939999999,
      "system": 0.24733254,
      "min": 2.09132786836,
      "max": 2.1969366253600002,
      "times": [
        2.09987481736,
        2.11064571436,
        2.12196054836,
        2.16757154836,
        2.09132786836,
        2.1969366253600002,
        2.10643689336,
        2.16557981336,
        2.09254329036,
        2.10232583936
      ],
      "exit_codes": [
        0,
        0,
        0,
        0,
        0,
        0,
        0,
        0,
        0,
        0
      ],
      "parameters": {
        "VERSION": "4.0.0-alpha-7"
      }
    },
    {
      "command": "4.0.0-alpha-8",
      "mean": 2.2191418759599997,
      "stddev": 0.03159121573872213,
      "median": 2.2170251913600003,
      "user": 7.753264540000001,
      "system": 0.26664644,
      "min": 2.17413532736,
      "max": 2.28046696236,
      "times": [
        2.20379388436,
        2.28046696236,
        2.21984912736,
        2.17413532736,
        2.26139232336,
        2.21513075036,
        2.18605257436,
        2.22040362636,
        2.21891963236,
        2.21127455136
      ],
      "exit_codes": [
        0,
        0,
        0,
        0,
        0,
        0,
        0,
        0,
        0,
        0
      ],
      "parameters": {
        "VERSION": "4.0.0-alpha-8"
      }
    }
  ]
}
