{
  "results": [
    {
      "command": "3.0.5",
      "mean": 0.9090172515799999,
      "stddev": 0.04247656779294191,
      "median": 0.90147712868,
      "user": 2.94324836,
      "system": 0.08761849999999999,
      "min": 0.85386790468,
      "max": 1.00680520368,
      "times": [
        0.87124985468,
        0.91618779668,
        0.90589643668,
        0.89112265368,
        0.89705782068,
        0.93344508868,
        0.85386790468,
        0.93051630068,
        0.88402345568,
        1.00680520368
      ],
      "exit_codes": [
        0,
        0,
        0,
        0,
        0,
        0,
        0,
        0,
        0,
        0
      ],
      "parameters": {
        "VERSION": "3.0.5"
      }
    },
    {
      "command": "3.1.1",
      "mean": 0.93726231298,
      "stddev": 0.017439163915067047,
      "median": 0.92875525818,
      "user": 3.06217026,
      "system": 0.10050319999999999,
      "min": 0.91865220768,
      "max": 0.96470090168,
      "times": [
        0.96470090168,
        0.92721655968,
        0.92812267868,
        0.95648154168,
        0.96100073268,
        0.92728715868,
        0.94107285468,
        0.91870065668,
        0.92938783768,
        0.91865220768
      ],
      "exit_codes": [
        0,
        0,
        0,
        0,
        0,
        0,
        0,
        0,
        0,
        0
      ],
      "parameters": {
        "VERSION": "3.1.1"
      }
    },
    {
      "command": "3.2.5",
      "mean": 0.98711232858,
      "stddev": 0.0177641505678485,
      "median": 0.98675784468,
      "user": 3.3843464599999997,
      "system": 0.09614049999999999,
      "min": 0.95311643268,
      "max": 1.00999840568,
      "times": [
        0.98324781368,
        1.00819946068,
        0.98840926968,
        0.99799914668,
        0.99691024368,
        0.96568782968,
        0.95311643268,
        0.98244826368,
        0.98510641968,
        1.00999840568
      ],
      "exit_codes": [
        0,
        0,
        0,
        0,
        0,
        0,
        0,
        0,
        0,
        0
      ],
      "parameters": {
        "VERSION": "3.2.5"
      }
    },
    {
      "command": "3.3.9",
      "mean": 1.0274713865799998,
      "stddev": 0.025722606198614086,
      "median": 1.03694195918,
      "user": 3.4928064599999997,
      "system": 0.11454179999999999,
      "min": 0.97570872668,
      "max": 1.06127807468,
      "times": [
        0.97570872668,
        1.02268723968,
        1.0009928046799998,
        1.0421115886799999,
        1.06127807468,
        1.04247239068,
        1.03397934568,
        1.00814143168,
        1.03990457268,
        1.04743769068
      ],
      "exit_codes": [
        0,
        0,
        0,
        0,
        0,
        0,
        0,
        0,
        0,
        0
      ],
      "parameters": {
        "VERSION": "3.3.9"
      }
    },
    {
      "command": "3.5.4",
      "mean": 1.04670097498,
      "stddev": 0.030445707789555184,
      "median": 1.03350361168,
      "user": 3.42634156,
      "system": 0.1522236,
      "min": 1.00753632668,
      "max": 1.09991706968,
      "times": [
        1.03379591968,
        1.09231600468,
        1.02934615768,
        1.0723190976799999,
        1.00753632668,
        1.09991706968,
        1.03040075368,
        1.03321130368,
        1.0357911226799998,
        1.0323759936799999
      ],
      "exit_codes": [
        0,
        0,
        0,
        0,
        0,
        0,
        0,
        0,
        0,
        0
      ],
      "parameters": {
        "VERSION": "3.5.4"
      }
    },
    {
      "command": "3.6.3",
      "mean": 1.01575677388,
      "stddev": 0.018480918438382576,
      "median": 1.0142591031800001,
      "user": 3.3087026599999994,
      "system": 0.14955049999999998,
      "min": 0.98927876668,
      "max": 1.04584014868,
      "times": [
        1.03940899468,
        1.04584014868,
        1.00277591168,
        1.00150403168,
        0.98927876668,
        1.01695228868,
        1.03156595368,
        1.01896610968,
        1.01156591768,
        0.99970961568
      ],
      "exit_codes": [
        0,
        0,
        0,
        0,
        0,
        0,
        0,
        0,
        0,
        0
      ],
      "parameters": {
        "VERSION": "3.6.3"
      }
    },
    {
      "command": "3.8.1",
      "mean": 1.0191317144799998,
      "stddev": 0.026839776643611958,
      "median": 1.0142668981799998,
      "user": 3.26014036,
      "system": 0.1466382,
      "min": 0.98992145268,
      "max": 1.0730518006799998,
      "times": [
        0.99345090668,
        0.99778698168,
        1.01848382068,
        1.02470933068,
        1.00152573168,
        1.0730518006799998,
        1.0514744326799998,
        1.03086271168,
        0.98992145268,
        1.0100499756799999
      ],
      "exit_codes": [
        0,
        0,
        0,
        0,
        0,
        0,
        0,
        0,
        0,
        0
      ],
      "parameters": {
        "VERSION": "3.8.1"
      }
    },
    {
      "command": "3.8.2",
      "mean": 0.9935893694800001,
      "stddev": 0.01867758747737917,
      "median": 0.98941969418,
      "user": 3.2310684599999995,
      "system": 0.0791857,
      "min": 0.97095000168,
      "max": 1.02755290068,
      "times": [
        1.02755290068,
        0.97524449768,
        0.98501977168,
        0.9885104756800001,
        0.99032891268,
        0.97943084668,
        0.9994988406800001,
        0.97095000168,
        0.99797210768,
        1.02138533968
      ],
      "exit_codes": [
        0,
        0,
        0,
        0,
        0,
        0,
        0,
        0,
        0,
        0
      ],
      "parameters": {
        "VERSION": "3.8.2"
      }
    },
    {
      "command": "3.8.3",
      "mean": 0.9517406944800001,
      "stddev": 0.02882431898370929,
      "median": 0.94472903618,
      "user": 3.12147726,
      "system": 0.07805589999999998,
      "min": 0.91552656368,
      "max": 1.02450740468,
      "times": [
        0.94143818568,
        0.93499566168,
        0.94065772468,
        0.94013177768,
        0.96006079568,
        1.02450740468,
        0.96335008468,
        0.94871885968,
        0.91552656368,
        0.94801988668
      ],
      "exit_codes": [
        0,
        0,
        0,
        0,
        0,
        0,
        0,
        0,
        0,
        0
      ],
      "parameters": {
        "VERSION": "3.8.3"
      }
    },
    {
      "command": "3.8.4",
      "mean": 0.9605802752800001,
      "stddev": 0.022948160957214116,
      "median": 0.95827406318,
      "user": 3.15202026,
      "system": 0.0833159,
      "min": 0.92937361768,
      "max": 1.00398926068,
      "times": [
        0.96338615468,
        0.95190545168,
        0.93818372468,
        0.95949903868,
        0.92937361768,
        0.96139263268,
        0.95704908768,
        1.00398926068,
        0.94721957568,
        0.99380420868
      ],
      "exit_codes": [
        0,
        0,
        0,
        0,
        0,
        0,
        0,
        0,
        0,
        0
      ],
      "parameters": {
        "VERSION": "3.8.4"
      }
    },
    {
      "command": "3.8.5",
      "mean": 0.9630580464799999,
      "stddev": 0.023105476100916882,
      "median": 0.96244584718,
      "user": 3.14511556,
      "system": 0.08593069999999998,
      "min": 0.93081013268,
      "max": 1.00351307368,
      "times": [
        0.9669698276800001,
        0.93872151168,
        0.9565575106800001,
        0.95792186668,
        0.93952198168,
        0.93081013268,
        1.00351307368,
        0.9877581546800001,
        0.97049443268,
        0.97831197268
      ],
      "exit_codes": [
        0,
        0,
        0,
        0,
        0,
        0,
        0,
        0,
        0,
        0
      ],
      "parameters": {
        "VERSION": "3.8.5"
      }
    },
    {
      "command": "3.8.6",
      "mean": 0.95520795148,