{
  "results": [
    {
      "command": "3.0.5",
      "mean": 5.332672604959999,
      "stddev": 0.06202479852376698,
      "median": 5.3299179712599996,
      "user": 14.32283446,
      "system": 0.9410874999999999,
      "min": 5.252247005759999,
      "max": 5.43126088776,
      "times": [
        5.40393050176,
        5.27767924676,
        5.25565615576,
        5.311565498759999,
        5.252247005759999,
        5.34827044376,
        5.43126088776,
        5.30530096576,
        5.36277931176,
        5.37803603176
      ],
      "exit_codes": [
        0,
        0,
        0,
        0,
        0,
        0,
        0,
        0,
        0,
        0
      ],
      "parameters": {
        "VERSION": "3.0.5"
      }
    },
    {
      "command": "3.6.3",
      "mean": 7.107847003160001,
      "stddev": 0.10519923562503838,
      "median": 7.112505132259999,
      "user": 17.343869059999996,
      "system": 1.8482281,
      "min": 6.982881701759999,
      "max": 7.28952283676,
      "times": [
        7.00170065876,
        7.11027454976,
        7.28952283676,
        7.22935869376,
        7.00673380876,
        7.146224602759999,
        6.982881701759999,
        7.17921334576,
        7.114735714759999,
        7.017824118759999
      ],
      "exit_codes": [
        0,
        0,
        0,
        0,
        0,
        0,
        0,
        0,
        0,
        0
      ],
      "parameters": {
        "VERSION": "3.6.3"
      }
    },
    {
      "command": "3.8.8",
      "mean": 4.63186029506,
      "stddev": 0.06866181069197004,
      "median": 4.62478041376,
      "user": 14.910665159999999,
      "system": 0.7165748,
      "min": 4.54919270076,
      "max": 4.7584970887599995,
      "times": [
        4.71426841076,
        4.63147707076,
        4.56562343176,
        4.54919270076,
        4.578222535759999,
        4.7584970887599995,
        4.61808375676,
        4.58175612176,
        4.63691643276,
        4.6845654007599995
      ],
      "exit_codes": [
        0,
        0,
        0,
        0,
        0,
        0,
        0,
        0,
        0,
        0
      ],
      "parameters": {
        "VERSION": "3.8.8"
      }
    },
    {
      "command": "3.9.4",
      "mean": 4.9031430790599995,
      "stddev": 0.05523467154070741,
      "median": 4.91330758626,
      "user": 15.947768159999999,
      "system": 0.7232041999999999,
      "min": 4.79945527376,
      "max": 4.987440944759999,
      "times": [
        4.92960871776,
        4.85917224676,
        4.92533517776,
        4.959783346759999,
        4.85604770076,
        4.901279994759999,
        4.88407094076,
        4.79945527376,
        4.92923644676,
        4.987440944759999
      ],
      "exit_codes": [
        0,
        0,
        0,
        0,
        0,
        0,
        0,
        0,
        0,
        0
      ],
      "parameters": {
        "VERSION": "3.9.4"
      }
    },
    {
      "command": "3.9.5",
      "mean": 4.90079197326,
      "stddev": 0.0717703260454496,
      "median": 4.8906395602599995,
      "user": 15.830997159999999,
      "system": 0.7474342999999999,
      "min": 4.802880022759999,
      "max": 5.0172690717599995,
      "times": [
        4.8945994827599995,
        4.802880022759999,
        4.93705722276,
        4.82092785776,
        4.961303269759999,
        5.0172690717599995,
        4.8866796377599995,
        4.97843425776,
        4.8291164347599995,
        4.879652474759999
      ],
      "exit_codes": [
        0,
        0,
        0,
        0,
        0,
        0,
        0,
        0,
        0,
        0
      ],
      "parameters": {
        "VERSION": "3.9.5"
      }
    },
    {
      "command": "4.0.0-alpha-7",
      "mean": 7.052634686159999,
      "stddev": 0.08831095240085148,
      "median": 7.03962404426,
      "user": 21.337258159999994,
      "system": 1.0301168,
      "min": 6.93423170876,
      "max": 7.221488948759999,
      "times": [
        7.1527880997599995,
        7.014038106759999,
        7.003735499759999,
        7.06520998176,
        7.00095367476,
        7.221488948759999,
        6.93423170876,
        6.96031895276,
        7.09237214376,
        7.08120974476
      ],
      "exit_codes": [
        0,
        0,
        0,
        0,
        0,
        0,
        0,
        0,
        0,
        0
      ],
      "parameters": {
        "VERSION": "4.0.0-alpha-7"
      }
    },
    {
      "command": "4.0.0-alpha-8",
      "mean": 7.627478798359999,
      "stddev": 0.07634283305501322,
      "median": 7.62788825076,
      "user": 21.894231159999997,
      "system": 1.0451738999999998,
      "min": 7.50345914376,
      "max": 7.754243842759999,
      "times": [
        7.57621598876,
        7.62936555576,
        7.69824853276,
        7.543099768759999,
        7.59817789076,
        7.69807680676,
        7.64748950776,
        7.50345914376,
        7.754243842759999,
        7.62641094576
      ],
      "exit_codes": [
        0,
        0,
        0,
        0,
        0,
        0,
        0,
        0,
        0,
        0
      ],
      "parameters": {
        "VERSION": "4.0.0-alpha-8"
      }
    }
  ]
}
