{
  "results": [
    {
      "command": "3.0.5",
      "mean": 3.9752469389600003,
      "stddev": 0.06136628735263437,
      "median": 3.95941970726,
      "user": 11.70201174,
      "system": 1.1668356999999998,
      "min": 3.92063662776,
      "max": 4.1088755067600005,
      "times": [
        3.98096359376,
        3.98576358076,
        3.93787582076,
        3.93681121576,
        3.93089371476,
        3.98183128376,
        3.92063662776,
        3.92172778176,
        4.04709026376,
        4.1088755067600005
      ],
      "exit_codes": [
        0,
        0,
        0,
        0,
        0,
        0,
        0,
        0,
        0,
        0
      ],
      "parameters": {
        "VERSION": "3.0.5"
      }
    },
    {
      "command": "3.1.1",
      "mean": 6.910354459360001,
      "stddev": 0.07004640327727274,
      "median": 6.8846579202600005,
      "user": 19.44951044,
      "system": 1.6448565,
      "min": 6.83303543776,
      "max": 7.01867439976,
      "times": [
        6.853395288760001,
        7.00056082576,
        6.849917549760001,
        6.88413245276,
        6.885183387760001,
        7.01867439976,
        6.87354854276,
        7.00342265876,
        6.90167404976,
        6.83303543776
      ],
      "exit_codes": [
        0,
        0,
        0,
        0,
        0,
        0,
        0,
        0,
        0,
        0
      ],
      "parameters": {
        "VERSION": "3.1.1"
      }
    },
    {
      "command": "3.2.5",
      "mean": 7.056597094260001,
      "stddev": 0.10410748527668241,
      "median": 7.10602583326,
      "user": 20.29004244,
      "system": 1.607122,
      "min": 6.8903169467600005,
      "max": 7.15627177276,
      "times": [
        7.14321314076,
        7.08670000476,
        7.12535166176,
        7.00099571576,
        7.14594159576,
        6.975778050760001,
        6.905282774760001,
        6.8903169467600005,
        7.136119278760001,
        7.15627177276
      ],
      "exit_codes": [
        0,
        0,
        0,
        0,
        0,
        0,
        0,
        0,
        0,
        0
      ],
      "parameters": {
        "VERSION": "3.2.5"
      }
    },
    {
      "command": "3.3.9",
      "mean": 7.128308005459999,
      "stddev": 0.09073431313229317,
      "median": 7.129625176260001,
      "user": 20.303205339999998,
      "system": 1.6153153,
      "min": 6.98109562576,
      "max": 7.25651000776,
      "times": [
        7.15523757676,
        7.25651000776,
        6.98109562576,
        7.10384625976,
        7.249523362760001,
        7.1863835727600005,
        7.111286333760001,
        7.147964018760001,
        7.079126882760001,
        7.012106413760001
      ],
      "exit_codes": [
        0,
        0,
        0,
        0,
        0,
        0,
        0,
        0,
        0,
        0
      ],
      "parameters": {
        "VERSION": "3.3.9"
      }
    },
    {
      "command": "3.5.4",
      "mean": 5.53887227296,
      "stddev": 0.03966864043051817,
      "median": 5.54934155326,
      "user": 14.21217984,
      "system": 2.3228806,
      "min": 5.4856388457600005,
      "max": 5.59355078076,
      "times": [
        5.487615578760001,
        5.49018018776,
        5.4856388457600005,
        5.5735464417600005,
        5.59355078076,
        5.52577779876,
        5.53993826476,
        5.55874484176,
        5.56822531476,
        5.5655046747600005
      ],
      "exit_codes": [
        0,
        0,
        0,
        0,
        0,
        0,
        0,
        0,
        0,
        0
      ],
      "parameters": {
        "VERSION": "3.5.4"
      }
    },
    {
      "command": "3.6.3",
      "mean": 5.42429182736,
      "stddev": 0.052448164567451626,
      "median": 5.4227940412599995,
      "user": 13.906222939999997,
      "system": 2.4418162999999997,
      "min": 5.3503182787600005,
      "max": 5.50315500876,
      "times": [
        5.42063772676,
        5.39505703876,
        5.45692213476,
        5.3910474627600005,
        5.50315500876,
        5.352967356760001,
        5.471476532760001,
        5.3503182787600005,
        5.42495035576,
        5.47638637776
      ],
      "exit_codes": [
        0,
        0,
        0,
        0,
        0,
        0,
        0,
        0,
        0,
        0
      ],
      "parameters": {
        "VERSION": "3.6.3"
      }
    },
    {
      "command": "3.8.1",
      "mean": 5.4050047035599995,
      "stddev": 0.05161151459787983,
      "median": 5.41262293576,
      "user": 13.99490484,
      "system": 2.4463923000000003,
      "min": 5.3282957067600005,
      "max": 5.483718774760001,
      "times": [
        5.36639353176,
        5.3282957067600005,
        5.41746908176,
        5.47564182476,
        5.36967098476,
        5.4246228937600005,
        5.34915265676,
        5.42730479076,
        5.407776789760001,
        5.483718774760001
      ],
      "exit_codes": [
        0,
        0,
        0,
        0,
        0,
        0,
        0,
        0,
        0,
        0
      ],
      "parameters": {
        "VERSION": "3.8.1"
      }
    },
    {
      "command": "3.8.2",
      "mean": 4.42473467876,
      "stddev": 0.04701073519103989,
      "median": 4.414789309760001,
      "user": 13.16449604,
      "system": 0.8169245,
      "min": 4.37829417276,
      "max": 4.53241508276,
      "times": [
        4.385759177760001,
        4.431147520760001,
        4.39176938576,
        4.45786337376,
        4.398431098760001,
        4.37829417276,
        4.53241508276,
        4.43232508376,
        4.44789400776,
        4.391447883760001
      ],
      "exit_codes": [
        0,
        0,
        0,
        0,
        0,
        0,
        0,
        0,
        0,
        0
      ],
      "parameters": {
        "VERSION": "3.8.2"
      }
    },
    {
      "command": "3.8.3",
      "mean": 3.3643587568599997,
      "stddev": 0.04017906159727302,
      "median": 3.35891698826,
      "user": 11.81772234,
      "system": 0.7553685,
      "min": 3.30835518676,
      "max": 3.42410438776,
      "times": [
        3.30835518676,
        3.36477502076,
        3.3995564037599997,
        3.3321464977599997,
        3.3126131767599998,
        3.35305895576,
        3.4038227337599998,
        3.34967781576,
        3.42410438776,
        3.39547738976
      ],
      "exit_codes": [
        0,
        0,
        0,
        0,
        0,
        0,
        0,
        0,
        0,
        0
      ],
      "parameters": {
        "VERSION": "3.8.3"
      }
    },
    {
      "command": "3.8.4",
      "mean": 3.35288096546,
      "stddev": 0.05265624169151225,
      "median": 3.3490042562599998,
      "user": 11.80272254,
      "system": 0.7414160999999999,
      "min": 3.29114718076,
      "max": 3.45398885576,
      "times": [
        3.30818777976,
        3.3692312857599997,
        3.3287772267599998,
        3.39196647276,
        3.29114718076,
        3.38626939676,
        3.3194934247599996,
        3.45398885576,
        3.38447723776,
        3.29527079376
      ],
      "exit_codes": [
        0,
        0,
        0,
        0,
        0,
        0,
        0,
        0,
        0,
        0
      ],
      "parameters": {
        "VERSION": "3.8.4"
      }
    },
    {
      "command": "3.8.5",
      "mean": 3.3474240146600005,
      "stddev": 0.029001309356269152,
      "median": 3.3506256182599996,
      "user": 11.84275764,
      "system": 0.7517010999999999,
      "min": 3.29172729676,
      "max": 3.40013258076,
      "times": [
        3.3706261137599998,
        3.29172729676,
        3.3495296087599997,
        3.34368608676,
        3.35172162776,
        3.32728418176,
        3.35815704576,
        3.40013258076,
        3.3248355197599997,
        3.3565400847599998
      ],
      "exit_codes": [
        0,
        0,
        0,
        0,
        0,
        0,
        0,
        0,
        0,
        0
      ],