{
  "results": [
    {
      "command": "3.0.5",
      "mean": 5.88959042596,
      "stddev": 0.0664129370504536,
      "median": 5.86815872506,
      "user": 13.363287620000003,
      "system": 1.0323655200000001,
      "min": 5.79788055356,
      "max": 6.0047798625599995,
      "times": [
        5.99736216356,
        5.79788055356,
        5.84559142856,
        5.91779284056,
        5.84624910356,
        5.8734626385599995,
        5.888922712559999,
        6.0047798625599995,
        5.86285481156,
        5.8610081445599995
      ],
      "exit_codes": [
        0,
        0,
        0,
        0,
        0,
        0,
        0,
        0,
        0,
        0
      ],
      "parameters": {
        "VERSION": "3.0.5"
      }
    },
    {
      "command": "3.6.3",
      "mean": 10.016581528660002,
      "stddev": 0.11614251144669123,
      "median": 10.00241385406,
      "user": 20.86629932,
      "system": 3.5057303200000005,
      "min": 9.876427187560001,
      "max": 10.215659805560001,
      "times": [
        10.151805772560001,
        9.93403067456,
        10.12071763756,
        9.876427187560001,
        9.90910546756,
        10.03769479356,
        9.911252427560001,
        10.215659805560001,
        9.96713291456,
        10.04198860556
      ],
      "exit_codes": [
        0,
        0,
        0,
        0,
        0,
        0,
        0,
        0,
        0,
        0
      ],
      "parameters": {
        "VERSION": "3.6.3"
      }
    },
    {
      "command": "3.8.8",
      "mean": 5.84167896236,
      "stddev": 0.03493557600341586,
      "median": 5.8470201590599995,
      "user": 16.97091912,
      "system": 1.1154190199999998,
      "min": 5.7993517925599996,
      "max": 5.889844142559999,
      "times": [
        5.889844142559999,
        5.805548068559999,
        5.81323924156,
        5.83846910856,
        5.7993517925599996,
        5.88254438956,
        5.86801941256,
        5.85557120956,
        5.80041400856,
        5.86378824956
      ],
      "exit_codes": [
        0,
        0,
        0,
        0,
        0,
        0,
        0,
        0,
        0,
        0
      ],
      "parameters": {
        "VERSION": "3.8.8"
      }
    },
    {
      "command": "3.9.9",
      "mean": 6.226327647959999,
      "stddev": 0.10288909364024075,
      "median": 6.1987291740599995,
      "user": 18.32394802,
      "system": 1.1505385199999998,
      "min": 6.0830903115599995,
      "max": 6.41165686756,
      "times": [
        6.1366098095599995,
        6.1961337285599996,
        6.201324619559999,
        6.0830903115599995,
        6.30262992756,
        6.12828171156,
        6.18744012856,
        6.41165686756,
        6.32417332156,
        6.29193605356
      ],
      "exit_codes": [
        0,
        0,
        0,
        0,
        0,
        0,
        0,
        0,
        0,
        0
      ],
      "parameters": {
        "VERSION": "3.9.9"
      }
    },
    {
      "command": "4.0.0-alpha-13",
      "mean": 8.22049948796,
      "stddev": 0.4467522535488803,
      "median": 8.143425160060001,
      "user": 36.82204572,
      "system": 2.03656662,
      "min": 7.719681135559999,
      "max": 9.14798894456,
      "times": [
        9.14798894456,
        8.10247629256,
        8.18437402756,
        7.84256551656,
        8.72777320756,
        8.290666420560001,
        8.36096118256,
        8.08397714856,
        7.74453100356,
        7.719681135559999
      ],
      "exit_codes": [
        0,
        0,
        0,
        0,
        0,
        0,
        0,
        0,
        0,
        0
      ],
      "parameters": {
        "VERSION": "4.0.0-alpha-13"
      }
    },
    {
      "command": "4.0.0-beta-3",
      "mean": 8.28889439416,
      "stddev": 0.1469520624797987,
      "median": 8.31817758156,
      "user": 32.403450320000005,
      "system": 1.93671432,
      "min": 8.04117026456,
      "max": 8.47090154156,
      "times": [
        8.07377764356,
        8.37532614156,
        8.47090154156,
        8.20790409556,
        8.277926563560001,
        8.36679135756,
        8.04117026456,
        8.26119565856,
        8.455522075560001,
        8.35842859956
      ],
      "exit_codes": [
        0,
        0,
        0,
        0,
        0,
        0,
        0,
        0,
        0,
        0
      ],
      "parameters": {
        "VERSION": "4.0.0-beta-3"
      }
    },
    {
      "command": "4.0.0-beta-4",
      "mean": 9.207785395059998,
      "stddev": 0.14068087350894995,
      "median": 9.24803766556,
      "user": 36.029565219999995,
      "system": 2.2729845200000005,
      "min": 8.941030279560001,
      "max": 9.37432824256,
      "times": [
        9.293226649560001,
        9.24262194556,
        9.02122859156,
        9.320000203560001,
        9.31905332556,
        9.19876502456,
        8.941030279560001,
        9.11414630256,
        9.25345338556,
        9.37432824256
      ],
      "exit_codes": [
        0,
        0,
        0,
        0,
        0,
        0,
        0,
        0,
        0,
        0
      ],
      "parameters": {
        "VERSION": "4.0.0-beta-4"
      }
    }
  ]
}
