{
  "results": [
    {
      "command": "3.0.5",
      "mean": 0.7228508021800001,
      "stddev": 0.016326388004609976,
      "median": 0.7223296989800001,
      "user": 2.10852546,
      "system": 0.10957594000000001,
      "min": 0.69226061398,
      "max": 0.74680500398,
      "times": [
        0.73323295698,
        0.7150361579800001,
        0.74216272098,
        0.73018794698,
        0.74680500398,
        0.70922577198,
        0.71493745098,
        0.7175890379800001,
        0.72707035998,
        0.69226061398
      ],
      "exit_codes": [
        0,
        0,
        0,
        0,
        0,
        0,
        0,
        0,
        0,
        0
      ],
      "parameters": {
        "VERSION": "3.0.5"
      }
    },
    {
      "command": "3.6.3",
      "mean": 0.9454963230800001,
      "stddev": 0.022985714308748816,
      "median": 0.9346705604800001,
      "user": 3.0352716600000003,
      "system": 0.19672324,
      "min": 0.92503568298,
      "max": 0.9872792249800001,
      "times": [
        0.95878736298,
        0.92503568298,
        0.93411353298,
        0.9632711189800001,
        0.92589784298,
        0.9727273709800001,
        0.92550457198,
        0.9872792249800001,
        0.92711893398,
        0.93522758798
      ],
      "exit_codes": [
        0,
        0,
        0,
        0,
        0,
        0,
        0,
        0,
        0,
        0
      ],
      "parameters": {
        "VERSION": "3.6.3"
      }
    },
    {
      "command": "3.8.8",
      "mean": 0.9192328461800001,
      "stddev": 0.020192822739034003,
      "median": 0.9158687699800001,
      "user": 3.00758406,
      "system": 0.14780134,
      "min": 0.8948969989800001,
      "max": 0.95711162098,
      "times": [
        0.90427453398,
        0.9402489309800001,
        0.92304258898,
        0.8948969989800001,
        0.8972087859800001,
        0.95711162098,
        0.9255369919800001,
        0.9086949509800001,
        0.90795077798,
        0.9333622809800001
      ],
      "exit_codes": [
        0,
        0,
        0,
        0,
        0,
        0,
        0,
        0,
        0,
        0
      ],
      "parameters": {
        "VERSION": "3.8.8"
      }
    },
    {
      "command": "3.9.9",
      "mean": 1.11555305048,
      "stddev": 0.033137072594667506,
      "median": 1.11225103548,
      "user": 3.6462906600000005,
      "system": 0.14427943999999998,
      "min": 1.07689996098,
      "max": 1.18633773198,
      "times": [
        1.11029714098,
        1.11420492998,
        1.09726107198,
        1.08570618798,
        1.1182931759799999,
        1.1180046319799999,
        1.07689996098,
        1.09297430198,
        1.15555137098,
        1.18633773198
      ],
      "exit_codes": [
        0,
        0,
        0,
        0,
        0,
        0,
        0,
        0,
        0,
        0
      ],
      "parameters": {
        "VERSION": "3.9.9"
      }
    },
    {
      "command": "4.0.0-alpha-13",
      "mean": 1.5725865130799999,
      "stddev": 0.0328312677200941,
      "median": 1.56804590798,
      "user": 6.32817096,
      "system": 0.23416834000000003,
      "min": 1.49805955498,
      "max": 1.61992074898,
      "times": [
        1.59809087198,
        1.5994206319800002,
        1.56809715198,
        1.61992074898,
        1.55850701398,
        1.56799466398,
        1.58585678298,
        1.56358854598,
        1.49805955498,
        1.5663291639799999
      ],
      "exit_codes": [
        0,
        0,
        0,
        0,
        0,
        0,
        0,
        0,
        0,
        0
      ],
      "parameters": {
        "VERSION": "4.0.0-alpha-13"
      }
    },
    {
      "command": "4.0.0-beta-3",
      "mean": 1.64109314678,
      "stddev": 0.030844486883118014,
      "median": 1.63756557798,
      "user": 6.462447659999998,
      "system": 0.23237294,
      "min": 1.59309731698,
      "max": 1.69916364498,
      "times": [
        1.64744635498,
        1.66047280598,
        1.6250477509799999,
        1.66594905898,
        1.62768480098,
        1.59309731698,
        1.6554272219800001,
        1.69916364498,
        1.62762410198,
        1.60901840998
      ],
      "exit_codes": [
        0,
        0,
        0,
        0,
        0,
        0,
        0,
        0,
        0,
        0
      ],
      "parameters": {
        "VERSION": "4.0.0-beta-3"
      }
    },
    {
      "command": "4.0.0-beta-4",
      "mean": 1.7275856693799998,
      "stddev": 0.0393035742983616,
      "median": 1.7222098939800001,
      "user": 6.960686960000001,
      "system": 0.27957584,
      "min": 1.68250617898,
      "max": 1.81457953798,
      "times": [
        1.74009083198,
        1.68250617898,
        1.6983377539800002,
        1.71130191498,
        1.69783176498,
        1.73311787298,
        1.76026079798,
        1.7400330239800001,
        1.69779701598,
        1.81457953798
      ],
      "exit_codes": [
        0,
        0,
        0,
        0,
        0,
        0,
        0,
        0,
        0,
        0
      ],
      "parameters": {
        "VERSION": "4.0.0-beta-4"
      }
    }
  ]
}
