{
  "results": [
    {
      "command": "3.0.5",
      "mean": 1.7248090343600002,
      "stddev": 0.026338650548850685,
      "median": 1.73416720136,
      "user": 6.282330900000001,
      "system": 0.30894424000000004,
      "min": 1.67796042336,
      "max": 1.75233208136,
      "times": [
        1.73429868836,
        1.69529609336,
        1.74242100136,
        1.7480935243600002,
        1.70249162936,
        1.75092726536,
        1.73403571436,
        1.75233208136,
        1.67796042336,
        1.71023392236
      ],
      "exit_codes": [
        0,
        0,
        0,
        0,
        0,
        0,
        0,
        0,
        0,
        0
      ],
      "parameters": {
        "VERSION": "3.0.5"
      }
    },
    {
      "command": "3.1.1",
      "mean": 2.12551637046,
      "stddev": 0.02614135001373608,
      "median": 2.1149283513599997,
      "user": 7.8091548999999985,
      "system": 0.42557523999999997,
      "min": 2.09788152536,
      "max": 2.18178472136,
      "times": [
        2.11541450936,
        2.11274222636,
        2.10691613636,
        2.14007930236,
        2.10191693736,
        2.15133950036,
        2.18178472136,
        2.13264665236,
        2.11444219336,
        2.09788152536
      ],
      "exit_codes": [
        0,
        0,
        0,
        0,
        0,
        0,
        0,
        0,
        0,
        0
      ],
      "parameters": {
        "VERSION": "3.1.1"
      }
    },
    {
      "command": "3.2.5",
      "mean": 2.2311674511600006,
      "stddev": 0.03211077652154781,
      "median": 2.23203508736,
      "user": 8.2510477,
      "system": 0.45177594,
      "min": 2.18705549436,
      "max": 2.2822767653600002,
      "times": [
        2.23644861536,
        2.19332994136,
        2.27767439736,
        2.2018240053600002,
        2.22426441136,
        2.22762155936,
        2.2822767653600002,
        2.18705549436,
        2.2400383393600003,
        2.24114098236
      ],
      "exit_codes": [
        0,
        0,
        0,
        0,
        0,
        0,
        0,
        0,
        0,
        0
      ],
      "parameters": {
        "VERSION": "3.2.5"
      }
    },
    {
      "command": "3.3.9",
      "mean": 2.28410792876,
      "stddev": 0.0275419019564789,
      "median": 2.28312690436,
      "user": 8.5698736,
      "system": 0.47321603999999995,
      "min": 2.24495455936,
      "max": 2.33167642736,
      "times": [
        2.29763009336,
        2.2740546953600003,
        2.30692425736,
        2.28718879536,
        2.27906501336,
        2.3062475943600003,
        2.24677265636,
        2.33167642736,
        2.24495455936,
        2.26656519536
      ],
      "exit_codes": [
        0,
        0,
        0,
        0,
        0,
        0,
        0,
        0,
        0,
        0
      ],
      "parameters": {
        "VERSION": "3.3.9"
      }
    },
    {
      "command": "3.5.4",
      "mean": 2.19162580556,
      "stddev": 0.06615080647467188,
      "median": 2.16494130886,
      "user": 7.954635900000001,
      "system": 0.62675404,
      "min": 2.11419046936,
      "max": 2.29870806736,
      "times": [
        2.1330850313600003,
        2.2892642853600003,
        2.24932699436,
        2.11419046936,
        2.29870806736,
        2.15951268036,
        2.20691723136,
        2.14527003736,
        2.14961332136,
        2.17036993736
      ],
      "exit_codes": [
        0,
        0,
        0,
        0,
        0,
        0,
        0,
        0,
        0,
        0
      ],
      "parameters": {
        "VERSION": "3.5.4"
      }
    },
    {
      "command": "3.6.3",
      "mean": 2.0933570720600003,
      "stddev": 0.037950419158971974,
      "median": 2.08255097186,
      "user": 7.640583099999998,
      "system": 0.6197964399999999,
      "min": 2.04632854536,
      "max": 2.15011361936,
      "times": [
        2.07831616936,
        2.12264833436,
        2.1158869783600003,
        2.05613261836,
        2.04632854536,
        2.15011361936,
        2.14718892936,
        2.08678577436,
        2.06263820036,
        2.06753155136
      ],
      "exit_codes": [
        0,
        0,
        0,
        0,
        0,
        0,
        0,
        0,
        0,
        0
      ],
      "parameters": {
        "VERSION": "3.6.3"
      }
    },
    {
      "command": "3.8.1",
      "mean": 2.09283677906,
      "stddev": 0.02798873705977055,
      "median": 2.0967789978600004,
      "user": 7.535439500000001,
      "system": 0.6300792399999998,
      "min": 2.03666540936,
      "max": 2.1275783653600002,
      "times": [
        2.09407883836,
        2.1219101133600002,
        2.11444911436,
        2.1275783653600002,
        2.0994791573600002,
        2.03666540936,
        2.0643013793600002,
        2.1068894673600003,
        2.08706123936,
        2.07595470636
      ],
      "exit_codes": [
        0,
        0,
        0,
        0,
        0,
        0,
        0,
        0,
        0,
        0
      ],
      "parameters": {
        "VERSION": "3.8.1"
      }
    },
    {
      "command": "3.8.2",
      "mean": 1.89886521916,
      "stddev": 0.030066804406602046,
      "median": 1.89513701586,
      "user": 6.9583204999999975,
      "system": 0.28561214,
      "min": 1.85482913736,
      "max": 1.94483796536,
      "times": [
        1.85482913736,
        1.94483796536,
        1.9425644003600002,
        1.91044518036,
        1.87203373036,
        1.87601298436,
        1.8812155773600001,
        1.9164391843600002,
        1.90378063136,
        1.88649340036
      ],
      "exit_codes": [
        0,
        0,
        0,
        0,
        0,
        0,
        0,
        0,
        0,
        0
      ],
      "parameters": {
        "VERSION": "3.8.2"
      }
    },
    {
      "command": "3.8.3",
      "mean": 1.6830057323600003,
      "stddev": 0.020502407232936604,
      "median": 1.6838663228600002,
      "user": 6.618309600000001,
      "system": 0.25040624,
      "min": 1.6475419523600001,
      "max": 1.7154188873600003,
      "times": [
        1.6996981183600002,
        1.6735103443600001,
        1.66351988536,
        1.6475419523600001,
        1.6848934473600001,
        1.7154188873600003,
        1.68283919836,
        1.6856559393600001,
        1.6703847293600003,
        1.70659482136
      ],
      "exit_codes": [
        0,
        0,
        0,
        0,
        0,
        0,
        0,
        0,
        0,
        0
      ],
      "parameters": {
        "VERSION": "3.8.3"
      }
    },
    {
      "command": "3.8.4",
      "mean": 1.68841481016,
      "stddev": 0.020831144385129972,
      "median": 1.68264509236,
      "user": 6.646594899999999,
      "system": 0.22870223999999997,
      "min": 1.65984302536,
      "max": 1.72121466636,
      "times": [
        1.67072428036,
        1.68877286336,
        1.68147096136,
        1.7146223263600002,
        1.72121466636,
        1.68381922336,
        1.65984302536,
        1.67557150336,
        1.7129680173600002,
        1.67514123436
      ],
      "exit_codes": [
        0,
        0,
        0,
        0,
        0,
        0,
        0,
        0,
        0,
        0
      ],
      "parameters": {
        "VERSION": "3.8.4"
      }
    },
    {
      "command": "3.8.5",
      "mean": 1.71314770866,
      "stddev": 0.025093140506675354,
      "median": 1.7145425648600001,
      "user": 6.7229573,
      "system": 0.27114304,
      "min": 1.68130977636,
      "max": 1.75751794836,
      "times": [
        1.68130977636,
        1.7192219563600002,
        1.70352282736,
        1.75751794836,
        1.6912798433600003,
        1.7115954913600002,
        1.74364044436,
        1.68152752936,
        1.71748963836,
        1.7243716313600002
      ],
      "exit_codes": [
        0,
        0,
        0,
        0,
        0,
        0,
        0,
        0,
        0,
        0
      ],