{
  "results": [
    {
      "command": "3.0.5",
      "mean": 1.0015350866800001,
      "stddev": 0.016807701761697987,
      "median": 1.00224799608,
      "user": 3.4190025399999997,
      "system": 0.11010793999999999,
      "min": 0.9800217585800001,
      "max": 1.02133740758,
      "times": [
        0.98057042458,
        1.02106670358,
        0.99843004558,
        0.9800217585800001,
        1.02133740758,
        1.0181441225799999,
        0.98132833758,
        1.00606594658,
        1.01250151458,
        0.99588460558
      ],
      "exit_codes": [
        0,
        0,
        0,
        0,
        0,
        0,
        0,
        0,
        0,
        0
      ],
      "parameters": {
        "VERSION": "3.0.5"
      }
    },
    {
      "command": "3.6.3",
      "mean": 1.2034062244800001,
      "stddev": 0.027424386379191666,
      "median": 1.20844059308,
      "user": 4.226526440000001,
      "system": 0.19532324,
      "min": 1.16605378858,
      "max": 1.24362502658,
      "times": [
        1.2028422645799999,
        1.24362502658,
        1.18490279658,
        1.22643815058,
        1.16605378858,
        1.21403892158,
        1.17057462258,
        1.22594525158,
        1.22388587058,
        1.17575555158
      ],
      "exit_codes": [
        0,
        0,
        0,
        0,
        0,
        0,
        0,
        0,
        0,
        0
      ],
      "parameters": {
        "VERSION": "3.6.3"
      }
    },
    {
      "command": "3.8.8",
      "mean": 1.14448969088,
      "stddev": 0.028381013775369935,
      "median": 1.14390395858,
      "user": 3.97729514,
      "system": 0.11274693999999999,
      "min": 1.10403705458,
      "max": 1.1914140525799999,
      "times": [
        1.1199903815799999,
        1.10403705458,
        1.10646231758,
        1.16273632558,
        1.14739600658,
        1.16797226358,
        1.16518435958,
        1.14041191058,
        1.13929223658,
        1.1914140525799999
      ],
      "exit_codes": [
        0,
        0,
        0,
        0,
        0,
        0,
        0,
        0,
        0,
        0
      ],
      "parameters": {
        "VERSION": "3.8.8"
      }
    },
    {
      "command": "3.9.4",
      "mean": 1.3486805051799997,
      "stddev": 0.03949493261359892,
      "median": 1.33462977408,
      "user": 4.695900739999999,
      "system": 0.11892963999999999,
      "min": 1.30651582858,
      "max": 1.4273287615799999,
      "times": [
        1.30651582858,
        1.39450225258,
        1.33638381758,
        1.31422567958,
        1.33023995258,
        1.3117553365799999,
        1.4273287615799999,
        1.3328757305799999,
        1.36150506758,
        1.37147262458
      ],
      "exit_codes": [
        0,
        0,
        0,
        0,
        0,
        0,
        0,
        0,
        0,
        0
      ],
      "parameters": {
        "VERSION": "3.9.4"
      }
    },
    {
      "command": "3.9.5",
      "mean": 1.3356111072799999,
      "stddev": 0.025097894688032512,
      "median": 1.34441632958,
      "user": 4.701434139999999,
      "system": 0.11535994000000001,
      "min": 1.29950578358,
      "max": 1.37412405158,
      "times": [
        1.29950578358,
        1.35277557258,
        1.37412405158,
        1.34875513758,
        1.34007752158,
        1.35370329158,
        1.3505535555800001,
        1.30492597758,
        1.32363586758,
        1.30805431358
      ],
      "exit_codes": [
        0,
        0,
        0,
        0,
        0,
        0,
        0,
        0,
        0,
        0
      ],
      "parameters": {
        "VERSION": "3.9.5"
      }
    },
    {
      "command": "4.0.0-alpha-7",
      "mean": 1.7084417207800002,
      "stddev": 0.030060629738741858,
      "median": 1.71306523108,
      "user": 5.87180274,
      "system": 0.16900873999999996,
      "min": 1.65837748558,
      "max": 1.75258886358,
      "times": [
        1.6728400865800002,
        1.65837748558,
        1.7261809025800001,
        1.70979486758,
        1.75258886358,
        1.72288419058,
        1.7389873625799999,
        1.71633559458,
        1.6786248295800001,
        1.70780302458
      ],
      "exit_codes": [
        0,
        0,
        0,
        0,
        0,
        0,
        0,
        0,
        0,
        0
      ],
      "parameters": {
        "VERSION": "4.0.0-alpha-7"
      }
    },
    {
      "command": "4.0.0-alpha-8",
      "mean": 1.7880548187799998,
      "stddev": 0.02552412601965361,
      "median": 1.78721313958,
      "user": 6.12149554,
      "system": 0.17440144000000002,
      "min": 1.75205445558,
      "max": 1.83255271458,
      "times": [
        1.75205445558,
        1.76874767358,
        1.80875332358,
        1.80596462958,
        1.80301233858,
        1.75353316958,
        1.83255271458,
        1.78555814858,
        1.78886813058,
        1.78150360358
      ],
      "exit_codes": [
        0,
        0,
        0,
        0,
        0,
        0,
        0,
        0,
        0,
        0
      ],
      "parameters": {
        "VERSION": "4.0.0-alpha-8"
      }
    }
  ]
}
