{
  "results": [
    {
      "command": "3.0.5",
      "mean": 1.2435028749800001,
      "stddev": 0.020918635742850973,
      "median": 1.25189692408,
      "user": 4.24852424,
      "system": 0.2933917599999999,
      "min": 1.1901015150799998,
      "max": 1.25839487408,
      "times": [
        1.24547193108,
        1.2487267060799998,
        1.2527650640799999,
        1.2254689020799998,
        1.25839487408,
        1.25115506108,
        1.1901015150799998,
        1.25301057908,
        1.2572953300799998,
        1.25263878708
      ],
      "exit_codes": [
        0,
        0,
        0,
        0,
        0,
        0,
        0,
        0,
        0,
        0
      ],
      "parameters": {
        "VERSION": "3.0.5"
      }
    },
    {
      "command": "3.6.3",
      "mean": 1.9660484446800002,
      "stddev": 0.04185074266223382,
      "median": 1.95680794008,
      "user": 6.916286339999999,
      "system": 0.76056966,
      "min": 1.91752318308,
      "max": 2.05937336208,
      "times": [
        1.91752318308,
        1.99482952608,
        2.05937336208,
        1.96985887008,
        1.95420084008,
        1.95461380008,
        1.9590020800799999,
        1.9934689370799998,
        1.9310134530799998,
        1.92660039508
      ],
      "exit_codes": [
        0,
        0,
        0,
        0,
        0,
        0,
        0,
        0,
        0,
        0
      ],
      "parameters": {
        "VERSION": "3.6.3"
      }
    },
    {
      "command": "3.8.8",
      "mean": 1.6332974266799998,
      "stddev": 0.025072771644693674,
      "median": 1.63453812358,
      "user": 6.1023634399999995,
      "system": 0.30508316,
      "min": 1.58320665808,
      "max": 1.67045550308,
      "times": [
        1.65627019808,
        1.62490309008,
        1.58320665808,
        1.64387818308,
        1.67045550308,
        1.62484712108,
        1.63865729408,
        1.65173042208,
        1.63041895308,
        1.60860684408
      ],
      "exit_codes": [
        0,
        0,
        0,
        0,
        0,
        0,
        0,
        0,
        0,
        0
      ],
      "parameters": {
        "VERSION": "3.8.8"
      }
    },
    {
      "command": "3.9.9",
      "mean": 1.8513985300800002,
      "stddev": 0.025263443147995387,
      "median": 1.8489882880800002,
      "user": 6.8921398400000005,
      "system": 0.31101816,
      "min": 1.81192949108,
      "max": 1.90183683408,
      "times": [
        1.8644091140799999,
        1.81192949108,
        1.90183683408,
        1.85523290408,
        1.8427436720800001,
        1.8697039120799999,
        1.83234655108,
        1.83072081808,
        1.86382844708,
        1.8412335570799998
      ],
      "exit_codes": [
        0,
        0,
        0,
        0,
        0,
        0,
        0,
        0,
        0,
        0
      ],
      "parameters": {
        "VERSION": "3.9.9"
      }
    },
    {
      "command": "4.0.0-alpha-13",
      "mean": 2.50181447368,
      "stddev": 0.04733947657088715,
      "median": 2.49336189058,
      "user": 12.045733439999998,
      "system": 0.5860072599999999,
      "min": 2.42791961008,
      "max": 2.58840505108,
      "times": [
        2.47993746508,
        2.45377695608,
        2.48444513008,
        2.42791961008,
        2.58840505108,
        2.5197387390799997,
        2.5455891560799997,
        2.47796001008,
        2.53809396808,
        2.5022786510799997
      ],
      "exit_codes": [
        0,
        0,
        0,
        0,
        0,
        0,
        0,
        0,
        0,
        0
      ],
      "parameters": {
        "VERSION": "4.0.0-alpha-13"
      }
    },
    {
      "command": "4.0.0-beta-3",
      "mean": 2.6259662418799996,
      "stddev": 0.0688669278013587,
      "median": 2.62071540358,
      "user": 12.30629494,
      "system": 0.5731784600000001,
      "min": 2.54641404708,
      "max": 2.76744323608,
      "times": [
        2.63327375008,
        2.61121295708,
        2.61348348508,
        2.70550272908,
        2.54641404708,
        2.76744323608,
        2.63950204708,
        2.55946831608,
        2.62794732208,
        2.5554145290799997
      ],
      "exit_codes": [
        0,
        0,
        0,
        0,
        0,
        0,
        0,
        0,
        0,
        0
      ],
      "parameters": {
        "VERSION": "4.0.0-beta-3"
      }
    },
    {
      "command": "4.0.0-beta-4",
      "mean": 2.81107418668,
      "stddev": 0.04152993309656322,
      "median": 2.82221086658,
      "user": 13.53850584,
      "system": 0.61410186,
      "min": 2.74142458408,
      "max": 2.87161756008,
      "times": [
        2.84317458508,
        2.76433837808,
        2.8425225690800002,
        2.83653154808,
        2.7963405510799997,
        2.74142458408,
        2.87161756008,
        2.77037035808,
        2.8181878990800002,
        2.82623383408
      ],
      "exit_codes": [
        0,
        0,
        0,
        0,
        0,
        0,
        0,
        0,
        0,
        0
      ],
      "parameters": {
        "VERSION": "4.0.0-beta-4"
      }
    }
  ]
}
