{
  "results": [
    {
      "command": "3.0.5",
      "mean": 1.3901225786200002,
      "stddev": 0.02991934160933702,
      "median": 1.39073125392,
      "user": 4.935835699999999,
      "system": 0.17994768,
      "min": 1.3439131984200001,
      "max": 1.44710254842,
      "times": [
        1.3602157324200002,
        1.3439131984200001,
        1.3665143804200002,
        1.44710254842,
        1.3924093834200002,
        1.4092131274200002,
        1.3771768424200002,
        1.38905312442,
        1.40241256042,
        1.41321488842
      ],
      "exit_codes": [
        0,
        0,
        0,
        0,
        0,
        0,
        0,
        0,
        0,
        0
      ],
      "parameters": {
        "VERSION": "3.0.5"
      }
    },
    {
      "command": "3.1.1",
      "mean": 1.6230592078200001,
      "stddev": 0.028367519424202674,
      "median": 1.6261768274200001,
      "user": 6.1187875,
      "system": 0.34357408,
      "min": 1.57238337442,
      "max": 1.66505071142,
      "times": [
        1.57238337442,
        1.64493598842,
        1.61634235142,
        1.6360113034200001,
        1.63837854742,
        1.6486806474200002,
        1.59651814042,
        1.6112414534200001,
        1.66505071142,
        1.6010495604200001
      ],
      "exit_codes": [
        0,
        0,
        0,
        0,
        0,
        0,
        0,
        0,
        0,
        0
      ],
      "parameters": {
        "VERSION": "3.1.1"
      }
    },
    {
      "command": "3.2.5",
      "mean": 1.6946598941200002,
      "stddev": 0.021479496444594324,
      "median": 1.69117807292,
      "user": 6.509748399999999,
      "system": 0.31447837999999995,
      "min": 1.6650082924200003,
      "max": 1.7250461084200002,
      "times": [
        1.6773609734200001,
        1.6650082924200003,
        1.7190454144200003,
        1.6795680894200002,
        1.69429409242,
        1.7250461084200002,
        1.6880620534200002,
        1.70717160142,
        1.6728670314200003,
        1.7181752844200002
      ],
      "exit_codes": [
        0,
        0,
        0,
        0,
        0,
        0,
        0,
        0,
        0,
        0
      ],
      "parameters": {
        "VERSION": "3.2.5"
      }
    },
    {
      "command": "3.3.9",
      "mean": 1.75264381032,
      "stddev": 0.029987861084619007,
      "median": 1.7596228314200002,
      "user": 6.705441099999999,
      "system": 0.36643947999999993,
      "min": 1.69688310142,
      "max": 1.78176951442,
      "times": [
        1.7226744464200001,
        1.76285928342,
        1.78176951442,
        1.7791575084200002,
        1.69688310142,
        1.75638637942,
        1.77935979342,
        1.74159046842,
        1.7247687454200002,
        1.78098886242
      ],
      "exit_codes": [
        0,
        0,
        0,
        0,
        0,
        0,
        0,
        0,
        0,
        0
      ],
      "parameters": {
        "VERSION": "3.3.9"
      }
    },
    {
      "command": "3.5.4",
      "mean": 1.71531373592,
      "stddev": 0.045346926808568465,
      "median": 1.70896453742,
      "user": 6.1543773999999996,
      "system": 0.44130947999999987,
      "min": 1.6518972094200002,
      "max": 1.81776620242,
      "times": [
        1.72169027942,
        1.70171713242,
        1.81776620242,
        1.6976257134200001,
        1.6518972094200002,
        1.6719208744200003,
        1.7429439344200002,
        1.6956434504200002,
        1.7357206204200002,
        1.71621194242
      ],
      "exit_codes": [
        0,
        0,
        0,
        0,
        0,
        0,
        0,
        0,
        0,
        0
      ],
      "parameters": {
        "VERSION": "3.5.4"
      }
    },
    {
      "command": "3.6.3",
      "mean": 1.6877141723200002,
      "stddev": 0.03435911991369459,
      "median": 1.6796167184200002,
      "user": 5.9342345000000005,
      "system": 0.46640387999999994,
      "min": 1.6563675914200002,
      "max": 1.77060699542,
      "times": [
        1.70134908242,
        1.6843257634200002,
        1.6760593644200001,
        1.6609958394200002,
        1.6831740724200002,
        1.7131268074200001,
        1.6593750984200002,
        1.77060699542,
        1.6563675914200002,
        1.6717611084200001
      ],
      "exit_codes": [
        0,
        0,
        0,
        0,
        0,
        0,
        0,
        0,
        0,
        0
      ],
      "parameters": {
        "VERSION": "3.6.3"
      }
    },
    {
      "command": "3.8.1",
      "mean": 1.6782116314200004,
      "stddev": 0.04346105588328463,
      "median": 1.6825262434200001,
      "user": 5.926657499999999,
      "system": 0.4609276799999999,
      "min": 1.6205156694200002,
      "max": 1.76529987342,
      "times": [
        1.6808801484200002,
        1.68417233842,
        1.7009028534200001,
        1.6205156694200002,
        1.63264136542,
        1.6393295844200002,
        1.76529987342,
        1.70578419442,
        1.65207751442,
        1.70051277242
      ],
      "exit_codes": [
        0,
        0,
        0,
        0,
        0,
        0,
        0,
        0,
        0,
        0
      ],
      "parameters": {
        "VERSION": "3.8.1"
      }
    },
    {
      "command": "3.8.2",
      "mean": 1.55627816512,
      "stddev": 0.04019040478632151,
      "median": 1.5513811239200002,
      "user": 5.513827899999999,
      "system": 0.23174078000000004,
      "min": 1.5131289404200001,
      "max": 1.62344814942,
      "times": [
        1.52636776942,
        1.5718106794200002,
        1.62146821542,
        1.62344814942,
        1.5131289404200001,
        1.55838101442,
        1.5153765544200002,
        1.54438123342,
        1.56248409442,
        1.52593500042
      ],
      "exit_codes": [
        0,
        0,
        0,
        0,
        0,
        0,
        0,
        0,
        0,
        0
      ],
      "parameters": {
        "VERSION": "3.8.2"
      }
    },
    {
      "command": "3.8.3",
      "mean": 1.45473098232,
      "stddev": 0.027457058642610527,
      "median": 1.46111982492,
      "user": 5.433072899999999,
      "system": 0.18974407999999998,
      "min": 1.40744686842,
      "max": 1.4947370554200001,
      "times": [
        1.46487426942,
        1.48043255142,
        1.47431205042,
        1.41956098642,
        1.4464418354200002,
        1.43586301042,
        1.45736538042,
        1.4947370554200001,
        1.40744686842,
        1.4662758154200002
      ],
      "exit_codes": [
        0,
        0,
        0,
        0,
        0,
        0,
        0,
        0,
        0,
        0
      ],
      "parameters": {
        "VERSION": "3.8.3"
      }
    },
    {
      "command": "3.8.4",
      "mean": 1.4349818974200002,
      "stddev": 0.030358867625371905,
      "median": 1.42869704992,
      "user": 5.312575499999999,
      "system": 0.18193457999999998,
      "min": 1.3973144644200002,
      "max": 1.49106033442,
      "times": [
        1.45328611842,
        1.3973144644200002,
        1.49106033442,
        1.40988082042,
        1.4695279464200002,
        1.41324221842,
        1.42528059742,
        1.40752040742,
        1.4505925644200002,
        1.43211350242
      ],
      "exit_codes": [
        0,
        0,
        0,
        0,
        0,
        0,
        0,
        0,
        0,
        0
      ],
      "parameters": {
        "VERSION": "3.8.4"
      }
    },
    {
      "command": "3.8.5",
      "mean": 1.4383707082200001,
      "stddev": 0.019595443131435606,
      "median": 1.43687316642,
      "user": 5.3763503,
      "system": 0.16493778,
      "min": 1.40858672042,
      "max": 1.4791770324200002,