{
  "results": [
    {
      "command": "3.0.5",
      "mean": 22.74918816254,
      "stddev": 0.08179805682257466,
      "median": 22.735988014940002,
      "user": 43.027218520000005,
      "system": 3.3091709199999997,
      "min": 22.61290311344,
      "max": 22.93011361544,
      "times": [
        22.76369134444,
        22.93011361544,
        22.70716046244,
        22.61290311344,
        22.71728050244,
        22.70594293144,
        22.78892335744,
        22.728239003440002,
        22.74373702644,
        22.793890268440002
      ],
      "exit_codes": [
        0,
        0,
        0,
        0,
        0,
        0,
        0,
        0,
        0,
        0
      ],
      "parameters": {
        "VERSION": "3.0.5"
      }
    },
    {
      "command": "3.6.3",
      "mean": 31.54165655764,
      "stddev": 0.3077434543941678,
      "median": 31.552419979440003,
      "user": 66.09584021999999,
      "system": 8.878862819999998,
      "min": 30.93743022544,
      "max": 31.952369019440003,
      "times": [
        31.200689276440002,
        30.93743022544,
        31.39381551644,
        31.88890662244,
        31.58411436444,
        31.952369019440003,
        31.52072559444,
        31.69341758844,
        31.51881200944,
        31.726285359440002
      ],
      "exit_codes": [
        0,
        0,
        0,
        0,
        0,
        0,
        0,
        0,
        0,
        0
      ],
      "parameters": {
        "VERSION": "3.6.3"
      }
    },
    {
      "command": "3.8.8",
      "mean": 15.385618052040002,
      "stddev": 0.23748897805650537,
      "median": 15.41907386894,
      "user": 47.08099782000001,
      "system": 3.694854519999999,
      "min": 14.803232320440001,
      "max": 15.620115100440001,
      "times": [
        15.24287873744,
        15.55062186544,
        14.803232320440001,
        15.47967403444,
        15.428882516440002,
        15.620115100440001,
        15.328114710440001,
        15.40926522144,
        15.611990414440001,
        15.38140559944
      ],
      "exit_codes": [
        0,
        0,
        0,
        0,
        0,
        0,
        0,
        0,
        0,
        0
      ],
      "parameters": {
        "VERSION": "3.8.8"
      }
    },
    {
      "command": "3.9.4",
      "mean": 17.003441644340008,
      "stddev": 0.7063339397292228,
      "median": 17.04442390044,
      "user": 62.19152711999999,
      "system": 4.05067172,
      "min": 16.02559016744,
      "max": 17.94679640844,
      "times": [
        16.49535252144,
        17.004264420440002,
        17.29346646544,
        16.167668935440002,
        17.08458338044,
        16.02559016744,
        17.86491607544,
        17.725524282440002,
        17.94679640844,
        16.42625378644
      ],
      "exit_codes": [
        0,
        0,
        0,
        0,
        0,
        0,
        0,
        0,
        0,
        0
      ],
      "parameters": {
        "VERSION": "3.9.4"
      }
    },
    {
      "command": "3.9.5",
      "mean": 16.34258731834,
      "stddev": 0.4686647987810474,
      "median": 16.25449911044,
      "user": 54.74472211999999,
      "system": 3.9490488200000002,
      "min": 15.70421589144,
      "max": 17.17885522844,
      "times": [
        15.97501881344,
        17.17885522844,
        16.24759385344,
        15.98858306344,
        16.26140436744,
        16.67599496744,
        15.70421589144,
        16.580131396440002,
        15.949860308440002,
        16.86421529344
      ],
      "exit_codes": [
        0,
        0,
        0,
        0,
        0,
        0,
        0,
        0,
        0,
        0
      ],
      "parameters": {
        "VERSION": "3.9.5"
      }
    },
    {
      "command": "4.0.0-alpha-7",
      "mean": 21.60920885934,
      "stddev": 0.17620787737908708,
      "median": 21.59072884444,
      "user": 45.209060820000005,
      "system": 3.5099932199999997,
      "min": 21.35652689144,
      "max": 21.939661483440002,
      "times": [
        21.477813222440002,
        21.460286325440002,
        21.64405129844,
        21.61682286144,
        21.79501497544,
        21.35652689144,
        21.73903881044,
        21.56463482744,
        21.939661483440002,
        21.49823789744
      ],
      "exit_codes": [
        0,
        0,
        0,
        0,
        0,
        0,
        0,
        0,
        0,
        0
      ],
      "parameters": {
        "VERSION": "4.0.0-alpha-7"
      }
    },
    {
      "command": "4.0.0-alpha-8",
      "mean": 22.688281116040002,
      "stddev": 0.22489655727797886,
      "median": 22.59832421344,
      "user": 50.24889682,
      "system": 4.00612792,
      "min": 22.445188562440002,
      "max": 23.01102915344,
      "times": [
        22.981576109440002,
        22.648954071440002,
        22.478156942440002,
        22.853848592440002,
        22.47473759244,
        22.54007767744,
        22.90154810344,
        22.54769435544,
        22.445188562440002,
        23.01102915344
      ],
      "exit_codes": [
        0,
        0,
        0,
        0,
        0,
        0,
        0,
        0,
        0,
        0
      ],
      "parameters": {
        "VERSION": "4.0.0-alpha-8"
      }
    }
  ]
}
