{
  "results": [
    {
      "command": "3.0.5",
      "mean": 1.14488631042,
      "stddev": 0.02268269302386107,
      "median": 1.14517002432,
      "user": 4.14497242,
      "system": 0.17100692,
      "min": 1.10782677982,
      "max": 1.19132571482,
      "times": [
        1.19132571482,
        1.1415086628200002,
        1.10782677982,
        1.1635493598200002,
        1.15258440482,
        1.14321660182,
        1.1471234468200002,
        1.1478752388200002,
        1.1300645708200001,
        1.1237883238200002
      ],
      "exit_codes": [
        0,
        0,
        0,
        0,
        0,
        0,
        0,
        0,
        0,
        0
      ],
      "parameters": {
        "VERSION": "3.0.5"
      }
    },
    {
      "command": "3.1.1",
      "mean": 1.23868573512,
      "stddev": 0.03017910604458146,
      "median": 1.22832906882,
      "user": 4.56096842,
      "system": 0.23098011999999998,
      "min": 1.1984066938200002,
      "max": 1.28761389082,
      "times": [
        1.22178607782,
        1.1984066938200002,
        1.21670597082,
        1.2487274838200002,
        1.28761389082,
        1.21858545382,
        1.23487205982,
        1.28025145882,
        1.2640539518200002,
        1.21585430982
      ],
      "exit_codes": [
        0,
        0,
        0,
        0,
        0,
        0,
        0,
        0,
        0,
        0
      ],
      "parameters": {
        "VERSION": "3.1.1"
      }
    },
    {
      "command": "3.2.5",
      "mean": 1.31846738892,
      "stddev": 0.027517470706444207,
      "median": 1.3174814768200003,
      "user": 4.94422872,
      "system": 0.24584992,
      "min": 1.26205584082,
      "max": 1.36809744982,
      "times": [
        1.34264716582,
        1.3099548798200003,
        1.31553546382,
        1.3312706918200001,
        1.26205584082,
        1.31488371982,
        1.3194274898200002,
        1.36809744982,
        1.30050263882,
        1.32029854882
      ],
      "exit_codes": [
        0,
        0,
        0,
        0,
        0,
        0,
        0,
        0,
        0,
        0
      ],
      "parameters": {
        "VERSION": "3.2.5"
      }
    },
    {
      "command": "3.3.9",
      "mean": 1.3459128576200001,
      "stddev": 0.021070614753655938,
      "median": 1.34521103382,
      "user": 5.04307612,
      "system": 0.25225302,
      "min": 1.32532403682,
      "max": 1.39754138582,
      "times": [
        1.32532403682,
        1.35630337582,
        1.3291674638200002,
        1.3432433518200002,
        1.3471787158200001,
        1.3478781998200002,
        1.33047390182,
        1.3514712638200002,
        1.33054688082,
        1.39754138582
      ],
      "exit_codes": [
        0,
        0,
        0,
        0,
        0,
        0,
        0,
        0,
        0,
        0
      ],
      "parameters": {
        "VERSION": "3.3.9"
      }
    },
    {
      "command": "3.5.4",
      "mean": 1.3715399793200003,
      "stddev": 0.04011268961830832,
      "median": 1.3609161088200001,
      "user": 4.933792019999999,
      "system": 0.30293892,
      "min": 1.32530991782,
      "max": 1.4364539718200002,
      "times": [
        1.33358114682,
        1.3360841258200002,
        1.36010583382,
        1.34994796982,
        1.4364539718200002,
        1.43442301182,
        1.3984510538200001,
        1.32530991782,
        1.3617263838200002,
        1.3793163778200002
      ],
      "exit_codes": [
        0,
        0,
        0,
        0,
        0,
        0,
        0,
        0,
        0,
        0
      ],
      "parameters": {
        "VERSION": "3.5.4"
      }
    },
    {
      "command": "3.6.3",
      "mean": 1.3437934740200002,
      "stddev": 0.027318058038958693,
      "median": 1.34908067082,
      "user": 4.9570069199999995,
      "system": 0.27157152,
      "min": 1.3013622578200001,
      "max": 1.3791037428200001,
      "times": [
        1.3075190788200002,
        1.3402399048200002,
        1.35735452982,
        1.34080681182,
        1.3013622578200001,
        1.3610077308200002,
        1.3730983388200002,
        1.3604170158200002,
        1.3170253288200002,
        1.3791037428200001
      ],
      "exit_codes": [
        0,
        0,
        0,
        0,
        0,
        0,
        0,
        0,
        0,
        0
      ],
      "parameters": {
        "VERSION": "3.6.3"
      }
    },
    {
      "command": "3.8.1",
      "mean": 1.33422814852,
      "stddev": 0.017275872040603234,
      "median": 1.3342360453200002,
      "user": 4.91944872,
      "system": 0.26756322000000005,
      "min": 1.3036974008200002,
      "max": 1.35837172482,
      "times": [
        1.3036974008200002,
        1.35837172482,
        1.31615437882,
        1.34724080582,
        1.3218230608200001,
        1.32742248482,
        1.3358422118200002,
        1.34922921782,
        1.34987032082,
        1.3326298788200002
      ],
      "exit_codes": [
        0,
        0,
        0,
        0,
        0,
        0,
        0,
        0,
        0,
        0
      ],
      "parameters": {
        "VERSION": "3.8.1"
      }
    },
    {
      "command": "3.8.2",
      "mean": 1.29482989702,
      "stddev": 0.022540014298782378,
      "median": 1.2890023518200002,
      "user": 4.772180820000001,
      "system": 0.14323881999999993,
      "min": 1.27267476382,
      "max": 1.3374642518200002,
      "times": [
        1.27378993682,
        1.2919164958200002,
        1.3246213448200002,
        1.31028235082,
        1.2860882078200002,
        1.3374642518200002,
        1.27267476382,
        1.29606032582,
        1.2744065608200001,
        1.2809947318200001
      ],
      "exit_codes": [
        0,
        0,
        0,
        0,
        0,
        0,
        0,
        0,
        0,
        0
      ],
      "parameters": {
        "VERSION": "3.8.2"
      }
    },
    {
      "command": "3.8.3",
      "mean": 1.23022350252,
      "stddev": 0.052181274657242004,
      "median": 1.2185950143200002,
      "user": 4.49127902,
      "system": 0.14203311999999998,
      "min": 1.17740460282,
      "max": 1.3177189118200001,
      "times": [
        1.2966353028200002,
        1.2130482288200002,
        1.2740627888200002,
        1.18086659982,
        1.2241417998200002,
        1.18899922182,
        1.17740460282,
        1.17741300282,
        1.3177189118200001,
        1.2519445658200001
      ],
      "exit_codes": [
        0,
        0,
        0,
        0,
        0,
        0,
        0,
        0,
        0,
        0
      ],
      "parameters": {
        "VERSION": "3.8.3"
      }
    },
    {
      "command": "3.8.4",
      "mean": 1.2214160160199998,
      "stddev": 0.029474947516293655,
      "median": 1.2239495048200002,
      "user": 4.4783471200000005,
      "system": 0.14712461999999998,
      "min": 1.1695818828200002,
      "max": 1.2702306818200002,
      "times": [
        1.24058698082,
        1.2450765218200002,
        1.2354968348200002,
        1.2100159728200002,
        1.1967857128200001,
        1.19741265882,
        1.1695818828200002,
        1.2702306818200002,
        1.2365707388200002,
        1.2124021748200002
      ],
      "exit_codes": [
        0,
        0,
        0,
        0,
        0,
        0,
        0,
        0,
        0,
        0
      ],
      "parameters": {
        "VERSION": "3.8.4"
      }
    },
    {
      "command": "3.8.5",
      "mean": 1.25184447632,
      "stddev": 0.024810641624500255,
      "median": 1.26164549032,
      "user": 4.50017642,
      "system": 0.16238621999999997,
      "min": 1.20858346782,
      "max": 1.28231455982,
      "times": [
        1.2398125098200001,
        1.2166788108200002,
        1.28231455982,
        1.26158520182,
        1.2617057788200001,
        1.23983151982,
        1.27745681682,
        1.26329220082,
        1.20858346782,
        1.2671838968200002
      ],