{
  "results": [
    {
      "command": "3.0.5",
      "mean": 1.03413726848,
      "stddev": 0.020249468669608858,
      "median": 1.0393531489799999,
      "user": 3.4550023599999995,
      "system": 0.16354955999999998,
      "min": 0.9978970769800001,
      "max": 1.05618716098,
      "times": [
        1.05274817198,
        1.03127706898,
        1.0121192099799998,
        1.0135577569799998,
        1.0466056179799998,
        1.0321006799799999,
        0.9978970769800001,
        1.04937244098,
        1.04950749998,
        1.05618716098
      ],
      "exit_codes": [
        0,
        0,
        0,
        0,
        0,
        0,
        0,
        0,
        0,
        0
      ],
      "parameters": {
        "VERSION": "3.0.5"
      }
    },
    {
      "command": "3.1.1",
      "mean": 1.10852496758,
      "stddev": 0.017218133067843026,
      "median": 1.10376277898,
      "user": 3.6884163600000006,
      "system": 0.15802935999999998,
      "min": 1.07488647098,
      "max": 1.1349077639799998,
      "times": [
        1.12452054798,
        1.10370985998,
        1.0986991579799998,
        1.10381569798,
        1.1349077639799998,
        1.12666903798,
        1.07488647098,
        1.11390916998,
        1.10129946698,
        1.10283250198
      ],
      "exit_codes": [
        0,
        0,
        0,
        0,
        0,
        0,
        0,
        0,
        0,
        0
      ],
      "parameters": {
        "VERSION": "3.1.1"
      }
    },
    {
      "command": "3.2.5",
      "mean": 1.1534413980799998,
      "stddev": 0.01743605431656101,
      "median": 1.16010765448,
      "user": 3.99931316,
      "system": 0.16524045999999998,
      "min": 1.12289446798,
      "max": 1.17467116598,
      "times": [
        1.12952766098,
        1.17467116598,
        1.14983261298,
        1.12289446798,
        1.1632927339799999,
        1.16563716898,
        1.13963391298,
        1.16730576998,
        1.16469591198,
        1.1569225749799998
      ],
      "exit_codes": [
        0,
        0,
        0,
        0,
        0,
        0,
        0,
        0,
        0,
        0
      ],
      "parameters": {
        "VERSION": "3.2.5"
      }
    },
    {
      "command": "3.3.9",
      "mean": 1.2197292712799999,
      "stddev": 0.01953680414885733,
      "median": 1.21492368148,
      "user": 4.28210416,
      "system": 0.21598706,
      "min": 1.19782341098,
      "max": 1.25007266698,
      "times": [
        1.20667193098,
        1.1992592169799998,
        1.24345826298,
        1.2370515039799999,
        1.25007266698,
        1.21050156098,
        1.20111899298,
        1.2193458019799999,
        1.19782341098,
        1.23198936398
      ],
      "exit_codes": [
        0,
        0,
        0,
        0,
        0,
        0,
        0,
        0,
        0,
        0
      ],
      "parameters": {
        "VERSION": "3.3.9"
      }
    },
    {
      "command": "3.5.4",
      "mean": 1.31896179288,
      "stddev": 0.034243963720396155,
      "median": 1.32108913198,
      "user": 4.57040326,
      "system": 0.30730315999999996,
      "min": 1.27553417698,
      "max": 1.37163753898,
      "times": [
        1.3320227439799999,
        1.28929581098,
        1.37163753898,
        1.27553417698,
        1.35030766198,
        1.34164847698,
        1.27572057198,
        1.31015551998,
        1.34794846798,
        1.29534695898
      ],
      "exit_codes": [
        0,
        0,
        0,
        0,
        0,
        0,
        0,
        0,
        0,
        0
      ],
      "parameters": {
        "VERSION": "3.5.4"
      }
    },
    {
      "command": "3.6.3",
      "mean": 1.2697987327799998,
      "stddev": 0.01961677623202882,
      "median": 1.2589511624799998,
      "user": 4.361316260000001,
      "system": 0.30396646,
      "min": 1.25609816498,
      "max": 1.31461510498,
      "times": [
        1.25934061798,
        1.25754715098,
        1.28837682398,
        1.25656049398,
        1.25786746298,
        1.31461510498,
        1.26517549098,
        1.25609816498,
        1.2838443099799999,
        1.25856170698
      ],
      "exit_codes": [
        0,
        0,
        0,
        0,
        0,
        0,
        0,
        0,
        0,
        0
      ],
      "parameters": {
        "VERSION": "3.6.3"
      }
    },
    {
      "command": "3.8.1",
      "mean": 1.2570983782799998,
      "stddev": 0.0220578487955341,
      "median": 1.25167474948,
      "user": 4.34801266,
      "system": 0.31338906000000005,
      "min": 1.23492649398,
      "max": 1.30827493398,
      "times": [
        1.2383727119799999,
        1.27615371198,
        1.23492649398,
        1.30827493398,
        1.26616409798,
        1.25044906798,
        1.24769356298,
        1.25290043098,
        1.23915305498,
        1.2568957159799998
      ],
      "exit_codes": [
        0,
        0,
        0,
        0,
        0,
        0,
        0,
        0,
        0,
        0
      ],
      "parameters": {
        "VERSION": "3.8.1"
      }
    },
    {
      "command": "3.8.2",
      "mean": 1.2019899725799998,
      "stddev": 0.02787140399039104,
      "median": 1.19459982098,
      "user": 4.22587746,
      "system": 0.19258835999999996,
      "min": 1.15101198498,
      "max": 1.23761899998,
      "times": [
        1.15101198498,
        1.19161880698,
        1.23422321098,
        1.23761899998,
        1.23384809998,
        1.1893943489799998,
        1.17991834198,
        1.19017342998,
        1.19758083498,
        1.21451166698
      ],
      "exit_codes": [
        0,
        0,
        0,
        0,
        0,
        0,
        0,
        0,
        0,
        0
      ],
      "parameters": {
        "VERSION": "3.8.2"
      }
    },
    {
      "command": "3.8.3",
      "mean": 1.1752370265799998,
      "stddev": 0.023071682772687705,
      "median": 1.17543980748,
      "user": 4.0075774599999985,
      "system": 0.16743245999999998,
      "min": 1.13644688798,
      "max": 1.2150716529799999,
      "times": [
        1.1555223079799999,
        1.13644688798,
        1.17870300998,
        1.17418821698,
        1.2150716529799999,
        1.17669139798,
        1.20357373498,
        1.1605510589799999,
        1.16406266598,
        1.18755933198
      ],
      "exit_codes": [
        0,
        0,
        0,
        0,
        0,
        0,
        0,
        0,
        0,
        0
      ],
      "parameters": {
        "VERSION": "3.8.3"
      }
    },
    {
      "command": "3.8.4",
      "mean": 1.18999063948,
      "stddev": 0.03299753917724812,
      "median": 1.18034453748,
      "user": 4.08182046,
      "system": 0.15787546,
      "min": 1.15736243498,
      "max": 1.27307155398,
      "times": [
        1.27307155398,
        1.1708406359799999,
        1.2004584569799999,
        1.16888784198,
        1.18977592998,
        1.15736243498,
        1.2072081479799999,
        1.17161231798,
        1.18707240398,
        1.17361667098
      ],
      "exit_codes": [
        0,
        0,
        0,
        0,
        0,
        0,
        0,
        0,
        0,
        0
      ],
      "parameters": {
        "VERSION": "3.8.4"
      }
    },
    {
      "command": "3.8.5",
      "mean": 1.1866861064799998,
      "stddev": 0.04867395833806437,
      "median": 1.18034006748,
      "user": 4.07160656,
      "system": 0.16745466,
      "min": 1.11380298198,
      "max": 1.27282324998,
      "times": [
        1.20051497598,
        1.25073059098,
        1.21048260198,
        1.11380298198,
        1.27282324998,
        1.18786235498,
        1.1472711519799998,
        1.17281777998,
        1.15289087998,
        1.1576644969799998
      ],
      "exit_codes": [
        0,
        0,
        0,
        0,
        0,
        0,
        0,
        0,
        0,
        0
      ],