{
  "results": [
    {
      "command": "3.0.5",
      "mean": 0.96122472766,
      "stddev": 0.020954206435651854,
      "median": 0.95762439656,
      "user": 3.3236608199999993,
      "system": 0.11996470000000001,
      "min": 0.92888528256,
      "max": 1.00136538756,
      "times": [
        0.94275567756,
        0.92888528256,
        0.95748686056,
        0.9647312545600001,
        0.96678955556,
        1.00136538756,
        0.9539157165600001,
        0.95055429756,
        0.9577619325600001,
        0.98800131156
      ],
      "exit_codes": [
        0,
        0,
        0,
        0,
        0,
        0,
        0,
        0,
        0,
        0
      ],
      "parameters": {
        "VERSION": "3.0.5"
      }
    },
    {
      "command": "3.1.1",
      "mean": 1.01234665026,
      "stddev": 0.021094380246158475,
      "median": 1.0181480115600001,
      "user": 3.52816822,
      "system": 0.14616239999999997,
      "min": 0.97839522456,
      "max": 1.04302197056,
      "times": [
        0.97839522456,
        1.04302197056,
        0.98456999456,
        1.01580311756,
        1.02993532656,
        1.0283303745599999,
        1.00429202756,
        1.02368468756,
        1.02049290556,
        0.99494087356
      ],
      "exit_codes": [
        0,
        0,
        0,
        0,
        0,
        0,
        0,
        0,
        0,
        0
      ],
      "parameters": {
        "VERSION": "3.1.1"
      }
    },
    {
      "command": "3.2.5",
      "mean": 1.08200627176,
      "stddev": 0.04149051357244664,
      "median": 1.0725794845599999,
      "user": 3.84286132,
      "system": 0.1324901,
      "min": 1.04546479956,
      "max": 1.17399867856,
      "times": [
        1.17399867856,
        1.05623507956,
        1.08376546356,
        1.13566551656,
        1.06839666656,
        1.04995759156,
        1.05217646756,
        1.04546479956,
        1.07676230256,
        1.07764015156
      ],
      "exit_codes": [
        0,
        0,
        0,
        0,
        0,
        0,
        0,
        0,
        0,
        0
      ],
      "parameters": {
        "VERSION": "3.2.5"
      }
    },
    {
      "command": "3.3.9",
      "mean": 1.09899005246,
      "stddev": 0.01854617946117096,
      "median": 1.09654450856,
      "user": 3.8341012199999995,
      "system": 0.14614349999999998,
      "min": 1.06966564456,
      "max": 1.13180747056,
      "times": [
        1.11784901756,
        1.08011842156,
        1.09866510256,
        1.09312832656,
        1.0944239145599999,
        1.11532801856,
        1.13180747056,
        1.10092291756,
        1.06966564456,
        1.08799169056
      ],
      "exit_codes": [
        0,
        0,
        0,
        0,
        0,
        0,
        0,
        0,
        0,
        0
      ],
      "parameters": {
        "VERSION": "3.3.9"
      }
    },
    {
      "command": "3.5.4",
      "mean": 1.1224478767600001,
      "stddev": 0.023598681454741754,
      "median": 1.12423775356,
      "user": 3.92866552,
      "system": 0.19365099999999996,
      "min": 1.08646143756,
      "max": 1.15292904856,
      "times": [
        1.13527337656,
        1.10526305156,
        1.14102887756,
        1.15045912856,
        1.15292904856,
        1.10792016856,
        1.11320213056,
        1.08646143756,
        1.13619223456,
        1.09574931356
      ],
      "exit_codes": [
        0,
        0,
        0,
        0,
        0,
        0,
        0,
        0,
        0,
        0
      ],
      "parameters": {
        "VERSION": "3.5.4"
      }
    },
    {
      "command": "3.6.3",
      "mean": 1.05379286986,
      "stddev": 0.009564533292421925,
      "median": 1.0544468680599999,
      "user": 3.6239721200000004,
      "system": 0.183718,
      "min": 1.0346329325599999,
      "max": 1.06738427956,
      "times": [
        1.05825853056,
        1.0455610285599999,
        1.05409590256,
        1.05731528356,
        1.0346329325599999,
        1.04761852856,
        1.06526160156,
        1.06738427956,
        1.05300277756,
        1.05479783356
      ],
      "exit_codes": [
        0,
        0,
        0,
        0,
        0,
        0,
        0,
        0,
        0,
        0
      ],
      "parameters": {
        "VERSION": "3.6.3"
      }
    },
    {
      "command": "3.8.1",
      "mean": 1.06391988156,
      "stddev": 0.015792883309993306,
      "median": 1.06293209756,
      "user": 3.69084572,
      "system": 0.18673230000000002,
      "min": 1.04074708456,
      "max": 1.08840784056,
      "times": [
        1.07520556956,
        1.0501695255599999,
        1.04074708456,
        1.08840784056,
        1.07145113156,
        1.07807339156,
        1.05318536456,
        1.05094785756,
        1.05441306356,
        1.07659798656
      ],
      "exit_codes": [
        0,
        0,
        0,
        0,
        0,
        0,
        0,
        0,
        0,
        0
      ],
      "parameters": {
        "VERSION": "3.8.1"
      }
    },
    {
      "command": "3.8.2",
      "mean": 1.04676766756,
      "stddev": 0.032175788436851156,
      "median": 1.04407555856,
      "user": 3.51101492,
      "system": 0.11740389999999998,
      "min": 1.00142284656,
      "max": 1.10121887956,
      "times": [
        1.04750662156,
        1.0158865855599999,
        1.01318293156,
        1.04492268256,
        1.07178580256,
        1.04234683556,
        1.10121887956,
        1.00142284656,
        1.08617505556,
        1.04322843456
      ],
      "exit_codes": [
        0,
        0,
        0,
        0,
        0,
        0,
        0,
        0,
        0,
        0
      ],
      "parameters": {
        "VERSION": "3.8.2"
      }
    },
    {
      "command": "3.8.3",
      "mean": 0.99983154676,
      "stddev": 0.01742880297085905,
      "median": 0.9961269295599999,
      "user": 3.4086560199999996,
      "system": 0.10243379999999999,
      "min": 0.97861950856,
      "max": 1.02852910956,
      "times": [
        1.00211946956,
        0.97861950856,
        0.99013438956,
        1.02852910956,
        1.01620332856,
        1.01297471656,
        0.98916862256,
        1.01447788956,
        0.9792707525600001,
        0.9868176805600001
      ],
      "exit_codes": [
        0,
        0,
        0,
        0,
        0,
        0,
        0,
        0,
        0,
        0
      ],
      "parameters": {
        "VERSION": "3.8.3"
      }
    },
    {
      "command": "3.8.4",
      "mean": 1.00862330646,
      "stddev": 0.017111941854937553,
      "median": 1.00950183056,
      "user": 3.4368003199999997,
      "system": 0.10953209999999998,
      "min": 0.97507400456,
      "max": 1.0343439295599999,
      "times": [
        1.00893228356,
        1.0100713775599999,
        0.9983288115600001,
        1.00748580956,
        1.02441290056,
        1.01695455156,
        0.97507400456,
        0.99120471456,
        1.0343439295599999,
        1.0194246815599999
      ],
      "exit_codes": [
        0,
        0,
        0,
        0,
        0,
        0,
        0,
        0,
        0,
        0
      ],
      "parameters": {
        "VERSION": "3.8.4"
      }
    },
    {
      "command": "3.8.5",
      "mean": 1.01172259326,
      "stddev": 0.01409409340032558,
      "median": 1.01477668856,
      "user": 3.3904628199999998,
      "system": 0.1123218,
      "min": 0.98018368056,
      "max": 1.02656132656,
      "times": [
        1.02656132656,
        0.99797518056,
        1.01284335056,
        1.02528037856,
        1.01106564356,
        1.00681015656,
        1.0227019715599999,
        1.01671002656,
        0.98018368056,
        1.01709421756
      ],
      "exit_codes": [
        0,
        0,
        0,
        0,
        0,
        0,
        0,
        0,
        0,
        0
      ],
      "parameters": {
        "VERSION": "3.8.5"
      }
    },
    {
      "command": "3.8.6",
      "mean": 1.02106778216,