{
  "results": [
    {
      "command": "3.0.5",
      "mean": 0.9248847874399999,
      "stddev": 0.024905799100225872,
      "median": 0.92223929764,
      "user": 3.09191848,
      "system": 0.12127842,
      "min": 0.88237359464,
      "max": 0.96819105464,
      "times": [
        0.88237359464,
        0.9324747106400001,
        0.91250809464,
        0.9268118966400001,
        0.93989395164,
        0.9176666986400001,
        0.95334665564,
        0.9051756226400001,
        0.96819105464,
        0.91040559464
      ],
      "exit_codes": [
        0,
        0,
        0,
        0,
        0,
        0,
        0,
        0,
        0,
        0
      ],
      "parameters": {
        "VERSION": "3.0.5"
      }
    },
    {
      "command": "3.1.1",
      "mean": 0.9764514456399999,
      "stddev": 0.017118365712251084,
      "median": 0.97443079314,
      "user": 3.37966398,
      "system": 0.15496022,
      "min": 0.95348532164,
      "max": 1.00186818864,
      "times": [
        0.9768296846400001,
        0.9720319016400001,
        0.95398302964,
        0.95348532164,
        0.9645552526400001,
        1.00186818864,
        0.99312501064,
        0.97857363364,
        0.9985982976400001,
        0.97146413564
      ],
      "exit_codes": [
        0,
        0,
        0,
        0,
        0,
        0,
        0,
        0,
        0,
        0
      ],
      "parameters": {
        "VERSION": "3.1.1"
      }
    },
    {
      "command": "3.2.5",
      "mean": 1.0184384613400002,
      "stddev": 0.013798823217448313,
      "median": 1.01968662264,
      "user": 3.5995558799999996,
      "system": 0.14113112,
      "min": 0.9991612346400001,
      "max": 1.03806792164,
      "times": [
        1.02777884164,
        1.01041565164,
        1.00097686064,
        1.03806792164,
        1.03277919964,
        1.02907933864,
        1.02425050664,
        1.01512273864,
        1.00675231964,
        0.9991612346400001
      ],
      "exit_codes": [
        0,
        0,
        0,
        0,
        0,
        0,
        0,
        0,
        0,
        0
      ],
      "parameters": {
        "VERSION": "3.2.5"
      }
    },
    {
      "command": "3.3.9",
      "mean": 1.06018031054,
      "stddev": 0.023814013719071412,
      "median": 1.06040552514,
      "user": 3.7138072799999997,
      "system": 0.12489471999999999,
      "min": 1.02521131264,
      "max": 1.09652635464,
      "times": [
        1.07939199064,
        1.08217493164,
        1.02922717564,
        1.07497450664,
        1.09652635464,
        1.06942005264,
        1.05139099764,
        1.04854973864,
        1.02521131264,
        1.04493604464
      ],
      "exit_codes": [
        0,
        0,
        0,
        0,
        0,
        0,
        0,
        0,
        0,
        0
      ],
      "parameters": {
        "VERSION": "3.3.9"
      }
    },
    {
      "command": "3.5.4",
      "mean": 1.10626442724,
      "stddev": 0.031778227919735454,
      "median": 1.11064786814,
      "user": 3.88324978,
      "system": 0.18985641999999997,
      "min": 1.05069773564,
      "max": 1.14760817764,
      "times": [
        1.10689417464,
        1.12530210764,
        1.13329371464,
        1.05521881564,
        1.12747138564,
        1.14760817764,
        1.05069773564,
        1.09782023364,
        1.11440156164,
        1.10393636564
      ],
      "exit_codes": [
        0,
        0,
        0,
        0,
        0,
        0,
        0,
        0,
        0,
        0
      ],
      "parameters": {
        "VERSION": "3.5.4"
      }
    },
    {
      "command": "3.6.3",
      "mean": 1.08246153274,
      "stddev": 0.03766708375273277,
      "median": 1.0732087046399998,
      "user": 3.78541988,
      "system": 0.18185102000000003,
      "min": 1.03075022764,
      "max": 1.17331198364,
      "times": [
        1.06247660964,
        1.08593943164,
        1.07460378564,
        1.03075022764,
        1.07181362364,
        1.11035625064,
        1.06984902164,
        1.08079663664,
        1.06471775664,
        1.17331198364
      ],
      "exit_codes": [
        0,
        0,
        0,
        0,
        0,
        0,
        0,
        0,
        0,
        0
      ],
      "parameters": {
        "VERSION": "3.6.3"
      }
    },
    {
      "command": "3.8.1",
      "mean": 1.06631811894,
      "stddev": 0.010431608305360164,
      "median": 1.06350090014,
      "user": 3.75138988,
      "system": 0.18538311999999998,
      "min": 1.05209725164,
      "max": 1.08976102864,
      "times": [
        1.05209725164,
        1.06257653764,
        1.0592468986399999,
        1.05992353164,
        1.07377745564,
        1.06442526264,
        1.06813792264,
        1.07209281764,
        1.08976102864,
        1.06114248264
      ],
      "exit_codes": [
        0,
        0,
        0,
        0,
        0,
        0,
        0,
        0,
        0,
        0
      ],
      "parameters": {
        "VERSION": "3.8.1"
      }
    },
    {
      "command": "3.8.2",
      "mean": 1.05657605014,
      "stddev": 0.014896763797609321,
      "median": 1.05747488114,
      "user": 3.72210988,
      "system": 0.12104112,
      "min": 1.02529686164,
      "max": 1.0723579216399999,
      "times": [
        1.07113942064,
        1.05276704564,
        1.0723579216399999,
        1.05058974764,
        1.06668920764,
        1.06960688664,
        1.06218271664,
        1.02529686164,
        1.05211683164,
        1.04301386164
      ],
      "exit_codes": [
        0,
        0,
        0,
        0,
        0,
        0,
        0,
        0,
        0,
        0
      ],
      "parameters": {
        "VERSION": "3.8.2"
      }
    },
    {
      "command": "3.8.3",
      "mean": 1.02743042344,
      "stddev": 0.03360248013580244,
      "median": 1.01348294764,
      "user": 3.5510402799999996,
      "system": 0.10763792000000001,
      "min": 0.99822834664,
      "max": 1.11344912464,
      "times": [
        1.01244221264,
        1.0064361286399999,
        1.00974626764,
        1.04786872464,
        0.99822834664,
        1.0136157346399999,
        1.03719718264,
        1.02197035164,
        1.01335016064,
        1.11344912464
      ],
      "exit_codes": [
        0,
        0,
        0,
        0,
        0,
        0,
        0,
        0,
        0,
        0
      ],
      "parameters": {
        "VERSION": "3.8.3"
      }
    },
    {
      "command": "3.8.4",
      "mean": 1.00813785314,
      "stddev": 0.023078487572354714,
      "median": 1.00963480814,
      "user": 3.54069298,
      "system": 0.10865602,
      "min": 0.97512314264,
      "max": 1.04120889364,
      "times": [
        0.9907768946400001,
        1.01902749064,
        1.00171520964,
        1.03785485464,
        0.98938506764,
        1.02432573164,
        1.01755440664,
        1.04120889364,
        0.97512314264,
        0.9844068396400001
      ],
      "exit_codes": [
        0,
        0,
        0,
        0,
        0,
        0,
        0,
        0,
        0,
        0
      ],
      "parameters": {
        "VERSION": "3.8.4"
      }
    },
    {
      "command": "3.8.5",
      "mean": 1.0220110760399999,
      "stddev": 0.012063368346109375,
      "median": 1.0197035536399999,
      "user": 3.5620226799999997,
      "system": 0.10512882000000001,
      "min": 1.00244976064,
      "max": 1.04466230964,
      "times": [
        1.01316538164,
        1.01902978064,
        1.01955890664,
        1.04466230964,
        1.01984820064,
        1.03616162564,
        1.02322298864,
        1.01350766564,
        1.02850414064,
        1.00244976064
      ],
      "exit_codes": [
        0,
        0,
        0,
        0,
        0,
        0,
        0,
        0,
        0,
        0
      ],
      "parameters": {
        "VERSION": "3.8.5"
      }
    },
    {
      "command": "3.8.6",
      "mean": 1.02858815514,