{
  "results": [
    {
      "command": "3.0.5",
      "mean": 0.9064210262,
      "stddev": 0.014767178925667306,
      "median": 0.9099856100000001,
      "user": 3.16153974,
      "system": 0.10427920000000002,
      "min": 0.8836381475,
      "max": 0.9309746115,
      "times": [
        0.8943195095,
        0.9309746115,
        0.9190795095000001,
        0.9151950335000001,
        0.8994544045,
        0.8881785985,
        0.9108781185000001,
        0.9133992275,
        0.8836381475,
        0.9090931015000001
      ],
      "exit_codes": [
        0,
        0,
        0,
        0,
        0,
        0,
        0,
        0,
        0,
        0
      ],
      "parameters": {
        "VERSION": "3.0.5"
      }
    },
    {
      "command": "3.1.1",
      "mean": 0.9791025634,
      "stddev": 0.02154051058542716,
      "median": 0.9751296485000001,
      "user": 3.35384134,
      "system": 0.14236870000000001,
      "min": 0.9511374345000001,
      "max": 1.0184687854999999,
      "times": [
        0.9511374345000001,
        1.0072692454999999,
        1.0184687854999999,
        0.9784229435,
        0.9876555005000001,
        0.9608271495,
        0.9646160085000001,
        0.9621090185000001,
        0.9886831945000001,
        0.9718363535000001
      ],
      "exit_codes": [
        0,
        0,
        0,
        0,
        0,
        0,
        0,
        0,
        0,
        0
      ],
      "parameters": {
        "VERSION": "3.1.1"
      }
    },
    {
      "command": "3.2.5",
      "mean": 1.0328686793,
      "stddev": 0.01819336628402413,
      "median": 1.0357612015,
      "user": 3.6311874399999993,
      "system": 0.12399969999999998,
      "min": 0.9903498955000001,
      "max": 1.0526047685,
      "times": [
        1.0517056605,
        1.0526047685,
        1.0372494904999998,
        1.0198377705,
        1.0257230995,
        1.0364260905,
        0.9903498955000001,
        1.0338580124999999,
        1.0350963125,
        1.0458356924999999
      ],
      "exit_codes": [
        0,
        0,
        0,
        0,
        0,
        0,
        0,
        0,
        0,
        0
      ],
      "parameters": {
        "VERSION": "3.2.5"
      }
    },
    {
      "command": "3.3.9",
      "mean": 1.0450570213000003,
      "stddev": 0.03893110226319411,
      "median": 1.0350042,
      "user": 3.6576999399999996,
      "system": 0.14735040000000002,
      "min": 1.0090003945,
      "max": 1.1245660665,
      "times": [
        1.0152704415,
        1.1245660665,
        1.0518594865,
        1.0090003945,
        1.0532942125,
        1.0144716004999998,
        1.0317703935,
        1.0382380064999999,
        1.0985783765,
        1.0135212345
      ],
      "exit_codes": [
        0,
        0,
        0,
        0,
        0,
        0,
        0,
        0,
        0,
        0
      ],
      "parameters": {
        "VERSION": "3.3.9"
      }
    },
    {
      "command": "3.5.4",
      "mean": 1.0880173456,
      "stddev": 0.030851678054681236,
      "median": 1.077957425,
      "user": 3.79196354,
      "system": 0.1753273,
      "min": 1.0501993365,
      "max": 1.1529343305,
      "times": [
        1.0804623445,
        1.0501993365,
        1.0618620744999998,
        1.0754525055,
        1.1529343305,
        1.0747633925,
        1.1100985374999999,
        1.1191862174999998,
        1.0683476175,
        1.0868670994999998
      ],
      "exit_codes": [
        0,
        0,
        0,
        0,
        0,
        0,
        0,
        0,
        0,
        0
      ],
      "parameters": {
        "VERSION": "3.5.4"
      }
    },
    {
      "command": "3.6.3",
      "mean": 1.0146370425,
      "stddev": 0.018917739680939193,
      "median": 1.0136327719999998,
      "user": 3.43427594,
      "system": 0.1638472,
      "min": 0.9871543725,
      "max": 1.0534921174999998,
      "times": [
        0.9871543725,
        1.0125808175,
        1.0291684765,
        1.0284018645,
        1.0146847264999999,
        1.0011927225,
        1.0071234885,
        1.0156230734999998,
        0.9969487655000001,
        1.0534921174999998
      ],
      "exit_codes": [
        0,
        0,
        0,
        0,
        0,
        0,
        0,
        0,
        0,
        0
      ],
      "parameters": {
        "VERSION": "3.6.3"
      }
    },
    {
      "command": "3.8.1",
      "mean": 1.0270782002999999,
      "stddev": 0.025924686784104565,
      "median": 1.0280126589999998,
      "user": 3.5034803399999994,
      "system": 0.1755494,
      "min": 0.9808529755000001,
      "max": 1.0712335874999999,
      "times": [
        1.0350058844999999,
        1.0065718915,
        1.0247242134999999,
        1.0712335874999999,
        1.0285482014999998,
        0.9808529755000001,
        1.0537863195,
        1.0027058654999998,
        1.0274771164999998,
        1.0398759475
      ],
      "exit_codes": [
        0,
        0,
        0,
        0,
        0,
        0,
        0,
        0,
        0,
        0
      ],
      "parameters": {
        "VERSION": "3.8.1"
      }
    },
    {
      "command": "3.8.2",
      "mean": 1.0070390853,
      "stddev": 0.02773703252112192,
      "median": 1.0026671774999998,
      "user": 3.4095247399999997,
      "system": 0.1028798,
      "min": 0.9690922995000001,
      "max": 1.0476336695,
      "times": [
        1.0090083735,
        0.9860419195000001,
        1.0398386275,
        0.9952891955000001,
        0.9765242295000001,
        1.0476336695,
        1.0050951085,
        1.0002392464999998,
        0.9690922995000001,
        1.0416281834999999
      ],
      "exit_codes": [
        0,
        0,
        0,
        0,
        0,
        0,
        0,
        0,
        0,
        0
      ],
      "parameters": {
        "VERSION": "3.8.2"
      }
    },
    {
      "command": "3.8.3",
      "mean": 0.9806735927000002,
      "stddev": 0.031331241297010023,
      "median": 0.9805953365000001,
      "user": 3.3035726399999996,
      "system": 0.10486820000000001,
      "min": 0.9346554535000001,
      "max": 1.0487124325,
      "times": [
        0.9802251005000001,
        0.9346554535000001,
        0.9846710735,
        1.0077307144999998,
        0.9661560715,
        1.0487124325,
        0.9482462345000001,
        0.9831353705000001,
        0.9809655725,
        0.9722379035000001
      ],
      "exit_codes": [
        0,
        0,
        0,
        0,
        0,
        0,
        0,
        0,
        0,
        0
      ],
      "parameters": {
        "VERSION": "3.8.3"
      }
    },
    {
      "command": "3.8.4",
      "mean": 0.9826225590000002,
      "stddev": 0.03944005824160419,
      "median": 0.965432923,
      "user": 3.2861712400000003,
      "system": 0.0946522,
      "min": 0.9478468045,
      "max": 1.0709730844999998,
      "times": [
        0.9571686775000001,
        0.9543359965000001,
        1.0709730844999998,
        0.9478468045,
        0.9655591345000001,
        0.9918078895000001,
        0.9525736085000001,
        0.9653067115,
        0.9957820435000001,
        1.0248716395
      ],
      "exit_codes": [
        0,
        0,
        0,
        0,
        0,
        0,
        0,
        0,
        0,
        0
      ],
      "parameters": {
        "VERSION": "3.8.4"
      }
    },
    {
      "command": "3.8.5",
      "mean": 0.9783266089000001,
      "stddev": 0.03284255228324716,
      "median": 0.968292589,
      "user": 3.2549324399999997,
      "system": 0.10146000000000002,
      "min": 0.9470561425,
      "max": 1.0624957284999998,
      "times": [
        0.9470561425,
        0.9874171355000001,
        0.9620638395000001,
        0.9720951775000001,
        0.9795773755000001,
        0.9594073535000001,
        0.9927245585000001,
        0.9559387775000001,
        0.9644900005000001,
        1.0624957284999998
      ],