{
  "results": [
    {
      "command": "3.0.5",
      "mean": 3.0780355956800003,
      "stddev": 0.04423760731202398,
      "median": 3.07298365938,
      "user": 9.68211844,
      "system": 0.5400711600000001,
      "min": 3.00331932388,
      "max": 3.1411958708800003,
      "times": [
        3.00331932388,
        3.0538238888800002,
        3.04394138888,
        3.1411958708800003,
        3.05034512488,
        3.09214342988,
        3.1181812208800004,
        3.0499997318800003,
        3.1275689528800004,
        3.09983702388
      ],
      "exit_codes": [
        0,
        0,
        0,
        0,
        0,
        0,
        0,
        0,
        0,
        0
      ],
      "parameters": {
        "VERSION": "3.0.5"
      }
    },
    {
      "command": "3.1.1",
      "mean": 4.73272853308,
      "stddev": 0.03814358430241591,
      "median": 4.72932425838,
      "user": 14.528606439999999,
      "system": 0.9577498599999998,
      "min": 4.67347319188,
      "max": 4.80553494188,
      "times": [
        4.71099346388,
        4.80553494188,
        4.71716962388,
        4.762610990880001,
        4.73857734388,
        4.7590198388800005,
        4.692888941880001,
        4.746945820880001,
        4.67347319188,
        4.72007117288
      ],
      "exit_codes": [
        0,
        0,
        0,
        0,
        0,
        0,
        0,
        0,
        0,
        0
      ],
      "parameters": {
        "VERSION": "3.1.1"
      }
    },
    {
      "command": "3.2.5",
      "mean": 4.831540990380001,
      "stddev": 0.06781414122405326,
      "median": 4.82556239138,
      "user": 15.409402240000002,
      "system": 0.9861064599999999,
      "min": 4.70936242288,
      "max": 4.948152303880001,
      "times": [
        4.879147377880001,
        4.76493321588,
        4.82772242388,
        4.80257022388,
        4.82340235888,
        4.8868567908800005,
        4.8040103188800005,
        4.948152303880001,
        4.70936242288,
        4.86925246688
      ],
      "exit_codes": [
        0,
        0,
        0,
        0,
        0,
        0,
        0,
        0,
        0,
        0
      ],
      "parameters": {
        "VERSION": "3.2.5"
      }
    },
    {
      "command": "3.3.9",
      "mean": 4.923578406480001,
      "stddev": 0.05724410199582755,
      "median": 4.91998346238,
      "user": 15.676567639999996,
      "system": 0.9829037599999999,
      "min": 4.83520650288,
      "max": 5.01893251888,
      "times": [
        4.93433665888,
        4.96771184088,
        4.90090100988,
        4.9669142098800005,
        4.83520650288,
        4.90563026588,
        4.96524843088,
        4.88512656288,
        4.8557760638800005,
        5.01893251888
      ],
      "exit_codes": [
        0,
        0,
        0,
        0,
        0,
        0,
        0,
        0,
        0,
        0
      ],
      "parameters": {
        "VERSION": "3.3.9"
      }
    },
    {
      "command": "3.5.4",
      "mean": 3.9963331756799993,
      "stddev": 0.06257879735353897,
      "median": 3.99827639238,
      "user": 12.267937439999999,
      "system": 1.08038796,
      "min": 3.9217187428800004,
      "max": 4.09843591088,
      "times": [
        4.09843591088,
        3.95495331688,
        4.08430349288,
        4.027593967880001,
        3.9217187428800004,
        4.01352898788,
        4.01374839188,
        3.9291888418800003,
        3.93683630688,
        3.9830237968800004
      ],
      "exit_codes": [
        0,
        0,
        0,
        0,
        0,
        0,
        0,
        0,
        0,
        0
      ],
      "parameters": {
        "VERSION": "3.5.4"
      }
    },
    {
      "command": "3.6.3",
      "mean": 3.8874928166799996,
      "stddev": 0.07468967180358459,
      "median": 3.8867419828800003,
      "user": 11.795378839999998,
      "system": 1.0706388599999999,
      "min": 3.7681149728800003,
      "max": 4.03681566088,
      "times": [
        3.89807219388,
        3.8084593248800003,
        3.91248851488,
        3.92912897988,
        3.86111056888,
        4.03681566088,
        3.8476823538800002,
        3.8754117718800005,
        3.9376438248800003,
        3.7681149728800003
      ],
      "exit_codes": [
        0,
        0,
        0,
        0,
        0,
        0,
        0,
        0,
        0,
        0
      ],
      "parameters": {
        "VERSION": "3.6.3"
      }
    },
    {
      "command": "3.8.1",
      "mean": 3.91805850608,
      "stddev": 0.10003597099210591,
      "median": 3.89081117988,
      "user": 11.85594794,
      "system": 1.10417006,
      "min": 3.8191475868800002,
      "max": 4.1469315818800006,
      "times": [
        3.91864600388,
        4.1469315818800006,
        3.89154791188,
        3.86935725888,
        3.8587640958800002,
        3.8305379008800005,
        3.8191475868800002,
        3.92426694888,
        4.03131132388,
        3.89007444788
      ],
      "exit_codes": [
        0,
        0,
        0,
        0,
        0,
        0,
        0,
        0,
        0,
        0
      ],
      "parameters": {
        "VERSION": "3.8.1"
      }
    },
    {
      "command": "3.8.2",
      "mean": 3.51309879358,
      "stddev": 0.030641161914783235,
      "median": 3.51113586738,
      "user": 11.355835039999999,
      "system": 0.48179885999999994,
      "min": 3.46679543688,
      "max": 3.56973802088,
      "times": [
        3.53929950988,
        3.50421576988,
        3.53565586788,
        3.49665204388,
        3.4909029418800004,
        3.4836294588800003,
        3.56973802088,
        3.5180559648800003,
        3.52604292088,
        3.46679543688
      ],
      "exit_codes": [
        0,
        0,
        0,
        0,
        0,
        0,
        0,
        0,
        0,
        0
      ],
      "parameters": {
        "VERSION": "3.8.2"
      }
    },
    {
      "command": "3.8.3",
      "mean": 2.61683265498,
      "stddev": 0.039463777036228165,
      "median": 2.6201550628800003,
      "user": 10.218454939999999,
      "system": 0.46525746,
      "min": 2.5560452728800005,
      "max": 2.67185146588,
      "times": [
        2.5663591728800004,
        2.62623891088,
        2.67185146588,
        2.6357751998800003,
        2.61407121488,
        2.5787492918800003,
        2.64766608088,
        2.6115732668800002,
        2.65999667288,
        2.5560452728800005
      ],
      "exit_codes": [
        0,
        0,
        0,
        0,
        0,
        0,
        0,
        0,
        0,
        0
      ],
      "parameters": {
        "VERSION": "3.8.3"
      }
    },
    {
      "command": "3.8.4",
      "mean": 2.5894036568800005,
      "stddev": 0.031000209776448205,
      "median": 2.5904689878800005,
      "user": 10.086245539999997,
      "system": 0.44199355999999995,
      "min": 2.5457123628800002,
      "max": 2.64087511688,
      "times": [
        2.59746320788,
        2.6086877158800004,
        2.64087511688,
        2.56722567188,
        2.5834747678800003,
        2.56457756588,
        2.5457123628800002,
        2.60842757188,
        2.62156860488,
        2.55602398288
      ],
      "exit_codes": [
        0,
        0,
        0,
        0,
        0,
        0,
        0,
        0,
        0,
        0
      ],
      "parameters": {
        "VERSION": "3.8.4"
      }
    },
    {
      "command": "3.8.5",
      "mean": 2.6054901929800005,
      "stddev": 0.029991653474831424,
      "median": 2.60907210638,
      "user": 10.238648439999999,
      "system": 0.4479190600000001,
      "min": 2.56070884988,
      "max": 2.6510937188800003,
      "times": [
        2.56070884988,
        2.6028509468800003,
        2.6363349568800003,
        2.6228224838800003,
        2.6510937188800003,
        2.61529326588,
        2.57287712488,
        2.6221811298800004,
        2.6012395668800004,
        2.56949988588
      ],