{
  "results": [
    {
      "command": "3.0.5",
      "mean": 1.3175814225,
      "stddev": 0.024047023928695083,
      "median": 1.3173282812,
      "user": 4.50634694,
      "system": 0.31107657999999994,
      "min": 1.2713022862,
      "max": 1.3591282652,
      "times": [
        1.3402565362,
        1.3108735122,
        1.3151584222,
        1.3230863772,
        1.2937732912,
        1.3129450542,
        1.3194981402000001,
        1.3297923402,
        1.3591282652,
        1.2713022862
      ],
      "exit_codes": [
        0,
        0,
        0,
        0,
        0,
        0,
        0,
        0,
        0,
        0
      ],
      "parameters": {
        "VERSION": "3.0.5"
      }
    },
    {
      "command": "3.6.3",
      "mean": 2.102505954,
      "stddev": 0.034817555746464154,
      "median": 2.1011272846999995,
      "user": 7.433682039999999,
      "system": 0.8330308799999999,
      "min": 2.0388139481999996,
      "max": 2.1586393322,
      "times": [
        2.1300522992,
        2.0939543811999997,
        2.0969431721999996,
        2.1241259971999997,
        2.0876616471999996,
        2.1053113972,
        2.1265968001999997,
        2.1586393322,
        2.0388139481999996,
        2.0629605651999996
      ],
      "exit_codes": [
        0,
        0,
        0,
        0,
        0,
        0,
        0,
        0,
        0,
        0
      ],
      "parameters": {
        "VERSION": "3.6.3"
      }
    },
    {
      "command": "3.8.8",
      "mean": 1.6995268394,
      "stddev": 0.015765914414179072,
      "median": 1.7023165942,
      "user": 6.42098814,
      "system": 0.31543078,
      "min": 1.6714806542,
      "max": 1.7157322812,
      "times": [
        1.7148305932,
        1.6821097952,
        1.7141637482,
        1.7157322812,
        1.7045887612,
        1.6860242351999999,
        1.6931057192,
        1.7000444272000002,
        1.7131881792,
        1.6714806542
      ],
      "exit_codes": [
        0,
        0,
        0,
        0,
        0,
        0,
        0,
        0,
        0,
        0
      ],
      "parameters": {
        "VERSION": "3.8.8"
      }
    },
    {
      "command": "3.9.6",
      "mean": 1.9246205376999999,
      "stddev": 0.034360286889460606,
      "median": 1.9196279907,
      "user": 7.09574184,
      "system": 0.35316647999999995,
      "min": 1.8745633642,
      "max": 1.9643818262000001,
      "times": [
        1.9226344302,
        1.8976196262,
        1.8988514562,
        1.9639131872,
        1.9643818262000001,
        1.9166215512000002,
        1.8745633642,
        1.9574491382,
        1.8900432922000001,
        1.9601275052000002
      ],
      "exit_codes": [
        0,
        0,
        0,
        0,
        0,
        0,
        0,
        0,
        0,
        0
      ],
      "parameters": {
        "VERSION": "3.9.6"
      }
    },
    {
      "command": "4.0.0-alpha-13",
      "mean": 2.5781399555,
      "stddev": 0.056624938119403154,
      "median": 2.5945980842,
      "user": 12.54863414,
      "system": 0.6560176799999999,
      "min": 2.4979699201999996,
      "max": 2.6619437321999997,
      "times": [
        2.4979699201999996,
        2.6047226682,
        2.5141080432,
        2.6619437321999997,
        2.6442379542,
        2.6082864451999996,
        2.5884222182,
        2.6007739502,
        2.5393913732,
        2.5215432501999997
      ],
      "exit_codes": [
        0,
        0,
        0,
        0,
        0,
        0,
        0,
        0,
        0,
        0
      ],
      "parameters": {
        "VERSION": "4.0.0-alpha-13"
      }
    }
  ]
}
