{
  "results": [
    {
      "command": "3.0.5",
      "mean": 2.14693800284,
      "stddev": 0.02804960953277841,
      "median": 2.14362245684,
      "user": 6.56101058,
      "system": 0.51734316,
      "min": 2.10291600084,
      "max": 2.2065733058399997,
      "times": [
        2.14327484984,
        2.17385988784,
        2.14397006384,
        2.15040434384,
        2.2065733058399997,
        2.14157060984,
        2.11903752484,
        2.14484127384,
        2.10291600084,
        2.1429321678399997
      ],
      "exit_codes": [
        0,
        0,
        0,
        0,
        0,
        0,
        0,
        0,
        0,
        0
      ],
      "parameters": {
        "VERSION": "3.0.5"
      }
    },
    {
      "command": "3.6.3",
      "mean": 3.62010058474,
      "stddev": 0.05338773068393351,
      "median": 3.61146027934,
      "user": 10.53126908,
      "system": 1.6193381600000003,
      "min": 3.57102060784,
      "max": 3.75601369784,
      "times": [
        3.75601369784,
        3.59256250484,
        3.57102060784,
        3.60050458984,
        3.63787662984,
        3.5795491988399997,
        3.62241596884,
        3.6250432678399997,
        3.58206641084,
        3.63395297084
      ],
      "exit_codes": [
        0,
        0,
        0,
        0,
        0,
        0,
        0,
        0,
        0,
        0
      ],
      "parameters": {
        "VERSION": "3.6.3"
      }
    },
    {
      "command": "3.8.8",
      "mean": 2.5316936450399994,
      "stddev": 0.03861730527576949,
      "median": 2.5255997178399996,
      "user": 9.50576448,
      "system": 0.54731686,
      "min": 2.47491503384,
      "max": 2.59080947384,
      "times": [
        2.5169558838399997,
        2.59080947384,
        2.53424355184,
        2.5106603608399998,
        2.58338067684,
        2.5401481638399996,
        2.51469835784,
        2.5638379318399998,
        2.48728701584,
        2.47491503384
      ],
      "exit_codes": [
        0,
        0,
        0,
        0,
        0,
        0,
        0,
        0,
        0,
        0
      ],
      "parameters": {
        "VERSION": "3.8.8"
      }
    },
    {
      "command": "3.9.6",
      "mean": 2.76509446214,
      "stddev": 0.055974143738711964,
      "median": 2.77587993684,
      "user": 10.20014588,
      "system": 0.5755493600000001,
      "min": 2.69686581184,
      "max": 2.84075363084,
      "times": [
        2.69686581184,
        2.77960988484,
        2.81071213084,
        2.83363942584,
        2.84075363084,
        2.69920403884,
        2.77214998884,
        2.71902493684,
        2.79324066684,
        2.70574410584
      ],
      "exit_codes": [
        0,
        0,
        0,
        0,
        0,
        0,
        0,
        0,
        0,
        0
      ],
      "parameters": {
        "VERSION": "3.9.6"
      }
    },
    {
      "command": "4.0.0-alpha-13",
      "mean": 4.05859748114,
      "stddev": 0.10700829698444798,
      "median": 4.05164055034,
      "user": 22.92333328,
      "system": 1.07044306,
      "min": 3.89419682884,
      "max": 4.19782515684,
      "times": [
        4.01357841684,
        4.07188397884,
        4.04404128684,
        4.03909780284,
        3.90408494684,
        3.89419682884,
        4.19782515684,
        4.17961744784,
        4.18240913184,
        4.05923981384
      ],
      "exit_codes": [
        0,
        0,
        0,
        0,
        0,
        0,
        0,
        0,
        0,
        0
      ],
      "parameters": {
        "VERSION": "4.0.0-alpha-13"
      }
    }
  ]
}
