{
  "results": [
    {
      "command": "3.0.5",
      "mean": 0.6549790381800001,
      "stddev": 0.020680194253690085,
      "median": 0.6523505181800001,
      "user": 1.7740161799999998,
      "system": 0.10014567999999999,
      "min": 0.62233276418,
      "max": 0.6855386941800001,
      "times": [
        0.6573384791800001,
        0.6519619671800001,
        0.6855386941800001,
        0.6388456161800001,
        0.6437805591800001,
        0.6769331271800001,
        0.6527390691800001,
        0.62233276418,
        0.6388490941800001,
        0.6814710111800001
      ],
      "exit_codes": [
        0,
        0,
        0,
        0,
        0,
        0,
        0,
        0,
        0,
        0
      ],
      "parameters": {
        "VERSION": "3.0.5"
      }
    },
    {
      "command": "3.6.3",
      "mean": 0.80730551368,
      "stddev": 0.023656359796411477,
      "median": 0.79935038968,
      "user": 2.3061526799999994,
      "system": 0.13232428,
      "min": 0.7792220411800002,
      "max": 0.8444824691800001,
      "times": [
        0.7947368181800001,
        0.8332785141800001,
        0.7827559501800001,
        0.8444824691800001,
        0.7792220411800002,
        0.7853990581800001,
        0.7978413501800001,
        0.8307603961800001,
        0.8237191101800001,
        0.8008594291800001
      ],
      "exit_codes": [
        0,
        0,
        0,
        0,
        0,
        0,
        0,
        0,
        0,
        0
      ],
      "parameters": {
        "VERSION": "3.6.3"
      }
    },
    {
      "command": "3.8.8",
      "mean": 0.7821792232800002,
      "stddev": 0.011895125272534978,
      "median": 0.7832317186800001,
      "user": 2.3115365799999994,
      "system": 0.11029528,
      "min": 0.7588024551800001,
      "max": 0.7999143521800001,
      "times": [
        0.7903473541800001,
        0.7588024551800001,
        0.7723992201800001,
        0.7832282191800001,
        0.7832352181800001,
        0.7798626071800001,
        0.7738045871800001,
        0.7852563221800001,
        0.7949418971800001,
        0.7999143521800001
      ],
      "exit_codes": [
        0,
        0,
        0,
        0,
        0,
        0,
        0,
        0,
        0,
        0
      ],
      "parameters": {
        "VERSION": "3.8.8"
      }
    },
    {
      "command": "3.9.9",
      "mean": 0.9348412956800001,
      "stddev": 0.015433792040141689,
      "median": 0.9366334556800001,
      "user": 2.87610488,
      "system": 0.10379537999999999,
      "min": 0.9040349071800001,
      "max": 0.9586883801800001,
      "times": [
        0.9458813471800002,
        0.9271240711800001,
        0.9337980161800001,
        0.9194989091800001,
        0.9462216581800001,
        0.9586883801800001,
        0.9040349071800001,
        0.9418082611800002,
        0.9318885111800002,
        0.9394688951800001
      ],
      "exit_codes": [
        0,
        0,
        0,
        0,
        0,
        0,
        0,
        0,
        0,
        0
      ],
      "parameters": {
        "VERSION": "3.9.9"
      }
    },
    {
      "command": "4.0.0-alpha-13",
      "mean": 1.35605301518,
      "stddev": 0.03771506950175144,
      "median": 1.34811227768,
      "user": 4.57400708,
      "system": 0.17379047999999997,
      "min": 1.3069715611800001,
      "max": 1.43748696418,
      "times": [
        1.3069715611800001,
        1.35335932618,
        1.32492650418,
        1.37732586018,
        1.33555106918,
        1.43748696418,
        1.36068554518,
        1.34286522918,
        1.33174633718,
        1.38961175518
      ],
      "exit_codes": [
        0,
        0,
        0,
        0,
        0,
        0,
        0,
        0,
        0,
        0
      ],
      "parameters": {
        "VERSION": "4.0.0-alpha-13"
      }
    },
    {
      "command": "4.0.0-beta-3",
      "mean": 1.4411193289800002,
      "stddev": 0.04385390078410393,
      "median": 1.44211536168,
      "user": 4.87717978,
      "system": 0.20339278,
      "min": 1.3723014661800002,
      "max": 1.51976026618,
      "times": [
        1.44534748118,
        1.51976026618,
        1.46220817018,
        1.3723014661800002,
        1.46963940918,
        1.4741090241800001,
        1.4388832421800002,
        1.4360235081800001,
        1.39503899918,
        1.39788172318
      ],
      "exit_codes": [
        0,
        0,
        0,
        0,
        0,
        0,
        0,
        0,
        0,
        0
      ],
      "parameters": {
        "VERSION": "4.0.0-beta-3"
      }
    },
    {
      "command": "4.0.0-beta-4",
      "mean": 1.4578181475800003,
      "stddev": 0.043229631088704874,
      "median": 1.4580610816800001,
      "user": 4.85183768,
      "system": 0.20505108,
      "min": 1.3868131191800002,
      "max": 1.5231742871800003,
      "times": [
        1.46127117218,
        1.4571936871800002,
        1.3868131191800002,
        1.44904466618,
        1.5231742871800003,
        1.47972935418,
        1.4426046651800002,
        1.40184552118,
        1.5175765271800001,
        1.45892847618
      ],
      "exit_codes": [
        0,
        0,
        0,
        0,
        0,
        0,
        0,
        0,
        0,
        0
      ],
      "parameters": {
        "VERSION": "4.0.0-beta-4"
      }
    }
  ]
}
