{
  "results": [
    {
      "command": "3.0.5",
      "mean": 0.8323891976200001,
      "stddev": 0.03115144147009913,
      "median": 0.8268646255200001,
      "user": 2.6137036599999997,
      "system": 0.15901441999999996,
      "min": 0.7863391250200001,
      "max": 0.8844870640200001,
      "times": [
        0.8838563080200001,
        0.8314413430200001,
        0.8232374360200001,
        0.7863391250200001,
        0.8304918150200001,
        0.8409265200200001,
        0.8097809530200001,
        0.8231202480200001,
        0.8844870640200001,
        0.8102111640200002
      ],
      "exit_codes": [
        0,
        0,
        0,
        0,
        0,
        0,
        0,
        0,
        0,
        0
      ],
      "parameters": {
        "VERSION": "3.0.5"
      }
    },
    {
      "command": "3.1.1",
      "mean": 0.8646812771200001,
      "stddev": 0.02677079124261448,
      "median": 0.8612879200200001,
      "user": 2.76279286,
      "system": 0.13992762,
      "min": 0.8255088920200001,
      "max": 0.9066535720200001,
      "times": [
        0.8346402870200001,
        0.9066535720200001,
        0.8255088920200001,
        0.8450904520200001,
        0.8545091900200001,
        0.8591201710200002,
        0.8730369030200001,
        0.9003179910200001,
        0.8844796440200001,
        0.8634556690200001
      ],
      "exit_codes": [
        0,
        0,
        0,
        0,
        0,
        0,
        0,
        0,
        0,
        0
      ],
      "parameters": {
        "VERSION": "3.1.1"
      }
    },
    {
      "command": "3.2.5",
      "mean": 0.9215647814200002,
      "stddev": 0.015651924713472383,
      "median": 0.9241001455200001,
      "user": 2.97521696,
      "system": 0.15613902,
      "min": 0.8974731370200001,
      "max": 0.9519392860200001,
      "times": [
        0.9098842450200001,
        0.9315025260200002,
        0.9091478630200001,
        0.9092001630200001,
        0.9280201880200001,
        0.9284777570200001,
        0.9298225460200001,
        0.8974731370200001,
        0.9201801030200001,
        0.9519392860200001
      ],
      "exit_codes": [
        0,
        0,
        0,
        0,
        0,
        0,
        0,
        0,
        0,
        0
      ],
      "parameters": {
        "VERSION": "3.2.5"
      }
    },
    {
      "command": "3.3.9",
      "mean": 0.9562253264200002,
      "stddev": 0.03799653015664657,
      "median": 0.94632247702,
      "user": 3.13400326,
      "system": 0.14248402,
      "min": 0.9223398330200001,
      "max": 1.0516902460200002,
      "times": [
        0.9771602710200001,
        0.9404665560200001,
        0.9701912860200002,
        1.0516902460200002,
        0.9451012760200002,
        0.9271502000200001,
        0.9280821170200001,
        0.9525278010200001,
        0.9475436780200001,
        0.9223398330200001
      ],
      "exit_codes": [
        0,
        0,
        0,
        0,
        0,
        0,
        0,
        0,
        0,
        0
      ],
      "parameters": {
        "VERSION": "3.3.9"
      }
    },
    {
      "command": "3.5.4",
      "mean": 0.9779195144200001,
      "stddev": 0.02799922944300642,
      "median": 0.9795899345200001,
      "user": 3.2268416600000003,
      "system": 0.20932822,
      "min": 0.9408813160200001,
      "max": 1.02870780702,
      "times": [
        0.9601037330200001,
        0.9452383540200001,
        0.9547236390200001,
        1.00043816302,
        0.9408813160200001,
        0.9943757850200001,
        0.9955464780200001,
        0.9861715400200001,
        0.9730083290200001,
        1.02870780702
      ],
      "exit_codes": [
        0,
        0,
        0,
        0,
        0,
        0,
        0,
        0,
        0,
        0
      ],
      "parameters": {
        "VERSION": "3.5.4"
      }
    },
    {
      "command": "3.6.3",
      "mean": 0.9563317429200001,
      "stddev": 0.02368156027483711,
      "median": 0.9503431530200002,
      "user": 3.1551458599999997,
      "system": 0.21817031999999997,
      "min": 0.9309688890200001,
      "max": 1.00052296202,
      "times": [
        0.9309688890200001,
        0.9511622930200001,
        0.9401768330200001,
        1.00052296202,
        0.9617385940200001,
        0.9327761370200001,
        0.9433259880200001,
        0.9495240130200001,
        0.9600461040200001,
        0.9930756160200002
      ],
      "exit_codes": [
        0,
        0,
        0,
        0,
        0,
        0,
        0,
        0,
        0,
        0
      ],
      "parameters": {
        "VERSION": "3.6.3"
      }
    },
    {
      "command": "3.8.1",
      "mean": 0.9593718964200001,
      "stddev": 0.02889168900439056,
      "median": 0.9507421540200001,
      "user": 3.1379300599999995,
      "system": 0.20640312,
      "min": 0.9161050990200001,
      "max": 1.01403671302,
      "times": [
        1.01403671302,
        0.9459164080200001,
        0.9470545310200001,
        0.9345634640200001,
        0.9714111660200001,
        0.9872861520200001,
        0.9544297770200001,
        0.9161050990200001,
        0.9807814770200001,
        0.9421341770200001
      ],
      "exit_codes": [
        0,
        0,
        0,
        0,
        0,
        0,
        0,
        0,
        0,
        0
      ],
      "parameters": {
        "VERSION": "3.8.1"
      }
    },
    {
      "command": "3.8.2",
      "mean": 0.92602666322,
      "stddev": 0.02010315881156165,
      "median": 0.9246109785200001,
      "user": 3.05505146,
      "system": 0.13319962,
      "min": 0.9045224020200001,
      "max": 0.9601593210200001,
      "times": [
        0.9061777620200001,
        0.9465828510200001,
        0.9195186390200001,
        0.9062290610200001,
        0.9297033180200001,
        0.9404722460200001,
        0.9045224020200001,
        0.9601593210200001,
        0.9396285950200001,
        0.9072724370200002
      ],
      "exit_codes": [
        0,
        0,
        0,
        0,
        0,
        0,
        0,
        0,
        0,
        0
      ],
      "parameters": {
        "VERSION": "3.8.2"
      }
    },
    {
      "command": "3.8.3",
      "mean": 0.9109209021200002,
      "stddev": 0.014418145532972822,
      "median": 0.9106374425200001,
      "user": 2.97680586,
      "system": 0.14008902,
      "min": 0.8855254290200001,
      "max": 0.9387061560200001,
      "times": [
        0.8998388520200001,
        0.9211504800200001,
        0.9387061560200001,
        0.9034772160200001,
        0.9163013960200002,
        0.9120242150200001,
        0.9031734040200001,
        0.8855254290200001,
        0.9092506700200002,
        0.9197612030200001
      ],
      "exit_codes": [
        0,
        0,
        0,
        0,
        0,
        0,
        0,
        0,
        0,
        0
      ],
      "parameters": {
        "VERSION": "3.8.3"
      }
    },
    {
      "command": "3.8.4",
      "mean": 0.9181986188200002,
      "stddev": 0.020638376440450315,
      "median": 0.91387450152,
      "user": 3.0097466599999994,
      "system": 0.13727562,
      "min": 0.8861849330200001,
      "max": 0.9524920310200001,
      "times": [
        0.9271750380200001,
        0.8986589910200001,
        0.9524920310200001,
        0.9176680220200001,
        0.9412874570200002,
        0.9090120160200001,
        0.9041901300200001,
        0.9352365890200001,
        0.8861849330200001,
        0.9100809810200001
      ],
      "exit_codes": [
        0,
        0,
        0,
        0,
        0,
        0,
        0,
        0,
        0,
        0
      ],
      "parameters": {
        "VERSION": "3.8.4"
      }
    },
    {
      "command": "3.8.5",
      "mean": 0.93033678822,
      "stddev": 0.03148325134150358,
      "median": 0.9243999410200001,
      "user": 3.04484816,
      "system": 0.14424962,
      "min": 0.8842298600200001,
      "max": 1.00308735102,