{
  "results": [
    {
      "command": "3.0.5",
      "mean": 1.5949340641399998,
      "stddev": 0.028701745526805225,
      "median": 1.59576687064,
      "user": 5.7683860199999994,
      "system": 0.20145399999999997,
      "min": 1.54364770264,
      "max": 1.6484754956399998,
      "times": [
        1.58221453364,
        1.6484754956399998,
        1.54364770264,
        1.58898066564,
        1.61330593264,
        1.56926833864,
        1.5817938836399998,
        1.61528012764,
        1.60382088564,
        1.60255307564
      ],
      "exit_codes": [
        0,
        0,
        0,
        0,
        0,
        0,
        0,
        0,
        0,
        0
      ],
      "parameters": {
        "VERSION": "3.0.5"
      }
    },
    {
      "command": "3.6.3",
      "mean": 2.0789719359400003,
      "stddev": 0.04942197233182906,
      "median": 2.07381818914,
      "user": 7.64457302,
      "system": 0.5345965,
      "min": 2.01778647264,
      "max": 2.1480659766400003,
      "times": [
        2.1068272176400002,
        2.1480659766400003,
        2.11979340164,
        2.04611560664,
        2.05049288364,
        2.03619280964,
        2.01778647264,
        2.09714349464,
        2.02479418764,
        2.14250730864
      ],
      "exit_codes": [
        0,
        0,
        0,
        0,
        0,
        0,
        0,
        0,
        0,
        0
      ],
      "parameters": {
        "VERSION": "3.6.3"
      }
    },
    {
      "command": "3.8.8",
      "mean": 1.7661935276399998,
      "stddev": 0.030253305625232364,
      "median": 1.76794193364,
      "user": 6.7772903200000005,
      "system": 0.23715650000000005,
      "min": 1.7215811346399998,
      "max": 1.8077166276399999,
      "times": [
        1.80111029264,
        1.7685059906399998,
        1.73583854864,
        1.7494630686400001,
        1.8077166276399999,
        1.78196618264,
        1.73386581564,
        1.7215811346399998,
        1.79450973864,
        1.7673778766400001
      ],
      "exit_codes": [
        0,
        0,
        0,
        0,
        0,
        0,
        0,
        0,
        0,
        0
      ],
      "parameters": {
        "VERSION": "3.8.8"
      }
    },
    {
      "command": "3.9.4",
      "mean": 1.9589928010399997,
      "stddev": 0.029092851849333332,
      "median": 1.96491888314,
      "user": 7.489213619999999,
      "system": 0.2174343,
      "min": 1.90126428564,
      "max": 1.99493116164,
      "times": [
        1.9682108006399999,
        1.96162696564,
        1.97083078864,
        1.99132784464,
        1.90126428564,
        1.92327734764,
        1.94872231864,
        1.97639381764,
        1.99493116164,
        1.95334267964
      ],
      "exit_codes": [
        0,
        0,
        0,
        0,
        0,
        0,
        0,
        0,
        0,
        0
      ],
      "parameters": {
        "VERSION": "3.9.4"
      }
    },
    {
      "command": "3.9.5",
      "mean": 1.97390856964,
      "stddev": 0.045936455772783436,
      "median": 1.96568872364,
      "user": 7.54001882,
      "system": 0.2176653,
      "min": 1.91086768964,
      "max": 2.05284723764,
      "times": [
        1.95748312164,
        1.9653830566400001,
        1.92240849864,
        1.9522483656399998,
        2.0054520136400003,
        1.96599439064,
        2.05284723764,
        1.9675048766399998,
        1.91086768964,
        2.0388964456400003
      ],
      "exit_codes": [
        0,
        0,
        0,
        0,
        0,
        0,
        0,
        0,
        0,
        0
      ],
      "parameters": {
        "VERSION": "3.9.5"
      }
    },
    {
      "command": "4.0.0-alpha-7",
      "mean": 2.7035575326400005,
      "stddev": 0.042450165782535486,
      "median": 2.6901174676400004,
      "user": 10.28584912,
      "system": 0.3770878,
      "min": 2.66444958764,
      "max": 2.79818040064,
      "times": [
        2.67290858464,
        2.66444958764,
        2.70733541764,
        2.6914827106400003,
        2.71198057964,
        2.6831279176400002,
        2.6887522246400004,
        2.6646572126400003,
        2.7527006906400002,
        2.79818040064
      ],
      "exit_codes": [
        0,
        0,
        0,
        0,
        0,
        0,
        0,
        0,
        0,
        0
      ],
      "parameters": {
        "VERSION": "4.0.0-alpha-7"
      }
    },
    {
      "command": "4.0.0-alpha-8",
      "mean": 2.8321316936400005,
      "stddev": 0.031362887125137066,
      "median": 2.83140189414,
      "user": 10.576261220000003,
      "system": 0.3507347,
      "min": 2.7919823856400003,
      "max": 2.8908132596400002,
      "times": [
        2.83197409564,
        2.83862124964,
        2.86157874964,
        2.81011864964,
        2.8078745826400002,
        2.7988411546400003,
        2.8908132596400002,
        2.8586831166400004,
        2.83082969264,
        2.7919823856400003
      ],
      "exit_codes": [
        0,
        0,
        0,
        0,
        0,
        0,
        0,
        0,
        0,
        0
      ],
      "parameters": {
        "VERSION": "4.0.0-alpha-8"
      }
    }
  ]
}
