{
  "results": [
    {
      "command": "3.0.5",
      "mean": 0.72172860248,
      "stddev": 0.023756421355276173,
      "median": 0.71939182168,
      "user": 1.9727537800000001,
      "system": 0.13630756,
      "min": 0.68076817318,
      "max": 0.75407422018,
      "times": [
        0.71658598618,
        0.75407422018,
        0.7447335351800001,
        0.7009140191800001,
        0.69845531518,
        0.7408722251800001,
        0.7221976571800001,
        0.7424211791800001,
        0.71626371418,
        0.68076817318
      ],
      "exit_codes": [
        0,
        0,
        0,
        0,
        0,
        0,
        0,
        0,
        0,
        0
      ],
      "parameters": {
        "VERSION": "3.0.5"
      }
    },
    {
      "command": "3.6.3",
      "mean": 0.88752580758,
      "stddev": 0.02207827868775901,
      "median": 0.88380973368,
      "user": 2.68488968,
      "system": 0.15023616,
      "min": 0.86363997818,
      "max": 0.92727358918,
      "times": [
        0.87157908618,
        0.86363997818,
        0.88765236518,
        0.92727358918,
        0.88246089518,
        0.88515857218,
        0.8664320551800001,
        0.8888922661800001,
        0.9249233241800001,
        0.87724594418
      ],
      "exit_codes": [
        0,
        0,
        0,
        0,
        0,
        0,
        0,
        0,
        0,
        0
      ],
      "parameters": {
        "VERSION": "3.6.3"
      }
    },
    {
      "command": "3.8.8",
      "mean": 0.8625718430800001,
      "stddev": 0.01453016862026079,
      "median": 0.86432214368,
      "user": 2.5285381799999995,
      "system": 0.11619895999999999,
      "min": 0.8412362061800001,
      "max": 0.8806213571800001,
      "times": [
        0.8741240571800001,
        0.8492963211800001,
        0.86826574318,
        0.87488690018,
        0.8465417941800001,
        0.8412362061800001,
        0.8784114971800001,
        0.8519560101800001,
        0.86037854418,
        0.8806213571800001
      ],
      "exit_codes": [
        0,
        0,
        0,
        0,
        0,
        0,
        0,
        0,
        0,
        0
      ],
      "parameters": {
        "VERSION": "3.8.8"
      }
    },
    {
      "command": "3.9.9",
      "mean": 1.04300267308,
      "stddev": 0.023276852225216926,
      "median": 1.03923595318,
      "user": 3.1292110799999997,
      "system": 0.13931336,
      "min": 1.01096148618,
      "max": 1.09002445018,
      "times": [
        1.04137850418,
        1.03709340218,
        1.05005612318,
        1.01096148618,
        1.04623014118,
        1.0326942751800001,
        1.07055382918,
        1.09002445018,
        1.03117798918,
        1.01985653018
      ],
      "exit_codes": [
        0,
        0,
        0,
        0,
        0,
        0,
        0,
        0,
        0,
        0
      ],
      "parameters": {
        "VERSION": "3.9.9"
      }
    },
    {
      "command": "4.0.0-alpha-13",
      "mean": 1.4865065763799998,
      "stddev": 0.03194303298035179,
      "median": 1.47759615168,
      "user": 5.2390254800000005,
      "system": 0.22425466,
      "min": 1.44822394518,
      "max": 1.5514230021800002,
      "times": [
        1.5083076081800002,
        1.5514230021800002,
        1.45591831818,
        1.46635358718,
        1.47049643018,
        1.48469587318,
        1.44822394518,
        1.49248505418,
        1.46817423418,
        1.51898771118
      ],
      "exit_codes": [
        0,
        0,
        0,
        0,
        0,
        0,
        0,
        0,
        0,
        0
      ],
      "parameters": {
        "VERSION": "4.0.0-alpha-13"
      }
    },
    {
      "command": "4.0.0-beta-3",
      "mean": 1.54240745478,
      "stddev": 0.03833680925757546,
      "median": 1.53869288268,
      "user": 5.27585578,
      "system": 0.22733656,
      "min": 1.48227122118,
      "max": 1.61863033018,
      "times": [
        1.48227122118,
        1.56966468218,
        1.5022359301800001,
        1.53029326218,
        1.61863033018,
        1.56567953418,
        1.54544147118,
        1.55647202618,
        1.5214417961800002,
        1.5319442941799999
      ],
      "exit_codes": [
        0,
        0,
        0,
        0,
        0,
        0,
        0,
        0,
        0,
        0
      ],
      "parameters": {
        "VERSION": "4.0.0-beta-3"
      }
    },
    {
      "command": "4.0.0-beta-4",
      "mean": 1.58474104318,
      "stddev": 0.04703770726512797,
      "median": 1.58586657218,
      "user": 5.379583479999999,
      "system": 0.21678805999999998,
      "min": 1.49226040118,
      "max": 1.64120681818,
      "times": [
        1.63352528618,
        1.57017472918,
        1.58142768018,
        1.64120681818,
        1.5874898991800002,
        1.49226040118,
        1.63438885518,
        1.52971206518,
        1.58424324518,
        1.59298145218
      ],
      "exit_codes": [
        0,
        0,
        0,
        0,
        0,
        0,
        0,
        0,
        0,
        0
      ],
      "parameters": {
        "VERSION": "4.0.0-beta-4"
      }
    }
  ]
}
