{
  "results": [
    {
      "command": "3.0.5",
      "mean": 2.16582768494,
      "stddev": 0.07610080695156969,
      "median": 2.1632446434399997,
      "user": 11.620424940000001,
      "system": 0.5943865200000001,
      "min": 2.05544066794,
      "max": 2.26770199394,
      "times": [
        2.14486486194,
        2.14503181194,
        2.24228093194,
        2.24189311594,
        2.21661939594,
        2.07966246594,
        2.05544066794,
        2.26770199394,
        2.1814574749399998,
        2.0833241289399997
      ],
      "exit_codes": [
        0,
        0,
        0,
        0,
        0,
        0,
        0,
        0,
        0,
        0
      ],
      "parameters": {
        "VERSION": "3.0.5"
      }
    },
    {
      "command": "3.1.1",
      "mean": 2.3985420937399997,
      "stddev": 0.07772417299364229,
      "median": 2.43083875594,
      "user": 13.15375474,
      "system": 0.6960003199999999,
      "min": 2.27463321094,
      "max": 2.48128665794,
      "times": [
        2.48128665794,
        2.45217369794,
        2.47305623194,
        2.31636694294,
        2.33838025594,
        2.27463321094,
        2.41810484394,
        2.44357266794,
        2.32004723794,
        2.46779918994
      ],
      "exit_codes": [
        0,
        0,
        0,
        0,
        0,
        0,
        0,
        0,
        0,
        0
      ],
      "parameters": {
        "VERSION": "3.1.1"
      }
    },
    {
      "command": "3.2.5",
      "mean": 2.4971566448399996,
      "stddev": 0.05777405451917373,
      "median": 2.49927937644,
      "user": 13.615976739999999,
      "system": 0.72716792,
      "min": 2.40146894394,
      "max": 2.59665534294,
      "times": [
        2.45587120294,
        2.59665534294,
        2.48441975794,
        2.52968763594,
        2.51413899494,
        2.5412709479399997,
        2.48290490594,
        2.53354784994,
        2.40146894394,
        2.43160086594
      ],
      "exit_codes": [
        0,
        0,
        0,
        0,
        0,
        0,
        0,
        0,
        0,
        0
      ],
      "parameters": {
        "VERSION": "3.2.5"
      }
    },
    {
      "command": "3.3.9",
      "mean": 2.6463055316400004,
      "stddev": 0.06425374428559946,
      "median": 2.6422205864399997,
      "user": 14.70326784,
      "system": 0.7668113199999999,
      "min": 2.55446321194,
      "max": 2.75662762994,
      "times": [
        2.70748257094,
        2.75662762994,
        2.6283086719399997,
        2.55446321194,
        2.56070437094,
        2.63751798994,
        2.68485535194,
        2.68534974794,
        2.6469231829399997,
        2.60082258794
      ],
      "exit_codes": [
        0,
        0,
        0,
        0,
        0,
        0,
        0,
        0,
        0,
        0
      ],
      "parameters": {
        "VERSION": "3.3.9"
      }
    },
    {
      "command": "3.5.4",
      "mean": 2.78937939614,
      "stddev": 0.0805145233642336,
      "median": 2.77282000194,
      "user": 14.494149639999998,
      "system": 0.9663688200000001,
      "min": 2.69272935594,
      "max": 2.91034753894,
      "times": [
        2.72761157394,
        2.70545721094,
        2.81262174394,
        2.86097950094,
        2.90515273294,
        2.91034753894,
        2.73325429994,
        2.75356024294,
        2.79207976094,
        2.69272935594
      ],
      "exit_codes": [
        0,
        0,
        0,
        0,
        0,
        0,
        0,
        0,
        0,
        0
      ],
      "parameters": {
        "VERSION": "3.5.4"
      }
    },
    {
      "command": "3.6.3",
      "mean": 2.70129582604,
      "stddev": 0.0640578639729094,
      "median": 2.69778427244,
      "user": 13.58728604,
      "system": 0.95916742,
      "min": 2.61657997294,
      "max": 2.81912186094,
      "times": [
        2.75717653794,
        2.61657997294,
        2.70792941494,
        2.75867083294,
        2.81912186094,
        2.71592780994,
        2.68763912994,
        2.65380095494,
        2.67136939894,
        2.62474234694
      ],
      "exit_codes": [
        0,
        0,
        0,
        0,
        0,
        0,
        0,
        0,
        0,
        0
      ],
      "parameters": {
        "VERSION": "3.6.3"
      }
    },
    {
      "command": "3.8.1",
      "mean": 2.6955762691400005,
      "stddev": 0.05976555796115985,
      "median": 2.70325084994,
      "user": 13.474344140000003,
      "system": 0.9687056199999999,
      "min": 2.61592091594,
      "max": 2.7959353619400003,
      "times": [
        2.7834746139399997,
        2.70318802994,
        2.70650236994,
        2.70712340194,
        2.62892147594,
        2.61592091594,
        2.7959353619400003,
        2.6578443689399998,
        2.6535384829399997,
        2.70331366994
      ],
      "exit_codes": [
        0,
        0,
        0,
        0,
        0,
        0,
        0,
        0,
        0,
        0
      ],
      "parameters": {
        "VERSION": "3.8.1"
      }
    },
    {
      "command": "3.8.2",
      "mean": 2.42945929354,
      "stddev": 0.052725916242377095,
      "median": 2.4390490389400004,
      "user": 13.36714284,
      "system": 0.6250248199999999,
      "min": 2.35546371694,
      "max": 2.50010123294,
      "times": [
        2.46588266894,
        2.35546371694,
        2.42420785994,
        2.50010123294,
        2.39460868494,
        2.37746271294,
        2.47186221594,
        2.36700433394,
        2.45389021794,
        2.4841092909399998
      ],
      "exit_codes": [
        0,
        0,
        0,
        0,
        0,
        0,
        0,
        0,
        0,
        0
      ],
      "parameters": {
        "VERSION": "3.8.2"
      }
    },
    {
      "command": "3.8.3",
      "mean": 2.31811659134,
      "stddev": 0.040898004893879666,
      "median": 2.30065713944,
      "user": 12.20821664,
      "system": 0.5844810199999999,
      "min": 2.27990031994,
      "max": 2.40531107794,
      "times": [
        2.27990031994,
        2.30272341994,
        2.28902486194,
        2.29689116294,
        2.29859085894,
        2.29281855594,
        2.32761902894,
        2.40531107794,
        2.37568963194,
        2.31259699494
      ],
      "exit_codes": [
        0,
        0,
        0,
        0,
        0,
        0,
        0,
        0,
        0,
        0
      ],
      "parameters": {
        "VERSION": "3.8.3"
      }
    },
    {
      "command": "3.8.4",
      "mean": 2.28275462334,
      "stddev": 0.06699332810106952,
      "median": 2.25723007094,
      "user": 12.43332594,
      "system": 0.61925152,
      "min": 2.19485820894,
      "max": 2.38685773594,
      "times": [
        2.2178574909399997,
        2.24372328994,
        2.29357232294,
        2.25362338094,
        2.2488310019399997,
        2.19485820894,
        2.38685773594,
        2.34962659494,
        2.2608367609399997,
        2.37775944594
      ],
      "exit_codes": [
        0,
        0,
        0,
        0,
        0,
        0,
        0,
        0,
        0,
        0
      ],
      "parameters": {
        "VERSION": "3.8.4"
      }
    },
    {
      "command": "4.0.0-alpha-1",
      "mean": 2.68812173254,
      "stddev": 0.09209129941911724,
      "median": 2.67473525944,
      "user": 13.312083839999996,
      "system": 0.74745032,
      "min": 2.58149617294,
      "max": 2.88613747694,
      "times": [
        2.59544208294,
        2.70593091094,
        2.75453958794,
        2.63342632794,
        2.6240887759400002,
        2.73607769994,
        2.88613747694,
        2.72053868194,
        2.58149617294,
        2.6435396079399998
      ],
      "exit_codes": [
        0,
        0,
        0,
        0,
        0,
        0,
        0,
        0,
        0,
        0
      ],
      "parameters": {
        "VERSION": "4.0.0-alpha-1"
      }
    }
  ]
}
