{
  "results": [
    {
      "command": "3.0.5",
      "mean": 0.73061314032,
      "stddev": 0.017033708241054213,
      "median": 0.7345875245200001,
      "user": 2.1065225599999993,
      "system": 0.11416473999999999,
      "min": 0.7021931655200001,
      "max": 0.7489478235200001,
      "times": [
        0.7090657655200001,
        0.7021931655200001,
        0.7489478235200001,
        0.7452994095200001,
        0.7390870645200001,
        0.7300879845200001,
        0.7276821105200001,
        0.7441912155200001,
        0.7136469485200001,
        0.7459299155200001
      ],
      "exit_codes": [
        0,
        0,
        0,
        0,
        0,
        0,
        0,
        0,
        0,
        0
      ],
      "parameters": {
        "VERSION": "3.0.5"
      }
    },
    {
      "command": "3.6.3",
      "mean": 0.9243393882200002,
      "stddev": 0.025039294595204157,
      "median": 0.9209079495200001,
      "user": 2.86148586,
      "system": 0.19916774,
      "min": 0.88335335652,
      "max": 0.9573243895200001,
      "times": [
        0.9573243895200001,
        0.9053318535200001,
        0.9080879085200001,
        0.93827244352,
        0.9545989925200001,
        0.9312519785200001,
        0.9483346085200001,
        0.9105639205200001,
        0.88335335652,
        0.9062744305200001
      ],
      "exit_codes": [
        0,
        0,
        0,
        0,
        0,
        0,
        0,
        0,
        0,
        0
      ],
      "parameters": {
        "VERSION": "3.6.3"
      }
    },
    {
      "command": "3.8.8",
      "mean": 0.8843413070200002,
      "stddev": 0.018197703451225258,
      "median": 0.8861793895200001,
      "user": 2.82406296,
      "system": 0.11164833999999998,
      "min": 0.8552790315200001,
      "max": 0.90689633552,
      "times": [
        0.90689633552,
        0.9012580685200001,
        0.8552790315200001,
        0.8856087535200001,
        0.8962041165200001,
        0.88675002552,
        0.9053956025200001,
        0.8678682675200001,
        0.87153347152,
        0.8666193975200001
      ],
      "exit_codes": [
        0,
        0,
        0,
        0,
        0,
        0,
        0,
        0,
        0,
        0
      ],
      "parameters": {
        "VERSION": "3.8.8"
      }
    },
    {
      "command": "3.9.6",
      "mean": 1.05447494872,
      "stddev": 0.023783423970667187,
      "median": 1.0513437690199998,
      "user": 3.23782676,
      "system": 0.13514224000000002,
      "min": 1.01795290352,
      "max": 1.08676879652,
      "times": [
        1.08435527352,
        1.0360500605199998,
        1.01795290352,
        1.08676879652,
        1.07767859952,
        1.04620465352,
        1.03582160552,
        1.0564828845199998,
        1.03578305652,
        1.0676516535199998
      ],
      "exit_codes": [
        0,
        0,
        0,
        0,
        0,
        0,
        0,
        0,
        0,
        0
      ],
      "parameters": {
        "VERSION": "3.9.6"
      }
    },
    {
      "command": "4.0.0-alpha-13",
      "mean": 1.4842143046199996,
      "stddev": 0.03547189623310153,
      "median": 1.4738750285199997,
      "user": 5.479458859999999,
      "system": 0.20958753999999996,
      "min": 1.43715433552,
      "max": 1.54980682752,
      "times": [
        1.4675120155199999,
        1.43715433552,
        1.53180029752,
        1.50852883052,
        1.4765343365199999,
        1.4846258985199998,
        1.4547088665199999,
        1.4602559175199998,
        1.4712157205199998,
        1.54980682752
      ],
      "exit_codes": [
        0,
        0,
        0,
        0,
        0,
        0,
        0,
        0,
        0,
        0
      ],
      "parameters": {
        "VERSION": "4.0.0-alpha-13"
      }
    }
  ]
}
