{
  "results": [
    {
      "command": "3.0.5",
      "mean": 1.50267877304,
      "stddev": 0.05155576353513058,
      "median": 1.51047829984,
      "user": 6.28496368,
      "system": 0.29619782000000006,
      "min": 1.39329698184,
      "max": 1.56155732484,
      "times": [
        1.49610720284,
        1.45927977484,
        1.55240706084,
        1.39329698184,
        1.51349563684,
        1.54163535384,
        1.46594124584,
        1.53560618584,
        1.56155732484,
        1.50746096284
      ],
      "exit_codes": [
        0,
        0,
        0,
        0,
        0,
        0,
        0,
        0,
        0,
        0
      ],
      "parameters": {
        "VERSION": "3.0.5"
      }
    },
    {
      "command": "3.1.1",
      "mean": 1.51901925684,
      "stddev": 0.07532261239691475,
      "median": 1.54580818234,
      "user": 6.0819028799999995,
      "system": 0.27209852,
      "min": 1.39976603184,
      "max": 1.62571607484,
      "times": [
        1.41702052484,
        1.5031825118400002,
        1.4467490628400002,
        1.39976603184,
        1.54903780084,
        1.59035723884,
        1.55555837784,
        1.56022638084,
        1.54257856384,
        1.62571607484
      ],
      "exit_codes": [
        0,
        0,
        0,
        0,
        0,
        0,
        0,
        0,
        0,
        0
      ],
      "parameters": {
        "VERSION": "3.1.1"
      }
    },
    {
      "command": "3.2.5",
      "mean": 1.58362863934,
      "stddev": 0.05079359928316256,
      "median": 1.5726072538400002,
      "user": 7.72871158,
      "system": 0.32651631999999997,
      "min": 1.51802700084,
      "max": 1.67752389884,
      "times": [
        1.5337571658400002,
        1.63019240984,
        1.67752389884,
        1.5831735048400002,
        1.55654889384,
        1.54615520884,
        1.59272003384,
        1.51802700084,
        1.63614727384,
        1.56204100284
      ],
      "exit_codes": [
        0,
        0,
        0,
        0,
        0,
        0,
        0,
        0,
        0,
        0
      ],
      "parameters": {
        "VERSION": "3.2.5"
      }
    },
    {
      "command": "3.3.9",
      "mean": 1.67764190794,
      "stddev": 0.08196850593922403,
      "median": 1.69244626234,
      "user": 7.1871012799999985,
      "system": 0.32013561999999995,
      "min": 1.56714182584,
      "max": 1.82024731584,
      "times": [
        1.61303834984,
        1.71066656284,
        1.7312835108400002,
        1.57948335984,
        1.82024731584,
        1.69186886684,
        1.7541284158400001,
        1.56714182584,
        1.6930236578400002,
        1.61553721384
      ],
      "exit_codes": [
        0,
        0,
        0,
        0,
        0,
        0,
        0,
        0,
        0,
        0
      ],
      "parameters": {
        "VERSION": "3.3.9"
      }
    },
    {
      "command": "3.5.4",
      "mean": 1.76591166724,
      "stddev": 0.050344158142063694,
      "median": 1.76747888184,
      "user": 7.97212548,
      "system": 0.38426732,
      "min": 1.69502404884,
      "max": 1.83833544584,
      "times": [
        1.70852593384,
        1.73541960984,
        1.69502404884,
        1.78727950284,
        1.7879263038400002,
        1.72545454184,
        1.8277107488400002,
        1.80576227584,
        1.83833544584,
        1.74767826084
      ],
      "exit_codes": [
        0,
        0,
        0,
        0,
        0,
        0,
        0,
        0,
        0,
        0
      ],
      "parameters": {
        "VERSION": "3.5.4"
      }
    },
    {
      "command": "3.6.3",
      "mean": 1.7584599310400002,
      "stddev": 0.06863221789123837,
      "median": 1.76892660234,
      "user": 7.6528979800000005,
      "system": 0.36165481999999993,
      "min": 1.64000414284,
      "max": 1.83610195884,
      "times": [
        1.81732867484,
        1.64000414284,
        1.73744632484,
        1.71325556884,
        1.81154159784,
        1.83610195884,
        1.74567148884,
        1.6682995068400002,
        1.7921817158400002,
        1.82276833084
      ],
      "exit_codes": [
        0,
        0,
        0,
        0,
        0,
        0,
        0,
        0,
        0,
        0
      ],
      "parameters": {
        "VERSION": "3.6.3"
      }
    },
    {
      "command": "3.8.1",
      "mean": 1.7339688079400002,
      "stddev": 0.08792568085912543,
      "median": 1.71144571484,
      "user": 7.660446979999999,
      "system": 0.39578042,
      "min": 1.61234804284,
      "max": 1.89831245684,
      "times": [
        1.61234804284,
        1.75404670184,
        1.72555823884,
        1.65302426084,
        1.6854050978400001,
        1.8243650468400001,
        1.81041929084,
        1.69733319084,
        1.89831245684,
        1.67887575184
      ],
      "exit_codes": [
        0,
        0,
        0,
        0,
        0,
        0,
        0,
        0,
        0,
        0
      ],
      "parameters": {
        "VERSION": "3.8.1"
      }
    },
    {
      "command": "3.8.2",
      "mean": 1.73380225784,
      "stddev": 0.05758209704616641,
      "median": 1.7298129283400001,
      "user": 7.6568242799999995,
      "system": 0.31472902,
      "min": 1.65776143884,
      "max": 1.8491533078400002,
      "times": [
        1.7517348268400001,
        1.69632793284,
        1.8491533078400002,
        1.65776143884,
        1.70789102984,
        1.75318694884,
        1.67889159484,
        1.75493713184,
        1.79047751684,
        1.69766084984
      ],
      "exit_codes": [
        0,
        0,
        0,
        0,
        0,
        0,
        0,
        0,
        0,
        0
      ],
      "parameters": {
        "VERSION": "3.8.2"
      }
    },
    {
      "command": "3.8.3",
      "mean": 1.7007302125400003,
      "stddev": 0.06074190676361681,
      "median": 1.7030896153400001,
      "user": 7.472601079999999,
      "system": 0.33021152,
      "min": 1.57761394084,
      "max": 1.80037562284,
      "times": [
        1.63776429284,
        1.69834657584,
        1.7388397928400001,
        1.57761394084,
        1.72958067384,
        1.80037562284,
        1.70783265484,
        1.73847805784,
        1.69713140984,
        1.68133910384
      ],
      "exit_codes": [
        0,
        0,
        0,
        0,
        0,
        0,
        0,
        0,
        0,
        0
      ],
      "parameters": {
        "VERSION": "3.8.3"
      }
    },
    {
      "command": "3.8.4",
      "mean": 1.6823638345399998,
      "stddev": 0.038731293792941775,
      "median": 1.6808451853400002,
      "user": 7.363571179999999,
      "system": 0.30842792,
      "min": 1.62803662784,
      "max": 1.74914405684,
      "times": [
        1.6715087798400001,
        1.6934397388400002,
        1.6901815908400002,
        1.74914405684,
        1.72472511184,
        1.63888227484,
        1.66740642484,
        1.62803662784,
        1.64958106184,
        1.71073267784
      ],
      "exit_codes": [
        0,
        0,
        0,
        0,
        0,
        0,
        0,
        0,
        0,
        0
      ],
      "parameters": {
        "VERSION": "3.8.4"
      }
    },
    {
      "command": "4.0.0-alpha-1",
      "mean": 1.8694920761400002,
      "stddev": 0.07159734146949713,
      "median": 1.8569177818400002,
      "user": 8.65555758,
      "system": 0.35815531999999994,
      "min": 1.7397633648400002,
      "max": 1.99522244784,
      "times": [
        1.8607543058400002,
        1.99522244784,
        1.87373625484,
        1.84187950684,
        1.8530812578400002,
        1.9493813018400001,
        1.84198866584,
        1.7397633648400002,
        1.81840468284,
        1.9207089728400002
      ],
      "exit_codes": [
        0,
        0,
        0,
        0,
        0,
        0,
        0,
        0,
        0,
        0
      ],
      "parameters": {
        "VERSION": "4.0.0-alpha-1"
      }
    }
  ]
}
