{
  "results": [
    {
      "command": "3.0.5",
      "mean": 1.18062113208,
      "stddev": 0.03528628236048783,
      "median": 1.17600514418,
      "user": 4.1613763399999995,
      "system": 0.22474344000000004,
      "min": 1.13633383118,
      "max": 1.26722308918,
      "times": [
        1.19394253118,
        1.18146022518,
        1.16916666618,
        1.1705500631799999,
        1.16106749618,
        1.13633383118,
        1.26722308918,
        1.15153410218,
        1.1850259511799999,
        1.18990736518
      ],
      "exit_codes": [
        0,
        0,
        0,
        0,
        0,
        0,
        0,
        0,
        0,
        0
      ],
      "parameters": {
        "VERSION": "3.0.5"
      }
    },
    {
      "command": "3.1.1",
      "mean": 1.27516277948,
      "stddev": 0.03417256131682958,
      "median": 1.28868114218,
      "user": 4.56745124,
      "system": 0.31562534,
      "min": 1.21614587618,
      "max": 1.31463377918,
      "times": [
        1.21614587618,
        1.24071797518,
        1.31463377918,
        1.29970081118,
        1.30101319118,
        1.30001803418,
        1.29610390618,
        1.28125837818,
        1.27041764318,
        1.23161820018
      ],
      "exit_codes": [
        0,
        0,
        0,
        0,
        0,
        0,
        0,
        0,
        0,
        0
      ],
      "parameters": {
        "VERSION": "3.1.1"
      }
    },
    {
      "command": "3.2.5",
      "mean": 1.34145698078,
      "stddev": 0.022648599747392455,
      "median": 1.3437284271799999,
      "user": 4.966955239999999,
      "system": 0.3064844399999999,
      "min": 1.3043286221800001,
      "max": 1.37800386218,
      "times": [
        1.3470998431799999,
        1.3043286221800001,
        1.34105030518,
        1.37016519818,
        1.37800386218,
        1.32269187918,
        1.32461140418,
        1.35393037018,
        1.32628177418,
        1.34640654918
      ],
      "exit_codes": [
        0,
        0,
        0,
        0,
        0,
        0,
        0,
        0,
        0,
        0
      ],
      "parameters": {
        "VERSION": "3.2.5"
      }
    },
    {
      "command": "3.3.9",
      "mean": 1.3850119453799998,
      "stddev": 0.020408440534626083,
      "median": 1.38577806818,
      "user": 5.0207678399999995,
      "system": 0.31788823999999993,
      "min": 1.3515800361799999,
      "max": 1.42251820018,
      "times": [
        1.3515800361799999,
        1.42251820018,
        1.3633950371799999,
        1.36876836018,
        1.4000505511799999,
        1.39222991618,
        1.38863153118,
        1.39859236518,
        1.38292460518,
        1.38142885118
      ],
      "exit_codes": [
        0,
        0,
        0,
        0,
        0,
        0,
        0,
        0,
        0,
        0
      ],
      "parameters": {
        "VERSION": "3.3.9"
      }
    },
    {
      "command": "3.5.4",
      "mean": 1.45178149538,
      "stddev": 0.026914622838913275,
      "median": 1.4542335666800001,
      "user": 5.09779994,
      "system": 0.45944883999999986,
      "min": 1.40750024518,
      "max": 1.48436425918,
      "times": [
        1.48436425918,
        1.44608986418,
        1.43008677218,
        1.40750024518,
        1.41696546218,
        1.46843058518,
        1.44909018318,
        1.4838557721799999,
        1.45937695018,
        1.4720548601799999
      ],
      "exit_codes": [
        0,
        0,
        0,
        0,
        0,
        0,
        0,
        0,
        0,
        0
      ],
      "parameters": {
        "VERSION": "3.5.4"
      }
    },
    {
      "command": "3.6.3",
      "mean": 1.4422444085800001,
      "stddev": 0.041035837807458904,
      "median": 1.4358547556799999,
      "user": 5.028212739999999,
      "system": 0.4852446399999999,
      "min": 1.39087293718,
      "max": 1.50097561618,
      "times": [
        1.39087293718,
        1.43364594818,
        1.47846364918,
        1.39854166718,
        1.4595252671799999,
        1.49749269918,
        1.43011278218,
        1.43806356318,
        1.50097561618,
        1.3947499561799999
      ],
      "exit_codes": [
        0,
        0,
        0,
        0,
        0,
        0,
        0,
        0,
        0,
        0
      ],
      "parameters": {
        "VERSION": "3.6.3"
      }
    },
    {
      "command": "3.8.1",
      "mean": 1.4445298136800002,
      "stddev": 0.03756986195869554,
      "median": 1.4326628106800001,
      "user": 5.031518739999999,
      "system": 0.44444663999999995,
      "min": 1.39785548318,
      "max": 1.51473145318,
      "times": [
        1.40775270918,
        1.44331926018,
        1.47500801018,
        1.42206997118,
        1.42792375318,
        1.43740186818,
        1.51473145318,
        1.39785548318,
        1.4914567621800001,
        1.42777886618
      ],
      "exit_codes": [
        0,
        0,
        0,
        0,
        0,
        0,
        0,
        0,
        0,
        0
      ],
      "parameters": {
        "VERSION": "3.8.1"
      }
    },
    {
      "command": "3.8.2",
      "mean": 1.30245834688,
      "stddev": 0.026634048208868638,
      "median": 1.30417594618,
      "user": 4.723502039999999,
      "system": 0.19718813999999998,
      "min": 1.25689916318,
      "max": 1.33667346918,
      "times": [
        1.32168058218,
        1.3292017651799999,
        1.33667346918,
        1.25689916318,
        1.28298330718,
        1.32383706118,
        1.31797938018,
        1.28645418518,
        1.27850204318,
        1.29037251218
      ],
      "exit_codes": [
        0,
        0,
        0,
        0,
        0,
        0,
        0,
        0,
        0,
        0
      ],
      "parameters": {
        "VERSION": "3.8.2"
      }
    },
    {
      "command": "3.8.3",
      "mean": 1.2575172633799998,
      "stddev": 0.024022415304264296,
      "median": 1.25974927568,
      "user": 4.46076714,
      "system": 0.22342773999999999,
      "min": 1.21216086018,
      "max": 1.28916820018,
      "times": [
        1.27053922118,
        1.2873683731799999,
        1.28916820018,
        1.26223873718,
        1.25494238918,
        1.25725981418,
        1.26415828118,
        1.21216086018,
        1.22661868818,
        1.25071806918
      ],
      "exit_codes": [
        0,
        0,
        0,
        0,
        0,
        0,
        0,
        0,
        0,
        0
      ],
      "parameters": {
        "VERSION": "3.8.3"
      }
    },
    {
      "command": "3.8.4",
      "mean": 1.2426536366799998,
      "stddev": 0.03043772611296072,
      "median": 1.23995529318,
      "user": 4.44714124,
      "system": 0.19329404,
      "min": 1.19389090218,
      "max": 1.28681492618,
      "times": [
        1.23274806418,
        1.19389090218,
        1.24405652618,
        1.28681492618,
        1.28388707518,
        1.25444912118,
        1.20521350418,
        1.22729899218,
        1.26232319518,
        1.23585406018
      ],
      "exit_codes": [
        0,
        0,
        0,
        0,
        0,
        0,
        0,
        0,
        0,
        0
      ],
      "parameters": {
        "VERSION": "3.8.4"
      }
    },
    {
      "command": "3.8.5",
      "mean": 1.2576284009800003,
      "stddev": 0.025615207532496548,
      "median": 1.25543497318,
      "user": 4.51041124,
      "system": 0.22447914,
      "min": 1.22081793518,
      "max": 1.29412920318,
      "times": [
        1.28297153718,
        1.23399708418,
        1.22081793518,
        1.2530170651800001,
        1.25785288118,
        1.29412920318,
        1.24384704118,
        1.28426949718,
        1.27557614218,
        1.22980562318
      ],
      "exit_codes": [
        0,
        0,
        0,
        0,
        0,
        0,
        0,
        0,
        0,
        0
      ],
      "parameters": {
        "VERSION": "3.8.5"
      }
    },
    {
      "command": "3.8.6",