{
  "results": [
    {
      "command": "3.0.5",
      "mean": 0.75176300908,
      "stddev": 0.021970889021597394,
      "median": 0.75124972038,
      "user": 2.2036403,
      "system": 0.09261549999999999,
      "min": 0.72424398588,
      "max": 0.80278368588,
      "times": [
        0.80278368588,
        0.75795702188,
        0.73110205888,
        0.75968222988,
        0.7372080588800001,
        0.7448372118800001,
        0.75766222888,
        0.72424398588,
        0.74211680788,
        0.76003680088
      ],
      "exit_codes": [
        0,
        0,
        0,
        0,
        0,
        0,
        0,
        0,
        0,
        0
      ],
      "parameters": {
        "VERSION": "3.0.5"
      }
    },
    {
      "command": "3.6.3",
      "mean": 0.8455767696800001,
      "stddev": 0.021491122205837095,
      "median": 0.84124636088,
      "user": 2.5853971000000002,
      "system": 0.09892799999999999,
      "min": 0.82674082088,
      "max": 0.9025784368800001,
      "times": [
        0.8376048448800001,
        0.84696425488,
        0.9025784368800001,
        0.85010878788,
        0.84137907288,
        0.8411136488800001,
        0.84716080088,
        0.82944492388,
        0.83267210488,
        0.82674082088
      ],
      "exit_codes": [
        0,
        0,
        0,
        0,
        0,
        0,
        0,
        0,
        0,
        0
      ],
      "parameters": {
        "VERSION": "3.6.3"
      }
    },
    {
      "command": "3.8.8",
      "mean": 0.8070958752799999,
      "stddev": 0.01573907399356821,
      "median": 0.80226467788,
      "user": 2.5259594,
      "system": 0.0682528,
      "min": 0.7924325478800001,
      "max": 0.84142311088,
      "times": [
        0.7984984698800001,
        0.8141352778800001,
        0.79534125788,
        0.84142311088,
        0.8073910738800001,
        0.7924325478800001,
        0.7939011728800001,
        0.79729820988,
        0.8245067458800001,
        0.80603088588
      ],
      "exit_codes": [
        0,
        0,
        0,
        0,
        0,
        0,
        0,
        0,
        0,
        0
      ],
      "parameters": {
        "VERSION": "3.8.8"
      }
    },
    {
      "command": "3.9.4",
      "mean": 0.98144943158,
      "stddev": 0.02041699988367727,
      "median": 0.98454723188,
      "user": 3.1247559,
      "system": 0.08552119999999999,
      "min": 0.95055940388,
      "max": 1.01271584388,
      "times": [
        0.98880100788,
        0.99351327188,
        0.99371818688,
        1.00164180388,
        0.95907807388,
        1.01271584388,
        0.98029345588,
        0.95055940388,
        0.9756794388800001,
        0.95849382888
      ],
      "exit_codes": [
        0,
        0,
        0,
        0,
        0,
        0,
        0,
        0,
        0,
        0
      ],
      "parameters": {
        "VERSION": "3.9.4"
      }
    },
    {
      "command": "3.9.5",
      "mean": 0.9850525668800001,
      "stddev": 0.01790743966987438,
      "median": 0.98232615588,
      "user": 3.0329264,
      "system": 0.09402239999999999,
      "min": 0.9616605018800001,
      "max": 1.02016922188,
      "times": [
        0.98966807688,
        0.9842735288800001,
        1.00978841588,
        0.98037878288,
        0.9764061418800001,
        0.9751529508800001,
        0.9684045668800001,
        0.9616605018800001,
        0.9846234808800001,
        1.02016922188
      ],
      "exit_codes": [
        0,
        0,
        0,
        0,
        0,
        0,
        0,
        0,
        0,
        0
      ],
      "parameters": {
        "VERSION": "3.9.5"
      }
    },
    {
      "command": "4.0.0-alpha-7",
      "mean": 1.16452002598,
      "stddev": 0.030021888236788145,
      "median": 1.16658239638,
      "user": 3.4573091,
      "system": 0.12109279999999997,
      "min": 1.10605612088,
      "max": 1.21149013388,
      "times": [
        1.16120474288,
        1.16490695288,
        1.17478844088,
        1.15977528788,
        1.19642193188,
        1.16825783988,
        1.21149013388,
        1.12924893488,
        1.10605612088,
        1.17304987388
      ],
      "exit_codes": [
        0,
        0,
        0,
        0,
        0,
        0,
        0,
        0,
        0,
        0
      ],
      "parameters": {
        "VERSION": "4.0.0-alpha-7"
      }
    },
    {
      "command": "4.0.0-alpha-8",
      "mean": 1.2462746624799999,
      "stddev": 0.033778662989684564,
      "median": 1.24383566338,
      "user": 3.7329719999999993,
      "system": 0.1008628,
      "min": 1.19120660988,
      "max": 1.29802663788,
      "times": [
        1.27367667388,
        1.22601429888,
        1.25813597288,
        1.24075932888,
        1.23166186088,
        1.19120660988,
        1.24691199788,
        1.29802663788,
        1.28693605988,
        1.20941718388
      ],
      "exit_codes": [
        0,
        0,
        0,
        0,
        0,
        0,
        0,
        0,
        0,
        0
      ],
      "parameters": {
        "VERSION": "4.0.0-alpha-8"
      }
    }
  ]
}
