{
  "results": [
    {
      "command": "3.0.5",
      "mean": 0.61606344782,
      "stddev": 0.018717682414830253,
      "median": 0.6155125959200001,
      "user": 1.6045894600000001,
      "system": 0.09814164,
      "min": 0.5906305369200001,
      "max": 0.6549447759200001,
      "times": [
        0.6549447759200001,
        0.5967976849200001,
        0.60113517392,
        0.61543459192,
        0.6275367919200001,
        0.6106525839200001,
        0.5906305369200001,
        0.6155905999200001,
        0.6163915999200001,
        0.6315201389200001
      ],
      "exit_codes": [
        0,
        0,
        0,
        0,
        0,
        0,
        0,
        0,
        0,
        0
      ],
      "parameters": {
        "VERSION": "3.0.5"
      }
    },
    {
      "command": "3.6.3",
      "mean": 0.7712615591200002,
      "stddev": 0.023091040930506162,
      "median": 0.7676735269200001,
      "user": 2.35617346,
      "system": 0.12529454,
      "min": 0.7395461729200001,
      "max": 0.8055925919200001,
      "times": [
        0.8004300109200001,
        0.7956154839200001,
        0.7507289939200001,
        0.8055925919200001,
        0.7754045529200001,
        0.7395461729200001,
        0.7638326899200001,
        0.7646334129200001,
        0.77071364092,
        0.7461180409200001
      ],
      "exit_codes": [
        0,
        0,
        0,
        0,
        0,
        0,
        0,
        0,
        0,
        0
      ],
      "parameters": {
        "VERSION": "3.6.3"
      }
    },
    {
      "command": "3.8.8",
      "mean": 0.7758354211200001,
      "stddev": 0.026839825533433257,
      "median": 0.7807443119200002,
      "user": 2.2911990599999994,
      "system": 0.11934304000000003,
      "min": 0.7349721699200001,
      "max": 0.8196331749200001,
      "times": [
        0.7349721699200001,
        0.7720592399200001,
        0.78602710492,
        0.8002358559200001,
        0.7912022639200001,
        0.7871542179200001,
        0.7484214869200001,
        0.7431871779200001,
        0.8196331749200001,
        0.7754615189200001
      ],
      "exit_codes": [
        0,
        0,
        0,
        0,
        0,
        0,
        0,
        0,
        0,
        0
      ],
      "parameters": {
        "VERSION": "3.8.8"
      }
    },
    {
      "command": "3.9.9",
      "mean": 0.9667043930200002,
      "stddev": 0.035988662828389084,
      "median": 0.9560923754200001,
      "user": 3.03717436,
      "system": 0.11805594,
      "min": 0.9297316319200001,
      "max": 1.03076432792,
      "times": [
        0.9378011139200001,
        1.03044267592,
        0.9297316319200001,
        0.9734657169200001,
        1.03076432792,
        0.9565598699200001,
        0.9430203839200001,
        0.9455141059200001,
        0.9556248809200001,
        0.9641192229200001
      ],
      "exit_codes": [
        0,
        0,
        0,
        0,
        0,
        0,
        0,
        0,
        0,
        0
      ],
      "parameters": {
        "VERSION": "3.9.9"
      }
    },
    {
      "command": "4.0.0-alpha-13",
      "mean": 1.39436339922,
      "stddev": 0.041597593813543984,
      "median": 1.3895172814199999,
      "user": 4.910218760000001,
      "system": 0.18224704,
      "min": 1.34424893692,
      "max": 1.49791823192,
      "times": [
        1.39799648992,
        1.40949821292,
        1.35224291092,
        1.34424893692,
        1.39202311792,
        1.38115825092,
        1.38701144492,
        1.38519939692,
        1.49791823192,
        1.3963369989199998
      ],
      "exit_codes": [
        0,
        0,
        0,
        0,
        0,
        0,
        0,
        0,
        0,
        0
      ],
      "parameters": {
        "VERSION": "4.0.0-alpha-13"
      }
    },
    {
      "command": "4.0.0-beta-3",
      "mean": 1.4536171975200003,
      "stddev": 0.033370129889513406,
      "median": 1.45621813392,
      "user": 5.184037259999999,
      "system": 0.21338314,
      "min": 1.3959625679199998,
      "max": 1.50814636492,
      "times": [
        1.45290150592,
        1.3959625679199998,
        1.41620650692,
        1.45953476192,
        1.46932423492,
        1.4336546429199999,
        1.49238416992,
        1.50814636492,
        1.44562971492,
        1.46242750492
      ],
      "exit_codes": [
        0,
        0,
        0,
        0,
        0,
        0,
        0,
        0,
        0,
        0
      ],
      "parameters": {
        "VERSION": "4.0.0-beta-3"
      }
    },
    {
      "command": "4.0.0-beta-4",
      "mean": 1.4612608435199999,
      "stddev": 0.030564320217974793,
      "median": 1.4575339189199998,
      "user": 5.28140166,
      "system": 0.19668633999999996,
      "min": 1.41163377392,
      "max": 1.52324910492,
      "times": [
        1.52324910492,
        1.46801834592,
        1.42656382792,
        1.48134180692,
        1.45845567792,
        1.45408515792,
        1.47891734292,
        1.41163377392,
        1.45373123692,
        1.45661215992
      ],
      "exit_codes": [
        0,
        0,
        0,
        0,
        0,
        0,
        0,
        0,
        0,
        0
      ],
      "parameters": {
        "VERSION": "4.0.0-beta-4"
      }
    }
  ]
}
