{
  "results": [
    {
      "command": "3.0.5",
      "mean": 9.8239497858,
      "stddev": 0.051328768942412055,
      "median": 9.8185874988,
      "user": 19.27802722,
      "system": 1.54111314,
      "min": 9.7560363098,
      "max": 9.938605214799999,
      "times": [
        9.8068772488,
        9.7560363098,
        9.8335797248,
        9.8362012338,
        9.7771106748,
        9.7907887398,
        9.8046584298,
        9.938605214799999,
        9.8302977488,
        9.8653425328
      ],
      "exit_codes": [
        0,
        0,
        0,
        0,
        0,
        0,
        0,
        0,
        0,
        0
      ],
      "parameters": {
        "VERSION": "3.0.5"
      }
    },
    {
      "command": "3.6.3",
      "mean": 17.825514040500003,
      "stddev": 0.2329664961758481,
      "median": 17.7491095798,
      "user": 31.39355112,
      "system": 4.774353839999999,
      "min": 17.4790573238,
      "max": 18.2268386228,
      "times": [
        17.9549383048,
        17.6474113778,
        17.7006398408,
        17.7025279578,
        18.2268386228,
        17.7537951768,
        17.8837392458,
        17.4790573238,
        17.7444239828,
        18.1617685718
      ],
      "exit_codes": [
        0,
        0,
        0,
        0,
        0,
        0,
        0,
        0,
        0,
        0
      ],
      "parameters": {
        "VERSION": "3.6.3"
      }
    },
    {
      "command": "3.8.8",
      "mean": 10.5912316363,
      "stddev": 0.16164439183946389,
      "median": 10.6741707903,
      "user": 24.597688819999995,
      "system": 1.5233502399999999,
      "min": 10.2804149438,
      "max": 10.7238972578,
      "times": [
        10.2804149438,
        10.3338667818,
        10.6729290138,
        10.5276201688,
        10.6754125668,
        10.6967202858,
        10.7167613938,
        10.5933679358,
        10.6913260148,
        10.7238972578
      ],
      "exit_codes": [
        0,
        0,
        0,
        0,
        0,
        0,
        0,
        0,
        0,
        0
      ],
      "parameters": {
        "VERSION": "3.8.8"
      }
    },
    {
      "command": "3.9.9",
      "mean": 10.9964242747,
      "stddev": 0.15030147206682556,
      "median": 11.022745179800001,
      "user": 26.496774419999998,
      "system": 1.5721745400000002,
      "min": 10.6178713498,
      "max": 11.1811609558,
      "times": [
        11.0431212148,
        10.9925524398,
        11.0051248608,
        10.9440903258,
        10.9605968858,
        11.0781221588,
        10.6178713498,
        11.1811609558,
        11.0403654988,
        11.1012370568
      ],
      "exit_codes": [
        0,
        0,
        0,
        0,
        0,
        0,
        0,
        0,
        0,
        0
      ],
      "parameters": {
        "VERSION": "3.9.9"
      }
    },
    {
      "command": "4.0.0-alpha-13",
      "mean": 12.9307319126,
      "stddev": 0.34691903527843443,
      "median": 12.7983160438,
      "user": 43.65340642,
      "system": 2.90545804,
      "min": 12.5455230108,
      "max": 13.5974304828,
      "times": [
        13.5974304828,
        12.8176610928,
        12.7789709948,
        13.2498270388,
        12.6780460388,
        12.5853828728,
        13.1834473478,
        12.7056919018,
        13.1653383448,
        12.5455230108
      ],
      "exit_codes": [
        0,
        0,
        0,
        0,
        0,
        0,
        0,
        0,
        0,
        0
      ],
      "parameters": {
        "VERSION": "4.0.0-alpha-13"
      }
    },
    {
      "command": "4.0.0-beta-3",
      "mean": 13.733554835500001,
      "stddev": 0.1765198142337058,
      "median": 13.7041246803,
      "user": 43.207537720000005,
      "system": 2.39427674,
      "min": 13.5021806368,
      "max": 13.9569874718,
      "times": [
        13.7277554608,
        13.6804938998,
        13.9181526058,
        13.5918617208,
        13.9569874718,
        13.5168378998,
        13.9286850018,
        13.6261080028,
        13.5021806368,
        13.8864856548
      ],
      "exit_codes": [
        0,
        0,
        0,
        0,
        0,
        0,
        0,
        0,
        0,
        0
      ],
      "parameters": {
        "VERSION": "4.0.0-beta-3"
      }
    },
    {
      "command": "4.0.0-beta-4",
      "mean": 15.043091944499997,
      "stddev": 0.26769020579597796,
      "median": 15.114571268799999,
      "user": 48.43768292,
      "system": 2.89907014,
      "min": 14.6278574988,
      "max": 15.3862028528,
      "times": [
        15.3862028528,
        15.1605456688,
        14.7086719278,
        14.6278574988,
        15.1923340588,
        15.2891674588,
        14.9662524648,
        15.0685968688,
        15.2785690218,
        14.7527216238
      ],
      "exit_codes": [
        0,
        0,
        0,
        0,
        0,
        0,
        0,
        0,
        0,
        0
      ],
      "parameters": {
        "VERSION": "4.0.0-beta-4"
      }
    }
  ]
}
