{
  "results": [
    {
      "command": "3.0.5",
      "mean": 1.66562275852,
      "stddev": 0.03134245555351074,
      "median": 1.6665609026200001,
      "user": 6.0886811,
      "system": 0.27680099999999996,
      "min": 1.6255105531199998,
      "max": 1.7168385181199999,
      "times": [
        1.68083637212,
        1.70048632512,
        1.7168385181199999,
        1.62728495012,
        1.64169521112,
        1.64227491712,
        1.67222669012,
        1.6881789331200001,
        1.66089511512,
        1.6255105531199998
      ],
      "exit_codes": [
        0,
        0,
        0,
        0,
        0,
        0,
        0,
        0,
        0,
        0
      ],
      "parameters": {
        "VERSION": "3.0.5"
      }
    },
    {
      "command": "3.1.1",
      "mean": 2.12122096692,
      "stddev": 0.014673021614686494,
      "median": 2.1219923771199998,
      "user": 7.803369699999999,
      "system": 0.8530042999999999,
      "min": 2.09890359712,
      "max": 2.14748397012,
      "times": [
        2.09890359712,
        2.12118841612,
        2.14748397012,
        2.12279633812,
        2.12445877112,
        2.13875945612,
        2.10448516612,
        2.10987614612,
        2.11905789312,
        2.12519991512
      ],
      "exit_codes": [
        0,
        0,
        0,
        0,
        0,
        0,
        0,
        0,
        0,
        0
      ],
      "parameters": {
        "VERSION": "3.1.1"
      }
    },
    {
      "command": "3.2.5",
      "mean": 2.22664754852,
      "stddev": 0.018040188060746056,
      "median": 2.22788875962,
      "user": 8.2039487,
      "system": 0.7726900000000001,
      "min": 2.19860598612,
      "max": 2.26115190912,
      "times": [
        2.21369849912,
        2.24218882912,
        2.23089889212,
        2.20522797512,
        2.23371340412,
        2.22554280112,
        2.26115190912,
        2.19860598612,
        2.23023471812,
        2.22521247112
      ],
      "exit_codes": [
        0,
        0,
        0,
        0,
        0,
        0,
        0,
        0,
        0,
        0
      ],
      "parameters": {
        "VERSION": "3.2.5"
      }
    },
    {
      "command": "3.3.9",
      "mean": 2.2741637088199997,
      "stddev": 0.04143761727278365,
      "median": 2.26409704262,
      "user": 8.4757397,
      "system": 0.8909123999999998,
      "min": 2.22326462812,
      "max": 2.34528173012,
      "times": [
        2.31775736712,
        2.26098808312,
        2.3265886931199997,
        2.26889439212,
        2.34528173012,
        2.23764622912,
        2.26720600212,
        2.2400079111199998,
        2.22326462812,
        2.2540020521199997
      ],
      "exit_codes": [
        0,
        0,
        0,
        0,
        0,
        0,
        0,
        0,
        0,
        0
      ],
      "parameters": {
        "VERSION": "3.3.9"
      }
    },
    {
      "command": "3.5.4",
      "mean": 2.0732617685199997,
      "stddev": 0.024914087453731817,
      "median": 2.06909363962,
      "user": 7.333823699999999,
      "system": 0.5897047999999999,
      "min": 2.0358535611199997,
      "max": 2.10821954512,
      "times": [
        2.0358535611199997,
        2.06114349712,
        2.06815510712,
        2.10821954512,
        2.06053331312,
        2.08270131412,
        2.04305801612,
        2.09772603012,
        2.07003217212,
        2.1051951291199997
      ],
      "exit_codes": [
        0,
        0,
        0,
        0,
        0,
        0,
        0,
        0,
        0,
        0
      ],
      "parameters": {
        "VERSION": "3.5.4"
      }
    },
    {
      "command": "3.6.3",
      "mean": 2.03432292122,
      "stddev": 0.039981941864253905,
      "median": 2.0167526776199995,
      "user": 7.1828243999999986,
      "system": 0.5708034999999999,
      "min": 1.99923462812,
      "max": 2.12382434812,
      "times": [
        2.0143460211199997,
        2.06179881112,
        2.01122243812,
        1.99923462812,
        2.01915933412,
        2.02719116912,
        2.12382434812,
        2.00256284612,
        2.07397595712,
        2.00991365912
      ],
      "exit_codes": [
        0,
        0,
        0,
        0,
        0,
        0,
        0,
        0,
        0,
        0
      ],
      "parameters": {
        "VERSION": "3.6.3"
      }
    },
    {
      "command": "3.8.1",
      "mean": 2.0644107460199996,
      "stddev": 0.04141338848316981,
      "median": 2.0558097161199997,
      "user": 7.3182068000000005,
      "system": 0.6066178999999999,
      "min": 2.01974731012,
      "max": 2.15742084412,
      "times": [
        2.0677254181199998,
        2.02183218012,
        2.01974731012,
        2.04973477312,
        2.05295429512,
        2.08600906512,
        2.03245813312,
        2.09756030412,
        2.0586651371199998,
        2.15742084412
      ],
      "exit_codes": [
        0,
        0,
        0,
        0,
        0,
        0,
        0,
        0,
        0,
        0
      ],
      "parameters": {
        "VERSION": "3.8.1"
      }
    },
    {
      "command": "3.8.2",
      "mean": 1.84543400592,
      "stddev": 0.033921759321941976,
      "median": 1.85203537112,
      "user": 6.654807099999999,
      "system": 0.2714368,
      "min": 1.80441699012,
      "max": 1.91264897712,
      "times": [
        1.85235078912,
        1.80441699012,
        1.8748391631199999,
        1.8589832581199999,
        1.82474770712,
        1.91264897712,
        1.85449826612,
        1.81214797212,
        1.80798698312,
        1.85171995312
      ],
      "exit_codes": [
        0,
        0,
        0,
        0,
        0,
        0,
        0,
        0,
        0,
        0
      ],
      "parameters": {
        "VERSION": "3.8.2"
      }
    },
    {
      "command": "3.8.3",
      "mean": 1.6635553694199998,
      "stddev": 0.01942331169839403,
      "median": 1.66268619562,
      "user": 6.3636618999999985,
      "system": 0.2986394,
      "min": 1.63433785312,
      "max": 1.6933091731199998,
      "times": [
        1.67051594612,
        1.6515489851199998,
        1.65485644512,
        1.67896916112,
        1.65206453312,
        1.64245816612,
        1.63433785312,
        1.6933091731199998,
        1.67126711712,
        1.68622631412
      ],
      "exit_codes": [
        0,
        0,
        0,
        0,
        0,
        0,
        0,
        0,
        0,
        0
      ],
      "parameters": {
        "VERSION": "3.8.3"
      }
    },
    {
      "command": "3.8.4",
      "mean": 1.6417625440199999,
      "stddev": 0.02258024711028926,
      "median": 1.64426377212,
      "user": 6.31173,
      "system": 0.2753131,
      "min": 1.59973732112,
      "max": 1.67920740612,
      "times": [
        1.6428709661199998,
        1.65779892412,
        1.64565657812,
        1.62776730212,
        1.59973732112,
        1.6599339931200001,
        1.65117045512,
        1.62037110112,
        1.63311139312,
        1.67920740612
      ],
      "exit_codes": [
        0,
        0,
        0,
        0,
        0,
        0,
        0,
        0,
        0,
        0
      ],
      "parameters": {
        "VERSION": "3.8.4"
      }
    },
    {
      "command": "3.8.5",
      "mean": 1.6562017055200002,
      "stddev": 0.025295973589249805,
      "median": 1.66097330212,
      "user": 6.324580299999999,
      "system": 0.27355250000000003,
      "min": 1.6109383691199999,
      "max": 1.68619595612,
      "times": [
        1.68619595612,
        1.65166054312,
        1.67387814312,
        1.67317627112,
        1.67896071012,
        1.65555453812,
        1.64772780812,
        1.6109383691199999,
        1.66639206612,
        1.61753265012
      ],
      "exit_codes": [
        0,
        0,
        0,
        0,
        0,
        0,
        0,
        0,
        0,
        0
      ],