{
  "results": [
    {
      "command": "3.0.5",
      "mean": 1.63354234084,
      "stddev": 0.02714068280614257,
      "median": 1.6314633437400001,
      "user": 5.96957204,
      "system": 0.32780042,
      "min": 1.58453411374,
      "max": 1.6818037007400002,
      "times": [
        1.63468031074,
        1.6461179947400002,
        1.58453411374,
        1.61344525574,
        1.61953529874,
        1.6576321557400002,
        1.61846694374,
        1.6282463767400002,
        1.6509612577400001,
        1.6818037007400002
      ],
      "exit_codes": [
        0,
        0,
        0,
        0,
        0,
        0,
        0,
        0,
        0,
        0
      ],
      "parameters": {
        "VERSION": "3.0.5"
      }
    },
    {
      "command": "3.1.1",
      "mean": 2.0022654807399998,
      "stddev": 0.021634625075526687,
      "median": 2.0060503582399996,
      "user": 7.47290524,
      "system": 0.40956622,
      "min": 1.9638089157400003,
      "max": 2.03448960474,
      "times": [
        2.01964890374,
        1.9855265897400003,
        2.0078000707399997,
        2.02390024174,
        2.00781930974,
        2.03448960474,
        1.9638089157400003,
        2.00430064574,
        1.97891387974,
        1.99644664574
      ],
      "exit_codes": [
        0,
        0,
        0,
        0,
        0,
        0,
        0,
        0,
        0,
        0
      ],
      "parameters": {
        "VERSION": "3.1.1"
      }
    },
    {
      "command": "3.2.5",
      "mean": 2.08366164394,
      "stddev": 0.04194426772162327,
      "median": 2.0914846902399997,
      "user": 7.819824239999998,
      "system": 0.44301632,
      "min": 2.03114057674,
      "max": 2.16361250974,
      "times": [
        2.10395198374,
        2.10726838474,
        2.1006953127399997,
        2.05778555074,
        2.08227406774,
        2.16361250974,
        2.04285246374,
        2.03556066874,
        2.03114057674,
        2.11147492074
      ],
      "exit_codes": [
        0,
        0,
        0,
        0,
        0,
        0,
        0,
        0,
        0,
        0
      ],
      "parameters": {
        "VERSION": "3.2.5"
      }
    },
    {
      "command": "3.3.9",
      "mean": 2.136777318539999,
      "stddev": 0.032515297884133376,
      "median": 2.13075659574,
      "user": 8.04963614,
      "system": 0.45226812,
      "min": 2.1006282437399997,
      "max": 2.18164252374,
      "times": [
        2.10512388674,
        2.10076298074,
        2.17071561774,
        2.16569354974,
        2.1006282437399997,
        2.13531105474,
        2.18164252374,
        2.12620213674,
        2.1111689287399997,
        2.17052426274
      ],
      "exit_codes": [
        0,
        0,
        0,
        0,
        0,
        0,
        0,
        0,
        0,
        0
      ],
      "parameters": {
        "VERSION": "3.3.9"
      }
    },
    {
      "command": "3.5.4",
      "mean": 2.0394048168400003,
      "stddev": 0.03661558983214492,
      "median": 2.03755586674,
      "user": 7.4483516399999985,
      "system": 0.5608320200000001,
      "min": 1.9891795807400001,
      "max": 2.10988931074,
      "times": [
        2.05326698974,
        2.06073613974,
        2.00728461274,
        2.04591435974,
        2.07372573474,
        2.0047886827399997,
        2.0291973737399998,
        1.9891795807400001,
        2.10988931074,
        2.02006538374
      ],
      "exit_codes": [
        0,
        0,
        0,
        0,
        0,
        0,
        0,
        0,
        0,
        0
      ],
      "parameters": {
        "VERSION": "3.5.4"
      }
    },
    {
      "command": "3.6.3",
      "mean": 1.96906669044,
      "stddev": 0.03480146853572622,
      "median": 1.96764146324,
      "user": 7.260104439999999,
      "system": 0.5291306199999999,
      "min": 1.91895908074,
      "max": 2.0385712157399998,
      "times": [
        1.97390841974,
        1.9878659737400002,
        1.9473620747400002,
        2.00426832574,
        1.91895908074,
        2.0385712157399998,
        1.9457898527400002,
        1.9683584757400001,
        1.96692445074,
        1.9386590347400001
      ],
      "exit_codes": [
        0,
        0,
        0,
        0,
        0,
        0,
        0,
        0,
        0,
        0
      ],
      "parameters": {
        "VERSION": "3.6.3"
      }
    },
    {
      "command": "3.8.1",
      "mean": 1.9642800542400003,
      "stddev": 0.029739341307282403,
      "median": 1.9622716432400003,
      "user": 7.224534439999999,
      "system": 0.5478376199999999,
      "min": 1.9245338657400002,
      "max": 2.01211055774,
      "times": [
        1.9478129727400002,
        1.9609779447400002,
        1.9774327147400002,
        1.9311360167400002,
        1.9400160107400002,
        2.01211055774,
        1.96356534174,
        1.9245338657400002,
        1.9794812267400002,
        2.0057338907399997
      ],
      "exit_codes": [
        0,
        0,
        0,
        0,
        0,
        0,
        0,
        0,
        0,
        0
      ],
      "parameters": {
        "VERSION": "3.8.1"
      }
    },
    {
      "command": "3.8.2",
      "mean": 1.81370073474,
      "stddev": 0.031246791474345132,
      "median": 1.8120885482400002,
      "user": 6.786365739999999,
      "system": 0.28271082,
      "min": 1.77989070674,
      "max": 1.8708887437400001,
      "times": [
        1.8015539637400002,
        1.77989070674,
        1.8226231327400002,
        1.8283049847400001,
        1.8708887437400001,
        1.7866288647400002,
        1.8229810347400002,
        1.78945675474,
        1.8526947147400001,
        1.7819844467400001
      ],
      "exit_codes": [
        0,
        0,
        0,
        0,
        0,
        0,
        0,
        0,
        0,
        0
      ],
      "parameters": {
        "VERSION": "3.8.2"
      }
    },
    {
      "command": "3.8.3",
      "mean": 1.63194803974,
      "stddev": 0.026894219320126162,
      "median": 1.62547150424,
      "user": 6.410356439999999,
      "system": 0.24521221999999998,
      "min": 1.5940756847400002,
      "max": 1.6691830567400001,
      "times": [
        1.6685363117400003,
        1.6168404837400001,
        1.6691830567400001,
        1.6240813577400002,
        1.6108389477400002,
        1.65023563574,
        1.6268616507400002,
        1.6543270567400001,
        1.6045002117400002,
        1.5940756847400002
      ],
      "exit_codes": [
        0,
        0,
        0,
        0,
        0,
        0,
        0,
        0,
        0,
        0
      ],
      "parameters": {
        "VERSION": "3.8.3"
      }
    },
    {
      "command": "3.8.4",
      "mean": 1.6206815972400002,
      "stddev": 0.027744882738880285,
      "median": 1.6125546817400003,
      "user": 6.38840564,
      "system": 0.25257272,
      "min": 1.57971932074,
      "max": 1.6649081497400002,
      "times": [
        1.6599642197400002,
        1.6082752607400002,
        1.6461748927400002,
        1.6649081497400002,
        1.6061011437400001,
        1.5966357527400001,
        1.6091117897400002,
        1.6199278687400003,
        1.57971932074,
        1.61599757374
      ],
      "exit_codes": [
        0,
        0,
        0,
        0,
        0,
        0,
        0,
        0,
        0,
        0
      ],
      "parameters": {
        "VERSION": "3.8.4"
      }
    },
    {
      "command": "3.8.5",
      "mean": 1.6405405506400002,
      "stddev": 0.037171060540165245,
      "median": 1.64899985574,
      "user": 6.35770104,
      "system": 0.28309602,
      "min": 1.5832519157400002,
      "max": 1.69432164774,
      "times": [
        1.67754513374,
        1.63822198674,
        1.6600238577400002,
        1.6008547907400001,
        1.69432164774,
        1.5832519157400002,
        1.6027439637400003,
        1.6678281697400001,
        1.62083631574,
        1.6597777247400003
      ],