{
  "results": [
    {
      "command": "3.0.5",
      "mean": 0.9326006277800001,
      "stddev": 0.022332995630088146,
      "median": 0.92381854348,
      "user": 3.02106022,
      "system": 0.09769643999999998,
      "min": 0.9119611024800001,
      "max": 0.96874316648,
      "times": [
        0.92583082648,
        0.9119611024800001,
        0.9576608574800001,
        0.92873039748,
        0.91393479548,
        0.92021724848,
        0.96874316648,
        0.91230781348,
        0.9648138094800001,
        0.92180626048
      ],
      "exit_codes": [
        0,
        0,
        0,
        0,
        0,
        0,
        0,
        0,
        0,
        0
      ],
      "parameters": {
        "VERSION": "3.0.5"
      }
    },
    {
      "command": "3.6.3",
      "mean": 1.0673568105799998,
      "stddev": 0.023051204851084993,
      "median": 1.0636929739799998,
      "user": 3.52752452,
      "system": 0.17674394,
      "min": 1.0335136034799999,
      "max": 1.10817678648,
      "times": [
        1.07671449748,
        1.09753718748,
        1.05874126048,
        1.10817678648,
        1.06864468748,
        1.04157058348,
        1.07355365248,
        1.05823423248,
        1.05688161448,
        1.0335136034799999
      ],
      "exit_codes": [
        0,
        0,
        0,
        0,
        0,
        0,
        0,
        0,
        0,
        0
      ],
      "parameters": {
        "VERSION": "3.6.3"
      }
    },
    {
      "command": "3.8.8",
      "mean": 1.00422521348,
      "stddev": 0.02967735735964571,
      "median": 1.0006456264799999,
      "user": 3.3052235199999993,
      "system": 0.10229504,
      "min": 0.97180135548,
      "max": 1.07337618548,
      "times": [
        0.97180135548,
        1.00186156748,
        0.97294572748,
        1.02980788148,
        1.0100296364799999,
        0.99950284348,
        1.07337618548,
        1.00178840948,
        0.98739275948,
        0.9937457684800001
      ],
      "exit_codes": [
        0,
        0,
        0,
        0,
        0,
        0,
        0,
        0,
        0,
        0
      ],
      "parameters": {
        "VERSION": "3.8.8"
      }
    },
    {
      "command": "3.9.4",
      "mean": 1.3257218984799999,
      "stddev": 0.025636441520265223,
      "median": 1.32520096298,
      "user": 4.4620323200000005,
      "system": 0.12045664,
      "min": 1.2946342714799999,
      "max": 1.38431676248,
      "times": [
        1.33358688548,
        1.3255495634799999,
        1.31291326148,
        1.30658760048,
        1.34534074848,
        1.32485236248,
        1.2946342714799999,
        1.32687158348,
        1.38431676248,
        1.30256594548
      ],
      "exit_codes": [
        0,
        0,
        0,
        0,
        0,
        0,
        0,
        0,
        0,
        0
      ],
      "parameters": {
        "VERSION": "3.9.4"
      }
    },
    {
      "command": "3.9.5",
      "mean": 1.31597705698,
      "stddev": 0.0239100229484884,
      "median": 1.3179384834799999,
      "user": 4.496918020000001,
      "system": 0.12799264,
      "min": 1.28606368448,
      "max": 1.35843542148,
      "times": [
        1.33445848548,
        1.2932453044799999,
        1.32808444548,
        1.32650838148,
        1.30936858548,
        1.29477473848,
        1.28606368448,
        1.35843542148,
        1.29399761648,
        1.3348339064799999
      ],
      "exit_codes": [
        0,
        0,
        0,
        0,
        0,
        0,
        0,
        0,
        0,
        0
      ],
      "parameters": {
        "VERSION": "3.9.5"
      }
    },
    {
      "command": "4.0.0-alpha-7",
      "mean": 1.6091639259800001,
      "stddev": 0.030849092522667036,
      "median": 1.6127457144800001,
      "user": 5.5303108199999995,
      "system": 0.14231124,
      "min": 1.55841967748,
      "max": 1.65495854748,
      "times": [
        1.59713216648,
        1.57285631848,
        1.55841967748,
        1.64003240848,
        1.65495854748,
        1.6390212614800002,
        1.6161163494800002,
        1.6093750794800001,
        1.58719102048,
        1.6165364304799998
      ],
      "exit_codes": [
        0,
        0,
        0,
        0,
        0,
        0,
        0,
        0,
        0,
        0
      ],
      "parameters": {
        "VERSION": "4.0.0-alpha-7"
      }
    },
    {
      "command": "4.0.0-alpha-8",
      "mean": 1.71206075198,
      "stddev": 0.025133659756423996,
      "median": 1.70929095898,
      "user": 5.688620719999999,
      "system": 0.16019884,
      "min": 1.67296446348,
      "max": 1.76423564748,
      "times": [
        1.7160390704800002,
        1.72361564248,
        1.70092344648,
        1.71902522948,
        1.73203946348,
        1.67296446348,
        1.69197031648,
        1.70254284748,
        1.69725139248,
        1.76423564748
      ],
      "exit_codes": [
        0,
        0,
        0,
        0,
        0,
        0,
        0,
        0,
        0,
        0
      ],
      "parameters": {
        "VERSION": "4.0.0-alpha-8"
      }
    }
  ]
}
