{
  "results": [
    {
      "command": "3.0.5",
      "mean": 15.47357696512,
      "stddev": 0.44151642362135424,
      "median": 15.50925274502,
      "user": 26.04387202,
      "system": 1.4973874600000001,
      "min": 14.686680008520002,
      "max": 16.26355602652,
      "times": [
        15.44766976452,
        15.167667618520001,
        15.968760017520001,
        15.50499290452,
        15.513512585520001,
        15.51631450052,
        16.26355602652,
        15.58623107752,
        15.080385147520001,
        14.686680008520002
      ],
      "exit_codes": [
        0,
        0,
        0,
        0,
        0,
        0,
        0,
        0,
        0,
        0
      ],
      "parameters": {
        "VERSION": "3.0.5"
      }
    },
    {
      "command": "3.6.3",
      "mean": 25.889673999720003,
      "stddev": 0.5747437105497414,
      "median": 25.666308569019996,
      "user": 41.71481482,
      "system": 6.00488486,
      "min": 25.32892556452,
      "max": 27.008765477519997,
      "times": [
        26.22555625052,
        25.742442739519998,
        25.44005265752,
        25.32892556452,
        27.008765477519997,
        25.59017439852,
        25.337967582519997,
        26.50123888752,
        26.24794973752,
        25.47366670152
      ],
      "exit_codes": [
        0,
        0,
        0,
        0,
        0,
        0,
        0,
        0,
        0,
        0
      ],
      "parameters": {
        "VERSION": "3.6.3"
      }
    },
    {
      "command": "3.8.8",
      "mean": 14.15927579872,
      "stddev": 0.27389477752110003,
      "median": 14.22001687402,
      "user": 30.498644919999997,
      "system": 1.75286956,
      "min": 13.72582508352,
      "max": 14.56684087952,
      "times": [
        13.72582508352,
        14.40411228252,
        13.97617878152,
        14.25261255252,
        13.937105585520001,
        14.41353539252,
        14.27223408452,
        14.18742119552,
        13.85689214952,
        14.56684087952
      ],
      "exit_codes": [
        0,
        0,
        0,
        0,
        0,
        0,
        0,
        0,
        0,
        0
      ],
      "parameters": {
        "VERSION": "3.8.8"
      }
    },
    {
      "command": "3.9.9",
      "mean": 14.928436388819998,
      "stddev": 0.25537937602895294,
      "median": 14.89778869002,
      "user": 32.89606101999999,
      "system": 1.73824946,
      "min": 14.55091097152,
      "max": 15.359785677520001,
      "times": [
        15.34331235352,
        14.821764641520002,
        14.90639706452,
        14.55091097152,
        14.88918031552,
        15.359785677520001,
        14.987863779520001,
        14.699921729520002,
        14.92756157952,
        14.79766577552
      ],
      "exit_codes": [
        0,
        0,
        0,
        0,
        0,
        0,
        0,
        0,
        0,
        0
      ],
      "parameters": {
        "VERSION": "3.9.9"
      }
    },
    {
      "command": "4.0.0-alpha-13",
      "mean": 15.983303990119998,
      "stddev": 0.24475898983974445,
      "median": 15.943720504520002,
      "user": 53.11507442,
      "system": 3.37518266,
      "min": 15.606310717520001,
      "max": 16.373141056519998,
      "times": [
        15.93610940652,
        15.62505157252,
        16.373141056519998,
        15.951331602520002,
        15.919991600520001,
        15.93481860652,
        16.21276818752,
        16.076088498519997,
        15.606310717520001,
        16.19742865252
      ],
      "exit_codes": [
        0,
        0,
        0,
        0,
        0,
        0,
        0,
        0,
        0,
        0
      ],
      "parameters": {
        "VERSION": "4.0.0-alpha-13"
      }
    },
    {
      "command": "4.0.0-beta-3",
      "mean": 16.65800798132,
      "stddev": 0.34151340315977474,
      "median": 16.65613860602,
      "user": 50.919623619999996,
      "system": 3.03904756,
      "min": 16.27613872652,
      "max": 17.303058311519997,
      "times": [
        16.686063006519998,
        16.30125333452,
        16.307609497519998,
        16.89549626752,
        16.62621420552,
        16.840070182519998,
        16.94224906252,
        16.401927218519997,
        17.303058311519997,
        16.27613872652
      ],
      "exit_codes": [
        0,
        0,
        0,
        0,
        0,
        0,
        0,
        0,
        0,
        0
      ],
      "parameters": {
        "VERSION": "4.0.0-beta-3"
      }
    },
    {
      "command": "4.0.0-beta-4",
      "mean": 18.19454932882,
      "stddev": 0.3201797846758042,
      "median": 18.13273075702,
      "user": 58.29646651999999,
      "system": 3.62489646,
      "min": 17.807168995519998,
      "max": 18.85147219652,
      "times": [
        18.423585194519998,
        18.109899031519998,
        17.807168995519998,
        17.96394258852,
        18.10481445952,
        18.48924769952,
        18.20804667452,
        17.831753965519997,
        18.85147219652,
        18.15556248252
      ],
      "exit_codes": [
        0,
        0,
        0,
        0,
        0,
        0,
        0,
        0,
        0,
        0
      ],
      "parameters": {
        "VERSION": "4.0.0-beta-4"
      }
    }
  ]
}
