{
  "results": [
    {
      "command": "3.0.5",
      "mean": 0.8368553258400002,
      "stddev": 0.020162592359100843,
      "median": 0.83941134374,
      "user": 2.6220832599999997,
      "system": 0.11473533999999999,
      "min": 0.8038864297400001,
      "max": 0.85875004674,
      "times": [
        0.85875004674,
        0.8529165027400001,
        0.83937549974,
        0.80478799874,
        0.83944718774,
        0.8250785247400001,
        0.8524936537400001,
        0.8038864297400001,
        0.85699749874,
        0.83481991574
      ],
      "exit_codes": [
        0,
        0,
        0,
        0,
        0,
        0,
        0,
        0,
        0,
        0
      ],
      "parameters": {
        "VERSION": "3.0.5"
      }
    },
    {
      "command": "3.6.3",
      "mean": 0.9427106165400001,
      "stddev": 0.02468073138779002,
      "median": 0.9391130842400001,
      "user": 3.03416046,
      "system": 0.13347534,
      "min": 0.9101323457400001,
      "max": 0.9792130507400001,
      "times": [
        0.9202982587400002,
        0.9792130507400001,
        0.9562519977400001,
        0.9403481607400002,
        0.91666597374,
        0.93787800774,
        0.9631538667400001,
        0.9279158697400001,
        0.9752486337400001,
        0.9101323457400001
      ],
      "exit_codes": [
        0,
        0,
        0,
        0,
        0,
        0,
        0,
        0,
        0,
        0
      ],
      "parameters": {
        "VERSION": "3.6.3"
      }
    },
    {
      "command": "3.8.8",
      "mean": 0.9154550066399999,
      "stddev": 0.01794140982930056,
      "median": 0.91048073774,
      "user": 3.0015176599999993,
      "system": 0.09653424000000001,
      "min": 0.89708624074,
      "max": 0.95067699774,
      "times": [
        0.91989710774,
        0.90283908674,
        0.9150121417400001,
        0.89708624074,
        0.90594933374,
        0.9218493617400001,
        0.90297053374,
        0.8988150507400001,
        0.95067699774,
        0.93945421174
      ],
      "exit_codes": [
        0,
        0,
        0,
        0,
        0,
        0,
        0,
        0,
        0,
        0
      ],
      "parameters": {
        "VERSION": "3.8.8"
      }
    },
    {
      "command": "3.9.4",
      "mean": 1.05524743294,
      "stddev": 0.02127012041356385,
      "median": 1.05228292874,
      "user": 3.4605116600000003,
      "system": 0.08462444000000001,
      "min": 1.02622094274,
      "max": 1.09480559874,
      "times": [
        1.0527121637399999,
        1.05365308074,
        1.03111028774,
        1.05054489374,
        1.09480559874,
        1.0496719347399999,
        1.02622094274,
        1.0549057417399998,
        1.0869959917399998,
        1.05185369374
      ],
      "exit_codes": [
        0,
        0,
        0,
        0,
        0,
        0,
        0,
        0,
        0,
        0
      ],
      "parameters": {
        "VERSION": "3.9.4"
      }
    },
    {
      "command": "3.9.5",
      "mean": 1.05616941624,
      "stddev": 0.023694593782234916,
      "median": 1.05481490324,
      "user": 3.47492156,
      "system": 0.09727383999999999,
      "min": 1.0141415947399999,
      "max": 1.09074264474,
      "times": [
        1.08602419474,
        1.09074264474,
        1.05098988274,
        1.0474631157399998,
        1.06266659074,
        1.0401665867399998,
        1.0753273237399998,
        1.03553230474,
        1.0141415947399999,
        1.05863992374
      ],
      "exit_codes": [
        0,
        0,
        0,
        0,
        0,
        0,
        0,
        0,
        0,
        0
      ],
      "parameters": {
        "VERSION": "3.9.5"
      }
    },
    {
      "command": "4.0.0-alpha-7",
      "mean": 1.31131037264,
      "stddev": 0.025226221001739876,
      "median": 1.3158425677399999,
      "user": 4.138330859999999,
      "system": 0.12455353999999999,
      "min": 1.27072936774,
      "max": 1.34545297074,
      "times": [
        1.30945229174,
        1.28134216874,
        1.3366438567399999,
        1.30474741174,
        1.32596815574,
        1.27072936774,
        1.33035409374,
        1.32223284374,
        1.34545297074,
        1.28618056574
      ],
      "exit_codes": [
        0,
        0,
        0,
        0,
        0,
        0,
        0,
        0,
        0,
        0
      ],
      "parameters": {
        "VERSION": "4.0.0-alpha-7"
      }
    },
    {
      "command": "4.0.0-alpha-8",
      "mean": 1.3791793740399998,
      "stddev": 0.03356146461734023,
      "median": 1.38512358324,
      "user": 4.350139459999999,
      "system": 0.12413364,
      "min": 1.30639003374,
      "max": 1.41658208774,
      "times": [
        1.41658208774,
        1.3644401957399999,
        1.3822304507399998,
        1.38400914874,
        1.38623801774,
        1.30639003374,
        1.40600009474,
        1.34223392574,
        1.39799235274,
        1.40567743274
      ],
      "exit_codes": [
        0,
        0,
        0,
        0,
        0,
        0,
        0,
        0,
        0,
        0
      ],
      "parameters": {
        "VERSION": "4.0.0-alpha-8"
      }
    }
  ]
}
