{
  "results": [
    {
      "command": "3.0.5",
      "mean": 0.7730833451400001,
      "stddev": 0.011943300370232748,
      "median": 0.7736656244400001,
      "user": 2.3285309800000005,
      "system": 0.12430282,
      "min": 0.75389279194,
      "max": 0.79687427694,
      "times": [
        0.75389279194,
        0.7589786229400001,
        0.79687427694,
        0.7699709359400001,
        0.7779094909400001,
        0.7783755389400001,
        0.7766771989400001,
        0.7706540499400001,
        0.76784011494,
        0.7796604299400001
      ],
      "exit_codes": [
        0,
        0,
        0,
        0,
        0,
        0,
        0,
        0,
        0,
        0
      ],
      "parameters": {
        "VERSION": "3.0.5"
      }
    },
    {
      "command": "3.6.3",
      "mean": 1.00454102134,
      "stddev": 0.019357470362615124,
      "median": 1.0057267369399998,
      "user": 3.20995238,
      "system": 0.21086591999999998,
      "min": 0.97608182594,
      "max": 1.03581010794,
      "times": [
        1.01759916394,
        0.9904079999400001,
        1.02466354794,
        0.97608182594,
        1.0004983539399999,
        1.0134140509399998,
        1.01095511994,
        1.03581010794,
        0.98006966094,
        0.99591038194
      ],
      "exit_codes": [
        0,
        0,
        0,
        0,
        0,
        0,
        0,
        0,
        0,
        0
      ],
      "parameters": {
        "VERSION": "3.6.3"
      }
    },
    {
      "command": "3.8.8",
      "mean": 0.9560150193400002,
      "stddev": 0.013352836649000893,
      "median": 0.95450734894,
      "user": 3.10130038,
      "system": 0.13209202,
      "min": 0.9338973019400001,
      "max": 0.9807719359400001,
      "times": [
        0.9807719359400001,
        0.9453849029400001,
        0.9504589239400001,
        0.95855577394,
        0.9499955949400001,
        0.9654607339400001,
        0.9667742329400001,
        0.9338973019400001,
        0.96170521094,
        0.9471455819400001
      ],
      "exit_codes": [
        0,
        0,
        0,
        0,
        0,
        0,
        0,
        0,
        0,
        0
      ],
      "parameters": {
        "VERSION": "3.8.8"
      }
    },
    {
      "command": "3.9.6",
      "mean": 1.1426589137399998,
      "stddev": 0.020795517160568766,
      "median": 1.14106166594,
      "user": 3.6166327800000007,
      "system": 0.14524412,
      "min": 1.10373361894,
      "max": 1.1841069499399999,
      "times": [
        1.10373361894,
        1.1841069499399999,
        1.13502338694,
        1.15323984094,
        1.1416874819399998,
        1.14615022694,
        1.1573379559399999,
        1.1372420349399999,
        1.12763179094,
        1.14043584994
      ],
      "exit_codes": [
        0,
        0,
        0,
        0,
        0,
        0,
        0,
        0,
        0,
        0
      ],
      "parameters": {
        "VERSION": "3.9.6"
      }
    },
    {
      "command": "4.0.0-alpha-13",
      "mean": 1.59707137694,
      "stddev": 0.030529549192554253,
      "median": 1.6055492864399998,
      "user": 6.247942879999999,
      "system": 0.26829862,
      "min": 1.53671628194,
      "max": 1.64283587894,
      "times": [
        1.64283587894,
        1.5622288949399998,
        1.6024219549399998,
        1.5945018999399998,
        1.5791865489399999,
        1.61473247694,
        1.6120933789399998,
        1.6173198359399998,
        1.53671628194,
        1.6086766179399998
      ],
      "exit_codes": [
        0,
        0,
        0,
        0,
        0,
        0,
        0,
        0,
        0,
        0
      ],
      "parameters": {
        "VERSION": "4.0.0-alpha-13"
      }
    }
  ]
}
