{
  "results": [
    {
      "command": "3.0.5",
      "mean": 1.62138392596,
      "stddev": 0.020598647742087785,
      "median": 1.6253229681599999,
      "user": 5.78875574,
      "system": 0.19546548000000002,
      "min": 1.58518914016,
      "max": 1.64459477116,
      "times": [
        1.58518914016,
        1.6184590031600001,
        1.64459477116,
        1.63218361216,
        1.5891457331599999,
        1.63775052716,
        1.63892954816,
        1.61846232416,
        1.63458699216,
        1.61453760816
      ],
      "exit_codes": [
        0,
        0,
        0,
        0,
        0,
        0,
        0,
        0,
        0,
        0
      ],
      "parameters": {
        "VERSION": "3.0.5"
      }
    },
    {
      "command": "3.1.1",
      "mean": 1.9580954162600004,
      "stddev": 0.043394509556788724,
      "median": 1.96346584716,
      "user": 6.977616039999999,
      "system": 0.23744157999999996,
      "min": 1.89891845116,
      "max": 2.02525068116,
      "times": [
        1.95803627816,
        1.98104242116,
        2.02525068116,
        1.9688954161599999,
        1.9003272261600002,
        2.01250645016,
        1.89891845116,
        1.9174462211599999,
        1.97230353216,
        1.9462274851599999
      ],
      "exit_codes": [
        0,
        0,
        0,
        0,
        0,
        0,
        0,
        0,
        0,
        0
      ],
      "parameters": {
        "VERSION": "3.1.1"
      }
    },
    {
      "command": "3.2.5",
      "mean": 2.0150347330600002,
      "stddev": 0.044069949212734286,
      "median": 2.0171822311600005,
      "user": 7.364763139999999,
      "system": 0.23067338000000004,
      "min": 1.95042785216,
      "max": 2.07134112516,
      "times": [
        2.06246685916,
        1.95993759216,
        1.99671660216,
        1.97855607116,
        2.06742865916,
        1.95042785216,
        2.0279253661600003,
        2.0291081071600003,
        2.07134112516,
        2.0064390961600003
      ],
      "exit_codes": [
        0,
        0,
        0,
        0,
        0,
        0,
        0,
        0,
        0,
        0
      ],
      "parameters": {
        "VERSION": "3.2.5"
      }
    },
    {
      "command": "3.3.9",
      "mean": 2.13150755886,
      "stddev": 0.048540989096180535,
      "median": 2.12472743566,
      "user": 8.33289294,
      "system": 0.36343298,
      "min": 2.0754164641600004,
      "max": 2.2106851091600004,
      "times": [
        2.07862694816,
        2.0754164641600004,
        2.15481612216,
        2.07934594016,
        2.2106851091600004,
        2.1386875931600002,
        2.1712176961600003,
        2.1874023131600002,
        2.11076727816,
        2.10811012416
      ],
      "exit_codes": [
        0,
        0,
        0,
        0,
        0,
        0,
        0,
        0,
        0,
        0
      ],
      "parameters": {
        "VERSION": "3.3.9"
      }
    },
    {
      "command": "3.5.4",
      "mean": 2.0929915999600004,
      "stddev": 0.057368371939494844,
      "median": 2.08056308616,
      "user": 7.47948174,
      "system": 0.52762158,
      "min": 2.0348705381600003,
      "max": 2.2204003841600004,
      "times": [
        2.2204003841600004,
        2.08623140316,
        2.08329617516,
        2.0778299971600003,
        2.16646236016,
        2.0902410761600003,
        2.04475248916,
        2.05591934816,
        2.0348705381600003,
        2.06991222816
      ],
      "exit_codes": [
        0,
        0,
        0,
        0,
        0,
        0,
        0,
        0,
        0,
        0
      ],
      "parameters": {
        "VERSION": "3.5.4"
      }
    },
    {
      "command": "3.6.3",
      "mean": 2.05068459466,
      "stddev": 0.03594013224127684,
      "median": 2.0523011006600003,
      "user": 7.451507740000001,
      "system": 0.53229918,
      "min": 2.00000447316,
      "max": 2.12395666016,
      "times": [
        2.07376746616,
        2.00762838716,
        2.0557132031600003,
        2.0225268571600004,
        2.00000447316,
        2.04641044816,
        2.12395666016,
        2.07133743316,
        2.05661202016,
        2.0488889981600003
      ],
      "exit_codes": [
        0,
        0,
        0,
        0,
        0,
        0,
        0,
        0,
        0,
        0
      ],
      "parameters": {
        "VERSION": "3.6.3"
      }
    },
    {
      "command": "3.8.1",
      "mean": 2.09359343656,
      "stddev": 0.06873292450120445,
      "median": 2.09044333716,
      "user": 7.59434924,
      "system": 0.56880128,
      "min": 1.97636964416,
      "max": 2.2404973971600004,
      "times": [
        2.2404973971600004,
        2.08388849116,
        2.05224823716,
        2.10414133016,
        2.09699818316,
        2.0542683371600003,
        1.97636964416,
        2.12069585016,
        2.14079935216,
        2.06602754316
      ],
      "exit_codes": [
        0,
        0,
        0,
        0,
        0,
        0,
        0,
        0,
        0,
        0
      ],
      "parameters": {
        "VERSION": "3.8.1"
      }
    },
    {
      "command": "3.8.2",
      "mean": 1.9418581616600001,
      "stddev": 0.03667408462773636,
      "median": 1.94048340916,
      "user": 7.270692739999999,
      "system": 0.25032537999999993,
      "min": 1.8835510631599999,
      "max": 1.9997057391600002,
      "times": [
        1.8835510631599999,
        1.98413635616,
        1.96863681216,
        1.89235021016,
        1.92890442416,
        1.9997057391600002,
        1.94574273716,
        1.93092864516,
        1.94940154816,
        1.93522408116
      ],
      "exit_codes": [
        0,
        0,
        0,
        0,
        0,
        0,
        0,
        0,
        0,
        0
      ],
      "parameters": {
        "VERSION": "3.8.2"
      }
    },
    {
      "command": "3.8.3",
      "mean": 1.78282941916,
      "stddev": 0.03689563876555316,
      "median": 1.79133832066,
      "user": 6.67708024,
      "system": 0.25104298,
      "min": 1.72020857816,
      "max": 1.81968282016,
      "times": [
        1.81968282016,
        1.78560920416,
        1.76779059716,
        1.81536322316,
        1.79706743716,
        1.75154796916,
        1.73666818116,
        1.81518608916,
        1.72020857816,
        1.81917009216
      ],
      "exit_codes": [
        0,
        0,
        0,
        0,
        0,
        0,
        0,
        0,
        0,
        0
      ],
      "parameters": {
        "VERSION": "3.8.3"
      }
    },
    {
      "command": "3.8.4",
      "mean": 1.77713820126,
      "stddev": 0.029473788210881306,
      "median": 1.77939177066,
      "user": 6.6364920399999985,
      "system": 0.28112247999999995,
      "min": 1.72998815216,
      "max": 1.81586068216,
      "times": [
        1.7654564131600001,
        1.8049508971600001,
        1.78228037616,
        1.72998815216,
        1.81098752016,
        1.78970746616,
        1.81586068216,
        1.73956297016,
        1.75608437016,
        1.77650316516
      ],
      "exit_codes": [
        0,
        0,
        0,
        0,
        0,
        0,
        0,
        0,
        0,
        0
      ],
      "parameters": {
        "VERSION": "3.8.4"
      }
    },
    {
      "command": "3.8.5",
      "mean": 1.7924996609600001,
      "stddev": 0.046536421915205343,
      "median": 1.79858946016,
      "user": 6.77852684,
      "system": 0.24803897999999996,
      "min": 1.71190484916,
      "max": 1.86190887716,
      "times": [
        1.80879221316,
        1.83902782216,
        1.7883867071600001,
        1.8186332351599999,
        1.7866361101600001,
        1.71190484916,
        1.73294039016,
        1.86190887716,
        1.81513959016,
        1.7616268151599999
      ],
      "exit_codes": [
        0,
        0,
        0,
        0,
        0,
        0,
        0,
        0,
        0,
        0
      ],