{
  "results": [
    {
      "command": "3.0.5",
      "mean": 0.7255995560600003,
      "stddev": 0.02511062913153253,
      "median": 0.7242833537600002,
      "user": 2.22243476,
      "system": 0.09378925999999997,
      "min": 0.6825227502600001,
      "max": 0.7800952822600001,
      "times": [
        0.7388717372600001,
        0.7800952822600001,
        0.7194080922600001,
        0.7082266442600001,
        0.7232735982600002,
        0.7252931092600001,
        0.7114303562600001,
        0.7348641752600001,
        0.6825227502600001,
        0.7320098152600001
      ],
      "exit_codes": [
        0,
        0,
        0,
        0,
        0,
        0,
        0,
        0,
        0,
        0
      ],
      "parameters": {
        "VERSION": "3.0.5"
      }
    },
    {
      "command": "3.1.1",
      "mean": 0.7646605069600001,
      "stddev": 0.022079994085005387,
      "median": 0.7617967087600002,
      "user": 2.4106325600000007,
      "system": 0.08739826,
      "min": 0.7360214262600001,
      "max": 0.8082512462600001,
      "times": [
        0.75149796026,
        0.8082512462600001,
        0.7882807532600001,
        0.7707269002600001,
        0.7360214262600001,
        0.7724126002600001,
        0.7724696882600001,
        0.7500559152600002,
        0.7528665172600001,
        0.7440220622600001
      ],
      "exit_codes": [
        0,
        0,
        0,
        0,
        0,
        0,
        0,
        0,
        0,
        0
      ],
      "parameters": {
        "VERSION": "3.1.1"
      }
    },
    {
      "command": "3.2.5",
      "mean": 0.7825038087599999,
      "stddev": 0.0216581992308931,
      "median": 0.7773570242600001,
      "user": 2.55902576,
      "system": 0.08810335999999999,
      "min": 0.7591418232600001,
      "max": 0.8204211502600001,
      "times": [
        0.7710359432600001,
        0.78796198126,
        0.7804557042600001,
        0.7858308922600001,
        0.7687680882600001,
        0.7742583442600001,
        0.8180020982600001,
        0.7591418232600001,
        0.8204211502600001,
        0.75916206226
      ],
      "exit_codes": [
        0,
        0,
        0,
        0,
        0,
        0,
        0,
        0,
        0,
        0
      ],
      "parameters": {
        "VERSION": "3.2.5"
      }
    },
    {
      "command": "3.3.9",
      "mean": 0.8140736781600001,
      "stddev": 0.02095190747707164,
      "median": 0.8206065392600002,
      "user": 2.6520015599999995,
      "system": 0.09298485999999999,
      "min": 0.78437999826,
      "max": 0.8417615982600001,
      "times": [
        0.8208629582600001,
        0.8332979752600002,
        0.8417615982600001,
        0.8086729462600001,
        0.7869565862600001,
        0.82654985026,
        0.8203501202600001,
        0.78437999826,
        0.8298668392600002,
        0.7880379092600001
      ],
      "exit_codes": [
        0,
        0,
        0,
        0,
        0,
        0,
        0,
        0,
        0,
        0
      ],
      "parameters": {
        "VERSION": "3.3.9"
      }
    },
    {
      "command": "3.5.4",
      "mean": 0.83736738856,
      "stddev": 0.023584427631848624,
      "median": 0.8322818357600001,
      "user": 2.7618472600000006,
      "system": 0.11093536,
      "min": 0.8047241932600001,
      "max": 0.8810603212600001,
      "times": [
        0.8318442712600002,
        0.8579289052600001,
        0.8810603212600001,
        0.8047241932600001,
        0.8327194002600001,
        0.8294075112600001,
        0.8238905142600002,
        0.86351452926,
        0.8123357862600001,
        0.8362484532600001
      ],
      "exit_codes": [
        0,
        0,
        0,
        0,
        0,
        0,
        0,
        0,
        0,
        0
      ],
      "parameters": {
        "VERSION": "3.5.4"
      }
    },
    {
      "command": "3.6.3",
      "mean": 0.80145936896,
      "stddev": 0.010581494969381575,
      "median": 0.8027184162600001,
      "user": 2.52520596,
      "system": 0.10404625999999999,
      "min": 0.7800722122600001,
      "max": 0.8148733052600001,
      "times": [
        0.80086578626,
        0.8148733052600001,
        0.7800722122600001,
        0.7885384272600001,
        0.8111090972600001,
        0.7974403802600001,
        0.8028775062600001,
        0.8025593262600001,
        0.8072312512600001,
        0.8090263972600001
      ],
      "exit_codes": [
        0,
        0,
        0,
        0,
        0,
        0,
        0,
        0,
        0,
        0
      ],
      "parameters": {
        "VERSION": "3.6.3"
      }
    },
    {
      "command": "3.8.1",
      "mean": 0.7935433309600001,
      "stddev": 0.01574904364048549,
      "median": 0.7922257622600001,
      "user": 2.5449499600000003,
      "system": 0.12024546,
      "min": 0.7679868682600001,
      "max": 0.8236835902600002,
      "times": [
        0.7979509582600001,
        0.7831448782600001,
        0.8236835902600002,
        0.8035040822600001,
        0.7679868682600001,
        0.8052496392600001,
        0.7865005662600001,
        0.7862254432600001,
        0.7809406422600002,
        0.8002466412600001
      ],
      "exit_codes": [
        0,
        0,
        0,
        0,
        0,
        0,
        0,
        0,
        0,
        0
      ],
      "parameters": {
        "VERSION": "3.8.1"
      }
    },
    {
      "command": "3.8.2",
      "mean": 0.79368378746,
      "stddev": 0.02851061103455266,
      "median": 0.7883050877600001,
      "user": 2.51175596,
      "system": 0.07574726000000001,
      "min": 0.7679273092600001,
      "max": 0.8585473102600001,
      "times": [
        0.7679273092600001,
        0.8273200422600001,
        0.8585473102600001,
        0.7692899562600001,
        0.7759119942600001,
        0.7948895812600001,
        0.7871689202600001,
        0.77543175626,
        0.7909097492600001,
        0.7894412552600001
      ],
      "exit_codes": [
        0,
        0,
        0,
        0,
        0,
        0,
        0,
        0,
        0,
        0
      ],
      "parameters": {
        "VERSION": "3.8.2"
      }
    },
    {
      "command": "3.8.3",
      "mean": 0.77935947366,
      "stddev": 0.021227887790035368,
      "median": 0.77749480126,
      "user": 2.48479256,
      "system": 0.07516096,
      "min": 0.7533612342600001,
      "max": 0.8126348492600001,
      "times": [
        0.78162786526,
        0.8126348492600001,
        0.7657789612600001,
        0.8091043552600001,
        0.75400094926,
        0.7533612342600001,
        0.7815336182600001,
        0.7734559842600001,
        0.7650832192600001,
        0.7970137002600001
      ],
      "exit_codes": [
        0,
        0,
        0,
        0,
        0,
        0,
        0,
        0,
        0,
        0
      ],
      "parameters": {
        "VERSION": "3.8.3"
      }
    },
    {
      "command": "3.8.4",
      "mean": 0.78938242236,
      "stddev": 0.013894375578004528,
      "median": 0.7901300732600001,
      "user": 2.50826876,
      "system": 0.06931675999999999,
      "min": 0.7689406042600001,
      "max": 0.8072180512600001,
      "times": [
        0.7809465922600001,
        0.80282887826,
        0.7704446582600001,
        0.7802453092600001,
        0.7689406042600001,
        0.80283007926,
        0.8001099042600001,
        0.7878526832600001,
        0.7924074632600001,
        0.8072180512600001
      ],
      "exit_codes": [
        0,
        0,
        0,
        0,
        0,
        0,
        0,
        0,
        0,
        0
      ],
      "parameters": {
        "VERSION": "3.8.4"
      }
    },
    {
      "command": "3.8.5",
      "mean": 0.7785578971600002,
      "stddev": 0.020995174319742148,
      "median": 0.7813267027600002,
      "user": 2.48348746,
      "system": 0.08272756,
      "min": 0.7481873702600002,
      "max": 0.8077551982600001,