{
  "results": [
    {
      "command": "3.0.5",
      "mean": 0.8159637920800001,
      "stddev": 0.016048230504011652,
      "median": 0.81507339288,
      "user": 2.4067453600000004,
      "system": 0.11607253999999997,
      "min": 0.78516042288,
      "max": 0.84384246288,
      "times": [
        0.81239101288,
        0.80931519488,
        0.84384246288,
        0.78516042288,
        0.80273120988,
        0.8287713668800001,
        0.8202215378800001,
        0.81117711088,
        0.8282718288800001,
        0.81775577288
      ],
      "exit_codes": [
        0,
        0,
        0,
        0,
        0,
        0,
        0,
        0,
        0,
        0
      ],
      "parameters": {
        "VERSION": "3.0.5"
      }
    },
    {
      "command": "3.1.1",
      "mean": 0.8354584873800002,
      "stddev": 0.024311878794005676,
      "median": 0.8418704073800001,
      "user": 2.51620776,
      "system": 0.10508063999999999,
      "min": 0.80390304488,
      "max": 0.8709022898800001,
      "times": [
        0.8371939728800001,
        0.8127236788800001,
        0.8529828608800001,
        0.8709022898800001,
        0.86180504288,
        0.84680674688,
        0.80390304488,
        0.81736340988,
        0.8043569848800001,
        0.8465468418800001
      ],
      "exit_codes": [
        0,
        0,
        0,
        0,
        0,
        0,
        0,
        0,
        0,
        0
      ],
      "parameters": {
        "VERSION": "3.1.1"
      }
    },
    {
      "command": "3.2.5",
      "mean": 0.9154359533800001,
      "stddev": 0.026038350455497003,
      "median": 0.9058451623800001,
      "user": 2.9164599599999996,
      "system": 0.12627544,
      "min": 0.89294073988,
      "max": 0.97617841188,
      "times": [
        0.9057294998800001,
        0.97617841188,
        0.90098342088,
        0.90831013888,
        0.94649865988,
        0.89615369588,
        0.9059608248800001,
        0.9172437788800001,
        0.90436036288,
        0.89294073988
      ],
      "exit_codes": [
        0,
        0,
        0,
        0,
        0,
        0,
        0,
        0,
        0,
        0
      ],
      "parameters": {
        "VERSION": "3.2.5"
      }
    },
    {
      "command": "3.3.9",
      "mean": 0.9395971078800001,
      "stddev": 0.01701139509298263,
      "median": 0.9383309178800001,
      "user": 2.9616070599999995,
      "system": 0.12220124000000002,
      "min": 0.91294710988,
      "max": 0.9643131608800001,
      "times": [
        0.94213568288,
        0.9345261528800001,
        0.94817046088,
        0.92809692288,
        0.95124881888,
        0.92147941988,
        0.91294710988,
        0.9643131608800001,
        0.93094758588,
        0.96210576388
      ],
      "exit_codes": [
        0,
        0,
        0,
        0,
        0,
        0,
        0,
        0,
        0,
        0
      ],
      "parameters": {
        "VERSION": "3.3.9"
      }
    },
    {
      "command": "3.5.4",
      "mean": 0.9598111465800001,
      "stddev": 0.010472835243153877,
      "median": 0.9615815908800001,
      "user": 2.9578839600000006,
      "system": 0.18625244,
      "min": 0.9422696098800001,
      "max": 0.97521595488,
      "times": [
        0.9617922508800001,
        0.94581506688,
        0.97521595488,
        0.9644935278800001,
        0.96427393188,
        0.97106735288,
        0.96042437388,
        0.9422696098800001,
        0.95138846588,
        0.96137093088
      ],
      "exit_codes": [
        0,
        0,
        0,
        0,
        0,
        0,
        0,
        0,
        0,
        0
      ],
      "parameters": {
        "VERSION": "3.5.4"
      }
    },
    {
      "command": "3.6.3",
      "mean": 0.9314488456800003,
      "stddev": 0.019949026224692804,
      "median": 0.92456025188,
      "user": 2.8545125599999994,
      "system": 0.17448854,
      "min": 0.90978312388,
      "max": 0.9751369158800001,
      "times": [
        0.92372644688,
        0.9435970288800001,
        0.92539405688,
        0.9236584078800001,
        0.94862706188,
        0.90978312388,
        0.9751369158800001,
        0.93556203788,
        0.91701514388,
        0.9119882328800001
      ],
      "exit_codes": [
        0,
        0,
        0,
        0,
        0,
        0,
        0,
        0,
        0,
        0
      ],
      "parameters": {
        "VERSION": "3.6.3"
      }
    },
    {
      "command": "3.8.1",
      "mean": 0.94510554618,
      "stddev": 0.03097316064847761,
      "median": 0.94250345988,
      "user": 2.8709157599999995,
      "system": 0.17676204,
      "min": 0.89843274088,
      "max": 1.0102282198800001,
      "times": [
        0.9083494078800001,
        0.93986485688,
        0.97175939588,
        0.89843274088,
        0.93847498988,
        0.9490462108800001,
        0.94514206288,
        0.95063262288,
        1.0102282198800001,
        0.9391249538800001
      ],
      "exit_codes": [
        0,
        0,
        0,
        0,
        0,
        0,
        0,
        0,
        0,
        0
      ],
      "parameters": {
        "VERSION": "3.8.1"
      }
    },
    {
      "command": "3.8.2",
      "mean": 0.90788127398,
      "stddev": 0.023537100086329168,
      "median": 0.90412245288,
      "user": 2.8006905599999996,
      "system": 0.11424774000000001,
      "min": 0.87566745688,
      "max": 0.94867596888,
      "times": [
        0.90656792988,
        0.87566745688,
        0.89833262388,
        0.94867596888,
        0.88700137988,
        0.88908420188,
        0.9016769758800001,
        0.9087166788800001,
        0.94256076288,
        0.92052876088
      ],
      "exit_codes": [
        0,
        0,
        0,
        0,
        0,
        0,
        0,
        0,
        0,
        0
      ],
      "parameters": {
        "VERSION": "3.8.2"
      }
    },
    {
      "command": "3.8.3",
      "mean": 0.9111787184800001,
      "stddev": 0.02674253766091307,
      "median": 0.9081086733800001,
      "user": 2.7983271600000004,
      "system": 0.10813864,
      "min": 0.86018398188,
      "max": 0.94103486788,
      "times": [
        0.89214217088,
        0.89597395888,
        0.9006289498800001,
        0.91558839688,
        0.86018398188,
        0.9405331408800001,
        0.94103486788,
        0.93620505188,
        0.89594918988,
        0.9335474758800001
      ],
      "exit_codes": [
        0,
        0,
        0,
        0,
        0,
        0,
        0,
        0,
        0,
        0
      ],
      "parameters": {
        "VERSION": "3.8.3"
      }
    },
    {
      "command": "3.8.4",
      "mean": 0.8924908592800002,
      "stddev": 0.024237774833152387,
      "median": 0.8918847803800001,
      "user": 2.76668846,
      "system": 0.10802034,
      "min": 0.8543075798800001,
      "max": 0.9314963338800001,
      "times": [
        0.90629515588,
        0.9314963338800001,
        0.87473929888,
        0.91223890688,
        0.91512829888,
        0.90012043088,
        0.88364912988,
        0.87791085488,
        0.86902260288,
        0.8543075798800001
      ],
      "exit_codes": [
        0,
        0,
        0,
        0,
        0,
        0,
        0,
        0,
        0,
        0
      ],
      "parameters": {
        "VERSION": "3.8.4"
      }
    },
    {
      "command": "3.8.5",
      "mean": 0.89729054828,
      "stddev": 0.03359325642428496,
      "median": 0.88856940338,
      "user": 2.78665086,
      "system": 0.11614484,
      "min": 0.85431176888,
      "max": 0.9418982288800001,
      "times": [
        0.85431176888,
        0.87546659188,
        0.9271519258800001,
        0.92914890888,
        0.87499100288,
        0.90167221488,
        0.9418982288800001,
        0.86076606788,
        0.93539318188,
        0.8721055908800001
      ],