{
  "results": [
    {
      "command": "3.0.5",
      "mean": 0.7399843847600001,
      "stddev": 0.01750120822277454,
      "median": 0.73407679656,
      "user": 2.1039524799999993,
      "system": 0.10960914,
      "min": 0.72218714056,
      "max": 0.76205672256,
      "times": [
        0.75349487956,
        0.72754963756,
        0.76093208856,
        0.72248142356,
        0.76205672256,
        0.7604492995600001,
        0.72218714056,
        0.74060395556,
        0.7265900495600001,
        0.7234986505600001
      ],
      "exit_codes": [
        0,
        0,
        0,
        0,
        0,
        0,
        0,
        0,
        0,
        0
      ],
      "parameters": {
        "VERSION": "3.0.5"
      }
    },
    {
      "command": "3.6.3",
      "mean": 0.93197481166,
      "stddev": 0.02583671184735221,
      "median": 0.93400326606,
      "user": 2.7973336799999995,
      "system": 0.18441404,
      "min": 0.89712648056,
      "max": 0.98697947056,
      "times": [
        0.94566344156,
        0.93598474556,
        0.93202178656,
        0.90566598356,
        0.90974924956,
        0.9446595855600001,
        0.92057317056,
        0.94132420256,
        0.89712648056,
        0.98697947056
      ],
      "exit_codes": [
        0,
        0,
        0,
        0,
        0,
        0,
        0,
        0,
        0,
        0
      ],
      "parameters": {
        "VERSION": "3.6.3"
      }
    },
    {
      "command": "3.8.8",
      "mean": 0.9091738194599998,
      "stddev": 0.031995960424566684,
      "median": 0.90228927706,
      "user": 2.70763708,
      "system": 0.12673654,
      "min": 0.8672009805600001,
      "max": 0.98118315456,
      "times": [
        0.9106884685600001,
        0.87687244756,
        0.90222831356,
        0.92422544656,
        0.8992179825600001,
        0.8672009805600001,
        0.93332862756,
        0.90235024056,
        0.98118315456,
        0.8944425325600001
      ],
      "exit_codes": [
        0,
        0,
        0,
        0,
        0,
        0,
        0,
        0,
        0,
        0
      ],
      "parameters": {
        "VERSION": "3.8.8"
      }
    },
    {
      "command": "3.9.9",
      "mean": 1.0712791188600002,
      "stddev": 0.022149369006863484,
      "median": 1.06469786056,
      "user": 3.2548264799999993,
      "system": 0.12841734,
      "min": 1.0525227105600001,
      "max": 1.12758121256,
      "times": [
        1.0716925595600002,
        1.12758121256,
        1.0525227105600001,
        1.0609974155600002,
        1.06411959356,
        1.06527612756,
        1.05340644056,
        1.05665483556,
        1.07861729956,
        1.08192299356
      ],
      "exit_codes": [
        0,
        0,
        0,
        0,
        0,
        0,
        0,
        0,
        0,
        0
      ],
      "parameters": {
        "VERSION": "3.9.9"
      }
    },
    {
      "command": "4.0.0-alpha-13",
      "mean": 1.53617236046,
      "stddev": 0.01959187875471129,
      "median": 1.5403050090600001,
      "user": 5.67935448,
      "system": 0.23343764,
      "min": 1.50592825656,
      "max": 1.56202991356,
      "times": [
        1.5579145485600001,
        1.54682384456,
        1.5164684725600002,
        1.5403423535600003,
        1.52729566456,
        1.50592825656,
        1.54026766456,
        1.56202991356,
        1.51290611556,
        1.55174677056
      ],
      "exit_codes": [
        0,
        0,
        0,
        0,
        0,
        0,
        0,
        0,
        0,
        0
      ],
      "parameters": {
        "VERSION": "4.0.0-alpha-13"
      }
    },
    {
      "command": "4.0.0-beta-3",
      "mean": 1.5781682107600001,
      "stddev": 0.034511822710480505,
      "median": 1.5796790075600002,
      "user": 5.50819718,
      "system": 0.24465114000000004,
      "min": 1.50897988556,
      "max": 1.6249089245600001,
      "times": [
        1.5515577345600002,
        1.5882727195600002,
        1.50897988556,
        1.57108529556,
        1.61261070756,
        1.58980440356,
        1.61042436956,
        1.56064971556,
        1.56338835156,
        1.6249089245600001
      ],
      "exit_codes": [
        0,
        0,
        0,
        0,
        0,
        0,
        0,
        0,
        0,
        0
      ],
      "parameters": {
        "VERSION": "4.0.0-beta-3"
      }
    },
    {
      "command": "4.0.0-beta-4",
      "mean": 1.6461496536599998,
      "stddev": 0.03222951846087865,
      "median": 1.6480634265600003,
      "user": 5.73699578,
      "system": 0.23717973999999997,
      "min": 1.58715485456,
      "max": 1.6878712955600002,
      "times": [
        1.6600756045600003,
        1.63066845156,
        1.6878712955600002,
        1.6360512485600003,
        1.6644181155600002,
        1.6704675045600001,
        1.6144728455600001,
        1.68255530656,
        1.58715485456,
        1.62776130956
      ],
      "exit_codes": [
        0,
        0,
        0,
        0,
        0,
        0,
        0,
        0,
        0,
        0
      ],
      "parameters": {
        "VERSION": "4.0.0-beta-4"
      }
    }
  ]
}
