{
  "results": [
    {
      "command": "3.0.5",
      "mean": 0.85675211594,
      "stddev": 0.016754202711203696,
      "median": 0.85144775884,
      "user": 2.8225116199999993,
      "system": 0.12036184000000001,
      "min": 0.83277421734,
      "max": 0.88177825034,
      "times": [
        0.84683679134,
        0.87362642934,
        0.85047334634,
        0.87119551634,
        0.83277421734,
        0.8524221713400001,
        0.84703791634,
        0.8726972903400001,
        0.83867923034,
        0.88177825034
      ],
      "exit_codes": [
        0,
        0,
        0,
        0,
        0,
        0,
        0,
        0,
        0,
        0
      ],
      "parameters": {
        "VERSION": "3.0.5"
      }
    },
    {
      "command": "3.6.3",
      "mean": 0.9949538048400001,
      "stddev": 0.03517595331567554,
      "median": 0.9833044823400001,
      "user": 3.4289512199999996,
      "system": 0.15095493999999995,
      "min": 0.95446938134,
      "max": 1.05627065834,
      "times": [
        0.9781119223400001,
        1.04726561734,
        0.97246513434,
        0.95610076434,
        0.98710124434,
        0.9795077203400001,
        0.95446938134,
        1.00939217634,
        1.05627065834,
        1.00885342934
      ],
      "exit_codes": [
        0,
        0,
        0,
        0,
        0,
        0,
        0,
        0,
        0,
        0
      ],
      "parameters": {
        "VERSION": "3.6.3"
      }
    },
    {
      "command": "3.8.8",
      "mean": 0.9576660425400002,
      "stddev": 0.019254237878350403,
      "median": 0.95310078334,
      "user": 3.26957832,
      "system": 0.10506123999999999,
      "min": 0.9359655613400001,
      "max": 0.9980376203400001,
      "times": [
        0.9839202973400001,
        0.9547610043400001,
        0.9426388063400001,
        0.95232755134,
        0.9427184953400001,
        0.96077231634,
        0.95387401534,
        0.9359655613400001,
        0.9980376203400001,
        0.9516447573400001
      ],
      "exit_codes": [
        0,
        0,
        0,
        0,
        0,
        0,
        0,
        0,
        0,
        0
      ],
      "parameters": {
        "VERSION": "3.8.8"
      }
    },
    {
      "command": "3.9.4",
      "mean": 1.14690670104,
      "stddev": 0.017703228576887237,
      "median": 1.14692992234,
      "user": 3.820095719999999,
      "system": 0.11596354,
      "min": 1.12615935434,
      "max": 1.1744029943399998,
      "times": [
        1.14709658834,
        1.17082347734,
        1.12615935434,
        1.15930490534,
        1.1358042013399998,
        1.12893031034,
        1.1467632563399999,
        1.1744029943399998,
        1.15337240334,
        1.1264095193399999
      ],
      "exit_codes": [
        0,
        0,
        0,
        0,
        0,
        0,
        0,
        0,
        0,
        0
      ],
      "parameters": {
        "VERSION": "3.9.4"
      }
    },
    {
      "command": "3.9.5",
      "mean": 1.1558855460399997,
      "stddev": 0.02409854509715556,
      "median": 1.15427821234,
      "user": 3.919528819999999,
      "system": 0.11089774,
      "min": 1.1205511553399998,
      "max": 1.1931440603399999,
      "times": [
        1.1844997313399999,
        1.15194775634,
        1.1931440603399999,
        1.12224290634,
        1.1566086683399999,
        1.14192290834,
        1.17139407434,
        1.16766502134,
        1.1205511553399998,
        1.1488791783399999
      ],
      "exit_codes": [
        0,
        0,
        0,
        0,
        0,
        0,
        0,
        0,
        0,
        0
      ],
      "parameters": {
        "VERSION": "3.9.5"
      }
    },
    {
      "command": "4.0.0-alpha-7",
      "mean": 1.4768985735400002,
      "stddev": 0.027859338471538198,
      "median": 1.47192269634,
      "user": 5.10927952,
      "system": 0.14988434,
      "min": 1.44432731634,
      "max": 1.52915237734,
      "times": [
        1.49398984434,
        1.45279728034,
        1.44432731634,
        1.45706627134,
        1.45156673834,
        1.52915237734,
        1.46575322934,
        1.48672796134,
        1.47809216334,
        1.5095125533399998
      ],
      "exit_codes": [
        0,
        0,
        0,
        0,
        0,
        0,
        0,
        0,
        0,
        0
      ],
      "parameters": {
        "VERSION": "4.0.0-alpha-7"
      }
    },
    {
      "command": "4.0.0-alpha-8",
      "mean": 1.58132823264,
      "stddev": 0.04285562476274533,
      "median": 1.57281020334,
      "user": 5.40619392,
      "system": 0.15741944,
      "min": 1.5258546633399999,
      "max": 1.68597110534,
      "times": [
        1.68597110534,
        1.56822459934,
        1.5987424713399998,
        1.5766672733399998,
        1.5996678203399999,
        1.56507432334,
        1.54610457434,
        1.5258546633399999,
        1.5780223623399998,
        1.56895313334
      ],
      "exit_codes": [
        0,
        0,
        0,
        0,
        0,
        0,
        0,
        0,
        0,
        0
      ],
      "parameters": {
        "VERSION": "4.0.0-alpha-8"
      }
    }
  ]
}
