{
  "results": [
    {
      "command": "3.0.5",
      "mean": 0.70201355184,
      "stddev": 0.014307921479424677,
      "median": 0.7000454635400001,
      "user": 1.9879114599999999,
      "system": 0.09140396,
      "min": 0.6798105535400001,
      "max": 0.7214795765400001,
      "times": [
        0.6970394835400001,
        0.6976887085400001,
        0.71044611154,
        0.71331411554,
        0.6798105535400001,
        0.7024022185400001,
        0.7209893275400001,
        0.7214795765400001,
        0.6894562285400001,
        0.68750919454
      ],
      "exit_codes": [
        0,
        0,
        0,
        0,
        0,
        0,
        0,
        0,
        0,
        0
      ],
      "parameters": {
        "VERSION": "3.0.5"
      }
    },
    {
      "command": "3.6.3",
      "mean": 0.8727248602400002,
      "stddev": 0.022020312305481928,
      "median": 0.8703751325400001,
      "user": 2.6996271599999995,
      "system": 0.14420466,
      "min": 0.83987835054,
      "max": 0.9090867655400001,
      "times": [
        0.8532021515400001,
        0.8772884515400001,
        0.9090867655400001,
        0.8966214935400001,
        0.8810167365400001,
        0.83987835054,
        0.8917715755400001,
        0.8592805895400001,
        0.85564067454,
        0.8634618135400001
      ],
      "exit_codes": [
        0,
        0,
        0,
        0,
        0,
        0,
        0,
        0,
        0,
        0
      ],
      "parameters": {
        "VERSION": "3.6.3"
      }
    },
    {
      "command": "3.8.8",
      "mean": 0.8509891044400002,
      "stddev": 0.02357998437575345,
      "median": 0.84547043554,
      "user": 2.62279016,
      "system": 0.10602686000000001,
      "min": 0.8222418695400001,
      "max": 0.89872072554,
      "times": [
        0.83231847554,
        0.8492304635400001,
        0.8222418695400001,
        0.8656428825400001,
        0.8313647375400001,
        0.83881178454,
        0.89872072554,
        0.8776744435400001,
        0.8521752545400001,
        0.84171040754
      ],
      "exit_codes": [
        0,
        0,
        0,
        0,
        0,
        0,
        0,
        0,
        0,
        0
      ],
      "parameters": {
        "VERSION": "3.8.8"
      }
    },
    {
      "command": "3.9.6",
      "mean": 1.01376155734,
      "stddev": 0.019429036710164847,
      "median": 1.01723488354,
      "user": 3.1491241599999995,
      "system": 0.12730466,
      "min": 0.9730359725400001,
      "max": 1.0345418845399998,
      "times": [
        0.9935844745400001,
        1.0345418845399998,
        1.0324376125399999,
        1.01286780754,
        1.0220279805399999,
        1.01871802954,
        1.03195421154,
        1.0157517375399998,
        0.9730359725400001,
        1.00269586254
      ],
      "exit_codes": [
        0,
        0,
        0,
        0,
        0,
        0,
        0,
        0,
        0,
        0
      ],
      "parameters": {
        "VERSION": "3.9.6"
      }
    },
    {
      "command": "4.0.0-alpha-13",
      "mean": 1.47157616684,
      "stddev": 0.03530718818932543,
      "median": 1.45869648704,
      "user": 5.371656659999999,
      "system": 0.23073085999999998,
      "min": 1.41835896554,
      "max": 1.52704471854,
      "times": [
        1.45949664854,
        1.45652661754,
        1.50778429554,
        1.4322311235399998,
        1.41835896554,
        1.45789632554,
        1.50741062554,
        1.49169142954,
        1.52704471854,
        1.45732091854
      ],
      "exit_codes": [
        0,
        0,
        0,
        0,
        0,
        0,
        0,
        0,
        0,
        0
      ],
      "parameters": {
        "VERSION": "4.0.0-alpha-13"
      }
    }
  ]
}
