{
  "results": [
    {
      "command": "3.0.5",
      "mean": 1.1469315305999999,
      "stddev": 0.028862895351353182,
      "median": 1.132059375,
      "user": 3.994702899999999,
      "system": 0.16058893999999999,
      "min": 1.1184347455,
      "max": 1.2036378105,
      "times": [
        1.1868965545,
        1.2036378105,
        1.1525137535,
        1.1618835125,
        1.1272974565,
        1.1293129195,
        1.1281671455,
        1.1348058305000002,
        1.1263655775,
        1.1184347455
      ],
      "exit_codes": [
        0,
        0,
        0,
        0,
        0,
        0,
        0,
        0,
        0,
        0
      ],
      "parameters": {
        "VERSION": "3.0.5"
      }
    },
    {
      "command": "3.6.3",
      "mean": 1.3337522404000002,
      "stddev": 0.03271694650999096,
      "median": 1.3322845015000002,
      "user": 4.6734592,
      "system": 0.27588204000000005,
      "min": 1.2849993565000002,
      "max": 1.4054540455,
      "times": [
        1.3361699255000001,
        1.3424145475000002,
        1.3115390735,
        1.3105574265000002,
        1.2849993565000002,
        1.3512508005000001,
        1.3516466605000002,
        1.4054540455,
        1.3150914905,
        1.3283990775
      ],
      "exit_codes": [
        0,
        0,
        0,
        0,
        0,
        0,
        0,
        0,
        0,
        0
      ],
      "parameters": {
        "VERSION": "3.6.3"
      }
    },
    {
      "command": "3.8.8",
      "mean": 1.2244451818,
      "stddev": 0.011538031731759284,
      "median": 1.220754389,
      "user": 4.369221099999999,
      "system": 0.13717363999999996,
      "min": 1.2085007365,
      "max": 1.2452100535000001,
      "times": [
        1.2334117615000002,
        1.2216932365000002,
        1.2146864715,
        1.2372089915000002,
        1.2198155415,
        1.2452100535000001,
        1.2085007365,
        1.2181736985,
        1.2157721965000001,
        1.2299791305
      ],
      "exit_codes": [
        0,
        0,
        0,
        0,
        0,
        0,
        0,
        0,
        0,
        0
      ],
      "parameters": {
        "VERSION": "3.8.8"
      }
    },
    {
      "command": "3.9.4",
      "mean": 1.5434844935,
      "stddev": 0.02108201834490633,
      "median": 1.546395686,
      "user": 5.673976999999999,
      "system": 0.16186364,
      "min": 1.5163974365000001,
      "max": 1.5800187905,
      "times": [
        1.5430075405,
        1.5497838315,
        1.5563922965,
        1.5561175525,
        1.5318446625000002,
        1.5232932845000002,
        1.5611532835000002,
        1.5800187905,
        1.5168362565,
        1.5163974365000001
      ],
      "exit_codes": [
        0,
        0,
        0,
        0,
        0,
        0,
        0,
        0,
        0,
        0
      ],
      "parameters": {
        "VERSION": "3.9.4"
      }
    },
    {
      "command": "3.9.5",
      "mean": 1.5519904189,
      "stddev": 0.03064542666277322,
      "median": 1.553393472,
      "user": 5.7395379,
      "system": 0.17949644,
      "min": 1.5086986075,
      "max": 1.5877053405000001,
      "times": [
        1.5086986075,
        1.5139909135000003,
        1.5278862875,
        1.5343459245000002,
        1.5736272205000001,
        1.5877053405000001,
        1.5864381595000001,
        1.5691889555,
        1.5804247915,
        1.5375979885
      ],
      "exit_codes": [
        0,
        0,
        0,
        0,
        0,
        0,
        0,
        0,
        0,
        0
      ],
      "parameters": {
        "VERSION": "3.9.5"
      }
    },
    {
      "command": "4.0.0-alpha-7",
      "mean": 2.0349485902,
      "stddev": 0.026217263695407857,
      "median": 2.035266296,
      "user": 7.2822062,
      "system": 0.20240033999999993,
      "min": 1.9966384245000002,
      "max": 2.0730242175,
      "times": [
        2.0359315605,
        1.9966384245000002,
        1.9995904545000003,
        2.0244134605,
        2.0652306415,
        2.0158004335,
        2.0730242175,
        2.0480966735,
        2.0346010315000003,
        2.0561590045
      ],
      "exit_codes": [
        0,
        0,
        0,
        0,
        0,
        0,
        0,
        0,
        0,
        0
      ],
      "parameters": {
        "VERSION": "4.0.0-alpha-7"
      }
    },
    {
      "command": "4.0.0-alpha-8",
      "mean": 2.0653073868,
      "stddev": 0.02448879975623845,
      "median": 2.0610997235,
      "user": 7.158897400000001,
      "system": 0.22133324000000001,
      "min": 2.0254894855,
      "max": 2.1064701115,
      "times": [
        2.0544711855,
        2.0569313665,
        2.0377895275,
        2.0559593795,
        2.0910095045,
        2.0652680805,
        2.0788101825000003,
        2.1064701115,
        2.0254894855,
        2.0808750445
      ],
      "exit_codes": [
        0,
        0,
        0,
        0,
        0,
        0,
        0,
        0,
        0,
        0
      ],
      "parameters": {
        "VERSION": "4.0.0-alpha-8"
      }
    }
  ]
}
