{
  "results": [
    {
      "command": "3.0.5",
      "mean": 1.2323569657999998,
      "stddev": 0.03231530709420942,
      "median": 1.2321176404999998,
      "user": 5.16992806,
      "system": 0.26956588,
      "min": 1.171451754,
      "max": 1.283613578,
      "times": [
        1.226352309,
        1.283613578,
        1.22877939,
        1.1966854299999998,
        1.253968101,
        1.256455036,
        1.253632932,
        1.171451754,
        1.217175237,
        1.235455891
      ],
      "exit_codes": [
        0,
        0,
        0,
        0,
        0,
        0,
        0,
        0,
        0,
        0
      ],
      "parameters": {
        "VERSION": "3.0.5"
      }
    },
    {
      "command": "3.1.1",
      "mean": 1.2780802576,
      "stddev": 0.04114606639274599,
      "median": 1.2808116649999999,
      "user": 5.1662659600000005,
      "system": 0.27506548,
      "min": 1.206301203,
      "max": 1.355009612,
      "times": [
        1.355009612,
        1.310815016,
        1.300170606,
        1.241965583,
        1.2729498989999999,
        1.288673431,
        1.267753359,
        1.289524666,
        1.247639201,
        1.206301203
      ],
      "exit_codes": [
        0,
        0,
        0,
        0,
        0,
        0,
        0,
        0,
        0,
        0
      ],
      "parameters": {
        "VERSION": "3.1.1"
      }
    },
    {
      "command": "3.2.5",
      "mean": 1.3508614885,
      "stddev": 0.03335436276682277,
      "median": 1.3418630175000001,
      "user": 5.61963916,
      "system": 0.30622457999999997,
      "min": 1.3128532149999999,
      "max": 1.418125163,
      "times": [
        1.342613171,
        1.394859026,
        1.418125163,
        1.3202935949999999,
        1.360861627,
        1.3128532149999999,
        1.330602744,
        1.3295787559999999,
        1.341112864,
        1.357714724
      ],
      "exit_codes": [
        0,
        0,
        0,
        0,
        0,
        0,
        0,
        0,
        0,
        0
      ],
      "parameters": {
        "VERSION": "3.2.5"
      }
    },
    {
      "command": "3.3.9",
      "mean": 1.3993107738,
      "stddev": 0.037188919699524314,
      "median": 1.400376125,
      "user": 5.6913361600000005,
      "system": 0.30988048,
      "min": 1.346314109,
      "max": 1.469784142,
      "times": [
        1.410660261,
        1.469784142,
        1.4073582489999998,
        1.35936062,
        1.439380428,
        1.363879456,
        1.402042225,
        1.346314109,
        1.3956182229999998,
        1.398710025
      ],
      "exit_codes": [
        0,
        0,
        0,
        0,
        0,
        0,
        0,
        0,
        0,
        0
      ],
      "parameters": {
        "VERSION": "3.3.9"
      }
    },
    {
      "command": "3.5.4",
      "mean": 1.4407843278999999,
      "stddev": 0.04207228772671619,
      "median": 1.4245000055,
      "user": 5.9035914599999995,
      "system": 0.32941988,
      "min": 1.388510979,
      "max": 1.5214686009999998,
      "times": [
        1.474210561,
        1.417060089,
        1.480168416,
        1.40762405,
        1.431939922,
        1.463973362,
        1.4083073309999998,
        1.5214686009999998,
        1.414579968,
        1.388510979
      ],
      "exit_codes": [
        0,
        0,
        0,
        0,
        0,
        0,
        0,
        0,
        0,
        0
      ],
      "parameters": {
        "VERSION": "3.5.4"
      }
    },
    {
      "command": "3.6.3",
      "mean": 1.4122119285,
      "stddev": 0.04036892874830113,
      "median": 1.4255496195,
      "user": 5.41723846,
      "system": 0.31338508,
      "min": 1.3357082649999998,
      "max": 1.465045419,
      "times": [
        1.374718868,
        1.420315395,
        1.402500457,
        1.430783844,
        1.465045419,
        1.435731393,
        1.437171257,
        1.4483262829999999,
        1.3357082649999998,
        1.371818104
      ],
      "exit_codes": [
        0,
        0,
        0,
        0,
        0,
        0,
        0,
        0,
        0,
        0
      ],
      "parameters": {
        "VERSION": "3.6.3"
      }
    },
    {
      "command": "3.8.1",
      "mean": 1.4156469508,
      "stddev": 0.035928485445563665,
      "median": 1.4195133035,
      "user": 5.456159359999999,
      "system": 0.33504088000000004,
      "min": 1.371921787,
      "max": 1.482789687,
      "times": [
        1.426324801,
        1.377452842,
        1.482789687,
        1.445666028,
        1.378670849,
        1.371921787,
        1.415461661,
        1.391928994,
        1.442687913,
        1.423564946
      ],
      "exit_codes": [
        0,
        0,
        0,
        0,
        0,
        0,
        0,
        0,
        0,
        0
      ],
      "parameters": {
        "VERSION": "3.8.1"
      }
    },
    {
      "command": "3.8.2",
      "mean": 1.4274917987999998,
      "stddev": 0.032209898410610296,
      "median": 1.4080087735,
      "user": 5.3825404599999995,
      "system": 0.33866498,
      "min": 1.402600486,
      "max": 1.4884758949999999,
      "times": [
        1.402600486,
        1.4884758949999999,
        1.404056175,
        1.404837097,
        1.472169876,
        1.407725098,
        1.425091175,
        1.406828481,
        1.454841256,
        1.408292449
      ],
      "exit_codes": [
        0,
        0,
        0,
        0,
        0,
        0,
        0,
        0,
        0,
        0
      ],
      "parameters": {
        "VERSION": "3.8.2"
      }
    },
    {
      "command": "3.8.3",
      "mean": 1.4095325617,
      "stddev": 0.028658018341689285,
      "median": 1.4155303295000001,
      "user": 5.284708360000001,
      "system": 0.32101238,
      "min": 1.352910026,
      "max": 1.446051722,
      "times": [
        1.421892947,
        1.388086554,
        1.3877493399999998,
        1.4290684519999999,
        1.352910026,
        1.411194122,
        1.446051722,
        1.419866537,
        1.442537968,
        1.3959679489999999
      ],
      "exit_codes": [
        0,
        0,
        0,
        0,
        0,
        0,
        0,
        0,
        0,
        0
      ],
      "parameters": {
        "VERSION": "3.8.3"
      }
    },
    {
      "command": "3.8.4",
      "mean": 1.4081083989999998,
      "stddev": 0.047198271330730304,
      "median": 1.3942431575,
      "user": 5.343963659999999,
      "system": 0.31687928000000004,
      "min": 1.355508642,
      "max": 1.4948117589999999,
      "times": [
        1.3884781229999998,
        1.4948117589999999,
        1.372557306,
        1.38404375,
        1.485762931,
        1.355508642,
        1.400008192,
        1.406479759,
        1.420991423,
        1.372442105
      ],
      "exit_codes": [
        0,
        0,
        0,
        0,
        0,
        0,
        0,
        0,
        0,
        0
      ],
      "parameters": {
        "VERSION": "3.8.4"
      }
    },
    {
      "command": "4.0.0-alpha-1",
      "mean": 1.605426134,
      "stddev": 0.061284146496684476,
      "median": 1.5967720104999998,
      "user": 6.01695986,
      "system": 0.34064357999999995,
      "min": 1.521780734,
      "max": 1.724107015,
      "times": [
        1.62337645,
        1.579465682,
        1.582850562,
        1.521780734,
        1.532428459,
        1.6794106340000001,
        1.6045536919999999,
        1.724107015,
        1.617297783,
        1.5889903289999998
      ],
      "exit_codes": [
        0,
        0,
        0,
        0,
        0,
        0,
        0,
        0,
        0,
        0
      ],
      "parameters": {
        "VERSION": "4.0.0-alpha-1"
      }
    }
  ]
}
