{
  "results": [
    {
      "command": "3.0.5",
      "mean": 3.2007365845200004,
      "stddev": 0.0396138575680167,
      "median": 3.1964741952200004,
      "user": 8.51004498,
      "system": 0.8363255599999999,
      "min": 3.14629486222,
      "max": 3.29079293222,
      "times": [
        3.16157666422,
        3.29079293222,
        3.19651739922,
        3.1956640802200003,
        3.19643099122,
        3.20613717622,
        3.21060524122,
        3.22741612922,
        3.17593036922,
        3.14629486222
      ],
      "exit_codes": [
        0,
        0,
        0,
        0,
        0,
        0,
        0,
        0,
        0,
        0
      ],
      "parameters": {
        "VERSION": "3.0.5"
      }
    },
    {
      "command": "3.6.3",
      "mean": 5.36392769092,
      "stddev": 0.05461918236283541,
      "median": 5.36181498822,
      "user": 13.69079718,
      "system": 2.3628713599999998,
      "min": 5.28573789722,
      "max": 5.48061141322,
      "times": [
        5.28573789722,
        5.38068193322,
        5.48061141322,
        5.39980437722,
        5.37787637922,
        5.34575359722,
        5.33398757122,
        5.38402249622,
        5.30592019622,
        5.34488104822
      ],
      "exit_codes": [
        0,
        0,
        0,
        0,
        0,
        0,
        0,
        0,
        0,
        0
      ],
      "parameters": {
        "VERSION": "3.6.3"
      }
    },
    {
      "command": "3.8.8",
      "mean": 3.40840204942,
      "stddev": 0.05624673855515288,
      "median": 3.39612460572,
      "user": 11.710994179999998,
      "system": 0.7648924599999998,
      "min": 3.35180274922,
      "max": 3.55344413722,
      "times": [
        3.38869369922,
        3.42613972622,
        3.38410380622,
        3.40355551222,
        3.36713313122,
        3.41906343022,
        3.37578245022,
        3.35180274922,
        3.41430185222,
        3.55344413722
      ],
      "exit_codes": [
        0,
        0,
        0,
        0,
        0,
        0,
        0,
        0,
        0,
        0
      ],
      "parameters": {
        "VERSION": "3.8.8"
      }
    },
    {
      "command": "3.9.6",
      "mean": 3.6162139504200006,
      "stddev": 0.044378579635112624,
      "median": 3.61932769722,
      "user": 12.59438098,
      "system": 0.76358186,
      "min": 3.54702752722,
      "max": 3.69092942222,
      "times": [
        3.57863554122,
        3.64329770222,
        3.65483438422,
        3.58181789622,
        3.64778910822,
        3.57915252822,
        3.61079134122,
        3.54702752722,
        3.69092942222,
        3.62786405322
      ],
      "exit_codes": [
        0,
        0,
        0,
        0,
        0,
        0,
        0,
        0,
        0,
        0
      ],
      "parameters": {
        "VERSION": "3.9.6"
      }
    },
    {
      "command": "4.0.0-alpha-13",
      "mean": 4.915976475720001,
      "stddev": 0.07086322095114476,
      "median": 4.9236592557200005,
      "user": 23.943562479999997,
      "system": 1.49967996,
      "min": 4.7758250782200005,
      "max": 5.04295382822,
      "times": [
        4.92908808422,
        5.04295382822,
        4.95297851722,
        4.85926818222,
        4.91823042722,
        4.95816442522,
        4.91588569222,
        4.93963485822,
        4.7758250782200005,
        4.86773566422
      ],
      "exit_codes": [
        0,
        0,
        0,
        0,
        0,
        0,
        0,
        0,
        0,
        0
      ],
      "parameters": {
        "VERSION": "4.0.0-alpha-13"
      }
    }
  ]
}
