{
  "results": [
    {
      "command": "3.0.5",
      "mean": 0.77514731294,
      "stddev": 0.01608824078618015,
      "median": 0.77795150904,
      "user": 2.2605854999999995,
      "system": 0.10050679999999998,
      "min": 0.74581182304,
      "max": 0.79783129304,
      "times": [
        0.74581182304,
        0.79295764704,
        0.79783129304,
        0.77814847404,
        0.78210517104,
        0.78468619104,
        0.7556839320400001,
        0.76626160404,
        0.7702324500400001,
        0.77775454404
      ],
      "exit_codes": [
        0,
        0,
        0,
        0,
        0,
        0,
        0,
        0,
        0,
        0
      ],
      "parameters": {
        "VERSION": "3.0.5"
      }
    },
    {
      "command": "3.1.1",
      "mean": 0.8062463931400001,
      "stddev": 0.012714911089759662,
      "median": 0.8023655460400001,
      "user": 2.4170547,
      "system": 0.114514,
      "min": 0.79015841304,
      "max": 0.8282316790400001,
      "times": [
        0.8282316790400001,
        0.7993351670400001,
        0.79517689504,
        0.80467176204,
        0.81114164004,
        0.81007048604,
        0.82597452204,
        0.79015841304,
        0.7976440370400001,
        0.8000593300400001
      ],
      "exit_codes": [
        0,
        0,
        0,
        0,
        0,
        0,
        0,
        0,
        0,
        0
      ],
      "parameters": {
        "VERSION": "3.1.1"
      }
    },
    {
      "command": "3.2.5",
      "mean": 0.85865850274,
      "stddev": 0.018286369610006164,
      "median": 0.85229739404,
      "user": 2.7288069999999998,
      "system": 0.0998014,
      "min": 0.82856966004,
      "max": 0.89350158704,
      "times": [
        0.85000229804,
        0.86057475904,
        0.87404552404,
        0.89350158704,
        0.87652508504,
        0.8505393960400001,
        0.8482319300400001,
        0.85224730504,
        0.82856966004,
        0.8523474830400001
      ],
      "exit_codes": [
        0,
        0,
        0,
        0,
        0,
        0,
        0,
        0,
        0,
        0
      ],
      "parameters": {
        "VERSION": "3.2.5"
      }
    },
    {
      "command": "3.3.9",
      "mean": 0.87948162104,
      "stddev": 0.016178810144821695,
      "median": 0.8759550060400001,
      "user": 2.7063227,
      "system": 0.1188236,
      "min": 0.85549497704,
      "max": 0.90806952204,
      "times": [
        0.86863948804,
        0.86972518204,
        0.89541420804,
        0.87512568504,
        0.8650775110400001,
        0.8767843270400001,
        0.8862902530400001,
        0.89419505704,
        0.90806952204,
        0.85549497704
      ],
      "exit_codes": [
        0,
        0,
        0,
        0,
        0,
        0,
        0,
        0,
        0,
        0
      ],
      "parameters": {
        "VERSION": "3.3.9"
      }
    },
    {
      "command": "3.5.4",
      "mean": 0.8901357319400001,
      "stddev": 0.020648581535267708,
      "median": 0.89285621904,
      "user": 2.750139199999999,
      "system": 0.1574889,
      "min": 0.85116714804,
      "max": 0.91949402304,
      "times": [
        0.88984914004,
        0.87284751904,
        0.85116714804,
        0.88450550504,
        0.91949402304,
        0.8993331170400001,
        0.8958632980400001,
        0.91169479704,
        0.90469089104,
        0.8719118810400001
      ],
      "exit_codes": [
        0,
        0,
        0,
        0,
        0,
        0,
        0,
        0,
        0,
        0
      ],
      "parameters": {
        "VERSION": "3.5.4"
      }
    },
    {
      "command": "3.6.3",
      "mean": 0.8906883816399999,
      "stddev": 0.02614136594428315,
      "median": 0.88798116804,
      "user": 2.7221534999999997,
      "system": 0.1432198,
      "min": 0.85116471804,
      "max": 0.93007302504,
      "times": [
        0.93007302504,
        0.86810213004,
        0.90732319904,
        0.89990163304,
        0.9079126350400001,
        0.8707746670400001,
        0.85116471804,
        0.87606070304,
        0.92184162804,
        0.87372947804
      ],
      "exit_codes": [
        0,
        0,
        0,
        0,
        0,
        0,
        0,
        0,
        0,
        0
      ],
      "parameters": {
        "VERSION": "3.6.3"
      }
    },
    {
      "command": "3.8.1",
      "mean": 0.87968621754,
      "stddev": 0.015527779442353156,
      "median": 0.88243134904,
      "user": 2.6532112999999997,
      "system": 0.1519015,
      "min": 0.85763446704,
      "max": 0.89845900704,
      "times": [
        0.8848545170400001,
        0.86630971304,
        0.85763446704,
        0.88000818104,
        0.89845900704,
        0.89646178404,
        0.89819811404,
        0.8640921450400001,
        0.86488850604,
        0.8859557410400001
      ],
      "exit_codes": [
        0,
        0,
        0,
        0,
        0,
        0,
        0,
        0,
        0,
        0
      ],
      "parameters": {
        "VERSION": "3.8.1"
      }
    },
    {
      "command": "3.8.2",
      "mean": 0.8538235008400001,
      "stddev": 0.01786629873243575,
      "median": 0.85361823054,
      "user": 2.6483534,
      "system": 0.1024767,
      "min": 0.82215759004,
      "max": 0.88463374204,
      "times": [
        0.86028123404,
        0.85819948304,
        0.87494486004,
        0.85773301404,
        0.84950344704,
        0.82215759004,
        0.8439752570400001,
        0.84913802504,
        0.83766835604,
        0.88463374204
      ],
      "exit_codes": [
        0,
        0,
        0,
        0,
        0,
        0,
        0,
        0,
        0,
        0
      ],
      "parameters": {
        "VERSION": "3.8.2"
      }
    },
    {
      "command": "3.8.3",
      "mean": 0.86696966884,
      "stddev": 0.01608916533954917,
      "median": 0.86896535054,
      "user": 2.614362299999999,
      "system": 0.1062552,
      "min": 0.84315615604,
      "max": 0.88687289904,
      "times": [
        0.8475048940400001,
        0.87164878704,
        0.87484336204,
        0.88687289904,
        0.8864617690400001,
        0.85116479804,
        0.84315615604,
        0.88190275504,
        0.86628191404,
        0.85985935404
      ],
      "exit_codes": [
        0,
        0,
        0,
        0,
        0,
        0,
        0,
        0,
        0,
        0
      ],
      "parameters": {
        "VERSION": "3.8.3"
      }
    },
    {
      "command": "3.8.4",
      "mean": 0.8744654727400001,
      "stddev": 0.03724564260250166,
      "median": 0.8750721960400001,
      "user": 2.6613920999999996,
      "system": 0.107822,
      "min": 0.8130418140400001,
      "max": 0.9442741910400001,
      "times": [
        0.88460445204,
        0.8590803330400001,
        0.9063274920400001,
        0.8604951390400001,
        0.9442741910400001,
        0.88468926104,
        0.8130418140400001,
        0.86553994004,
        0.83284059804,
        0.89376150704
      ],
      "exit_codes": [
        0,
        0,
        0,
        0,
        0,
        0,
        0,
        0,
        0,
        0
      ],
      "parameters": {
        "VERSION": "3.8.4"
      }
    },
    {
      "command": "3.8.5",
      "mean": 0.8667123040400002,
      "stddev": 0.027490957678496783,
      "median": 0.86334772254,
      "user": 2.6655287,
      "system": 0.09520619999999999,
      "min": 0.83278281004,
      "max": 0.90916086504,
      "times": [
        0.85934771604,
        0.8739469430400001,
        0.8462769330400001,
        0.83665652004,
        0.86734772904,
        0.88912357604,
        0.9057097070400001,
        0.90916086504,
        0.83278281004,
        0.8467702410400001
      ],
      "exit_codes": [
        0,
        0,
        0,
        0,
        0,
        0,
        0,
        0,
        0,
        0
      ],