{
  "results": [
    {
      "command": "3.0.5",
      "mean": 1.3223999567600002,
      "stddev": 0.043922877274903384,
      "median": 1.31866905396,
      "user": 5.490962179999999,
      "system": 0.37223875999999995,
      "min": 1.25225009046,
      "max": 1.4073086354600002,
      "times": [
        1.32373053046,
        1.25225009046,
        1.35159558146,
        1.31213216046,
        1.32842773846,
        1.4073086354600002,
        1.35599068746,
        1.31025389146,
        1.31360757746,
        1.26870267446
      ],
      "exit_codes": [
        0,
        0,
        0,
        0,
        0,
        0,
        0,
        0,
        0,
        0
      ],
      "parameters": {
        "VERSION": "3.0.5"
      }
    },
    {
      "command": "3.1.1",
      "mean": 1.4081201057600001,
      "stddev": 0.03523405813253509,
      "median": 1.41868333646,
      "user": 5.77135288,
      "system": 0.39380216,
      "min": 1.3437626314600002,
      "max": 1.45369788546,
      "times": [
        1.4213428114600002,
        1.3609986464600001,
        1.43682576246,
        1.39188153546,
        1.3437626314600002,
        1.43394492246,
        1.43033977246,
        1.39238322846,
        1.41602386146,
        1.45369788546
      ],
      "exit_codes": [
        0,
        0,
        0,
        0,
        0,
        0,
        0,
        0,
        0,
        0
      ],
      "parameters": {
        "VERSION": "3.1.1"
      }
    },
    {
      "command": "3.2.5",
      "mean": 1.5035677713600002,
      "stddev": 0.04914568491725615,
      "median": 1.4910505009600001,
      "user": 6.24671398,
      "system": 0.4048948599999999,
      "min": 1.44475177946,
      "max": 1.5851214924600001,
      "times": [
        1.5570203504600002,
        1.5420175554600002,
        1.5851214924600001,
        1.48957731946,
        1.46738589446,
        1.46713903246,
        1.54086053646,
        1.44475177946,
        1.44928007046,
        1.4925236824600001
      ],
      "exit_codes": [
        0,
        0,
        0,
        0,
        0,
        0,
        0,
        0,
        0,
        0
      ],
      "parameters": {
        "VERSION": "3.2.5"
      }
    },
    {
      "command": "3.3.9",
      "mean": 1.5250771135599999,
      "stddev": 0.0510950827206987,
      "median": 1.51078464596,
      "user": 6.43555418,
      "system": 0.3846481599999999,
      "min": 1.43736745046,
      "max": 1.61373635446,
      "times": [
        1.43736745046,
        1.49628205246,
        1.61373635446,
        1.51698353546,
        1.55727192146,
        1.50458575646,
        1.49213112746,
        1.5725422724600002,
        1.56314884246,
        1.49672182246
      ],
      "exit_codes": [
        0,
        0,
        0,
        0,
        0,
        0,
        0,
        0,
        0,
        0
      ],
      "parameters": {
        "VERSION": "3.3.9"
      }
    },
    {
      "command": "3.5.4",
      "mean": 1.5572433509599999,
      "stddev": 0.031337465745871936,
      "median": 1.5539921999600002,
      "user": 6.978493179999999,
      "system": 0.42593896000000003,
      "min": 1.50061351846,
      "max": 1.60324285446,
      "times": [
        1.53397178446,
        1.50061351846,
        1.54930041146,
        1.60324285446,
        1.59767385346,
        1.56157937546,
        1.54310382646,
        1.58457696446,
        1.5586839884600001,
        1.53968693246
      ],
      "exit_codes": [
        0,
        0,
        0,
        0,
        0,
        0,
        0,
        0,
        0,
        0
      ],
      "parameters": {
        "VERSION": "3.5.4"
      }
    },
    {
      "command": "3.6.3",
      "mean": 1.5337896661600001,
      "stddev": 0.05598951959066188,
      "median": 1.51346396896,
      "user": 6.6490725799999995,
      "system": 0.42028406,
      "min": 1.4893363754600002,
      "max": 1.67091883346,
      "times": [
        1.5808462144600002,
        1.5437459534600002,
        1.67091883346,
        1.51714063346,
        1.50978730446,
        1.50516641246,
        1.4893363754600002,
        1.48944937046,
        1.4953791194600001,
        1.53612644446
      ],
      "exit_codes": [
        0,
        0,
        0,
        0,
        0,
        0,
        0,
        0,
        0,
        0
      ],
      "parameters": {
        "VERSION": "3.6.3"
      }
    },
    {
      "command": "3.8.1",
      "mean": 1.5280800143600004,
      "stddev": 0.030211373401800114,
      "median": 1.52426460146,
      "user": 6.472470679999999,
      "system": 0.44225716000000004,
      "min": 1.48799662246,
      "max": 1.5753734484600002,
      "times": [
        1.49673821646,
        1.52484999646,
        1.53661126746,
        1.56933014146,
        1.50333677646,
        1.5753734484600002,
        1.55323553546,
        1.5096489324600002,
        1.48799662246,
        1.5236792064600002
      ],
      "exit_codes": [
        0,
        0,
        0,
        0,
        0,
        0,
        0,
        0,
        0,
        0
      ],
      "parameters": {
        "VERSION": "3.8.1"
      }
    },
    {
      "command": "3.8.2",
      "mean": 1.52988983366,
      "stddev": 0.030425672617815563,
      "median": 1.52957131846,
      "user": 6.595995079999999,
      "system": 0.41262686000000004,
      "min": 1.4773099254600002,
      "max": 1.57113494046,
      "times": [
        1.4773099254600002,
        1.56989879546,
        1.52663113146,
        1.54580250946,
        1.49178922246,
        1.5450682204600001,
        1.5308288994600001,
        1.51212095446,
        1.52831373746,
        1.57113494046
      ],
      "exit_codes": [
        0,
        0,
        0,
        0,
        0,
        0,
        0,
        0,
        0,
        0
      ],
      "parameters": {
        "VERSION": "3.8.2"
      }
    },
    {
      "command": "3.8.3",
      "mean": 1.5050363510599998,
      "stddev": 0.05246506666298771,
      "median": 1.4975935954600001,
      "user": 6.16321098,
      "system": 0.37688566,
      "min": 1.42316034646,
      "max": 1.59912385146,
      "times": [
        1.48334788046,
        1.53747858246,
        1.42316034646,
        1.4896143674600002,
        1.50557282346,
        1.59912385146,
        1.46986307346,
        1.45642115646,
        1.56513476246,
        1.52064666646
      ],
      "exit_codes": [
        0,
        0,
        0,
        0,
        0,
        0,
        0,
        0,
        0,
        0
      ],
      "parameters": {
        "VERSION": "3.8.3"
      }
    },
    {
      "command": "3.8.4",
      "mean": 1.51738658536,
      "stddev": 0.06601591014539072,
      "median": 1.50723732596,
      "user": 6.298039779999999,
      "system": 0.40805146,
      "min": 1.44040870446,
      "max": 1.66068551546,
      "times": [
        1.5058346394600002,
        1.48921044446,
        1.46276543746,
        1.5118065554600002,
        1.5190005324600002,
        1.66068551546,
        1.44040870446,
        1.47486121246,
        1.6006527994600002,
        1.50864001246
      ],
      "exit_codes": [
        0,
        0,
        0,
        0,
        0,
        0,
        0,
        0,
        0,
        0
      ],
      "parameters": {
        "VERSION": "3.8.4"
      }
    },
    {
      "command": "4.0.0-alpha-1",
      "mean": 1.65950229416,
      "stddev": 0.04494164604545451,
      "median": 1.6606002934600002,
      "user": 7.08636288,
      "system": 0.44029016,
      "min": 1.5906531944600002,
      "max": 1.73484491946,
      "times": [
        1.62389984146,
        1.70989662546,
        1.73484491946,
        1.66652622246,
        1.5906531944600002,
        1.6133256144600001,
        1.6391280944600002,
        1.6955478424600001,
        1.6553320454600002,
        1.66586854146
      ],
      "exit_codes": [
        0,
        0,
        0,
        0,
        0,
        0,
        0,
        0,
        0,
        0
      ],