{
  "results": [
    {
      "command": "3.0.5",
      "mean": 0.9242219754599998,
      "stddev": 0.02120907930281691,
      "median": 0.9188753008600001,
      "user": 2.9723267200000003,
      "system": 0.14857041999999998,
      "min": 0.9042806223600001,
      "max": 0.95610651036,
      "times": [
        0.9056727993600001,
        0.9486875063600001,
        0.9046819233600001,
        0.9139756023600001,
        0.9253739713600001,
        0.9237749993600001,
        0.9042806223600001,
        0.95610651036,
        0.9537098473600001,
        0.90595597236
      ],
      "exit_codes": [
        0,
        0,
        0,
        0,
        0,
        0,
        0,
        0,
        0,
        0
      ],
      "parameters": {
        "VERSION": "3.0.5"
      }
    },
    {
      "command": "3.1.1",
      "mean": 0.9810813083600001,
      "stddev": 0.031099043589096945,
      "median": 0.9773423853600001,
      "user": 3.17381732,
      "system": 0.15146111999999998,
      "min": 0.9468335513600001,
      "max": 1.0597843953600001,
      "times": [
        0.9953284073600001,
        1.0597843953600001,
        0.9546525143600001,
        0.97916858236,
        0.9825464613600001,
        0.96550264636,
        0.9755161883600001,
        0.9468335513600001,
        0.9827858353600001,
        0.9686945013600001
      ],
      "exit_codes": [
        0,
        0,
        0,
        0,
        0,
        0,
        0,
        0,
        0,
        0
      ],
      "parameters": {
        "VERSION": "3.1.1"
      }
    },
    {
      "command": "3.2.5",
      "mean": 1.03708329556,
      "stddev": 0.024178865432408134,
      "median": 1.03447322236,
      "user": 3.37287872,
      "system": 0.18039681999999999,
      "min": 0.9957077083600001,
      "max": 1.08379259436,
      "times": [
        1.03074318636,
        1.03820325836,
        0.9957077083600001,
        1.08379259436,
        1.06344445736,
        1.02947645536,
        1.04464829436,
        1.01957587036,
        1.02339931936,
        1.04184181136
      ],
      "exit_codes": [
        0,
        0,
        0,
        0,
        0,
        0,
        0,
        0,
        0,
        0
      ],
      "parameters": {
        "VERSION": "3.2.5"
      }
    },
    {
      "command": "3.3.9",
      "mean": 1.0478738017600002,
      "stddev": 0.024598665460364103,
      "median": 1.03882097336,
      "user": 3.4645305200000003,
      "system": 0.17924462,
      "min": 1.0245449233600001,
      "max": 1.10562013436,
      "times": [
        1.0484224043600001,
        1.03685474036,
        1.03645390836,
        1.06781280336,
        1.03210719236,
        1.0245449233600001,
        1.02615189436,
        1.04078720636,
        1.10562013436,
        1.05998281036
      ],
      "exit_codes": [
        0,
        0,
        0,
        0,
        0,
        0,
        0,
        0,
        0,
        0
      ],
      "parameters": {
        "VERSION": "3.3.9"
      }
    },
    {
      "command": "3.5.4",
      "mean": 1.08682532956,
      "stddev": 0.025837524327823568,
      "median": 1.07928870036,
      "user": 3.5667672200000005,
      "system": 0.23499201999999997,
      "min": 1.04536939736,
      "max": 1.1266459853600002,
      "times": [
        1.08584108436,
        1.0723928653600001,
        1.07126175136,
        1.12535691536,
        1.09629942636,
        1.10164477936,
        1.04536939736,
        1.1266459853600002,
        1.07070477436,
        1.07273631636
      ],
      "exit_codes": [
        0,
        0,
        0,
        0,
        0,
        0,
        0,
        0,
        0,
        0
      ],
      "parameters": {
        "VERSION": "3.5.4"
      }
    },
    {
      "command": "3.6.3",
      "mean": 1.04695267396,
      "stddev": 0.01954183612380227,
      "median": 1.0492399243600001,
      "user": 3.36209712,
      "system": 0.23483302,
      "min": 1.01518131036,
      "max": 1.0754441803600001,
      "times": [
        1.03320587536,
        1.05243959936,
        1.06059119536,
        1.05359026236,
        1.06781104336,
        1.04604024936,
        1.0754441803600001,
        1.01518131036,
        1.01997475736,
        1.04524826636
      ],
      "exit_codes": [
        0,
        0,
        0,
        0,
        0,
        0,
        0,
        0,
        0,
        0
      ],
      "parameters": {
        "VERSION": "3.6.3"
      }
    },
    {
      "command": "3.8.1",
      "mean": 1.04440071976,
      "stddev": 0.021464499241640494,
      "median": 1.03719271286,
      "user": 3.3623350200000006,
      "system": 0.23997511999999993,
      "min": 1.02626735736,
      "max": 1.09474605136,
      "times": [
        1.02884860636,
        1.02626735736,
        1.0382159233600001,
        1.03616950236,
        1.06013419236,
        1.0533569843600001,
        1.02816692236,
        1.09474605136,
        1.05102251936,
        1.02707913836
      ],
      "exit_codes": [
        0,
        0,
        0,
        0,
        0,
        0,
        0,
        0,
        0,
        0
      ],
      "parameters": {
        "VERSION": "3.8.1"
      }
    },
    {
      "command": "3.8.2",
      "mean": 1.0015232174600002,
      "stddev": 0.03589951474569226,
      "median": 0.99538408586,
      "user": 3.26519402,
      "system": 0.14110431999999998,
      "min": 0.9598873143600001,
      "max": 1.05897276036,
      "times": [
        0.9598873143600001,
        1.01175119236,
        0.9835249343600001,
        0.9955811063600001,
        1.05897276036,
        1.02403801036,
        0.9641922823600001,
        0.9664450183600001,
        0.9951870653600001,
        1.05565249036
      ],
      "exit_codes": [
        0,
        0,
        0,
        0,
        0,
        0,
        0,
        0,
        0,
        0
      ],
      "parameters": {
        "VERSION": "3.8.2"
      }
    },
    {
      "command": "3.8.3",
      "mean": 0.9890007117599999,
      "stddev": 0.019941156312949546,
      "median": 0.9901209163600001,
      "user": 3.18998012,
      "system": 0.12440201999999997,
      "min": 0.9638797293600001,
      "max": 1.01309861036,
      "times": [
        0.9830454243600001,
        0.9665062473600001,
        1.00679012036,
        1.01309861036,
        1.01207725436,
        0.96537713436,
        0.9638797293600001,
        0.9971964083600001,
        0.9779177853600001,
        1.0041184033600001
      ],
      "exit_codes": [
        0,
        0,
        0,
        0,
        0,
        0,
        0,
        0,
        0,
        0
      ],
      "parameters": {
        "VERSION": "3.8.3"
      }
    },
    {
      "command": "3.8.4",
      "mean": 0.98713773676,
      "stddev": 0.025635090438309218,
      "median": 0.9817767993600002,
      "user": 3.22727942,
      "system": 0.12307902,
      "min": 0.9633368523600001,
      "max": 1.04986792636,
      "times": [
        0.96901061736,
        0.9678693153600001,
        0.97105929836,
        0.9887633283600001,
        0.9633368523600001,
        0.9928527103600001,
        1.00306111836,
        0.99076593036,
        0.9747902703600001,
        1.04986792636
      ],
      "exit_codes": [
        0,
        0,
        0,
        0,
        0,
        0,
        0,
        0,
        0,
        0
      ],
      "parameters": {
        "VERSION": "3.8.4"
      }
    },
    {
      "command": "3.8.5",
      "mean": 0.98943072136,
      "stddev": 0.008980885719438317,
      "median": 0.9875970808600001,
      "user": 3.2419819199999997,
      "system": 0.12173221999999997,
      "min": 0.9758412253600001,
      "max": 1.00539387436,
      "times": [
        0.9986694733600001,
        0.9985308553600001,
        0.9814960303600001,
        0.9880649543600001,
        0.9871292073600001,
        0.9893144553600001,
        0.9868905123600001,
        0.9829766253600001,
        0.9758412253600001,
        1.00539387436
      ],