{
  "results": [
    {
      "command": "3.0.5",
      "mean": 1.6920647466800003,
      "stddev": 0.015005528401286085,
      "median": 1.6921108978800001,
      "user": 6.29290398,
      "system": 0.3108857199999999,
      "min": 1.67473908738,
      "max": 1.7138001063800001,
      "times": [
        1.6902825913800001,
        1.67473908738,
        1.7138001063800001,
        1.67579745238,
        1.71134237438,
        1.6751107873800002,
        1.70102677738,
        1.6812800833800001,
        1.70332900238,
        1.6939392043800001
      ],
      "exit_codes": [
        0,
        0,
        0,
        0,
        0,
        0,
        0,
        0,
        0,
        0
      ],
      "parameters": {
        "VERSION": "3.0.5"
      }
    },
    {
      "command": "3.6.3",
      "mean": 2.0927507894799997,
      "stddev": 0.034840914840025286,
      "median": 2.0963643438799995,
      "user": 7.649132680000001,
      "system": 0.59559802,
      "min": 2.03995038238,
      "max": 2.1484877653799996,
      "times": [
        2.08663274238,
        2.10722157738,
        2.05040962638,
        2.03995038238,
        2.10441850338,
        2.0622451373799997,
        2.0901212703799996,
        2.13541347238,
        2.1484877653799996,
        2.10260741738
      ],
      "exit_codes": [
        0,
        0,
        0,
        0,
        0,
        0,
        0,
        0,
        0,
        0
      ],
      "parameters": {
        "VERSION": "3.6.3"
      }
    },
    {
      "command": "3.8.8",
      "mean": 1.74874175738,
      "stddev": 0.01947389301279713,
      "median": 1.74499658188,
      "user": 6.719828679999999,
      "system": 0.25927232,
      "min": 1.71714522738,
      "max": 1.7866823183800002,
      "times": [
        1.74575319438,
        1.7383265593800001,
        1.74003945838,
        1.74729798738,
        1.7658006813800002,
        1.74423996938,
        1.76619826238,
        1.7359339153800002,
        1.71714522738,
        1.7866823183800002
      ],
      "exit_codes": [
        0,
        0,
        0,
        0,
        0,
        0,
        0,
        0,
        0,
        0
      ],
      "parameters": {
        "VERSION": "3.8.8"
      }
    },
    {
      "command": "3.9.4",
      "mean": 1.9651178636799997,
      "stddev": 0.03143864791188915,
      "median": 1.96156623938,
      "user": 7.49042738,
      "system": 0.25109612000000003,
      "min": 1.9325748223800001,
      "max": 2.01864687438,
      "times": [
        1.9354468553800002,
        1.93572889738,
        1.93876194738,
        1.95059660838,
        2.00776839038,
        1.9325748223800001,
        2.01864687438,
        1.97253587038,
        1.97566600738,
        1.98345236338
      ],
      "exit_codes": [
        0,
        0,
        0,
        0,
        0,
        0,
        0,
        0,
        0,
        0
      ],
      "parameters": {
        "VERSION": "3.9.4"
      }
    },
    {
      "command": "3.9.5",
      "mean": 1.9648557358799998,
      "stddev": 0.035814004515122344,
      "median": 1.95563438888,
      "user": 7.49685708,
      "system": 0.27979721999999996,
      "min": 1.9143613223800002,
      "max": 2.02695834838,
      "times": [
        1.98845221638,
        1.95996561638,
        1.95130316138,
        2.01372707038,
        1.9510698263800001,
        1.94447472138,
        1.9701472273800003,
        1.9143613223800002,
        2.02695834838,
        1.92809784838
      ],
      "exit_codes": [
        0,
        0,
        0,
        0,
        0,
        0,
        0,
        0,
        0,
        0
      ],
      "parameters": {
        "VERSION": "3.9.5"
      }
    },
    {
      "command": "4.0.0-alpha-7",
      "mean": 2.72322636078,
      "stddev": 0.04739405418306409,
      "median": 2.71701356138,
      "user": 9.82042828,
      "system": 0.39130292,
      "min": 2.6467613163799997,
      "max": 2.7928085053799996,
      "times": [
        2.7622564653799997,
        2.71328066938,
        2.6467613163799997,
        2.72074645338,
        2.7928085053799996,
        2.7850391173799998,
        2.69201403138,
        2.70895935038,
        2.6716562093799996,
        2.7387414893799997
      ],
      "exit_codes": [
        0,
        0,
        0,
        0,
        0,
        0,
        0,
        0,
        0,
        0
      ],
      "parameters": {
        "VERSION": "4.0.0-alpha-7"
      }
    },
    {
      "command": "4.0.0-alpha-8",
      "mean": 2.88914618968,
      "stddev": 0.03071293044208633,
      "median": 2.8933420108799996,
      "user": 10.41602398,
      "system": 0.4177508199999999,
      "min": 2.8250168373799998,
      "max": 2.91773957238,
      "times": [
        2.9135852403799998,
        2.89460225638,
        2.91729064238,
        2.8250168373799998,
        2.91773957238,
        2.88528134638,
        2.84689128138,
        2.89208176538,
        2.89182552338,
        2.90714743138
      ],
      "exit_codes": [
        0,
        0,
        0,
        0,
        0,
        0,
        0,
        0,
        0,
        0
      ],
      "parameters": {
        "VERSION": "4.0.0-alpha-8"
      }
    }
  ]
}
