{
  "results": [
    {
      "command": "3.0.5",
      "mean": 1.5135631364800004,
      "stddev": 0.02138742744633939,
      "median": 1.5135372552800002,
      "user": 5.4594484,
      "system": 0.18271672,
      "min": 1.48565835878,
      "max": 1.5520801317800001,
      "times": [
        1.5152904527800002,
        1.48565835878,
        1.5117840577800001,
        1.48854731978,
        1.5417624317800003,
        1.5216558587800002,
        1.5520801317800001,
        1.49601778978,
        1.5066801917800001,
        1.5161547717800001
      ],
      "exit_codes": [
        0,
        0,
        0,
        0,
        0,
        0,
        0,
        0,
        0,
        0
      ],
      "parameters": {
        "VERSION": "3.0.5"
      }
    },
    {
      "command": "3.1.1",
      "mean": 1.7687218979800003,
      "stddev": 0.029211560167350714,
      "median": 1.7729453527800003,
      "user": 6.392005099999999,
      "system": 0.21563941999999997,
      "min": 1.7200890127800001,
      "max": 1.8092382837800003,
      "times": [
        1.78742213178,
        1.73496687278,
        1.7688922507800002,
        1.8011568097800001,
        1.7386356627800001,
        1.7813006507800002,
        1.7200890127800001,
        1.8092382837800003,
        1.7769984547800002,
        1.7685188497800002
      ],
      "exit_codes": [
        0,
        0,
        0,
        0,
        0,
        0,
        0,
        0,
        0,
        0
      ],
      "parameters": {
        "VERSION": "3.1.1"
      }
    },
    {
      "command": "3.2.5",
      "mean": 1.9013039508800003,
      "stddev": 0.05158204990595636,
      "median": 1.87116796378,
      "user": 7.074663800000001,
      "system": 0.24462412000000003,
      "min": 1.86108057878,
      "max": 2.01349157678,
      "times": [
        1.8654503417800001,
        1.86108057878,
        1.8691237627800001,
        1.8732121647800002,
        1.86422991178,
        1.94697925778,
        2.01349157678,
        1.8634731997800003,
        1.9154490517800002,
        1.9405496627800003
      ],
      "exit_codes": [
        0,
        0,
        0,
        0,
        0,
        0,
        0,
        0,
        0,
        0
      ],
      "parameters": {
        "VERSION": "3.2.5"
      }
    },
    {
      "command": "3.3.9",
      "mean": 1.96014559888,
      "stddev": 0.028699410572515016,
      "median": 1.9606474417800002,
      "user": 7.783412200000001,
      "system": 0.28557562,
      "min": 1.9216598307800001,
      "max": 2.01808007578,
      "times": [
        1.9296580177800002,
        1.93966983478,
        1.94319358878,
        1.9618938767800003,
        1.9855434837800001,
        1.9663237497800001,
        1.9216598307800001,
        2.01808007578,
        1.97603252378,
        1.95940100678
      ],
      "exit_codes": [
        0,
        0,
        0,
        0,
        0,
        0,
        0,
        0,
        0,
        0
      ],
      "parameters": {
        "VERSION": "3.3.9"
      }
    },
    {
      "command": "3.5.4",
      "mean": 1.9780922313800002,
      "stddev": 0.05411553610519638,
      "median": 1.9616114287800002,
      "user": 7.072128099999999,
      "system": 0.52142822,
      "min": 1.9264328357800002,
      "max": 2.10561844578,
      "times": [
        1.9486213377800001,
        1.94954241578,
        1.97889167478,
        2.03220220378,
        1.9264328357800002,
        2.10561844578,
        1.96738657378,
        1.9847557927800001,
        1.9558362837800003,
        1.9316347497800002
      ],
      "exit_codes": [
        0,
        0,
        0,
        0,
        0,
        0,
        0,
        0,
        0,
        0
      ],
      "parameters": {
        "VERSION": "3.5.4"
      }
    },
    {
      "command": "3.6.3",
      "mean": 1.9318284757799997,
      "stddev": 0.04507299677934676,
      "median": 1.9350488817800002,
      "user": 7.092733700000001,
      "system": 0.50973882,
      "min": 1.86408652478,
      "max": 2.0053884637799997,
      "times": [
        1.95691658778,
        2.0053884637799997,
        1.93055112578,
        1.9395466377800001,
        1.9795388987800002,
        1.86408652478,
        1.9011402377800002,
        1.8985459207800002,
        1.8822633047800001,
        1.9603070557800002
      ],
      "exit_codes": [
        0,
        0,
        0,
        0,
        0,
        0,
        0,
        0,
        0,
        0
      ],
      "parameters": {
        "VERSION": "3.6.3"
      }
    },
    {
      "command": "3.8.1",
      "mean": 1.9438997773800004,
      "stddev": 0.051711805381260245,
      "median": 1.93231270328,
      "user": 7.096890500000001,
      "system": 0.47134832,
      "min": 1.8836575107800002,
      "max": 2.0712834077799998,
      "times": [
        1.8836575107800002,
        2.0712834077799998,
        1.9003408977800003,
        1.94599381078,
        1.96153812578,
        1.9299476097800001,
        1.9133429227800003,
        1.9303523607800002,
        1.96826808178,
        1.9342730457800001
      ],
      "exit_codes": [
        0,
        0,
        0,
        0,
        0,
        0,
        0,
        0,
        0,
        0
      ],
      "parameters": {
        "VERSION": "3.8.1"
      }
    },
    {
      "command": "3.8.2",
      "mean": 1.8133979309800001,
      "stddev": 0.05014674576164193,
      "median": 1.8089118767800003,
      "user": 6.697330200000001,
      "system": 0.22947091999999997,
      "min": 1.7142290847800001,
      "max": 1.8764641457800002,
      "times": [
        1.8081133607800002,
        1.7586603187800003,
        1.80590117478,
        1.8764641457800002,
        1.8648776567800003,
        1.8058485247800002,
        1.86756992078,
        1.7142290847800001,
        1.8097103927800002,
        1.82260472978
      ],
      "exit_codes": [
        0,
        0,
        0,
        0,
        0,
        0,
        0,
        0,
        0,
        0
      ],
      "parameters": {
        "VERSION": "3.8.2"
      }
    },
    {
      "command": "3.8.3",
      "mean": 1.7071220659799997,
      "stddev": 0.043780031679753806,
      "median": 1.7059255807800002,
      "user": 6.367038400000001,
      "system": 0.20011792,
      "min": 1.63932061978,
      "max": 1.77703205278,
      "times": [
        1.6852488467800002,
        1.68316048678,
        1.65205093078,
        1.73058220978,
        1.74643729478,
        1.6986553317800002,
        1.7455370567800002,
        1.77703205278,
        1.71319582978,
        1.63932061978
      ],
      "exit_codes": [
        0,
        0,
        0,
        0,
        0,
        0,
        0,
        0,
        0,
        0
      ],
      "parameters": {
        "VERSION": "3.8.3"
      }
    },
    {
      "command": "3.8.4",
      "mean": 1.6593480659800002,
      "stddev": 0.04332946144037073,
      "median": 1.66202578878,
      "user": 6.1772529,
      "system": 0.21557542000000002,
      "min": 1.5876820497800002,
      "max": 1.71342419378,
      "times": [
        1.6378412757800003,
        1.68665678278,
        1.63129533378,
        1.60831564978,
        1.6907931427800003,
        1.71342419378,
        1.64957216978,
        1.5876820497800002,
        1.71342065378,
        1.67447940778
      ],
      "exit_codes": [
        0,
        0,
        0,
        0,
        0,
        0,
        0,
        0,
        0,
        0
      ],
      "parameters": {
        "VERSION": "3.8.4"
      }
    },
    {
      "command": "3.8.5",
      "mean": 1.6792902956800002,
      "stddev": 0.039235687277880335,
      "median": 1.6707333182800002,
      "user": 6.3037987,
      "system": 0.22272282,
      "min": 1.61279714178,
      "max": 1.7298854347800001,