{
  "results": [
    {
      "command": "3.0.5",
      "mean": 18.13405084742,
      "stddev": 0.19246438541311087,
      "median": 18.07833457112,
      "user": 55.60488722,
      "system": 1.99834636,
      "min": 17.93223117262,
      "max": 18.46340438162,
      "times": [
        18.043356393619998,
        17.93794120162,
        17.94226863862,
        18.04260581662,
        17.93223117262,
        18.37566623462,
        18.311887132619997,
        18.11331274862,
        18.46340438162,
        18.177834753619997
      ],
      "exit_codes": [
        0,
        0,
        0,
        0,
        0,
        0,
        0,
        0,
        0,
        0
      ],
      "parameters": {
        "VERSION": "3.0.5"
      }
    },
    {
      "command": "3.1.1",
      "mean": 38.296677185520004,
      "stddev": 0.45392660184383177,
      "median": 38.260193076120004,
      "user": 214.99522682000003,
      "system": 5.69660686,
      "min": 37.63208507862,
      "max": 39.087872784620004,
      "times": [
        37.63208507862,
        38.567775184620004,
        38.17361230662,
        38.236347132620004,
        38.73322400962,
        39.087872784620004,
        37.78986248662,
        38.28403901962,
        38.57613286862,
        37.88582098362
      ],
      "exit_codes": [
        0,
        0,
        0,
        0,
        0,
        0,
        0,
        0,
        0,
        0
      ],
      "parameters": {
        "VERSION": "3.1.1"
      }
    },
    {
      "command": "3.2.5",
      "mean": 38.45396995662,
      "stddev": 0.40325345277201036,
      "median": 38.408249024620005,
      "user": 215.46651131999997,
      "system": 5.7958165600000005,
      "min": 37.86390815862,
      "max": 39.27928391662,
      "times": [
        38.450403060620005,
        39.27928391662,
        38.173341287620005,
        38.88198611362,
        38.42264411862,
        37.86390815862,
        38.649270961620005,
        38.29279014862,
        38.13221786962,
        38.393853930620004
      ],
      "exit_codes": [
        0,
        0,
        0,
        0,
        0,
        0,
        0,
        0,
        0,
        0
      ],
      "parameters": {
        "VERSION": "3.2.5"
      }
    },
    {
      "command": "3.3.9",
      "mean": 38.80456056711999,
      "stddev": 0.6036607494845678,
      "median": 38.62414700162,
      "user": 219.97166972000005,
      "system": 5.89715476,
      "min": 38.333183954620004,
      "max": 40.37767401562,
      "times": [
        38.45537801862,
        39.000390384620005,
        38.64861724462,
        40.37767401562,
        38.53985673962,
        38.68063785962,
        38.333183954620004,
        38.59967675862,
        38.350842758620004,
        39.05934793662
      ],
      "exit_codes": [
        0,
        0,
        0,
        0,
        0,
        0,
        0,
        0,
        0,
        0
      ],
      "parameters": {
        "VERSION": "3.3.9"
      }
    },
    {
      "command": "3.5.4",
      "mean": 25.879951633220003,
      "stddev": 0.1965769657478826,
      "median": 25.876754849119997,
      "user": 65.35824941999999,
      "system": 5.296826759999999,
      "min": 25.63417645262,
      "max": 26.22851846262,
      "times": [
        25.885423049619998,
        26.00071651162,
        25.928405282619998,
        25.86808664862,
        26.22851846262,
        26.105017075619998,
        25.668879070619997,
        25.63417645262,
        25.65506217262,
        25.825231605619997
      ],
      "exit_codes": [
        0,
        0,
        0,
        0,
        0,
        0,
        0,
        0,
        0,
        0
      ],
      "parameters": {
        "VERSION": "3.5.4"
      }
    },
    {
      "command": "3.6.3",
      "mean": 25.49970117472,
      "stddev": 0.21786477845927757,
      "median": 25.52992306912,
      "user": 61.68013332,
      "system": 5.2650710599999995,
      "min": 25.15047551562,
      "max": 25.79554355362,
      "times": [
        25.50863658962,
        25.29728031362,
        25.15047551562,
        25.32958440562,
        25.79554355362,
        25.32145809462,
        25.68805931362,
        25.59174656862,
        25.76301784362,
        25.551209548619997
      ],
      "exit_codes": [
        0,
        0,
        0,
        0,
        0,
        0,
        0,
        0,
        0,
        0
      ],
      "parameters": {
        "VERSION": "3.6.3"
      }
    },
    {
      "command": "3.8.1",
      "mean": 25.524757801019994,
      "stddev": 0.21776688443407724,
      "median": 25.44727701562,
      "user": 61.93790392,
      "system": 5.35236606,
      "min": 25.21507721762,
      "max": 25.88874044962,
      "times": [
        25.821591618619998,
        25.21507721762,
        25.348851460619997,
        25.450903080619998,
        25.88874044962,
        25.600958143619998,
        25.39567027762,
        25.39219157262,
        25.44365095062,
        25.68994323862
      ],
      "exit_codes": [
        0,
        0,
        0,
        0,
        0,
        0,
        0,
        0,
        0,
        0
      ],
      "parameters": {
        "VERSION": "3.8.1"
      }
    },
    {
      "command": "3.8.2",
      "mean": 22.79217452102,
      "stddev": 0.17817269258572252,
      "median": 22.77277911462,
      "user": 58.224913319999985,
      "system": 2.4555162599999996,
      "min": 22.609207229619997,
      "max": 23.18509582962,
      "times": [
        22.622601345619998,
        22.662586493619997,
        22.76967806362,
        23.18509582962,
        22.678153536619998,
        22.97435915062,
        22.779999081619998,
        22.864184313619997,
        22.77588016562,
        22.609207229619997
      ],
      "exit_codes": [
        0,
        0,
        0,
        0,
        0,
        0,
        0,
        0,
        0,
        0
      ],
      "parameters": {
        "VERSION": "3.8.2"
      }
    },
    {
      "command": "3.8.3",
      "mean": 12.377459094119999,
      "stddev": 0.14467641941347462,
      "median": 12.43663190462,
      "user": 48.14536742,
      "system": 1.8469981599999996,
      "min": 12.09108863862,
      "max": 12.51614399062,
      "times": [
        12.09108863862,
        12.49491867062,
        12.29706820262,
        12.26363608162,
        12.48822003662,
        12.403293574620001,
        12.51614399062,
        12.46997023462,
        12.502444501620001,
        12.24780700962
      ],
      "exit_codes": [
        0,
        0,
        0,
        0,
        0,
        0,
        0,
        0,
        0,
        0
      ],
      "parameters": {
        "VERSION": "3.8.3"
      }
    },
    {
      "command": "3.8.4",
      "mean": 12.32520002342,
      "stddev": 0.13982924559229507,
      "median": 12.359412806120002,
      "user": 46.79202151999999,
      "system": 1.8238809599999999,
      "min": 12.10246360062,
      "max": 12.55384279862,
      "times": [
        12.190581100620001,
        12.41239198962,
        12.21233826362,
        12.43286266062,
        12.40168177962,
        12.21980271762,
        12.40889149062,
        12.10246360062,
        12.55384279862,
        12.317143832620001
      ],
      "exit_codes": [
        0,
        0,
        0,
        0,
        0,
        0,
        0,
        0,
        0,
        0
      ],
      "parameters": {
        "VERSION": "3.8.4"
      }
    },
    {
      "command": "4.0.0-alpha-1",
      "mean": 13.57819775482,
      "stddev": 0.19385716963749808,
      "median": 13.55210930162,
      "user": 48.093308019999995,
      "system": 1.9714967600000002,
      "min": 13.235058822620001,
      "max": 13.85195804762,
      "times": [
        13.749782962620001,
        13.57769429462,
        13.39637059862,
        13.49668678862,
        13.235058822620001,
        13.85195804762,
        13.52652430862,
        13.799286138620001,
        13.46293224862,
        13.68568333762
      ],