{
  "results": [
    {
      "command": "3.0.5",
      "mean": 0.91493841314,
      "stddev": 0.04219913273209143,
      "median": 0.90295020684,
      "user": 3.1034191800000004,
      "system": 0.11758858000000001,
      "min": 0.8785749663400001,
      "max": 1.02569949734,
      "times": [
        0.90495497834,
        1.02569949734,
        0.90380086634,
        0.8785749663400001,
        0.8890193553400001,
        0.9346049903400001,
        0.8914491953400001,
        0.9020995473400001,
        0.9233837433400001,
        0.89579699134
      ],
      "exit_codes": [
        0,
        0,
        0,
        0,
        0,
        0,
        0,
        0,
        0,
        0
      ],
      "parameters": {
        "VERSION": "3.0.5"
      }
    },
    {
      "command": "3.1.1",
      "mean": 0.9472131344400001,
      "stddev": 0.014772511055974815,
      "median": 0.9442196438400001,
      "user": 3.2393020799999994,
      "system": 0.13105718,
      "min": 0.93344044934,
      "max": 0.9805178913400001,
      "times": [
        0.9546877453400001,
        0.94092470934,
        0.9576281843400001,
        0.9805178913400001,
        0.9350377413400001,
        0.9519329323400001,
        0.93344044934,
        0.93647957634,
        0.9475145783400001,
        0.9339675363400001
      ],
      "exit_codes": [
        0,
        0,
        0,
        0,
        0,
        0,
        0,
        0,
        0,
        0
      ],
      "parameters": {
        "VERSION": "3.1.1"
      }
    },
    {
      "command": "3.2.5",
      "mean": 1.01729445774,
      "stddev": 0.017685129497638105,
      "median": 1.01434318684,
      "user": 3.5388593799999994,
      "system": 0.13171468,
      "min": 0.99263976734,
      "max": 1.04685158534,
      "times": [
        1.02775606834,
        1.00600784434,
        1.02622769434,
        1.03890250834,
        0.99263976734,
        1.00659509934,
        1.00310663434,
        1.00276610134,
        1.04685158534,
        1.02209127434
      ],
      "exit_codes": [
        0,
        0,
        0,
        0,
        0,
        0,
        0,
        0,
        0,
        0
      ],
      "parameters": {
        "VERSION": "3.2.5"
      }
    },
    {
      "command": "3.3.9",
      "mean": 1.02914156724,
      "stddev": 0.026346655610973355,
      "median": 1.03154976084,
      "user": 3.60806568,
      "system": 0.11843618,
      "min": 0.98523162634,
      "max": 1.07630667334,
      "times": [
        1.02494457634,
        1.03320509534,
        1.02989442634,
        1.03910282334,
        1.05379423734,
        1.07630667334,
        0.98523162634,
        1.01932664234,
        1.03536679334,
        0.9942427783400001
      ],
      "exit_codes": [
        0,
        0,
        0,
        0,
        0,
        0,
        0,
        0,
        0,
        0
      ],
      "parameters": {
        "VERSION": "3.3.9"
      }
    },
    {
      "command": "3.5.4",
      "mean": 1.07182785384,
      "stddev": 0.02450704738072882,
      "median": 1.0650519108399998,
      "user": 3.697867679999999,
      "system": 0.15825667999999998,
      "min": 1.02989703534,
      "max": 1.11962481534,
      "times": [
        1.06044436734,
        1.0572566243400001,
        1.07613179734,
        1.11962481534,
        1.09143310734,
        1.09183487834,
        1.06188002234,
        1.02989703534,
        1.06155209134,
        1.06822379934
      ],
      "exit_codes": [
        0,
        0,
        0,
        0,
        0,
        0,
        0,
        0,
        0,
        0
      ],
      "parameters": {
        "VERSION": "3.5.4"
      }
    },
    {
      "command": "3.6.3",
      "mean": 1.0178752918399998,
      "stddev": 0.021829939404626297,
      "median": 1.01173078534,
      "user": 3.4191805800000004,
      "system": 0.16972638,
      "min": 0.99289214134,
      "max": 1.05328315034,
      "times": [
        1.02848625934,
        1.05328315034,
        0.9954798393400001,
        0.99289214134,
        1.01608073034,
        1.00738084034,
        1.04836274934,
        1.00654969134,
        1.03259142134,
        0.99764609534
      ],
      "exit_codes": [
        0,
        0,
        0,
        0,
        0,
        0,
        0,
        0,
        0,
        0
      ],
      "parameters": {
        "VERSION": "3.6.3"
      }
    },
    {
      "command": "3.8.1",
      "mean": 1.0082867648399998,
      "stddev": 0.0162436950384659,
      "median": 1.00761022034,
      "user": 3.407652079999999,
      "system": 0.15689638,
      "min": 0.98761138934,
      "max": 1.03636797834,
      "times": [
        0.99692550434,
        1.00544605734,
        1.02456407534,
        1.00977438334,
        1.01456093634,
        0.99367411234,
        1.03636797834,
        0.98761138934,
        0.9911914423400001,
        1.02275176934
      ],
      "exit_codes": [
        0,
        0,
        0,
        0,
        0,
        0,
        0,
        0,
        0,
        0
      ],
      "parameters": {
        "VERSION": "3.8.1"
      }
    },
    {
      "command": "3.8.2",
      "mean": 0.97975480004,
      "stddev": 0.020228801556466048,
      "median": 0.97786653984,
      "user": 3.3187659799999993,
      "system": 0.10161368,
      "min": 0.94932433534,
      "max": 1.01784643634,
      "times": [
        0.97789395434,
        0.96090087534,
        0.9955924663400001,
        0.9778391253400001,
        0.94932433534,
        1.01784643634,
        0.9653697873400001,
        1.00024307234,
        0.9717181933400001,
        0.98081975434
      ],
      "exit_codes": [
        0,
        0,
        0,
        0,
        0,
        0,
        0,
        0,
        0,
        0
      ],
      "parameters": {
        "VERSION": "3.8.2"
      }
    },
    {
      "command": "3.8.3",
      "mean": 0.9652926438400001,
      "stddev": 0.04217740429310213,
      "median": 0.9550723513400001,
      "user": 3.24768038,
      "system": 0.09927968000000001,
      "min": 0.93094569934,
      "max": 1.07439896934,
      "times": [
        0.9766371943400001,
        0.9484496263400001,
        0.97944685734,
        0.9679889933400001,
        0.9392171693400001,
        0.93094569934,
        0.9616950763400001,
        0.93383470934,
        0.94031214334,
        1.07439896934
      ],
      "exit_codes": [
        0,
        0,
        0,
        0,
        0,
        0,
        0,
        0,
        0,
        0
      ],
      "parameters": {
        "VERSION": "3.8.3"
      }
    },
    {
      "command": "3.8.4",
      "mean": 0.9780537732399999,
      "stddev": 0.02201932260002928,
      "median": 0.96927907284,
      "user": 3.3348018799999997,
      "system": 0.09563528000000002,
      "min": 0.9501137163400001,
      "max": 1.01555876334,
      "times": [
        0.9501137163400001,
        1.01525965034,
        0.9661318683400001,
        0.96795618534,
        0.9633155263400001,
        1.01555876334,
        0.97060196034,
        0.96433787134,
        0.9801005703400001,
        0.9871616203400001
      ],
      "exit_codes": [
        0,
        0,
        0,
        0,
        0,
        0,
        0,
        0,
        0,
        0
      ],
      "parameters": {
        "VERSION": "3.8.4"
      }
    },
    {
      "command": "3.8.5",
      "mean": 0.96626443174,
      "stddev": 0.03038717595317845,
      "median": 0.9693903453400001,
      "user": 3.25442148,
      "system": 0.09792777999999999,
      "min": 0.9174989563400001,
      "max": 1.02400338834,
      "times": [
        0.9730920603400001,
        0.9522463753400001,
        0.9677315903400001,
        0.97106860934,
        0.9174989563400001,
        0.9975532883400001,
        0.9575175373400001,
        0.97104910034,
        1.02400338834,
        0.9308834113400001
      ],
      "exit_codes": [
        0,
        0,
        0,
        0,
        0,
        0,
        0,
        0,
        0,
        0
      ],