{
  "results": [
    {
      "command": "3.0.5",
      "mean": 0.71471931036,
      "stddev": 0.017158618686862706,
      "median": 0.7151276556600001,
      "user": 2.08779212,
      "system": 0.12879166,
      "min": 0.6863487786600001,
      "max": 0.7457411906600001,
      "times": [
        0.7140983796600001,
        0.6863487786600001,
        0.7457411906600001,
        0.7119788786600001,
        0.7297569136600001,
        0.7173995026600001,
        0.71615693166,
        0.7265554796600001,
        0.7040875536600001,
        0.6950694946600001
      ],
      "exit_codes": [
        0,
        0,
        0,
        0,
        0,
        0,
        0,
        0,
        0,
        0
      ],
      "parameters": {
        "VERSION": "3.0.5"
      }
    },
    {
      "command": "3.6.3",
      "mean": 0.9400409070600002,
      "stddev": 0.023726565403173302,
      "median": 0.9348342706600001,
      "user": 3.0178872199999995,
      "system": 0.18822606,
      "min": 0.9123763106600001,
      "max": 0.9908742676600001,
      "times": [
        0.9305339866600001,
        0.9501266976600001,
        0.9667529806600001,
        0.9254096156600001,
        0.9123763106600001,
        0.9392827306600001,
        0.9204597116600001,
        0.9391345546600001,
        0.9254582146600001,
        0.9908742676600001
      ],
      "exit_codes": [
        0,
        0,
        0,
        0,
        0,
        0,
        0,
        0,
        0,
        0
      ],
      "parameters": {
        "VERSION": "3.6.3"
      }
    },
    {
      "command": "3.8.8",
      "mean": 0.9213142343600003,
      "stddev": 0.027790616871186766,
      "median": 0.9143470091600001,
      "user": 2.98946032,
      "system": 0.13353906,
      "min": 0.8792327836600001,
      "max": 0.9633184806600001,
      "times": [
        0.9611121016600002,
        0.8984426356600002,
        0.9085473996600001,
        0.9633184806600001,
        0.9201466186600001,
        0.9408419056600001,
        0.9035604646600001,
        0.9337484616600001,
        0.8792327836600001,
        0.9041914916600001
      ],
      "exit_codes": [
        0,
        0,
        0,
        0,
        0,
        0,
        0,
        0,
        0,
        0
      ],
      "parameters": {
        "VERSION": "3.8.8"
      }
    },
    {
      "command": "3.9.6",
      "mean": 1.0889288568599997,
      "stddev": 0.022252074204112203,
      "median": 1.09343702166,
      "user": 3.555595619999999,
      "system": 0.12939415999999998,
      "min": 1.04829549566,
      "max": 1.11806286566,
      "times": [
        1.09876378666,
        1.09160886466,
        1.09526517866,
        1.10855223866,
        1.07441412666,
        1.0821851036599999,
        1.06204024566,
        1.11806286566,
        1.1101006626599998,
        1.04829549566
      ],
      "exit_codes": [
        0,
        0,
        0,
        0,
        0,
        0,
        0,
        0,
        0,
        0
      ],
      "parameters": {
        "VERSION": "3.9.6"
      }
    },
    {
      "command": "4.0.0-alpha-13",
      "mean": 1.5726248121600002,
      "stddev": 0.03054558208242165,
      "median": 1.56793656116,
      "user": 6.35316032,
      "system": 0.24095326,
      "min": 1.53941201866,
      "max": 1.63555560266,
      "times": [
        1.5530353096599998,
        1.56383159666,
        1.60875974766,
        1.5526274196599998,
        1.53941201866,
        1.58698493666,
        1.57204152566,
        1.54163123666,
        1.63555560266,
        1.57236872766
      ],
      "exit_codes": [
        0,
        0,
        0,
        0,
        0,
        0,
        0,
        0,
        0,
        0
      ],
      "parameters": {
        "VERSION": "4.0.0-alpha-13"
      }
    }
  ]
}
