{
  "results": [
    {
      "command": "3.0.5",
      "mean": 0.88253306356,
      "stddev": 0.026993746421393672,
      "median": 0.8734888607600001,
      "user": 2.80020084,
      "system": 0.10682077999999999,
      "min": 0.8529056687600001,
      "max": 0.9276945137600001,
      "times": [
        0.8638091237600001,
        0.8529056687600001,
        0.88178289076,
        0.86262553076,
        0.9276945137600001,
        0.91527876476,
        0.85871134276,
        0.8735883037600001,
        0.8733894177600001,
        0.9155450787600001
      ],
      "exit_codes": [
        0,
        0,
        0,
        0,
        0,
        0,
        0,
        0,
        0,
        0
      ],
      "parameters": {
        "VERSION": "3.0.5"
      }
    },
    {
      "command": "3.1.1",
      "mean": 0.9242415274600001,
      "stddev": 0.028817757695833196,
      "median": 0.91694364076,
      "user": 2.7977563399999994,
      "system": 0.10417277999999999,
      "min": 0.8972502077600001,
      "max": 0.9965860367600001,
      "times": [
        0.9402551677600001,
        0.9965860367600001,
        0.9301004967600001,
        0.9105177867600001,
        0.9255198147600001,
        0.8972502077600001,
        0.9086462107600001,
        0.92314065976,
        0.8996522717600001,
        0.9107466217600001
      ],
      "exit_codes": [
        0,
        0,
        0,
        0,
        0,
        0,
        0,
        0,
        0,
        0
      ],
      "parameters": {
        "VERSION": "3.1.1"
      }
    },
    {
      "command": "3.2.5",
      "mean": 0.95978462276,
      "stddev": 0.01810296297652155,
      "median": 0.9564784622600001,
      "user": 3.12407904,
      "system": 0.13907787999999996,
      "min": 0.9293559037600001,
      "max": 0.9854158777600001,
      "times": [
        0.9530774677600001,
        0.9854158777600001,
        0.94174151376,
        0.9293559037600001,
        0.9751534987600001,
        0.9598794567600001,
        0.9517194097600001,
        0.98139390276,
        0.9493849737600001,
        0.97072422276
      ],
      "exit_codes": [
        0,
        0,
        0,
        0,
        0,
        0,
        0,
        0,
        0,
        0
      ],
      "parameters": {
        "VERSION": "3.2.5"
      }
    },
    {
      "command": "3.3.9",
      "mean": 1.0133572656599998,
      "stddev": 0.022147890256231786,
      "median": 1.02124561626,
      "user": 3.28660664,
      "system": 0.15506477999999999,
      "min": 0.9788837307600001,
      "max": 1.0419673897600001,
      "times": [
        1.0108964387600001,
        0.98467123576,
        1.02013885176,
        0.98781518176,
        1.0223523807600001,
        0.9788837307600001,
        1.02242258876,
        1.03043211076,
        1.0419673897600001,
        1.03399274776
      ],
      "exit_codes": [
        0,
        0,
        0,
        0,
        0,
        0,
        0,
        0,
        0,
        0
      ],
      "parameters": {
        "VERSION": "3.3.9"
      }
    },
    {
      "command": "3.5.4",
      "mean": 1.07159787366,
      "stddev": 0.030256194747338202,
      "median": 1.06998417876,
      "user": 3.4929706400000002,
      "system": 0.22304338,
      "min": 1.03109165976,
      "max": 1.1186092407600001,
      "times": [
        1.08000469676,
        1.0540564457600001,
        1.1186092407600001,
        1.03109165976,
        1.09024683776,
        1.07969892576,
        1.1150363757600001,
        1.0432105627600001,
        1.04375455976,
        1.06026943176
      ],
      "exit_codes": [
        0,
        0,
        0,
        0,
        0,
        0,
        0,
        0,
        0,
        0
      ],
      "parameters": {
        "VERSION": "3.5.4"
      }
    },
    {
      "command": "3.6.3",
      "mean": 1.0188030527600003,
      "stddev": 0.020174851001320885,
      "median": 1.01748499176,
      "user": 3.29945004,
      "system": 0.19116738,
      "min": 0.9872254467600001,
      "max": 1.04775594476,
      "times": [
        1.01167047376,
        1.02139895476,
        0.9928253467600001,
        0.9872254467600001,
        1.00943111576,
        1.01357102876,
        1.04775594476,
        1.0353814267600001,
        1.02390483576,
        1.04486595376
      ],
      "exit_codes": [
        0,
        0,
        0,
        0,
        0,
        0,
        0,
        0,
        0,
        0
      ],
      "parameters": {
        "VERSION": "3.6.3"
      }
    },
    {
      "command": "3.8.1",
      "mean": 1.02214160766,
      "stddev": 0.025133190154539936,
      "median": 1.01750208126,
      "user": 3.33054014,
      "system": 0.17687548,
      "min": 0.9931643377600001,
      "max": 1.06625623176,
      "times": [
        1.00351053576,
        1.04881911076,
        0.9966576857600001,
        1.06625623176,
        1.05068496776,
        1.02277859376,
        1.01410381576,
        1.00454045076,
        0.9931643377600001,
        1.02090034676
      ],
      "exit_codes": [
        0,
        0,
        0,
        0,
        0,
        0,
        0,
        0,
        0,
        0
      ],
      "parameters": {
        "VERSION": "3.8.1"
      }
    },
    {
      "command": "3.8.2",
      "mean": 1.0094759532600002,
      "stddev": 0.021252982056438073,
      "median": 1.00370140126,
      "user": 3.3299571400000003,
      "system": 0.11732128,
      "min": 0.9853782817600001,
      "max": 1.04620819276,
      "times": [
        0.9911484557600001,
        1.00206219976,
        1.00534060276,
        1.03094838076,
        1.01411917676,
        1.04620819276,
        1.03501621476,
        0.9853782817600001,
        0.9925843217600001,
        0.9919537057600001
      ],
      "exit_codes": [
        0,
        0,
        0,
        0,
        0,
        0,
        0,
        0,
        0,
        0
      ],
      "parameters": {
        "VERSION": "3.8.2"
      }
    },
    {
      "command": "3.8.3",
      "mean": 0.9991984473600002,
      "stddev": 0.02583707631066265,
      "median": 1.0043228912600002,
      "user": 3.21092904,
      "system": 0.13807118000000002,
      "min": 0.9614548327600001,
      "max": 1.04499846076,
      "times": [
        1.01178552076,
        1.04499846076,
        1.02377925876,
        1.00337148876,
        1.00527429376,
        0.9763694637600001,
        1.0064376157600001,
        0.9915017467600001,
        0.9614548327600001,
        0.9670117917600001
      ],
      "exit_codes": [
        0,
        0,
        0,
        0,
        0,
        0,
        0,
        0,
        0,
        0
      ],
      "parameters": {
        "VERSION": "3.8.3"
      }
    },
    {
      "command": "3.8.4",
      "mean": 0.98921244096,
      "stddev": 0.023804141582358475,
      "median": 0.9890654487600001,
      "user": 3.2330109399999998,
      "system": 0.14466408,
      "min": 0.9526738387600001,
      "max": 1.03087928276,
      "times": [
        0.9979981947600001,
        0.98371546076,
        1.03087928276,
        0.9526738387600001,
        0.9530350307600001,
        1.00088801676,
        0.9844285427600001,
        1.01037514476,
        0.9874499017600001,
        0.9906809957600001
      ],
      "exit_codes": [
        0,
        0,
        0,
        0,
        0,
        0,
        0,
        0,
        0,
        0
      ],
      "parameters": {
        "VERSION": "3.8.4"
      }
    },
    {
      "command": "3.8.5",
      "mean": 1.0056604326599998,
      "stddev": 0.020976513744406896,
      "median": 1.00460876426,
      "user": 3.2423772399999997,
      "system": 0.13449558,
      "min": 0.97399934876,
      "max": 1.04479488476,
      "times": [
        1.04479488476,
        1.00129348676,
        0.9814928727600001,
        1.01300286276,
        0.99005252076,
        1.00159231976,
        0.97399934876,
        1.0190082117600001,
        1.00762520876,
        1.02374260976
      ],