{
  "results": [
    {
      "command": "3.0.5",
      "mean": 4.40569885172,
      "stddev": 0.05166782882620964,
      "median": 4.41133058072,
      "user": 11.099532479999997,
      "system": 0.92774112,
      "min": 4.33437702672,
      "max": 4.49196632772,
      "times": [
        4.337262211720001,
        4.37132102972,
        4.37994983072,
        4.4147190727200005,
        4.49196632772,
        4.41151543672,
        4.33437702672,
        4.41114572472,
        4.46766760672,
        4.437064249720001
      ],
      "exit_codes": [
        0,
        0,
        0,
        0,
        0,
        0,
        0,
        0,
        0,
        0
      ],
      "parameters": {
        "VERSION": "3.0.5"
      }
    },
    {
      "command": "3.6.3",
      "mean": 7.75536571982,
      "stddev": 0.12873044909352302,
      "median": 7.73449743872,
      "user": 17.047524779999996,
      "system": 2.9043080199999998,
      "min": 7.589252080720001,
      "max": 8.035120168719999,
      "times": [
        7.82896273372,
        7.659148725720001,
        7.67490940272,
        7.78254192072,
        7.80658077872,
        7.68645295672,
        7.589252080720001,
        7.66219177572,
        8.035120168719999,
        7.82849665472
      ],
      "exit_codes": [
        0,
        0,
        0,
        0,
        0,
        0,
        0,
        0,
        0,
        0
      ],
      "parameters": {
        "VERSION": "3.6.3"
      }
    },
    {
      "command": "3.8.8",
      "mean": 4.70989815952,
      "stddev": 0.0461606349908163,
      "median": 4.69533373072,
      "user": 14.424007279999998,
      "system": 0.9572701200000001,
      "min": 4.66608991772,
      "max": 4.80186924872,
      "times": [
        4.73625857572,
        4.767074587720001,
        4.67451600472,
        4.70690392972,
        4.68376353172,
        4.67145063572,
        4.66608991772,
        4.7178911577200005,
        4.67316400572,
        4.80186924872
      ],
      "exit_codes": [
        0,
        0,
        0,
        0,
        0,
        0,
        0,
        0,
        0,
        0
      ],
      "parameters": {
        "VERSION": "3.8.8"
      }
    },
    {
      "command": "3.9.9",
      "mean": 5.07378213802,
      "stddev": 0.07031082166844309,
      "median": 5.084421514220001,
      "user": 15.742001179999997,
      "system": 0.9557060199999998,
      "min": 4.940457174720001,
      "max": 5.16986181572,
      "times": [
        5.02898512172,
        5.08425143372,
        5.13710783872,
        4.940457174720001,
        5.15236638772,
        5.03133721872,
        5.0899020127200005,
        5.08459159472,
        5.16986181572,
        5.018960781720001
      ],
      "exit_codes": [
        0,
        0,
        0,
        0,
        0,
        0,
        0,
        0,
        0,
        0
      ],
      "parameters": {
        "VERSION": "3.9.9"
      }
    },
    {
      "command": "4.0.0-alpha-13",
      "mean": 6.33361526762,
      "stddev": 0.1120520171976758,
      "median": 6.3029996422200005,
      "user": 28.260461979999995,
      "system": 1.7587760199999998,
      "min": 6.21611690172,
      "max": 6.56472560472,
      "times": [
        6.26259818472,
        6.56472560472,
        6.32837169372,
        6.2461629727200005,
        6.34945919972,
        6.2689410397200005,
        6.279507536720001,
        6.3264917477200004,
        6.21611690172,
        6.493777794720001
      ],
      "exit_codes": [
        0,
        0,
        0,
        0,
        0,
        0,
        0,
        0,
        0,
        0
      ],
      "parameters": {
        "VERSION": "4.0.0-alpha-13"
      }
    },
    {
      "command": "4.0.0-beta-3",
      "mean": 6.818171695219999,
      "stddev": 0.3909730263994134,
      "median": 6.70935483272,
      "user": 29.706082779999996,
      "system": 1.6269902200000002,
      "min": 6.54075851572,
      "max": 7.9011602857200005,
      "times": [
        6.62416019972,
        6.76876917772,
        6.680213532720001,
        6.68095712472,
        6.73775254072,
        6.7511337537200005,
        6.86519544272,
        6.63161637872,
        6.54075851572,
        7.9011602857200005
      ],
      "exit_codes": [
        0,
        0,
        0,
        0,
        0,
        0,
        0,
        0,
        0,
        0
      ],
      "parameters": {
        "VERSION": "4.0.0-beta-3"
      }
    },
    {
      "command": "4.0.0-beta-4",
      "mean": 7.552194026919999,
      "stddev": 0.2666890894762228,
      "median": 7.525326679220001,
      "user": 32.80711918,
      "system": 1.9651853199999998,
      "min": 7.18527062072,
      "max": 8.177391970719999,
      "times": [
        7.39268980572,
        7.655486149720001,
        7.5372083857200005,
        7.326503825720001,
        7.64992398672,
        7.63165075672,
        7.18527062072,
        8.177391970719999,
        7.51344497272,
        7.45236979472
      ],
      "exit_codes": [
        0,
        0,
        0,
        0,
        0,
        0,
        0,
        0,
        0,
        0
      ],
      "parameters": {
        "VERSION": "4.0.0-beta-4"
      }
    }
  ]
}
