{
  "results": [
    {
      "command": "3.0.5",
      "mean": 0.9510276818200001,
      "stddev": 0.020238893908758947,
      "median": 0.94651742482,
      "user": 3.0359971600000004,
      "system": 0.15656949999999997,
      "min": 0.9158104423200001,
      "max": 0.97952560332,
      "times": [
        0.97952560332,
        0.9705047963200001,
        0.97642594632,
        0.95724813732,
        0.9430353623200001,
        0.94813850132,
        0.9158104423200001,
        0.94489634832,
        0.94393381032,
        0.93075787032
      ],
      "exit_codes": [
        0,
        0,
        0,
        0,
        0,
        0,
        0,
        0,
        0,
        0
      ],
      "parameters": {
        "VERSION": "3.0.5"
      }
    },
    {
      "command": "3.1.1",
      "mean": 1.01804170162,
      "stddev": 0.019945201841631108,
      "median": 1.01252689232,
      "user": 3.2688124600000004,
      "system": 0.1855658,
      "min": 0.98716888432,
      "max": 1.06058179632,
      "times": [
        1.0071167243199999,
        1.02403804632,
        1.00722411232,
        1.03730841432,
        1.06058179632,
        1.01423281732,
        1.00893839232,
        1.02298686132,
        1.01082096732,
        0.98716888432
      ],
      "exit_codes": [
        0,
        0,
        0,
        0,
        0,
        0,
        0,
        0,
        0,
        0
      ],
      "parameters": {
        "VERSION": "3.1.1"
      }
    },
    {
      "command": "3.2.5",
      "mean": 1.05513633692,
      "stddev": 0.020842094640781267,
      "median": 1.0529210468199999,
      "user": 3.49697586,
      "system": 0.19302249999999996,
      "min": 1.03254262632,
      "max": 1.09987368232,
      "times": [
        1.03674189832,
        1.06794815432,
        1.04158358332,
        1.03254262632,
        1.07067814832,
        1.03626385932,
        1.09987368232,
        1.05929799632,
        1.05988932332,
        1.04654409732
      ],
      "exit_codes": [
        0,
        0,
        0,
        0,
        0,
        0,
        0,
        0,
        0,
        0
      ],
      "parameters": {
        "VERSION": "3.2.5"
      }
    },
    {
      "command": "3.3.9",
      "mean": 1.06659475922,
      "stddev": 0.028468977755648054,
      "median": 1.06783672282,
      "user": 3.51125526,
      "system": 0.19139199999999995,
      "min": 1.02962861132,
      "max": 1.12215018632,
      "times": [
        1.05961515632,
        1.03927773432,
        1.12215018632,
        1.05116061532,
        1.02962861132,
        1.07769498132,
        1.03935003332,
        1.07605828932,
        1.09381193232,
        1.07720005232
      ],
      "exit_codes": [
        0,
        0,
        0,
        0,
        0,
        0,
        0,
        0,
        0,
        0
      ],
      "parameters": {
        "VERSION": "3.3.9"
      }
    },
    {
      "command": "3.5.4",
      "mean": 1.13218101302,
      "stddev": 0.017569089021791683,
      "median": 1.13027742882,
      "user": 3.7199602599999997,
      "system": 0.25686519999999996,
      "min": 1.10338212632,
      "max": 1.15752407332,
      "times": [
        1.10777448332,
        1.15752407332,
        1.10338212632,
        1.1447755423200001,
        1.13072807332,
        1.15026398332,
        1.12982678432,
        1.14449379932,
        1.12557808432,
        1.12746318032
      ],
      "exit_codes": [
        0,
        0,
        0,
        0,
        0,
        0,
        0,
        0,
        0,
        0
      ],
      "parameters": {
        "VERSION": "3.5.4"
      }
    },
    {
      "command": "3.6.3",
      "mean": 1.0759483540199999,
      "stddev": 0.027387895493215617,
      "median": 1.07180087432,
      "user": 3.47630516,
      "system": 0.24638809999999997,
      "min": 1.04161820032,
      "max": 1.12562616332,
      "times": [
        1.06427606632,
        1.04161820032,
        1.06116565032,
        1.04830597232,
        1.11573967532,
        1.08173424632,
        1.05849171332,
        1.08320017032,
        1.12562616332,
        1.07932568232
      ],
      "exit_codes": [
        0,
        0,
        0,
        0,
        0,
        0,
        0,
        0,
        0,
        0
      ],
      "parameters": {
        "VERSION": "3.6.3"
      }
    },
    {
      "command": "3.8.1",
      "mean": 1.09000299242,
      "stddev": 0.04041784813802234,
      "median": 1.07444268282,
      "user": 3.52800826,
      "system": 0.24998449999999997,
      "min": 1.05234631732,
      "max": 1.17775169732,
      "times": [
        1.05911583732,
        1.17775169732,
        1.08112742032,
        1.05234631732,
        1.06289910932,
        1.13037746132,
        1.06187987332,
        1.06775794532,
        1.08690943432,
        1.11986482832
      ],
      "exit_codes": [
        0,
        0,
        0,
        0,
        0,
        0,
        0,
        0,
        0,
        0
      ],
      "parameters": {
        "VERSION": "3.8.1"
      }
    },
    {
      "command": "3.8.2",
      "mean": 1.0347096061199998,
      "stddev": 0.017114825111436183,
      "median": 1.03337640832,
      "user": 3.38917736,
      "system": 0.13972659999999998,
      "min": 1.00544423032,
      "max": 1.06201603032,
      "times": [
        1.02067713232,
        1.00544423032,
        1.0443091363199999,
        1.04766954732,
        1.02881534032,
        1.05202247532,
        1.03793747632,
        1.06201603032,
        1.02220420632,
        1.02600048632
      ],
      "exit_codes": [
        0,
        0,
        0,
        0,
        0,
        0,
        0,
        0,
        0,
        0
      ],
      "parameters": {
        "VERSION": "3.8.2"
      }
    },
    {
      "command": "3.8.3",
      "mean": 1.0194176388199998,
      "stddev": 0.029299204526843352,
      "median": 1.01792757732,
      "user": 3.27299116,
      "system": 0.13645449999999998,
      "min": 0.98588371032,
      "max": 1.07055714832,
      "times": [
        1.04178289532,
        1.00651919632,
        1.03027585732,
        0.98591107032,
        1.07055714832,
        1.04935987732,
        1.02933595832,
        0.9900789013200001,
        1.00447177332,
        0.98588371032
      ],
      "exit_codes": [
        0,
        0,
        0,
        0,
        0,
        0,
        0,
        0,
        0,
        0
      ],
      "parameters": {
        "VERSION": "3.8.3"
      }
    },
    {
      "command": "3.8.4",
      "mean": 1.00290240462,
      "stddev": 0.026056012875125923,
      "median": 1.0015547918199998,
      "user": 3.23327206,
      "system": 0.13699080000000002,
      "min": 0.9658352033200001,
      "max": 1.05922508532,
      "times": [
        1.05922508532,
        0.9658352033200001,
        1.00140005532,
        0.98331002132,
        1.00537921332,
        1.02851518732,
        0.98241724232,
        0.99412645732,
        1.00710605232,
        1.00170952832
      ],
      "exit_codes": [
        0,
        0,
        0,
        0,
        0,
        0,
        0,
        0,
        0,
        0
      ],
      "parameters": {
        "VERSION": "3.8.4"
      }
    },
    {
      "command": "3.8.5",
      "mean": 1.0050795981200003,
      "stddev": 0.019761639120203463,
      "median": 1.0052694148199999,
      "user": 3.2898419599999995,
      "system": 0.1272134,
      "min": 0.96766618932,
      "max": 1.04089125632,
      "times": [
        1.00562170632,
        0.99444999932,
        0.96766618932,
        1.00027333232,
        1.01976730432,
        1.01928702432,
        1.0090506453199999,
        0.9888714003200001,
        1.00491712332,
        1.04089125632
      ],
      "exit_codes": [
        0,
        0,
        0,
        0,
        0,
        0,
        0,
        0,
        0,
        0
      ],
      "parameters": {
        "VERSION": "3.8.5"
      }
    },
    {
      "command": "3.8.6",
      "mean": 1.0086955323200002,