{
  "results": [
    {
      "command": "3.0.5",
      "mean": 0.7266893172400001,
      "stddev": 0.022607581208844305,
      "median": 0.7275136898400001,
      "user": 2.1460541999999996,
      "system": 0.06431427999999999,
      "min": 0.69565895584,
      "max": 0.7612600688400001,
      "times": [
        0.7195337848400001,
        0.7252034658400001,
        0.72982391384,
        0.69565895584,
        0.69884719884,
        0.73185066484,
        0.73897003084,
        0.7612600688400001,
        0.70689596184,
        0.75884912684
      ],
      "exit_codes": [
        0,
        0,
        0,
        0,
        0,
        0,
        0,
        0,
        0,
        0
      ],
      "parameters": {
        "VERSION": "3.0.5"
      }
    },
    {
      "command": "3.6.3",
      "mean": 0.8127214200399999,
      "stddev": 0.03313985022411288,
      "median": 0.80599336834,
      "user": 2.5002222,
      "system": 0.08736488,
      "min": 0.77983068584,
      "max": 0.87050471784,
      "times": [
        0.8669068358400001,
        0.87050471784,
        0.78322184384,
        0.79201559984,
        0.7833312908400001,
        0.8106056968400001,
        0.82881079284,
        0.8036626358400001,
        0.8083241008400001,
        0.77983068584
      ],
      "exit_codes": [
        0,
        0,
        0,
        0,
        0,
        0,
        0,
        0,
        0,
        0
      ],
      "parameters": {
        "VERSION": "3.6.3"
      }
    },
    {
      "command": "3.8.8",
      "mean": 0.8045677706400001,
      "stddev": 0.01684043956428987,
      "median": 0.8040699008400001,
      "user": 2.5118338999999996,
      "system": 0.06702678,
      "min": 0.7796624698400001,
      "max": 0.8342003118400001,
      "times": [
        0.7796624698400001,
        0.8342003118400001,
        0.7977379198400001,
        0.81101820684,
        0.80409554484,
        0.7926597628400001,
        0.8251280338400001,
        0.80404425684,
        0.7857454418400001,
        0.8113857578400001
      ],
      "exit_codes": [
        0,
        0,
        0,
        0,
        0,
        0,
        0,
        0,
        0,
        0
      ],
      "parameters": {
        "VERSION": "3.8.8"
      }
    },
    {
      "command": "3.9.4",
      "mean": 1.04084203884,
      "stddev": 0.02708445955115954,
      "median": 1.03975152184,
      "user": 3.2979135,
      "system": 0.08752847999999999,
      "min": 1.00309003984,
      "max": 1.08480005884,
      "times": [
        1.0108022018399998,
        1.02667425384,
        1.04485992284,
        1.0616933818399998,
        1.0192767348399998,
        1.03464312084,
        1.0480465448399998,
        1.0745341288399999,
        1.08480005884,
        1.00309003984
      ],
      "exit_codes": [
        0,
        0,
        0,
        0,
        0,
        0,
        0,
        0,
        0,
        0
      ],
      "parameters": {
        "VERSION": "3.9.4"
      }
    },
    {
      "command": "3.9.5",
      "mean": 1.0386290750399998,
      "stddev": 0.01712060858359718,
      "median": 1.0380633478399999,
      "user": 3.2807742999999996,
      "system": 0.08714387999999999,
      "min": 1.0120223118399998,
      "max": 1.07085303884,
      "times": [
        1.07085303884,
        1.03795909984,
        1.02413555684,
        1.0381675958399998,
        1.04497693984,
        1.0335899868399998,
        1.0554740438399999,
        1.04677063584,
        1.0223415408399998,
        1.0120223118399998
      ],
      "exit_codes": [
        0,
        0,
        0,
        0,
        0,
        0,
        0,
        0,
        0,
        0
      ],
      "parameters": {
        "VERSION": "3.9.5"
      }
    },
    {
      "command": "4.0.0-alpha-7",
      "mean": 1.29187786374,
      "stddev": 0.028011059973504206,
      "median": 1.29532216784,
      "user": 4.0334559,
      "system": 0.10097197999999999,
      "min": 1.2410668138399998,
      "max": 1.32017101784,
      "times": [
        1.31092422284,
        1.32004903084,
        1.27256941684,
        1.29715782784,
        1.2880050508399998,
        1.31984044584,
        1.32017101784,
        1.29348650784,
        1.2410668138399998,
        1.25550830284
      ],
      "exit_codes": [
        0,
        0,
        0,
        0,
        0,
        0,
        0,
        0,
        0,
        0
      ],
      "parameters": {
        "VERSION": "4.0.0-alpha-7"
      }
    },
    {
      "command": "4.0.0-alpha-8",
      "mean": 1.35915661264,
      "stddev": 0.02556329573126322,
      "median": 1.3657233788399998,
      "user": 4.2816461,
      "system": 0.10853537999999999,
      "min": 1.3115304288399998,
      "max": 1.3883029088399998,
      "times": [
        1.3883029088399998,
        1.38494134084,
        1.34605302684,
        1.38049908884,
        1.3115304288399998,
        1.33669709584,
        1.37010111284,
        1.3613456448399999,
        1.37633551084,
        1.3357599678399998
      ],
      "exit_codes": [
        0,
        0,
        0,
        0,
        0,
        0,
        0,
        0,
        0,
        0
      ],
      "parameters": {
        "VERSION": "4.0.0-alpha-8"
      }
    }
  ]
}
