{
  "results": [
    {
      "command": "3.0.5",
      "mean": 0.87906848938,
      "stddev": 0.015766930707647904,
      "median": 0.8780946249800001,
      "user": 2.78539318,
      "system": 0.16839742,
      "min": 0.8602261599800001,
      "max": 0.8996670939800001,
      "times": [
        0.86394894198,
        0.8807944269800001,
        0.86463340698,
        0.89736680798,
        0.8996670939800001,
        0.89020879598,
        0.87539482298,
        0.89573887498,
        0.8602261599800001,
        0.86270556198
      ],
      "exit_codes": [
        0,
        0,
        0,
        0,
        0,
        0,
        0,
        0,
        0,
        0
      ],
      "parameters": {
        "VERSION": "3.0.5"
      }
    },
    {
      "command": "3.1.1",
      "mean": 0.9101986041800002,
      "stddev": 0.024281446170592566,
      "median": 0.9121444859800001,
      "user": 2.99059778,
      "system": 0.15591462000000003,
      "min": 0.87216264998,
      "max": 0.95256890098,
      "times": [
        0.9227381909800001,
        0.95256890098,
        0.9258654779800001,
        0.9102067959800001,
        0.89333009198,
        0.89580009498,
        0.8837271079800001,
        0.9140821759800001,
        0.9315045549800001,
        0.87216264998
      ],
      "exit_codes": [
        0,
        0,
        0,
        0,
        0,
        0,
        0,
        0,
        0,
        0
      ],
      "parameters": {
        "VERSION": "3.1.1"
      }
    },
    {
      "command": "3.2.5",
      "mean": 0.9599445545800002,
      "stddev": 0.020020815329736773,
      "median": 0.9559008924800001,
      "user": 3.2178911799999996,
      "system": 0.17304122,
      "min": 0.93303779898,
      "max": 0.99595671198,
      "times": [
        0.98576508098,
        0.93303779898,
        0.9545040849800001,
        0.99595671198,
        0.9495826809800001,
        0.93534946598,
        0.9679299199800001,
        0.95268702898,
        0.95729769998,
        0.9673350729800001
      ],
      "exit_codes": [
        0,
        0,
        0,
        0,
        0,
        0,
        0,
        0,
        0,
        0
      ],
      "parameters": {
        "VERSION": "3.2.5"
      }
    },
    {
      "command": "3.3.9",
      "mean": 0.9983697783800001,
      "stddev": 0.0259095862168105,
      "median": 1.0043891334800001,
      "user": 3.26774248,
      "system": 0.16990292,
      "min": 0.9535859279800001,
      "max": 1.02863071498,
      "times": [
        1.02863071498,
        1.0177546399800002,
        1.01174119098,
        0.9535859279800001,
        0.9943780089800001,
        0.99703707598,
        1.0241090109800002,
        0.96072711998,
        0.9825670269800001,
        1.0131670669800001
      ],
      "exit_codes": [
        0,
        0,
        0,
        0,
        0,
        0,
        0,
        0,
        0,
        0
      ],
      "parameters": {
        "VERSION": "3.3.9"
      }
    },
    {
      "command": "3.5.4",
      "mean": 1.0414221350800001,
      "stddev": 0.027580742571939525,
      "median": 1.0477912739800002,
      "user": 3.4776611799999997,
      "system": 0.25109912,
      "min": 0.9959214929800001,
      "max": 1.0728133669800002,
      "times": [
        0.9959214929800001,
        1.06814964698,
        1.02605066498,
        0.99910684798,
        1.0728133669800002,
        1.0580968429800002,
        1.0527006089800002,
        1.0331347289800001,
        1.0428819389800001,
        1.06536521098
      ],
      "exit_codes": [
        0,
        0,
        0,
        0,
        0,
        0,
        0,
        0,
        0,
        0
      ],
      "parameters": {
        "VERSION": "3.5.4"
      }
    },
    {
      "command": "3.6.3",
      "mean": 1.0136463714800001,
      "stddev": 0.017583191540571638,
      "median": 1.0100888549800002,
      "user": 3.3810605799999998,
      "system": 0.22812462,
      "min": 0.98877138998,
      "max": 1.0449090519800002,
      "times": [
        1.0015658999800001,
        0.99634815298,
        1.02848686798,
        1.0062352699800001,
        1.02390271598,
        1.0293464279800002,
        1.0029554979800002,
        0.98877138998,
        1.01394243998,
        1.0449090519800002
      ],
      "exit_codes": [
        0,
        0,
        0,
        0,
        0,
        0,
        0,
        0,
        0,
        0
      ],
      "parameters": {
        "VERSION": "3.6.3"
      }
    },
    {
      "command": "3.8.1",
      "mean": 1.0239999210800002,
      "stddev": 0.015529720509511825,
      "median": 1.02427220698,
      "user": 3.4299831799999994,
      "system": 0.22386871999999997,
      "min": 0.9999311269800001,
      "max": 1.0451985249800002,
      "times": [
        1.01517750998,
        1.01779241898,
        1.0450181099800002,
        1.0039000959800002,
        0.9999311269800001,
        1.0346035339800002,
        1.0451985249800002,
        1.0283411019800002,
        1.02020331198,
        1.02983347598
      ],
      "exit_codes": [
        0,
        0,
        0,
        0,
        0,
        0,
        0,
        0,
        0,
        0
      ],
      "parameters": {
        "VERSION": "3.8.1"
      }
    },
    {
      "command": "3.8.2",
      "mean": 0.97575529638,
      "stddev": 0.020386767742538035,
      "median": 0.9781437054800001,
      "user": 3.2564146800000002,
      "system": 0.14651012000000002,
      "min": 0.9460245149800001,
      "max": 1.0039371839800002,
      "times": [
        0.98728588498,
        1.0039371839800002,
        0.95748855598,
        0.9870300419800001,
        0.9727433269800001,
        0.9606302009800001,
        1.0033418679800001,
        0.98354408398,
        0.9460245149800001,
        0.95552730198
      ],
      "exit_codes": [
        0,
        0,
        0,
        0,
        0,
        0,
        0,
        0,
        0,
        0
      ],
      "parameters": {
        "VERSION": "3.8.2"
      }
    },
    {
      "command": "3.8.3",
      "mean": 0.9515772942800002,
      "stddev": 0.025332772045097502,
      "median": 0.94763217148,
      "user": 3.2038090800000005,
      "system": 0.14879912,
      "min": 0.9186331789800001,
      "max": 1.0000116569800002,
      "times": [
        0.9186331789800001,
        0.9398160399800001,
        0.97031250398,
        1.0000116569800002,
        0.93799463398,
        0.9672472159800001,
        0.9281138749800001,
        0.92851429498,
        0.95544830298,
        0.9696812399800001
      ],
      "exit_codes": [
        0,
        0,
        0,
        0,
        0,
        0,
        0,
        0,
        0,
        0
      ],
      "parameters": {
        "VERSION": "3.8.3"
      }
    },
    {
      "command": "3.8.4",
      "mean": 0.97345186838,
      "stddev": 0.019559414813596906,
      "median": 0.9705634684800001,
      "user": 3.2362541800000004,
      "system": 0.14999901999999998,
      "min": 0.94220086398,
      "max": 1.00443853298,
      "times": [
        0.9828621589800001,
        0.95457027398,
        0.9658817979800001,
        0.9736229069800001,
        0.9626863329800001,
        0.94220086398,
        0.9675040299800001,
        1.00443853298,
        0.9785476309800001,
        1.00220415498
      ],
      "exit_codes": [
        0,
        0,
        0,
        0,
        0,
        0,
        0,
        0,
        0,
        0
      ],
      "parameters": {
        "VERSION": "3.8.4"
      }
    },
    {
      "command": "3.8.5",
      "mean": 0.9478826658800001,
      "stddev": 0.01286178987847945,
      "median": 0.9492635029800001,
      "user": 3.1721102799999996,
      "system": 0.13189911999999998,
      "min": 0.9262446189800001,
      "max": 0.9672016469800001,