{
  "results": [
    {
      "command": "3.0.5",
      "mean": 1.0456728418399999,
      "stddev": 0.032849794850709775,
      "median": 1.0395612653400002,
      "user": 3.53630298,
      "system": 0.11973814,
      "min": 0.9844887803400001,
      "max": 1.09584560234,
      "times": [
        1.04022032934,
        1.03774863034,
        1.03498556734,
        1.09584560234,
        1.04584756434,
        1.07993226734,
        0.9844887803400001,
        1.01777654334,
        1.03890220134,
        1.08098093234
      ],
      "exit_codes": [
        0,
        0,
        0,
        0,
        0,
        0,
        0,
        0,
        0,
        0
      ],
      "parameters": {
        "VERSION": "3.0.5"
      }
    },
    {
      "command": "3.1.1",
      "mean": 1.10915838884,
      "stddev": 0.020534013744267488,
      "median": 1.10942595334,
      "user": 3.9223901799999994,
      "system": 0.13821844,
      "min": 1.07411531834,
      "max": 1.13954284434,
      "times": [
        1.10669871934,
        1.11629460734,
        1.11215318734,
        1.10248628134,
        1.13618109534,
        1.09874441134,
        1.07411531834,
        1.12015651434,
        1.08521090934,
        1.13954284434
      ],
      "exit_codes": [
        0,
        0,
        0,
        0,
        0,
        0,
        0,
        0,
        0,
        0
      ],
      "parameters": {
        "VERSION": "3.1.1"
      }
    },
    {
      "command": "3.2.5",
      "mean": 1.1730342710400001,
      "stddev": 0.01883745768636656,
      "median": 1.17502554384,
      "user": 4.22029058,
      "system": 0.14575464,
      "min": 1.14609653434,
      "max": 1.20073399134,
      "times": [
        1.17986572734,
        1.14609653434,
        1.16279036034,
        1.20073399134,
        1.17036294634,
        1.15205399034,
        1.18975699634,
        1.19416443034,
        1.17968814134,
        1.15482959234
      ],
      "exit_codes": [
        0,
        0,
        0,
        0,
        0,
        0,
        0,
        0,
        0,
        0
      ],
      "parameters": {
        "VERSION": "3.2.5"
      }
    },
    {
      "command": "3.3.9",
      "mean": 1.20351984644,
      "stddev": 0.027090656050674275,
      "median": 1.19362695334,
      "user": 4.274204280000001,
      "system": 0.16610113999999998,
      "min": 1.16904115834,
      "max": 1.24728333334,
      "times": [
        1.23896887434,
        1.16904115834,
        1.19270584534,
        1.21347382234,
        1.22729598734,
        1.17153632834,
        1.19147773534,
        1.24728333334,
        1.18886731834,
        1.19454806134
      ],
      "exit_codes": [
        0,
        0,
        0,
        0,
        0,
        0,
        0,
        0,
        0,
        0
      ],
      "parameters": {
        "VERSION": "3.3.9"
      }
    },
    {
      "command": "3.5.4",
      "mean": 1.20953578664,
      "stddev": 0.01829666156427884,
      "median": 1.21196976434,
      "user": 4.18487498,
      "system": 0.22818154000000002,
      "min": 1.17972747934,
      "max": 1.23739241234,
      "times": [
        1.22947405434,
        1.21970396134,
        1.2192581413399999,
        1.17972747934,
        1.23739241234,
        1.20164645834,
        1.18885709934,
        1.2169820573399999,
        1.19535873134,
        1.20695747134
      ],
      "exit_codes": [
        0,
        0,
        0,
        0,
        0,
        0,
        0,
        0,
        0,
        0
      ],
      "parameters": {
        "VERSION": "3.5.4"
      }
    },
    {
      "command": "3.6.3",
      "mean": 1.20767282584,
      "stddev": 0.03305542935677828,
      "median": 1.1981233438399999,
      "user": 4.09577088,
      "system": 0.23314114,
      "min": 1.17636768234,
      "max": 1.28231391534,
      "times": [
        1.19672785834,
        1.17636768234,
        1.1995188293399999,
        1.18233504734,
        1.20997916634,
        1.24656599034,
        1.28231391534,
        1.21055856234,
        1.18472986834,
        1.18763133834
      ],
      "exit_codes": [
        0,
        0,
        0,
        0,
        0,
        0,
        0,
        0,
        0,
        0
      ],
      "parameters": {
        "VERSION": "3.6.3"
      }
    },
    {
      "command": "3.8.1",
      "mean": 1.22127541144,
      "stddev": 0.020581507346849718,
      "median": 1.21960459884,
      "user": 4.183636680000001,
      "system": 0.23587724,
      "min": 1.19212084034,
      "max": 1.2590743473400001,
      "times": [
        1.22347902034,
        1.22007602234,
        1.2191331753399999,
        1.23016960834,
        1.19307664634,
        1.21472735234,
        1.2590743473400001,
        1.24523548234,
        1.19212084034,
        1.21566161934
      ],
      "exit_codes": [
        0,
        0,
        0,
        0,
        0,
        0,
        0,
        0,
        0,
        0
      ],
      "parameters": {
        "VERSION": "3.8.1"
      }
    },
    {
      "command": "3.8.2",
      "mean": 1.1547977829399998,
      "stddev": 0.016550721181381012,
      "median": 1.15060827034,
      "user": 3.9779341799999997,
      "system": 0.12120304,
      "min": 1.13406100634,
      "max": 1.18891640734,
      "times": [
        1.15745663934,
        1.14640683734,
        1.16541430734,
        1.15311072434,
        1.1418177193399999,
        1.1715125983399999,
        1.1411757733399999,
        1.14810581634,
        1.13406100634,
        1.18891640734
      ],
      "exit_codes": [
        0,
        0,
        0,
        0,
        0,
        0,
        0,
        0,
        0,
        0
      ],
      "parameters": {
        "VERSION": "3.8.2"
      }
    },
    {
      "command": "3.8.3",
      "mean": 1.10967578604,
      "stddev": 0.025222617946277767,
      "median": 1.11228289884,
      "user": 3.81456568,
      "system": 0.09120184,
      "min": 1.07276214234,
      "max": 1.14965424834,
      "times": [
        1.14965424834,
        1.0838195933399999,
        1.12381819334,
        1.07938309134,
        1.10350503634,
        1.12788653534,
        1.10438089534,
        1.07276214234,
        1.12018490234,
        1.1313632223399999
      ],
      "exit_codes": [
        0,
        0,
        0,
        0,
        0,
        0,
        0,
        0,
        0,
        0
      ],
      "parameters": {
        "VERSION": "3.8.3"
      }
    },
    {
      "command": "3.8.4",
      "mean": 1.11271755844,
      "stddev": 0.017244504533381264,
      "median": 1.1197647323400002,
      "user": 3.7747079799999996,
      "system": 0.12239563999999999,
      "min": 1.08322653834,
      "max": 1.13376105334,
      "times": [
        1.08322653834,
        1.10092297834,
        1.12470084334,
        1.11944355934,
        1.12008590534,
        1.12371538634,
        1.13376105334,
        1.10420859034,
        1.08914451534,
        1.12796621434
      ],
      "exit_codes": [
        0,
        0,
        0,
        0,
        0,
        0,
        0,
        0,
        0,
        0
      ],
      "parameters": {
        "VERSION": "3.8.4"
      }
    },
    {
      "command": "3.8.5",
      "mean": 1.11446525324,
      "stddev": 0.025008543107819855,
      "median": 1.11510613584,
      "user": 3.8191834799999995,
      "system": 0.10529604000000001,
      "min": 1.07976918234,
      "max": 1.15251527934,
      "times": [
        1.15251527934,
        1.13690329634,
        1.07976918234,
        1.08918525434,
        1.08620496634,
        1.14455529134,
        1.11584406834,
        1.12046852634,
        1.11436820334,
        1.10483846434
      ],
      "exit_codes": [
        0,
        0,
        0,
        0,
        0,
        0,
        0,
        0,
        0,
        0
      ],
      "parameters": {
        "VERSION": "3.8.5"
      }
    },
    {
      "command": "3.8.6",
      "mean": 1.1115238232400002,
      "stddev": 0.033885432970222035,