{
  "results": [
    {
      "command": "3.0.5",
      "mean": 0.6850922576000001,
      "stddev": 0.01655765751609192,
      "median": 0.6845123194,
      "user": 1.9334559800000002,
      "system": 0.06782281999999999,
      "min": 0.6591686639000001,
      "max": 0.7173414089,
      "times": [
        0.6828812149,
        0.6922983599,
        0.6749058229,
        0.6702056799,
        0.7023433209000001,
        0.6771552369,
        0.6861434239,
        0.6591686639000001,
        0.7173414089,
        0.6884794439
      ],
      "exit_codes": [
        0,
        0,
        0,
        0,
        0,
        0,
        0,
        0,
        0,
        0
      ],
      "parameters": {
        "VERSION": "3.0.5"
      }
    },
    {
      "command": "3.1.1",
      "mean": 0.7290447495000001,
      "stddev": 0.027860147421671175,
      "median": 0.7301781344,
      "user": 2.20122028,
      "system": 0.06702361999999999,
      "min": 0.6888497249000001,
      "max": 0.7608545779,
      "times": [
        0.7608545779,
        0.6964139489000001,
        0.7584483369,
        0.7443316779,
        0.7487180989000001,
        0.7582815109000001,
        0.7085115979000001,
        0.6888497249000001,
        0.7160245909,
        0.7100134299
      ],
      "exit_codes": [
        0,
        0,
        0,
        0,
        0,
        0,
        0,
        0,
        0,
        0
      ],
      "parameters": {
        "VERSION": "3.1.1"
      }
    },
    {
      "command": "3.2.5",
      "mean": 0.7547987427,
      "stddev": 0.016578392141006714,
      "median": 0.7562744864,
      "user": 2.3913609800000004,
      "system": 0.06209001999999999,
      "min": 0.7323309559000001,
      "max": 0.7871051759000001,
      "times": [
        0.7397008029000001,
        0.7454465199,
        0.7722745029,
        0.7569370449,
        0.7556119279,
        0.7871051759000001,
        0.7392509739,
        0.7574350019,
        0.7618945209,
        0.7323309559000001
      ],
      "exit_codes": [
        0,
        0,
        0,
        0,
        0,
        0,
        0,
        0,
        0,
        0
      ],
      "parameters": {
        "VERSION": "3.2.5"
      }
    },
    {
      "command": "3.3.9",
      "mean": 0.7879267798,
      "stddev": 0.01926084641862506,
      "median": 0.7895734439000001,
      "user": 2.3775918799999998,
      "system": 0.06809822000000001,
      "min": 0.7599242109000001,
      "max": 0.8199585089,
      "times": [
        0.7599242109000001,
        0.8199585089,
        0.7620223979,
        0.7770492749000001,
        0.7775860019,
        0.8061669309,
        0.7983616259,
        0.7951221269000001,
        0.7840247609000001,
        0.7990519589
      ],
      "exit_codes": [
        0,
        0,
        0,
        0,
        0,
        0,
        0,
        0,
        0,
        0
      ],
      "parameters": {
        "VERSION": "3.3.9"
      }
    },
    {
      "command": "3.5.4",
      "mean": 0.7958138389999998,
      "stddev": 0.018379781937888584,
      "median": 0.7925483354,
      "user": 2.42543288,
      "system": 0.07521171999999998,
      "min": 0.7725837259,
      "max": 0.8284874469000001,
      "times": [
        0.7890954259,
        0.7996042049000001,
        0.8102499799,
        0.8284874469000001,
        0.7907519849,
        0.8174663609,
        0.7943446859000001,
        0.7807765929,
        0.7747779819,
        0.7725837259
      ],
      "exit_codes": [
        0,
        0,
        0,
        0,
        0,
        0,
        0,
        0,
        0,
        0
      ],
      "parameters": {
        "VERSION": "3.5.4"
      }
    },
    {
      "command": "3.6.3",
      "mean": 0.8108084878000001,
      "stddev": 0.02683333901047694,
      "median": 0.8065356994,
      "user": 2.44132938,
      "system": 0.07701741999999999,
      "min": 0.7687743379,
      "max": 0.8511749699000001,
      "times": [
        0.8388527429,
        0.8190058149,
        0.7944782329000001,
        0.8126741389000001,
        0.8420528329,
        0.7946588389,
        0.8511749699000001,
        0.8003972599,
        0.7687743379,
        0.7860157089
      ],
      "exit_codes": [
        0,
        0,
        0,
        0,
        0,
        0,
        0,
        0,
        0,
        0
      ],
      "parameters": {
        "VERSION": "3.6.3"
      }
    },
    {
      "command": "3.8.1",
      "mean": 0.7804886911000001,
      "stddev": 0.025552401874313374,
      "median": 0.7763566699000001,
      "user": 2.3766095799999998,
      "system": 0.08320372000000001,
      "min": 0.7414235069,
      "max": 0.8318388619,
      "times": [
        0.7934038499,
        0.7995743779000001,
        0.7787135779000001,
        0.7908598209000001,
        0.8318388619,
        0.7718776139,
        0.7414235069,
        0.7725893969000001,
        0.7506061429,
        0.7739997619000001
      ],
      "exit_codes": [
        0,
        0,
        0,
        0,
        0,
        0,
        0,
        0,
        0,
        0
      ],
      "parameters": {
        "VERSION": "3.8.1"
      }
    },
    {
      "command": "3.8.2",
      "mean": 0.7889978925000001,
      "stddev": 0.020393508020381968,
      "median": 0.7877578269000001,
      "user": 2.38365078,
      "system": 0.06633371999999998,
      "min": 0.7553139969,
      "max": 0.8239723749000001,
      "times": [
        0.7712960379,
        0.7808818039000001,
        0.8027234629000001,
        0.7711890499,
        0.8052062109,
        0.8038803339,
        0.7553139969,
        0.7903261339000001,
        0.7851895199000001,
        0.8239723749000001
      ],
      "exit_codes": [
        0,
        0,
        0,
        0,
        0,
        0,
        0,
        0,
        0,
        0
      ],
      "parameters": {
        "VERSION": "3.8.2"
      }
    },
    {
      "command": "3.8.3",
      "mean": 0.7701399671000001,
      "stddev": 0.020940752268240805,
      "median": 0.7683632394000001,
      "user": 2.3924701799999997,
      "system": 0.05898721999999999,
      "min": 0.7463584359000001,
      "max": 0.8119525069,
      "times": [
        0.7753459589,
        0.7572062819000001,
        0.8119525069,
        0.7936289129,
        0.7518450219,
        0.7722992229000001,
        0.7790566689,
        0.7492794049,
        0.7463584359000001,
        0.7644272559
      ],
      "exit_codes": [
        0,
        0,
        0,
        0,
        0,
        0,
        0,
        0,
        0,
        0
      ],
      "parameters": {
        "VERSION": "3.8.3"
      }
    },
    {
      "command": "3.8.4",
      "mean": 0.7461881442,
      "stddev": 0.01664374891609591,
      "median": 0.7422245914000001,
      "user": 2.31473538,
      "system": 0.06804422,
      "min": 0.7182537509,
      "max": 0.7791791069,
      "times": [
        0.7357691439,
        0.7182537509,
        0.7393487759,
        0.7536187389000001,
        0.7451004069,
        0.7577651689,
        0.7385504959,
        0.7366965519,
        0.7791791069,
        0.7575993019
      ],
      "exit_codes": [
        0,
        0,
        0,
        0,
        0,
        0,
        0,
        0,
        0,
        0
      ],
      "parameters": {
        "VERSION": "3.8.4"
      }
    },
    {
      "command": "3.8.5",
      "mean": 0.7621552141000001,
      "stddev": 0.014038670619512781,
      "median": 0.7608461884,
      "user": 2.3589815800000005,
      "system": 0.059204419999999994,
      "min": 0.7437493789,
      "max": 0.7916436229,
      "times": [
        0.7727030639,
        0.7614408189,
        0.7476453149000001,
        0.7530146539,
        0.7602515579,
        0.7551720419,
        0.7635134579,
        0.7916436229,
        0.7724182299000001,
        0.7437493789
      ],
      "exit_codes": [
        0,
        0,
        0,
        0,
        0,
        0,
        0,
        0,
        0,
        0
      ],