{
  "results": [
    {
      "command": "3.0.5",
      "mean": 0.8850205150399999,
      "stddev": 0.019503460055419076,
      "median": 0.8788873368400001,
      "user": 2.8696604599999995,
      "system": 0.16001068,
      "min": 0.84801363034,
      "max": 0.91828338234,
      "times": [
        0.87856714434,
        0.84801363034,
        0.89275227034,
        0.87406374934,
        0.91828338234,
        0.90611294734,
        0.87920752934,
        0.87819237934,
        0.87780041134,
        0.89721170634
      ],
      "exit_codes": [
        0,
        0,
        0,
        0,
        0,
        0,
        0,
        0,
        0,
        0
      ],
      "parameters": {
        "VERSION": "3.0.5"
      }
    },
    {
      "command": "3.1.1",
      "mean": 0.9356012514400002,
      "stddev": 0.016449563205382232,
      "median": 0.93875601534,
      "user": 3.1002424599999996,
      "system": 0.14253468000000002,
      "min": 0.90639049034,
      "max": 0.95845963834,
      "times": [
        0.92787852534,
        0.93050905334,
        0.93707579034,
        0.95845963834,
        0.94094623934,
        0.95143425334,
        0.90639049034,
        0.94925308334,
        0.94043624034,
        0.9136292003400001
      ],
      "exit_codes": [
        0,
        0,
        0,
        0,
        0,
        0,
        0,
        0,
        0,
        0
      ],
      "parameters": {
        "VERSION": "3.1.1"
      }
    },
    {
      "command": "3.2.5",
      "mean": 1.0031549542399998,
      "stddev": 0.03620121800460241,
      "median": 0.99169615734,
      "user": 3.3971519599999995,
      "system": 0.16422558,
      "min": 0.95349538434,
      "max": 1.06422696434,
      "times": [
        0.97580903934,
        0.98625674534,
        0.95349538434,
        0.98359101834,
        0.98305816934,
        0.99713556934,
        1.06271572034,
        1.01542555034,
        1.00983538134,
        1.06422696434
      ],
      "exit_codes": [
        0,
        0,
        0,
        0,
        0,
        0,
        0,
        0,
        0,
        0
      ],
      "parameters": {
        "VERSION": "3.2.5"
      }
    },
    {
      "command": "3.3.9",
      "mean": 0.99429905114,
      "stddev": 0.016573744536230763,
      "median": 0.99613459284,
      "user": 3.3317964599999996,
      "system": 0.16134257999999999,
      "min": 0.97277664134,
      "max": 1.0222031003399998,
      "times": [
        0.98084650234,
        1.00599446134,
        1.0222031003399998,
        1.00505827334,
        1.00678720334,
        1.00323018634,
        0.97428669634,
        0.9890389993400001,
        0.98276844734,
        0.97277664134
      ],
      "exit_codes": [
        0,
        0,
        0,
        0,
        0,
        0,
        0,
        0,
        0,
        0
      ],
      "parameters": {
        "VERSION": "3.3.9"
      }
    },
    {
      "command": "3.5.4",
      "mean": 1.0660749917399999,
      "stddev": 0.02389245493977215,
      "median": 1.0620326958400002,
      "user": 3.57528396,
      "system": 0.22106108,
      "min": 1.03499460034,
      "max": 1.10470941434,
      "times": [
        1.0468506713399999,
        1.04720753434,
        1.07333380034,
        1.1029503243399998,
        1.03499460034,
        1.07747016234,
        1.06883796634,
        1.05522742534,
        1.0491680183399998,
        1.10470941434
      ],
      "exit_codes": [
        0,
        0,
        0,
        0,
        0,
        0,
        0,
        0,
        0,
        0
      ],
      "parameters": {
        "VERSION": "3.5.4"
      }
    },
    {
      "command": "3.6.3",
      "mean": 1.00019339844,
      "stddev": 0.02556528809871859,
      "median": 1.0077435498399998,
      "user": 3.22435916,
      "system": 0.19869097999999996,
      "min": 0.95998559134,
      "max": 1.04428111234,
      "times": [
        0.97612760234,
        1.00631177334,
        0.95998559134,
        1.00609239934,
        1.01254267734,
        0.96548761234,
        1.0091753263399998,
        1.01035570934,
        1.04428111234,
        1.01157418034
      ],
      "exit_codes": [
        0,
        0,
        0,
        0,
        0,
        0,
        0,
        0,
        0,
        0
      ],
      "parameters": {
        "VERSION": "3.6.3"
      }
    },
    {
      "command": "3.8.1",
      "mean": 1.0061430680399999,
      "stddev": 0.029888397615827254,
      "median": 1.00202643984,
      "user": 3.26507856,
      "system": 0.22990008000000003,
      "min": 0.96501711334,
      "max": 1.04554558234,
      "times": [
        0.97876020034,
        1.02831597734,
        0.99260634634,
        1.01129236734,
        0.97190852234,
        1.03505868934,
        1.04554558234,
        1.04016536934,
        0.99276051234,
        0.96501711334
      ],
      "exit_codes": [
        0,
        0,
        0,
        0,
        0,
        0,
        0,
        0,
        0,
        0
      ],
      "parameters": {
        "VERSION": "3.8.1"
      }
    },
    {
      "command": "3.8.2",
      "mean": 0.9623617158399999,
      "stddev": 0.02166477686464616,
      "median": 0.95383776584,
      "user": 3.1181538600000005,
      "system": 0.13778568,
      "min": 0.94247253334,
      "max": 1.01666927034,
      "times": [
        0.97047877534,
        0.95153947034,
        0.95319357134,
        0.96780100834,
        0.9716239183400001,
        1.01666927034,
        0.95448196034,
        0.94247253334,
        0.94632894234,
        0.94902770834
      ],
      "exit_codes": [
        0,
        0,
        0,
        0,
        0,
        0,
        0,
        0,
        0,
        0
      ],
      "parameters": {
        "VERSION": "3.8.2"
      }
    },
    {
      "command": "3.8.3",
      "mean": 0.95794653704,
      "stddev": 0.01776331885570579,
      "median": 0.9540611618400001,
      "user": 3.0823331599999997,
      "system": 0.15785828,
      "min": 0.93345627534,
      "max": 0.98064998634,
      "times": [
        0.9554549893400001,
        0.9526673343400001,
        0.93345627534,
        0.97844962834,
        0.94774022934,
        0.97791894134,
        0.93898283434,
        0.98064998634,
        0.94282599534,
        0.97131915634
      ],
      "exit_codes": [
        0,
        0,
        0,
        0,
        0,
        0,
        0,
        0,
        0,
        0
      ],
      "parameters": {
        "VERSION": "3.8.3"
      }
    },
    {
      "command": "3.8.4",
      "mean": 0.97121642844,
      "stddev": 0.041419547860083165,
      "median": 0.95330188384,
      "user": 3.1571718599999996,
      "system": 0.15159048,
      "min": 0.94107395634,
      "max": 1.0570035843399999,
      "times": [
        0.94107395634,
        0.94356587834,
        0.94603509934,
        0.95209246734,
        1.03843358034,
        0.95340461634,
        1.0570035843399999,
        0.95319915134,
        0.95548826734,
        0.97186768334
      ],
      "exit_codes": [
        0,
        0,
        0,
        0,
        0,
        0,
        0,
        0,
        0,
        0
      ],
      "parameters": {
        "VERSION": "3.8.4"
      }
    },
    {
      "command": "3.8.5",
      "mean": 0.95373463734,
      "stddev": 0.024123705320985858,
      "median": 0.9513009503400001,
      "user": 3.07362456,
      "system": 0.11832508,
      "min": 0.92187886634,
      "max": 0.9936588603400001,
      "times": [
        0.95056325334,
        0.94363654534,
        0.93218649434,
        0.92631710234,
        0.9936588603400001,
        0.97397074334,
        0.92187886634,
        0.98281222534,
        0.96028363534,
        0.95203864734
      ],
      "exit_codes": [
        0,
        0,
        0,
        0,
        0,
        0,
        0,
        0,
        0,
        0
      ],
      "parameters": {
        "VERSION": "3.8.5"
      }
    },
    {
      "command": "3.8.6",
      "mean": 0.9527761053399999,