{
  "results": [
    {
      "command": "3.0.5",
      "mean": 0.67168924204,
      "stddev": 0.024015696856754903,
      "median": 0.66422374104,
      "user": 1.8181712399999999,
      "system": 0.12384278,
      "min": 0.62900405254,
      "max": 0.7011616995400001,
      "times": [
        0.6570178535400001,
        0.62900405254,
        0.69463279054,
        0.69479383754,
        0.65786779354,
        0.65666087254,
        0.65974703954,
        0.6973060385400001,
        0.66870044254,
        0.7011616995400001
      ],
      "exit_codes": [
        0,
        0,
        0,
        0,
        0,
        0,
        0,
        0,
        0,
        0
      ],
      "parameters": {
        "VERSION": "3.0.5"
      }
    },
    {
      "command": "3.6.3",
      "mean": 0.8112915753400001,
      "stddev": 0.017457094702683758,
      "median": 0.81187858654,
      "user": 2.40775344,
      "system": 0.14120348,
      "min": 0.78503227454,
      "max": 0.84122577154,
      "times": [
        0.84122577154,
        0.8153464515400001,
        0.80250126854,
        0.80841072154,
        0.7899174115400001,
        0.8209101225400001,
        0.82273565954,
        0.8269411925400001,
        0.79989487954,
        0.78503227454
      ],
      "exit_codes": [
        0,
        0,
        0,
        0,
        0,
        0,
        0,
        0,
        0,
        0
      ],
      "parameters": {
        "VERSION": "3.6.3"
      }
    },
    {
      "command": "3.8.8",
      "mean": 0.79436370784,
      "stddev": 0.024314077819638992,
      "median": 0.78844534554,
      "user": 2.41358634,
      "system": 0.09733358000000002,
      "min": 0.77341030454,
      "max": 0.8494516995400001,
      "times": [
        0.79149300454,
        0.7909009085400001,
        0.78556277054,
        0.7859897825400001,
        0.77609578154,
        0.77341030454,
        0.8250700265400001,
        0.8494516995400001,
        0.79109103254,
        0.77457176754
      ],
      "exit_codes": [
        0,
        0,
        0,
        0,
        0,
        0,
        0,
        0,
        0,
        0
      ],
      "parameters": {
        "VERSION": "3.8.8"
      }
    },
    {
      "command": "3.9.9",
      "mean": 0.9761640061400003,
      "stddev": 0.022277960785178838,
      "median": 0.9731089470400001,
      "user": 3.06611744,
      "system": 0.12293587999999997,
      "min": 0.94524641854,
      "max": 1.01182793454,
      "times": [
        0.9516810195400001,
        0.94524641854,
        0.97355649154,
        1.0031187645400002,
        0.99275031654,
        1.01182793454,
        0.9584606215400001,
        0.9885256545400001,
        0.9726614025400001,
        0.9638114375400001
      ],
      "exit_codes": [
        0,
        0,
        0,
        0,
        0,
        0,
        0,
        0,
        0,
        0
      ],
      "parameters": {
        "VERSION": "3.9.9"
      }
    },
    {
      "command": "4.0.0-alpha-13",
      "mean": 1.3880032311400001,
      "stddev": 0.04496795752942426,
      "median": 1.39177797754,
      "user": 4.649752039999999,
      "system": 0.19305398000000001,
      "min": 1.3349923245400002,
      "max": 1.4859538575400002,
      "times": [
        1.3404584485400002,
        1.3658643015400003,
        1.4859538575400002,
        1.40572590154,
        1.4127816475400001,
        1.40298922354,
        1.38083945554,
        1.40271649954,
        1.3477106515400001,
        1.3349923245400002
      ],
      "exit_codes": [
        0,
        0,
        0,
        0,
        0,
        0,
        0,
        0,
        0,
        0
      ],
      "parameters": {
        "VERSION": "4.0.0-alpha-13"
      }
    },
    {
      "command": "4.0.0-beta-3",
      "mean": 1.4641753771400001,
      "stddev": 0.04031238891051749,
      "median": 1.4729966275400002,
      "user": 4.839609739999998,
      "system": 0.20020517999999998,
      "min": 1.3984418195400001,
      "max": 1.5131867595400001,
      "times": [
        1.46898770054,
        1.41606145154,
        1.3984418195400001,
        1.4566928045400003,
        1.4770055545400003,
        1.50689382454,
        1.4815872685400002,
        1.5131867595400001,
        1.5014555295400003,
        1.4214410585400001
      ],
      "exit_codes": [
        0,
        0,
        0,
        0,
        0,
        0,
        0,
        0,
        0,
        0
      ],
      "parameters": {
        "VERSION": "4.0.0-beta-3"
      }
    },
    {
      "command": "4.0.0-beta-4",
      "mean": 1.48768029764,
      "stddev": 0.039805906337049,
      "median": 1.4843263345400002,
      "user": 4.983199839999998,
      "system": 0.20401217999999996,
      "min": 1.43542553554,
      "max": 1.5402197745400001,
      "times": [
        1.4817156645400003,
        1.4665930145400001,
        1.5087169515400003,
        1.43736933954,
        1.5339806475400002,
        1.5323966555400002,
        1.43542553554,
        1.48693700454,
        1.45344838854,
        1.5402197745400001
      ],
      "exit_codes": [
        0,
        0,
        0,
        0,
        0,
        0,
        0,
        0,
        0,
        0
      ],
      "parameters": {
        "VERSION": "4.0.0-beta-4"
      }
    }
  ]
}
