{
  "results": [
    {
      "command": "3.0.5",
      "mean": 15.331141138520001,
      "stddev": 0.1718106823506449,
      "median": 15.29719849292,
      "user": 29.029175339999995,
      "system": 1.6331107999999996,
      "min": 15.15203466742,
      "max": 15.76501768842,
      "times": [
        15.33813561842,
        15.271415821420002,
        15.15203466742,
        15.425975475420001,
        15.339377628420001,
        15.76501768842,
        15.24500527442,
        15.289671010420001,
        15.18005222542,
        15.30472597542
      ],
      "exit_codes": [
        0,
        0,
        0,
        0,
        0,
        0,
        0,
        0,
        0,
        0
      ],
      "parameters": {
        "VERSION": "3.0.5"
      }
    },
    {
      "command": "3.1.1",
      "mean": 35.38665728171999,
      "stddev": 0.9637742751110698,
      "median": 35.62174947842,
      "user": 88.23050584,
      "system": 4.100149199999999,
      "min": 33.58273524742,
      "max": 36.84178759842,
      "times": [
        34.88732426742,
        34.48625905542,
        36.15329323642,
        36.07661820542,
        36.84178759842,
        35.42971260442,
        34.721246713419994,
        33.58273524742,
        35.813786352419996,
        35.87380953642
      ],
      "exit_codes": [
        0,
        0,
        0,
        0,
        0,
        0,
        0,
        0,
        0,
        0
      ],
      "parameters": {
        "VERSION": "3.1.1"
      }
    },
    {
      "command": "3.2.5",
      "mean": 34.463396953319986,
      "stddev": 1.8541771310986952,
      "median": 34.96147495842,
      "user": 87.11095424,
      "system": 4.233390399999999,
      "min": 29.83062447942,
      "max": 36.34549857642,
      "times": [
        33.76778096242,
        35.363953693419994,
        35.92480589342,
        29.83062447942,
        35.219215526419994,
        34.703734390419996,
        34.115990808419994,
        33.769675047419994,
        36.34549857642,
        35.592690155419994
      ],
      "exit_codes": [
        0,
        0,
        0,
        0,
        0,
        0,
        0,
        0,
        0,
        0
      ],
      "parameters": {
        "VERSION": "3.2.5"
      }
    },
    {
      "command": "3.3.9",
      "mean": 36.169418596919996,
      "stddev": 0.6091861886616732,
      "median": 36.43101457291999,
      "user": 90.95760743999999,
      "system": 4.121289899999999,
      "min": 34.87120867542,
      "max": 36.734313715419994,
      "times": [
        36.734313715419994,
        36.528911932419994,
        35.756144217419994,
        36.65940931342,
        34.87120867542,
        36.333117213419996,
        36.175133920419995,
        36.56864883742,
        36.56858426842,
        35.498713875419995
      ],
      "exit_codes": [
        0,
        0,
        0,
        0,
        0,
        0,
        0,
        0,
        0,
        0
      ],
      "parameters": {
        "VERSION": "3.3.9"
      }
    },
    {
      "command": "3.5.4",
      "mean": 22.704246531720003,
      "stddev": 0.4104533986301411,
      "median": 22.570403288420003,
      "user": 37.64158554,
      "system": 4.9292226999999995,
      "min": 22.32479526342,
      "max": 23.71640391542,
      "times": [
        23.01881773442,
        22.48590951042,
        22.549830263420002,
        23.71640391542,
        22.40768222642,
        22.63861080942,
        22.47122956742,
        22.59097631342,
        22.83820971342,
        22.32479526342
      ],
      "exit_codes": [
        0,
        0,
        0,
        0,
        0,
        0,
        0,
        0,
        0,
        0
      ],
      "parameters": {
        "VERSION": "3.5.4"
      }
    },
    {
      "command": "3.6.3",
      "mean": 22.134845221520003,
      "stddev": 0.584609955358657,
      "median": 21.90439762842,
      "user": 37.08303434,
      "system": 4.969329,
      "min": 21.53011906742,
      "max": 23.092819666420002,
      "times": [
        21.69258984942,
        22.59256220042,
        21.53011906742,
        22.03400896342,
        21.57404647142,
        22.89015855742,
        23.092819666420002,
        22.50639578142,
        21.77478629342,
        21.66096536442
      ],
      "exit_codes": [
        0,
        0,
        0,
        0,
        0,
        0,
        0,
        0,
        0,
        0
      ],
      "parameters": {
        "VERSION": "3.6.3"
      }
    },
    {
      "command": "3.8.1",
      "mean": 22.130136234520002,
      "stddev": 0.49759220956956085,
      "median": 22.22543381992,
      "user": 37.39764814,
      "system": 4.923693599999999,
      "min": 21.44571113442,
      "max": 22.87203910142,
      "times": [
        22.29934433842,
        21.511023675420002,
        22.46956590142,
        21.818563338420002,
        21.65770100542,
        22.15152330142,
        22.87203910142,
        21.44571113442,
        22.41745940042,
        22.65843114842
      ],
      "exit_codes": [
        0,
        0,
        0,
        0,
        0,
        0,
        0,
        0,
        0,
        0
      ],
      "parameters": {
        "VERSION": "3.8.1"
      }
    },
    {
      "command": "3.8.2",
      "mean": 20.00234337942,
      "stddev": 0.35064903653616447,
      "median": 20.148197566420002,
      "user": 35.403658840000006,
      "system": 1.5671886,
      "min": 19.25582377142,
      "max": 20.25275837442,
      "times": [
        20.024598634420002,
        20.16221429642,
        20.235436652420002,
        20.248526715420002,
        19.25582377142,
        20.13418083642,
        20.08228610742,
        20.16787680442,
        20.25275837442,
        19.45973160142
      ],
      "exit_codes": [
        0,
        0,
        0,
        0,
        0,
        0,
        0,
        0,
        0,
        0
      ],
      "parameters": {
        "VERSION": "3.8.2"
      }
    },
    {
      "command": "3.8.3",
      "mean": 11.05787702562,
      "stddev": 0.1916001440990189,
      "median": 11.02637009142,
      "user": 26.183830939999996,
      "system": 1.4980023,
      "min": 10.72456640442,
      "max": 11.41700794742,
      "times": [
        10.72456640442,
        11.07757552142,
        10.96006673742,
        11.15625440742,
        10.975164661420001,
        10.967169290420001,
        11.41700794742,
        11.20295408842,
        10.91782334342,
        11.180187854420002
      ],
      "exit_codes": [
        0,
        0,
        0,
        0,
        0,
        0,
        0,
        0,
        0,
        0
      ],
      "parameters": {
        "VERSION": "3.8.3"
      }
    },
    {
      "command": "3.8.4",
      "mean": 10.890409458220002,
      "stddev": 0.23113967543952077,
      "median": 10.78867503442,
      "user": 25.991904439999992,
      "system": 1.5280494999999998,
      "min": 10.64902678342,
      "max": 11.332437498420001,
      "times": [
        11.265063105420001,
        10.922058423420001,
        10.754095899420001,
        10.773508921420001,
        10.80384114742,
        11.332437498420001,
        10.64902678342,
        10.919656600420002,
        10.76751823242,
        10.71688797042
      ],
      "exit_codes": [
        0,
        0,
        0,
        0,
        0,
        0,
        0,
        0,
        0,
        0
      ],
      "parameters": {
        "VERSION": "3.8.4"
      }
    },
    {
      "command": "3.8.5",
      "mean": 10.871718330319998,
      "stddev": 0.19028191749574824,
      "median": 10.82342435542,
      "user": 26.061498539999995,
      "system": 1.4936572999999997,
      "min": 10.64303018342,
      "max": 11.110115958420002,
      "times": [
        11.07803212542,
        10.72729657442,
        11.00755249842,
        10.64303018342,
        10.91187684742,
        10.73497186342,
        10.676880523420001,
        10.72258776542,
        11.110115958420002,
        11.10483896342
      ],