{
  "results": [
    {
      "command": "3.0.5",
      "mean": 1.25725390116,
      "stddev": 0.04882678422425094,
      "median": 1.24238241576,
      "user": 4.467812820000001,
      "system": 0.13856439999999998,
      "min": 1.20794539126,
      "max": 1.38271710326,
      "times": [
        1.25342651726,
        1.26969731426,
        1.23700970526,
        1.38271710326,
        1.2451750082600002,
        1.23958982326,
        1.20794539126,
        1.23707230426,
        1.27938937826,
        1.22051646626
      ],
      "exit_codes": [
        0,
        0,
        0,
        0,
        0,
        0,
        0,
        0,
        0,
        0
      ],
      "parameters": {
        "VERSION": "3.0.5"
      }
    },
    {
      "command": "3.1.1",
      "mean": 1.3853592081600001,
      "stddev": 0.04473711416444676,
      "median": 1.37960661326,
      "user": 4.94170872,
      "system": 0.1483223,
      "min": 1.3092101762600001,
      "max": 1.4437014052600001,
      "times": [
        1.44016025926,
        1.3748101642600001,
        1.4437014052600001,
        1.36639455926,
        1.33078636226,
        1.43059522326,
        1.39914970426,
        1.3092101762600001,
        1.38440306226,
        1.3743811652600002
      ],
      "exit_codes": [
        0,
        0,
        0,
        0,
        0,
        0,
        0,
        0,
        0,
        0
      ],
      "parameters": {
        "VERSION": "3.1.1"
      }
    },
    {
      "command": "3.2.5",
      "mean": 1.4666952458600002,
      "stddev": 0.025456636722951065,
      "median": 1.46245432476,
      "user": 5.312760620000001,
      "system": 0.1689917,
      "min": 1.4300931842600002,
      "max": 1.50519535426,
      "times": [
        1.50519535426,
        1.4823688562600001,
        1.46319275126,
        1.44728596726,
        1.48410723526,
        1.4977170742600001,
        1.46171589826,
        1.4610370832600001,
        1.4300931842600002,
        1.43423905426
      ],
      "exit_codes": [
        0,
        0,
        0,
        0,
        0,
        0,
        0,
        0,
        0,
        0
      ],
      "parameters": {
        "VERSION": "3.2.5"
      }
    },
    {
      "command": "3.3.9",
      "mean": 1.52353209496,
      "stddev": 0.03206873060204229,
      "median": 1.51574165276,
      "user": 5.772516319999999,
      "system": 0.1982098,
      "min": 1.48330948426,
      "max": 1.5736966822600003,
      "times": [
        1.5208701742600002,
        1.5106131312600002,
        1.50455192926,
        1.5736966822600003,
        1.5551677912600002,
        1.4994886922600001,
        1.5561798472600001,
        1.5458900472600001,
        1.48555317026,
        1.48330948426
      ],
      "exit_codes": [
        0,
        0,
        0,
        0,
        0,
        0,
        0,
        0,
        0,
        0
      ],
      "parameters": {
        "VERSION": "3.3.9"
      }
    },
    {
      "command": "3.5.4",
      "mean": 1.5539793919600005,
      "stddev": 0.049220754350145585,
      "median": 1.5406915982600002,
      "user": 5.61734042,
      "system": 0.2926969,
      "min": 1.50005315926,
      "max": 1.67697665826,
      "times": [
        1.58209221926,
        1.5473177522600001,
        1.5303128642600001,
        1.5465407912600002,
        1.50005315926,
        1.53167664126,
        1.5195702262600002,
        1.67697665826,
        1.57041120226,
        1.5348424052600003
      ],
      "exit_codes": [
        0,
        0,
        0,
        0,
        0,
        0,
        0,
        0,
        0,
        0
      ],
      "parameters": {
        "VERSION": "3.5.4"
      }
    },
    {
      "command": "3.6.3",
      "mean": 1.5020948537600003,
      "stddev": 0.045164361659337834,
      "median": 1.4916807917600001,
      "user": 5.47450742,
      "system": 0.2820738,
      "min": 1.4595053312600001,
      "max": 1.6189545852600002,
      "times": [
        1.4595053312600001,
        1.47779786726,
        1.50517668426,
        1.4903291442600002,
        1.50267387526,
        1.49303243926,
        1.46276089126,
        1.4895615822600001,
        1.6189545852600002,
        1.52115613726
      ],
      "exit_codes": [
        0,
        0,
        0,
        0,
        0,
        0,
        0,
        0,
        0,
        0
      ],
      "parameters": {
        "VERSION": "3.6.3"
      }
    },
    {
      "command": "3.8.1",
      "mean": 1.5183780257600001,
      "stddev": 0.02667318197418635,
      "median": 1.52121009526,
      "user": 5.55356072,
      "system": 0.2830464,
      "min": 1.46769593226,
      "max": 1.56068652826,
      "times": [
        1.5306219072600002,
        1.54898623126,
        1.56068652826,
        1.5259820592600002,
        1.50410051926,
        1.5086655192600003,
        1.4946213702600002,
        1.5244695162600002,
        1.51795067426,
        1.46769593226
      ],
      "exit_codes": [
        0,
        0,
        0,
        0,
        0,
        0,
        0,
        0,
        0,
        0
      ],
      "parameters": {
        "VERSION": "3.8.1"
      }
    },
    {
      "command": "3.8.2",
      "mean": 1.4487713365600001,
      "stddev": 0.03438958341974577,
      "median": 1.4531202167600001,
      "user": 5.34360462,
      "system": 0.1934397,
      "min": 1.39888515126,
      "max": 1.50178511626,
      "times": [
        1.43552135226,
        1.48693204626,
        1.45794684926,
        1.4770047372600001,
        1.50178511626,
        1.4485231682600002,
        1.4577172652600001,
        1.41052609826,
        1.4128715812600001,
        1.39888515126
      ],
      "exit_codes": [
        0,
        0,
        0,
        0,
        0,
        0,
        0,
        0,
        0,
        0
      ],
      "parameters": {
        "VERSION": "3.8.2"
      }
    },
    {
      "command": "3.8.3",
      "mean": 1.4069954302600003,
      "stddev": 0.032717476976765414,
      "median": 1.4020480537600002,
      "user": 5.05380222,
      "system": 0.1432042,
      "min": 1.36245849426,
      "max": 1.46839523526,
      "times": [
        1.46839523526,
        1.3821623362600002,
        1.40105527826,
        1.43352858126,
        1.4122404372600001,
        1.37001504126,
        1.3979413842600001,
        1.36245849426,
        1.40304082926,
        1.4391166852600001
      ],
      "exit_codes": [
        0,
        0,
        0,
        0,
        0,
        0,
        0,
        0,
        0,
        0
      ],
      "parameters": {
        "VERSION": "3.8.3"
      }
    },
    {
      "command": "3.8.4",
      "mean": 1.38110330506,
      "stddev": 0.04141695693937295,
      "median": 1.38034342476,
      "user": 5.00976532,
      "system": 0.1375013,
      "min": 1.3175047342600001,
      "max": 1.45666475026,
      "times": [
        1.3865062512600002,
        1.4205647752600001,
        1.38317820126,
        1.35353109026,
        1.45666475026,
        1.3175047342600001,
        1.33261007826,
        1.41088686026,
        1.37750864826,
        1.37207766126
      ],
      "exit_codes": [
        0,
        0,
        0,
        0,
        0,
        0,
        0,
        0,
        0,
        0
      ],
      "parameters": {
        "VERSION": "3.8.4"
      }
    },
    {
      "command": "3.8.5",
      "mean": 1.38388038586,
      "stddev": 0.039879128798109224,
      "median": 1.37453125676,
      "user": 5.012087019999999,
      "system": 0.1404259,
      "min": 1.3412591982600002,
      "max": 1.44286531426,
      "times": [
        1.34355309226,
        1.40831878226,
        1.34951949826,
        1.43625904426,
        1.44286531426,
        1.36933783726,
        1.3797246762600002,
        1.42032065226,
        1.34764576326,
        1.3412591982600002
      ],
      "exit_codes": [
        0,
        0,
        0,
        0,
        0,
        0,
        0,
        0,
        0,
        0
      ],