{
  "results": [
    {
      "command": "3.0.5",
      "mean": 0.8229009311600001,
      "stddev": 0.025633438590580263,
      "median": 0.8254735319600001,
      "user": 2.7291363,
      "system": 0.11364670000000002,
      "min": 0.7852304199600001,
      "max": 0.8720252999600001,
      "times": [
        0.8720252999600001,
        0.8015868419600001,
        0.8223195389600001,
        0.83261762796,
        0.8172160419600001,
        0.83603979496,
        0.7852304199600001,
        0.84134122596,
        0.7920049949600001,
        0.82862752496
      ],
      "exit_codes": [
        0,
        0,
        0,
        0,
        0,
        0,
        0,
        0,
        0,
        0
      ],
      "parameters": {
        "VERSION": "3.0.5"
      }
    },
    {
      "command": "3.1.1",
      "mean": 0.8679825620600001,
      "stddev": 0.02677806160248899,
      "median": 0.85741985996,
      "user": 2.8895521000000004,
      "system": 0.10428950000000001,
      "min": 0.84024349196,
      "max": 0.92008448196,
      "times": [
        0.8549034359600001,
        0.8561006669600001,
        0.92008448196,
        0.86918362796,
        0.86865277196,
        0.85385996196,
        0.84024349196,
        0.91163611696,
        0.8464220119600001,
        0.8587390529600001
      ],
      "exit_codes": [
        0,
        0,
        0,
        0,
        0,
        0,
        0,
        0,
        0,
        0
      ],
      "parameters": {
        "VERSION": "3.1.1"
      }
    },
    {
      "command": "3.2.5",
      "mean": 0.9264800391600001,
      "stddev": 0.03239857307379722,
      "median": 0.9250520309600001,
      "user": 3.1637208999999995,
      "system": 0.10943289999999999,
      "min": 0.8871911009600001,
      "max": 1.00384282496,
      "times": [
        0.9420336789600001,
        0.9357397309600001,
        0.92338201196,
        0.8941672719600001,
        0.93089991896,
        0.9111137399600001,
        0.8871911009600001,
        0.9267220499600001,
        0.9097080629600001,
        1.00384282496
      ],
      "exit_codes": [
        0,
        0,
        0,
        0,
        0,
        0,
        0,
        0,
        0,
        0
      ],
      "parameters": {
        "VERSION": "3.2.5"
      }
    },
    {
      "command": "3.3.9",
      "mean": 0.94132541436,
      "stddev": 0.01615107887261357,
      "median": 0.94232612146,
      "user": 3.2743172,
      "system": 0.11146079999999998,
      "min": 0.9184717999600001,
      "max": 0.9615730639600001,
      "times": [
        0.9608576199600001,
        0.9536182869600001,
        0.93076887196,
        0.9281318959600001,
        0.9409238549600001,
        0.94372838796,
        0.9543754479600001,
        0.9184717999600001,
        0.9208049139600001,
        0.9615730639600001
      ],
      "exit_codes": [
        0,
        0,
        0,
        0,
        0,
        0,
        0,
        0,
        0,
        0
      ],
      "parameters": {
        "VERSION": "3.3.9"
      }
    },
    {
      "command": "3.5.4",
      "mean": 0.9596774302600002,
      "stddev": 0.028666161469311176,
      "median": 0.94657160846,
      "user": 3.3327511999999997,
      "system": 0.133398,
      "min": 0.9315591229600001,
      "max": 1.00645017196,
      "times": [
        1.00561074196,
        0.93668795796,
        0.9481957989600001,
        0.94494741796,
        0.9315591229600001,
        1.00645017196,
        0.94377406596,
        0.9320031219600001,
        0.9764255819600001,
        0.9711203209600001
      ],
      "exit_codes": [
        0,
        0,
        0,
        0,
        0,
        0,
        0,
        0,
        0,
        0
      ],
      "parameters": {
        "VERSION": "3.5.4"
      }
    },
    {
      "command": "3.6.3",
      "mean": 0.9073938231600002,
      "stddev": 0.013992072494191083,
      "median": 0.90329362446,
      "user": 3.0539641,
      "system": 0.1322851,
      "min": 0.8860881879600001,
      "max": 0.9364652239600001,
      "times": [
        0.89971179696,
        0.9017362669600001,
        0.9364652239600001,
        0.90785061996,
        0.9026156159600001,
        0.90397163296,
        0.8860881879600001,
        0.9011595909600001,
        0.9244892949600001,
        0.90985000096
      ],
      "exit_codes": [
        0,
        0,
        0,
        0,
        0,
        0,
        0,
        0,
        0,
        0
      ],
      "parameters": {
        "VERSION": "3.6.3"
      }
    },
    {
      "command": "3.8.1",
      "mean": 0.9085592676600001,
      "stddev": 0.01980030515679608,
      "median": 0.9036455559600001,
      "user": 3.079465,
      "system": 0.1481578,
      "min": 0.8772745819600001,
      "max": 0.9390190009600001,
      "times": [
        0.89777329396,
        0.9390190009600001,
        0.9018190949600001,
        0.8772745819600001,
        0.92682432796,
        0.8917091609600001,
        0.9253136849600001,
        0.9054720169600001,
        0.8936551439600001,
        0.9267323699600001
      ],
      "exit_codes": [
        0,
        0,
        0,
        0,
        0,
        0,
        0,
        0,
        0,
        0
      ],
      "parameters": {
        "VERSION": "3.8.1"
      }
    },
    {
      "command": "3.8.2",
      "mean": 0.9016977327600001,
      "stddev": 0.022767057171082898,
      "median": 0.90977768696,
      "user": 3.0112598999999998,
      "system": 0.0983337,
      "min": 0.8551492299600001,
      "max": 0.92239852596,
      "times": [
        0.90987813896,
        0.89631447996,
        0.9184223919600001,
        0.8551492299600001,
        0.9096772349600001,
        0.8703377709600001,
        0.8962619809600001,
        0.9192837519600001,
        0.92239852596,
        0.91925382196
      ],
      "exit_codes": [
        0,
        0,
        0,
        0,
        0,
        0,
        0,
        0,
        0,
        0
      ],
      "parameters": {
        "VERSION": "3.8.2"
      }
    },
    {
      "command": "3.8.3",
      "mean": 0.8850582669600001,
      "stddev": 0.02421562901987862,
      "median": 0.8860241144600001,
      "user": 2.9673100000000003,
      "system": 0.0955197,
      "min": 0.8537610939600001,
      "max": 0.9177633879600001,
      "times": [
        0.89773595496,
        0.8976905659600001,
        0.91614645796,
        0.8743576629600001,
        0.8590772939600001,
        0.9177633879600001,
        0.8537610939600001,
        0.86316524496,
        0.90378022796,
        0.86710477896
      ],
      "exit_codes": [
        0,
        0,
        0,
        0,
        0,
        0,
        0,
        0,
        0,
        0
      ],
      "parameters": {
        "VERSION": "3.8.3"
      }
    },
    {
      "command": "3.8.4",
      "mean": 0.8946685034599999,
      "stddev": 0.01971005086097341,
      "median": 0.8998142744600001,
      "user": 2.98921,
      "system": 0.0866759,
      "min": 0.86642073596,
      "max": 0.9193741589600001,
      "times": [
        0.90713279696,
        0.8691778089600001,
        0.90279652196,
        0.8883908419600001,
        0.91914738496,
        0.90455678896,
        0.8728559689600001,
        0.8968320269600001,
        0.9193741589600001,
        0.86642073596
      ],
      "exit_codes": [
        0,
        0,
        0,
        0,
        0,
        0,
        0,
        0,
        0,
        0
      ],
      "parameters": {
        "VERSION": "3.8.4"
      }
    },
    {
      "command": "3.8.5",
      "mean": 0.8921020206600001,
      "stddev": 0.014334674067910143,
      "median": 0.8866522344600001,
      "user": 3.0104381,
      "system": 0.0961509,
      "min": 0.87193623196,
      "max": 0.91525686896,