{
  "results": [
    {
      "command": "3.0.5",
      "mean": 0.9254265316400001,
      "stddev": 0.019047042705391044,
      "median": 0.9197345530400001,
      "user": 3.0552336799999997,
      "system": 0.13263877999999998,
      "min": 0.9020266105400001,
      "max": 0.9640854895400001,
      "times": [
        0.9157659805400001,
        0.9494437085400002,
        0.9640854895400001,
        0.9193586665400001,
        0.9329208325400001,
        0.9148644025400001,
        0.92011043954,
        0.90771760854,
        0.9020266105400001,
        0.9279715775400001
      ],
      "exit_codes": [
        0,
        0,
        0,
        0,
        0,
        0,
        0,
        0,
        0,
        0
      ],
      "parameters": {
        "VERSION": "3.0.5"
      }
    },
    {
      "command": "3.6.3",
      "mean": 1.02155208254,
      "stddev": 0.020444569144356033,
      "median": 1.02217601004,
      "user": 3.4026512799999993,
      "system": 0.16591007999999996,
      "min": 0.9879810045400002,
      "max": 1.04711956154,
      "times": [
        1.01478390154,
        1.03443041554,
        1.01625883854,
        0.9922031255400001,
        1.0126376425399999,
        1.0280931815399998,
        0.9879810045400002,
        1.04166347654,
        1.0403496775399999,
        1.04711956154
      ],
      "exit_codes": [
        0,
        0,
        0,
        0,
        0,
        0,
        0,
        0,
        0,
        0
      ],
      "parameters": {
        "VERSION": "3.6.3"
      }
    },
    {
      "command": "3.8.8",
      "mean": 0.97939095644,
      "stddev": 0.03015537939780605,
      "median": 0.9738345475400001,
      "user": 3.23399298,
      "system": 0.09754248000000001,
      "min": 0.9508001775400001,
      "max": 1.05133017254,
      "times": [
        0.9674677405400001,
        0.9582572745400001,
        0.9533886475400001,
        0.9769430305400001,
        1.05133017254,
        0.9773592505400001,
        0.9508001775400001,
        0.9707260645400001,
        0.9792410765400001,
        1.00839612954
      ],
      "exit_codes": [
        0,
        0,
        0,
        0,
        0,
        0,
        0,
        0,
        0,
        0
      ],
      "parameters": {
        "VERSION": "3.8.8"
      }
    },
    {
      "command": "3.9.4",
      "mean": 1.13718475704,
      "stddev": 0.019841704038619176,
      "median": 1.13726708704,
      "user": 3.7775714799999998,
      "system": 0.10274067999999999,
      "min": 1.11169977054,
      "max": 1.1832526295399999,
      "times": [
        1.11230775654,
        1.14001195354,
        1.13372395954,
        1.13582368054,
        1.1387104935399999,
        1.13064667054,
        1.1832526295399999,
        1.11169977054,
        1.14614330054,
        1.1395273555399998
      ],
      "exit_codes": [
        0,
        0,
        0,
        0,
        0,
        0,
        0,
        0,
        0,
        0
      ],
      "parameters": {
        "VERSION": "3.9.4"
      }
    },
    {
      "command": "3.9.5",
      "mean": 1.1555968818399998,
      "stddev": 0.02524490338482364,
      "median": 1.1544333240399998,
      "user": 3.8159532799999996,
      "system": 0.11211418,
      "min": 1.12202375154,
      "max": 1.19038695354,
      "times": [
        1.12202375154,
        1.16726096154,
        1.1844192225399999,
        1.1417595835399998,
        1.1242561895399998,
        1.1642556415399998,
        1.13563664554,
        1.19038695354,
        1.18135886254,
        1.14461100654
      ],
      "exit_codes": [
        0,
        0,
        0,
        0,
        0,
        0,
        0,
        0,
        0,
        0
      ],
      "parameters": {
        "VERSION": "3.9.5"
      }
    },
    {
      "command": "4.0.0-alpha-7",
      "mean": 1.45383366254,
      "stddev": 0.028028420872994418,
      "median": 1.4422209160400001,
      "user": 4.582217680000001,
      "system": 0.16114488,
      "min": 1.42338199454,
      "max": 1.49425423854,
      "times": [
        1.44611105554,
        1.43833077654,
        1.42811929354,
        1.49425423854,
        1.48158460154,
        1.4336470855399999,
        1.42338199454,
        1.4275784355399999,
        1.47961454754,
        1.48571459654
      ],
      "exit_codes": [
        0,
        0,
        0,
        0,
        0,
        0,
        0,
        0,
        0,
        0
      ],
      "parameters": {
        "VERSION": "4.0.0-alpha-7"
      }
    },
    {
      "command": "4.0.0-alpha-8",
      "mean": 1.5107680983400003,
      "stddev": 0.036503861774244334,
      "median": 1.52149922504,
      "user": 4.850068479999999,
      "system": 0.16116218,
      "min": 1.45854631754,
      "max": 1.56491797654,
      "times": [
        1.4740067985399998,
        1.52601130054,
        1.52698950754,
        1.54837835054,
        1.51698714954,
        1.56491797654,
        1.5353207945399998,
        1.45854631754,
        1.49085438654,
        1.4656684015399999
      ],
      "exit_codes": [
        0,
        0,
        0,
        0,
        0,
        0,
        0,
        0,
        0,
        0
      ],
      "parameters": {
        "VERSION": "4.0.0-alpha-8"
      }
    }
  ]
}
