{
  "results": [
    {
      "command": "3.0.5",
      "mean": 23.01181459612,
      "stddev": 0.12998746059678407,
      "median": 22.99742347142,
      "user": 43.27367852,
      "system": 3.8524741000000007,
      "min": 22.829715259420002,
      "max": 23.28195528342,
      "times": [
        23.101284655420002,
        23.01529825242,
        23.00697098042,
        23.28195528342,
        22.987875962420002,
        22.829715259420002,
        22.92683835842,
        22.908983571420002,
        22.93242053642,
        23.126803101420002
      ],
      "exit_codes": [
        0,
        0,
        0,
        0,
        0,
        0,
        0,
        0,
        0,
        0
      ],
      "parameters": {
        "VERSION": "3.0.5"
      }
    },
    {
      "command": "3.1.1",
      "mean": 740.9806465216201,
      "stddev": 420.19630421420004,
      "median": 1015.8952271904201,
      "user": 7043.79624872,
      "system": 34.0061325,
      "min": 176.18537120342,
      "max": 1133.26917314042,
      "times": [
        555.39167617342,
        1133.26917314042,
        997.15686947942,
        1043.3054746734201,
        1034.6335849014201,
        176.52785270441998,
        176.18537120342,
        176.66771998342,
        1061.13914285442,
        1055.52960010242
      ],
      "exit_codes": [
        0,
        0,
        0,
        0,
        0,
        0,
        0,
        0,
        0,
        0
      ],
      "parameters": {
        "VERSION": "3.1.1"
      }
    },
    {
      "command": "3.2.5",
      "mean": 584.6704258529201,
      "stddev": 522.7565139886755,
      "median": 218.54555088742,
      "user": 5511.570309819999,
      "system": 33.067775999999995,
      "min": 180.65751714042,
      "max": 1502.72882541842,
      "times": [
        924.1982283954201,
        1043.87784214742,
        180.65751714042,
        185.72977119242,
        1201.79352848242,
        1502.72882541842,
        228.12749649142,
        188.18790688642,
        182.43953709142,
        208.96360528341998
      ],
      "exit_codes": [
        0,
        0,
        0,
        0,
        0,
        0,
        0,
        0,
        0,
        0
      ],
      "parameters": {
        "VERSION": "3.2.5"
      }
    },
    {
      "command": "3.3.9",
      "mean": 462.11744981532,
      "stddev": 446.39403787509303,
      "median": 203.21478334592,
      "user": 4311.49986192,
      "system": 31.907374999999995,
      "min": 173.67085656941998,
      "max": 1247.5937043384201,
      "times": [
        232.24333477642,
        804.6818548754201,
        1207.29601292442,
        183.05462340641998,
        182.00809490742,
        184.19644966342,
        210.70487870642,
        1247.5937043384201,
        173.67085656941998,
        195.72468798542
      ],
      "exit_codes": [
        0,
        0,
        0,
        0,
        0,
        0,
        0,
        0,
        0,
        0
      ],
      "parameters": {
        "VERSION": "3.3.9"
      }
    },
    {
      "command": "3.5.4",
      "mean": 32.933957838919994,
      "stddev": 0.2784774231578131,
      "median": 32.93919919392,
      "user": 55.73706901999999,
      "system": 9.1128267,
      "min": 32.48815521642,
      "max": 33.30519097242,
      "times": [
        33.214839063419994,
        32.868362046419996,
        32.48815521642,
        33.254191827419994,
        32.562715892419995,
        32.932739902419996,
        32.94565848542,
        32.75605771342,
        33.011667269419995,
        33.30519097242
      ],
      "exit_codes": [
        0,
        0,
        0,
        0,
        0,
        0,
        0,
        0,
        0,
        0
      ],
      "parameters": {
        "VERSION": "3.5.4"
      }
    },
    {
      "command": "3.6.3",
      "mean": 32.67522276011999,
      "stddev": 0.2157695814746955,
      "median": 32.69260689741999,
      "user": 65.54328841999998,
      "system": 11.672736299999999,
      "min": 32.36548721642,
      "max": 32.97250698542,
      "times": [
        32.47163881242,
        32.907201872419996,
        32.633759837419994,
        32.97250698542,
        32.84818379542,
        32.75145395742,
        32.83480675642,
        32.44436474842,
        32.522823619419995,
        32.36548721642
      ],
      "exit_codes": [
        0,
        0,
        0,
        0,
        0,
        0,
        0,
        0,
        0,
        0
      ],
      "parameters": {
        "VERSION": "3.6.3"
      }
    },
    {
      "command": "3.8.1",
      "mean": 32.57204902412,
      "stddev": 0.299686400682167,
      "median": 32.534020458419995,
      "user": 65.13787641999998,
      "system": 11.8701077,
      "min": 32.22490226342,
      "max": 33.278801062419994,
      "times": [
        32.61018934342,
        32.572297831419995,
        32.424032607419996,
        32.71363910442,
        33.278801062419994,
        32.732642485419994,
        32.33934845642,
        32.495743085419996,
        32.32889400142,
        32.22490226342
      ],
      "exit_codes": [
        0,
        0,
        0,
        0,
        0,
        0,
        0,
        0,
        0,
        0
      ],
      "parameters": {
        "VERSION": "3.8.1"
      }
    },
    {
      "command": "3.8.2",
      "mean": 30.189309176619997,
      "stddev": 0.34276664944339946,
      "median": 30.22278218142,
      "user": 65.87497511999999,
      "system": 6.926783299999999,
      "min": 29.62696057242,
      "max": 30.654657993420003,
      "times": [
        30.09251683442,
        30.654657993420003,
        30.131454932420002,
        29.95839683442,
        30.45309660642,
        29.74254790842,
        30.577209739420002,
        30.34214091442,
        29.62696057242,
        30.31410943042
      ],
      "exit_codes": [
        0,
        0,
        0,
        0,
        0,
        0,
        0,
        0,
        0,
        0
      ],
      "parameters": {
        "VERSION": "3.8.2"
      }
    },
    {
      "command": "3.8.3",
      "mean": 15.57576804592,
      "stddev": 0.3175129003383686,
      "median": 15.68958086392,
      "user": 46.598985119999995,
      "system": 4.2868096,
      "min": 14.82127683742,
      "max": 15.80074429942,
      "times": [
        15.78154670042,
        15.71504233542,
        15.59518114442,
        15.21088352342,
        15.76603080542,
        15.80074429942,
        14.82127683742,
        15.66411939242,
        15.79256588142,
        15.61028953942
      ],
      "exit_codes": [
        0,
        0,
        0,
        0,
        0,
        0,
        0,
        0,
        0,
        0
      ],
      "parameters": {
        "VERSION": "3.8.3"
      }
    },
    {
      "command": "3.8.4",
      "mean": 15.520204492919998,
      "stddev": 0.2728936808862048,
      "median": 15.59244417792,
      "user": 46.98675321999999,
      "system": 4.115056099999999,
      "min": 15.06671642442,
      "max": 15.88728022342,
      "times": [
        15.52759622242,
        15.70310936542,
        15.304778254419999,
        15.765850860419999,
        15.738550693419999,
        15.234868939419998,
        15.88728022342,
        15.06671642442,
        15.657292133419999,
        15.31600181242
      ],
      "exit_codes": [
        0,
        0,
        0,
        0,
        0,
        0,
        0,
        0,
        0,
        0
      ],
      "parameters": {
        "VERSION": "3.8.4"
      }
    },
    {
      "command": "3.8.5",
      "mean": 15.481942577019998,
      "stddev": 0.1732490300759856,
      "median": 15.46981105542,
      "user": 46.56167071999999,
      "system": 4.1437091,
      "min": 15.16749650642,
      "max": 15.71054123742,
      "times": [
        15.38132904942,
        15.62437533142,
        15.486169213419998,
        15.71054123742,
        15.16749650642,
        15.453452897419998,
        15.439143804419999,
        15.70893915542,
        15.54164835442,
        15.30633022042
      ],