{
  "results": [
    {
      "command": "3.0.5",
      "mean": 2.92159758536,
      "stddev": 0.04487870234098798,
      "median": 2.9116993753599996,
      "user": 9.46775356,
      "system": 0.49433568,
      "min": 2.86365822536,
      "max": 2.99537997436,
      "times": [
        2.9108252113599997,
        2.93248329736,
        2.99537997436,
        2.86365822536,
        2.87995555936,
        2.87556872636,
        2.95276400736,
        2.90793020336,
        2.91257353936,
        2.98483710936
      ],
      "exit_codes": [
        0,
        0,
        0,
        0,
        0,
        0,
        0,
        0,
        0,
        0
      ],
      "parameters": {
        "VERSION": "3.0.5"
      }
    },
    {
      "command": "3.1.1",
      "mean": 4.531341423159999,
      "stddev": 0.04219966367789543,
      "median": 4.52663397186,
      "user": 14.34291386,
      "system": 1.3420906799999996,
      "min": 4.46910180636,
      "max": 4.60407712636,
      "times": [
        4.53819062236,
        4.58202088036,
        4.51173079336,
        4.51507732136,
        4.46910180636,
        4.5077488493599995,
        4.55386897236,
        4.4837724003599995,
        4.60407712636,
        4.547825459359999
      ],
      "exit_codes": [
        0,
        0,
        0,
        0,
        0,
        0,
        0,
        0,
        0,
        0
      ],
      "parameters": {
        "VERSION": "3.1.1"
      }
    },
    {
      "command": "3.2.5",
      "mean": 4.68555837936,
      "stddev": 0.06901535482375132,
      "median": 4.69101590586,
      "user": 15.650808559999998,
      "system": 1.2527033800000003,
      "min": 4.58684290336,
      "max": 4.82261597336,
      "times": [
        4.67043823936,
        4.7180428363599995,
        4.71888204736,
        4.58684290336,
        4.72288640936,
        4.63586328736,
        4.7042775493599995,
        4.59798028536,
        4.82261597336,
        4.67775426236
      ],
      "exit_codes": [
        0,
        0,
        0,
        0,
        0,
        0,
        0,
        0,
        0,
        0
      ],
      "parameters": {
        "VERSION": "3.2.5"
      }
    },
    {
      "command": "3.3.9",
      "mean": 4.73739206506,
      "stddev": 0.08947488133489667,
      "median": 4.75099322836,
      "user": 16.48711916,
      "system": 0.7473078799999999,
      "min": 4.61217444136,
      "max": 4.84384112936,
      "times": [
        4.839061035359999,
        4.76538099936,
        4.76663985036,
        4.84384112936,
        4.84199218436,
        4.64668108536,
        4.62795411836,
        4.73660545736,
        4.61217444136,
        4.69359034936
      ],
      "exit_codes": [
        0,
        0,
        0,
        0,
        0,
        0,
        0,
        0,
        0,
        0
      ],
      "parameters": {
        "VERSION": "3.3.9"
      }
    },
    {
      "command": "3.5.4",
      "mean": 4.02515293426,
      "stddev": 0.06259839212882792,
      "median": 4.03277786686,
      "user": 12.65572036,
      "system": 1.1556598799999995,
      "min": 3.92490158336,
      "max": 4.14777249636,
      "times": [
        3.92490158336,
        4.03317649236,
        3.9718770173599998,
        4.08412664836,
        4.14777249636,
        3.97711267936,
        4.03237924136,
        4.04849186136,
        3.99683913136,
        4.03485219136
      ],
      "exit_codes": [
        0,
        0,
        0,
        0,
        0,
        0,
        0,
        0,
        0,
        0
      ],
      "parameters": {
        "VERSION": "3.5.4"
      }
    },
    {
      "command": "3.6.3",
      "mean": 3.96568848576,
      "stddev": 0.1274010501673681,
      "median": 3.93391670886,
      "user": 12.74418116,
      "system": 1.1815226799999996,
      "min": 3.8348615223599998,
      "max": 4.20567253136,
      "times": [
        4.15713989736,
        3.8813458063599997,
        4.20567253136,
        3.97273297336,
        3.9918355603599998,
        3.98913644536,
        3.8348615223599998,
        3.8436496493599996,
        3.88541002736,
        3.8951004443599997
      ],
      "exit_codes": [
        0,
        0,
        0,
        0,
        0,
        0,
        0,
        0,
        0,
        0
      ],
      "parameters": {
        "VERSION": "3.6.3"
      }
    },
    {
      "command": "3.8.1",
      "mean": 3.9987334396599996,
      "stddev": 0.09837831833169096,
      "median": 3.97837260236,
      "user": 12.72678426,
      "system": 1.2050650799999998,
      "min": 3.8398271623599998,
      "max": 4.13022737836,
      "times": [
        3.9615392743599998,
        4.05721206736,
        3.9051066413599997,
        4.124781470359999,
        3.96837397936,
        4.08953103336,
        3.98837122536,
        4.13022737836,
        3.8398271623599998,
        3.92236416436
      ],
      "exit_codes": [
        0,
        0,
        0,
        0,
        0,
        0,
        0,
        0,
        0,
        0
      ],
      "parameters": {
        "VERSION": "3.8.1"
      }
    },
    {
      "command": "3.8.2",
      "mean": 3.47843050556,
      "stddev": 0.061423507059535414,
      "median": 3.4573641453599997,
      "user": 12.13629716,
      "system": 0.5025942800000001,
      "min": 3.39503803536,
      "max": 3.58573010736,
      "times": [
        3.4600810593599998,
        3.45464723136,
        3.58573010736,
        3.45062799936,
        3.50777459536,
        3.39503803536,
        3.49471935036,
        3.44747603536,
        3.56906134036,
        3.41914930136
      ],
      "exit_codes": [
        0,
        0,
        0,
        0,
        0,
        0,
        0,
        0,
        0,
        0
      ],
      "parameters": {
        "VERSION": "3.8.2"
      }
    },
    {
      "command": "3.8.3",
      "mean": 2.80433836746,
      "stddev": 0.054848146570580514,
      "median": 2.78999143486,
      "user": 10.84706606,
      "system": 0.5315853799999999,
      "min": 2.75970577336,
      "max": 2.95034747636,
      "times": [
        2.77345540036,
        2.7605831623599997,
        2.79254387836,
        2.80945167836,
        2.81521151836,
        2.78663728136,
        2.75970577336,
        2.80800851436,
        2.95034747636,
        2.7874389913599997
      ],
      "exit_codes": [
        0,
        0,
        0,
        0,
        0,
        0,
        0,
        0,
        0,
        0
      ],
      "parameters": {
        "VERSION": "3.8.3"
      }
    },
    {
      "command": "3.8.4",
      "mean": 2.82531135836,
      "stddev": 0.044489852724303766,
      "median": 2.82282053486,
      "user": 10.978017159999998,
      "system": 0.5283969799999999,
      "min": 2.76579735536,
      "max": 2.9077715073599997,
      "times": [
        2.86121291536,
        2.79037056036,
        2.83386498736,
        2.77425313136,
        2.9077715073599997,
        2.8117760823599998,
        2.8018159423599998,
        2.85285621736,
        2.85339488436,
        2.76579735536
      ],
      "exit_codes": [
        0,
        0,
        0,
        0,
        0,
        0,
        0,
        0,
        0,
        0
      ],
      "parameters": {
        "VERSION": "3.8.4"
      }
    },
    {
      "command": "3.8.5",
      "mean": 2.85120046666,
      "stddev": 0.062416178849078845,
      "median": 2.84076173536,
      "user": 11.026586159999997,
      "system": 0.5329156800000001,
      "min": 2.73330214336,
      "max": 2.93311495336,
      "times": [
        2.84541475836,
        2.79231690436,
        2.87532779336,
        2.83434434536,
        2.91344346036,
        2.92388606736,
        2.8361087123599997,
        2.73330214336,
        2.82474552836,
        2.93311495336
      ],
      "exit_codes": [
        0,
        0,
        0,
        0,
        0,
        0,
        0,
        0,
        0,
        0
      ],
      "parameters": {
        "VERSION": "3.8.5"
      }
    },
    {
      "command": "3.8.6",