{
  "results": [
    {
      "command": "3.0.5",
      "mean": 18.480039900239998,
      "stddev": 0.3662908968089473,
      "median": 18.47867480444,
      "user": 33.58121906,
      "system": 1.41336928,
      "min": 17.959542520440003,
      "max": 19.086675085440003,
      "times": [
        17.959542520440003,
        18.857346553440003,
        18.04520296244,
        18.38186757544,
        18.46298212544,
        18.51078708444,
        18.165246082440003,
        18.49436748344,
        19.086675085440003,
        18.83638152944
      ],
      "exit_codes": [
        0,
        0,
        0,
        0,
        0,
        0,
        0,
        0,
        0,
        0
      ],
      "parameters": {
        "VERSION": "3.0.5"
      }
    },
    {
      "command": "3.6.3",
      "mean": 24.464923233939995,
      "stddev": 0.2560311995379077,
      "median": 24.37373443544,
      "user": 41.36018516,
      "system": 3.9152540799999995,
      "min": 24.26610935844,
      "max": 25.130034744440003,
      "times": [
        24.58175795844,
        24.50880318544,
        24.27202621644,
        24.35258833044,
        24.353198076440002,
        24.48317767144,
        24.307266003440002,
        24.26610935844,
        25.130034744440003,
        24.39427079444
      ],
      "exit_codes": [
        0,
        0,
        0,
        0,
        0,
        0,
        0,
        0,
        0,
        0
      ],
      "parameters": {
        "VERSION": "3.6.3"
      }
    },
    {
      "command": "3.8.8",
      "mean": 13.947604703140001,
      "stddev": 0.11940094819504261,
      "median": 13.938170511940001,
      "user": 30.85999186,
      "system": 1.4490644799999999,
      "min": 13.73792417544,
      "max": 14.10958960144,
      "times": [
        13.874601201439999,
        13.96697242544,
        13.847286477439999,
        13.89381726744,
        14.07467710744,
        13.96500163144,
        14.10958960144,
        14.09483775144,
        13.73792417544,
        13.91133939244
      ],
      "exit_codes": [
        0,
        0,
        0,
        0,
        0,
        0,
        0,
        0,
        0,
        0
      ],
      "parameters": {
        "VERSION": "3.8.8"
      }
    },
    {
      "command": "3.9.4",
      "mean": 14.401394650240002,
      "stddev": 0.27045096492031795,
      "median": 14.45310611744,
      "user": 32.43687056,
      "system": 1.41904028,
      "min": 13.77639416644,
      "max": 14.686921160439999,
      "times": [
        14.65516766144,
        13.77639416644,
        14.46618655344,
        14.608578443439999,
        14.44002568144,
        14.35488396644,
        14.51340435544,
        14.16605506544,
        14.686921160439999,
        14.34632944844
      ],
      "exit_codes": [
        0,
        0,
        0,
        0,
        0,
        0,
        0,
        0,
        0,
        0
      ],
      "parameters": {
        "VERSION": "3.9.4"
      }
    },
    {
      "command": "3.9.5",
      "mean": 14.53033015894,
      "stddev": 0.14484529998445686,
      "median": 14.513773046939999,
      "user": 32.62777346,
      "system": 1.43496778,
      "min": 14.33330469744,
      "max": 14.79706385344,
      "times": [
        14.33330469744,
        14.42596529344,
        14.68832075644,
        14.54998009044,
        14.79706385344,
        14.36207574644,
        14.59657071744,
        14.47756600344,
        14.47679064144,
        14.59566378944
      ],
      "exit_codes": [
        0,
        0,
        0,
        0,
        0,
        0,
        0,
        0,
        0,
        0
      ],
      "parameters": {
        "VERSION": "3.9.5"
      }
    },
    {
      "command": "4.0.0-alpha-7",
      "mean": 17.809177386640002,
      "stddev": 0.23262782779038751,
      "median": 17.73304904194,
      "user": 40.11212286,
      "system": 1.8651714799999997,
      "min": 17.49214633144,
      "max": 18.18264792044,
      "times": [
        18.18264792044,
        18.02478009744,
        17.75343933944,
        18.08605868844,
        17.92800896744,
        17.57055799644,
        17.49214633144,
        17.63840433044,
        17.712658744440002,
        17.703071450440003
      ],
      "exit_codes": [
        0,
        0,
        0,
        0,
        0,
        0,
        0,
        0,
        0,
        0
      ],
      "parameters": {
        "VERSION": "4.0.0-alpha-7"
      }
    },
    {
      "command": "4.0.0-alpha-8",
      "mean": 19.203224192940002,
      "stddev": 0.25439230327033985,
      "median": 19.16397144144,
      "user": 42.970416359999994,
      "system": 1.8575439799999998,
      "min": 18.79230312644,
      "max": 19.67582497844,
      "times": [
        19.063819050440003,
        19.139760594440002,
        19.18818228844,
        18.79230312644,
        19.48174608144,
        19.310024224440003,
        19.31644167244,
        18.976584565440003,
        19.67582497844,
        19.087555347440002
      ],
      "exit_codes": [
        0,
        0,
        0,
        0,
        0,
        0,
        0,
        0,
        0,
        0
      ],
      "parameters": {
        "VERSION": "4.0.0-alpha-8"
      }
    }
  ]
}
