{
  "results": [
    {
      "command": "3.0.5",
      "mean": 14.982575627379997,
      "stddev": 0.2580375496587083,
      "median": 14.89554053858,
      "user": 28.997844119999996,
      "system": 1.8609892,
      "min": 14.77421038858,
      "max": 15.63336336458,
      "times": [
        14.91218250158,
        14.87889857558,
        14.77574570458,
        14.81197308058,
        14.86571691658,
        15.04136241958,
        15.14873471158,
        14.983568610579999,
        14.77421038858,
        15.63336336458
      ],
      "exit_codes": [
        0,
        0,
        0,
        0,
        0,
        0,
        0,
        0,
        0,
        0
      ],
      "parameters": {
        "VERSION": "3.0.5"
      }
    },
    {
      "command": "3.1.1",
      "mean": 41.16884478628,
      "stddev": 0.8380118939570417,
      "median": 41.12358113958,
      "user": 99.21643122,
      "system": 4.446647,
      "min": 39.63379802558,
      "max": 42.76911450958,
      "times": [
        41.00096773258,
        41.05162457958,
        41.47210866658,
        41.19553769958,
        42.76911450958,
        40.58653839358,
        40.59404371558,
        39.63379802558,
        41.85193678458,
        41.53277775558
      ],
      "exit_codes": [
        0,
        0,
        0,
        0,
        0,
        0,
        0,
        0,
        0,
        0
      ],
      "parameters": {
        "VERSION": "3.1.1"
      }
    },
    {
      "command": "3.2.5",
      "mean": 41.52720809658,
      "stddev": 1.0994135486185324,
      "median": 41.599968075579994,
      "user": 101.33984602,
      "system": 4.6286627,
      "min": 39.826095502579996,
      "max": 43.68446382258,
      "times": [
        42.29423259358,
        41.29607059458,
        43.68446382258,
        41.08622461858,
        41.57551295858,
        41.793314121579996,
        40.058787277579995,
        39.826095502579996,
        41.62442319258,
        42.03295628358
      ],
      "exit_codes": [
        0,
        0,
        0,
        0,
        0,
        0,
        0,
        0,
        0,
        0
      ],
      "parameters": {
        "VERSION": "3.2.5"
      }
    },
    {
      "command": "3.3.9",
      "mean": 41.79709303168,
      "stddev": 1.479892270575582,
      "median": 41.66289980808,
      "user": 97.96022982,
      "system": 4.6255014,
      "min": 39.581883464579995,
      "max": 44.676245324579995,
      "times": [
        40.646057675579996,
        40.922667679579995,
        43.00974203858,
        42.17611566958,
        39.581883464579995,
        42.24821730958,
        42.82590135258,
        44.676245324579995,
        41.14968394658,
        40.734415855579996
      ],
      "exit_codes": [
        0,
        0,
        0,
        0,
        0,
        0,
        0,
        0,
        0,
        0
      ],
      "parameters": {
        "VERSION": "3.3.9"
      }
    },
    {
      "command": "3.5.4",
      "mean": 23.625489544680004,
      "stddev": 0.5747244589338619,
      "median": 23.471302739580004,
      "user": 38.666098520000006,
      "system": 5.6870717,
      "min": 23.04485278658,
      "max": 24.89371675358,
      "times": [
        23.857765723580002,
        23.04485278658,
        23.521594528580003,
        23.821608047580003,
        24.89371675358,
        24.126924488580002,
        23.058803648580003,
        23.12374383758,
        23.42101095058,
        23.38487468158
      ],
      "exit_codes": [
        0,
        0,
        0,
        0,
        0,
        0,
        0,
        0,
        0,
        0
      ],
      "parameters": {
        "VERSION": "3.5.4"
      }
    },
    {
      "command": "3.6.3",
      "mean": 22.151744729880004,
      "stddev": 0.400646705670656,
      "median": 22.14974446308,
      "user": 37.19851502,
      "system": 5.6791012,
      "min": 21.62083262658,
      "max": 22.969462445580003,
      "times": [
        22.09494024058,
        21.731964766580003,
        21.73802047358,
        22.277576403580003,
        22.20454868558,
        22.092666983580003,
        21.62083262658,
        22.34731227058,
        22.440122402580002,
        22.969462445580003
      ],
      "exit_codes": [
        0,
        0,
        0,
        0,
        0,
        0,
        0,
        0,
        0,
        0
      ],
      "parameters": {
        "VERSION": "3.6.3"
      }
    },
    {
      "command": "3.8.1",
      "mean": 22.142737271380003,
      "stddev": 0.25901617868799814,
      "median": 22.20908514858,
      "user": 37.32857132,
      "system": 5.7794068,
      "min": 21.84178921558,
      "max": 22.490156883580003,
      "times": [
        22.464573385580003,
        21.84178921558,
        21.849031745580003,
        21.910454897580003,
        22.490156883580003,
        22.244714118580003,
        21.84884678058,
        22.292619239580002,
        22.17345617858,
        22.31173026858
      ],
      "exit_codes": [
        0,
        0,
        0,
        0,
        0,
        0,
        0,
        0,
        0,
        0
      ],
      "parameters": {
        "VERSION": "3.8.1"
      }
    },
    {
      "command": "3.8.2",
      "mean": 19.29584259268,
      "stddev": 0.18413769164287883,
      "median": 19.297390562080004,
      "user": 35.401912919999994,
      "system": 1.6397738,
      "min": 19.02691275858,
      "max": 19.52433476258,
      "times": [
        19.462442881580003,
        19.48927517858,
        19.46561142758,
        19.29281056058,
        19.148555799580002,
        19.52433476258,
        19.17484373058,
        19.02691275858,
        19.301970563580003,
        19.07166826358
      ],
      "exit_codes": [
        0,
        0,
        0,
        0,
        0,
        0,
        0,
        0,
        0,
        0
      ],
      "parameters": {
        "VERSION": "3.8.2"
      }
    },
    {
      "command": "3.8.3",
      "mean": 12.65309974628,
      "stddev": 0.11378245047425176,
      "median": 12.67812888308,
      "user": 27.904596620000007,
      "system": 1.6273789,
      "min": 12.43813548558,
      "max": 12.791548625579999,
      "times": [
        12.69917830158,
        12.43813548558,
        12.76669040058,
        12.59947792258,
        12.54873049858,
        12.696336519579999,
        12.65992124658,
        12.76579633158,
        12.56518213058,
        12.791548625579999
      ],
      "exit_codes": [
        0,
        0,
        0,
        0,
        0,
        0,
        0,
        0,
        0,
        0
      ],
      "parameters": {
        "VERSION": "3.8.3"
      }
    },
    {
      "command": "3.8.4",
      "mean": 12.704440955079999,
      "stddev": 0.10683728826544737,
      "median": 12.68300954808,
      "user": 27.843509720000004,
      "system": 1.6501272999999999,
      "min": 12.57499070958,
      "max": 12.887363495579999,
      "times": [
        12.59094342358,
        12.69070972158,
        12.76493228258,
        12.87113997858,
        12.65898821958,
        12.887363495579999,
        12.63364257758,
        12.67530937458,
        12.57499070958,
        12.69638976758
      ],
      "exit_codes": [
        0,
        0,
        0,
        0,
        0,
        0,
        0,
        0,
        0,
        0
      ],
      "parameters": {
        "VERSION": "3.8.4"
      }
    },
    {
      "command": "3.8.5",
      "mean": 12.72677292948,
      "stddev": 0.18351890561944348,
      "median": 12.69689124508,
      "user": 28.23969052,
      "system": 1.6916613000000003,
      "min": 12.460940063579999,
      "max": 13.006562086579999,
      "times": [
        12.460940063579999,
        13.006562086579999,
        12.89564660358,
        12.643600296579999,
        12.97348770758,
        12.71614112658,
        12.75317726358,
        12.51713118958,
        12.67764136358,
        12.62340159358
      ],