{
  "results": [
    {
      "command": "3.0.5",
      "mean": 19.31878107958,
      "stddev": 0.5154118901088648,
      "median": 19.25197885838,
      "user": 31.17773544,
      "system": 1.5756106799999998,
      "min": 18.36541805438,
      "max": 20.05763602238,
      "times": [
        20.05763602238,
        19.21006725338,
        18.93425672638,
        19.124066183380002,
        20.03690814438,
        19.01669526938,
        19.56593885638,
        18.36541805438,
        19.293890463380002,
        19.58293382238
      ],
      "exit_codes": [
        0,
        0,
        0,
        0,
        0,
        0,
        0,
        0,
        0,
        0
      ],
      "parameters": {
        "VERSION": "3.0.5"
      }
    },
    {
      "command": "3.6.3",
      "mean": 30.479051039179996,
      "stddev": 0.1639334535682922,
      "median": 30.55299620238,
      "user": 47.15991833999998,
      "system": 6.48090608,
      "min": 30.21306948938,
      "max": 30.64965626738,
      "times": [
        30.64965626738,
        30.57456541538,
        30.59229243038,
        30.28350093938,
        30.64524335538,
        30.21306948938,
        30.58573973238,
        30.28492091638,
        30.53142698938,
        30.430094856380002
      ],
      "exit_codes": [
        0,
        0,
        0,
        0,
        0,
        0,
        0,
        0,
        0,
        0
      ],
      "parameters": {
        "VERSION": "3.6.3"
      }
    },
    {
      "command": "3.8.8",
      "mean": 16.79383786208,
      "stddev": 0.298995976162942,
      "median": 16.74711490588,
      "user": 34.05878653999999,
      "system": 1.9065933799999997,
      "min": 16.48948786638,
      "max": 17.55585125838,
      "times": [
        16.48948786638,
        16.69069335738,
        16.67989290738,
        16.81617838338,
        17.55585125838,
        16.88423751838,
        16.65928554438,
        16.84499373638,
        16.80353645438,
        16.51422159438
      ],
      "exit_codes": [
        0,
        0,
        0,
        0,
        0,
        0,
        0,
        0,
        0,
        0
      ],
      "parameters": {
        "VERSION": "3.8.8"
      }
    },
    {
      "command": "3.9.9",
      "mean": 17.687664333780003,
      "stddev": 0.23125940309780738,
      "median": 17.751596847880002,
      "user": 36.39967494,
      "system": 1.8880430799999997,
      "min": 17.30082549338,
      "max": 18.016625802380002,
      "times": [
        17.30082549338,
        17.45508881238,
        17.80941389938,
        17.71227970738,
        18.016625802380002,
        17.78937452338,
        17.901481597380002,
        17.75957504338,
        17.388359806380002,
        17.74361865238
      ],
      "exit_codes": [
        0,
        0,
        0,
        0,
        0,
        0,
        0,
        0,
        0,
        0
      ],
      "parameters": {
        "VERSION": "3.9.9"
      }
    },
    {
      "command": "4.0.0-alpha-13",
      "mean": 19.440033327779997,
      "stddev": 0.3431683590821963,
      "median": 19.44036161738,
      "user": 59.07887844,
      "system": 3.6640137800000003,
      "min": 18.80945712738,
      "max": 19.897589516380002,
      "times": [
        18.80945712738,
        19.63302378138,
        19.64398277838,
        19.897589516380002,
        19.42093406238,
        19.23791175938,
        19.84629563438,
        19.03041538338,
        19.43937363438,
        19.44134960038
      ],
      "exit_codes": [
        0,
        0,
        0,
        0,
        0,
        0,
        0,
        0,
        0,
        0
      ],
      "parameters": {
        "VERSION": "4.0.0-alpha-13"
      }
    },
    {
      "command": "4.0.0-beta-3",
      "mean": 20.36174963218,
      "stddev": 0.2939080055518132,
      "median": 20.375789170380003,
      "user": 57.257278140000004,
      "system": 3.207608379999999,
      "min": 19.906322098380002,
      "max": 20.805648069380002,
      "times": [
        20.805648069380002,
        20.33667029638,
        20.40714086438,
        19.906322098380002,
        19.93042205138,
        20.51748407938,
        20.692197213380002,
        20.34443747638,
        20.181388451380002,
        20.49578572138
      ],
      "exit_codes": [
        0,
        0,
        0,
        0,
        0,
        0,
        0,
        0,
        0,
        0
      ],
      "parameters": {
        "VERSION": "4.0.0-beta-3"
      }
    },
    {
      "command": "4.0.0-beta-4",
      "mean": 22.391884680180002,
      "stddev": 0.3000715139556965,
      "median": 22.41922899738,
      "user": 65.83740063999998,
      "system": 3.9165960800000006,
      "min": 22.023279059380002,
      "max": 22.96122445438,
      "times": [
        22.47191652338,
        22.96122445438,
        22.58462183338,
        22.023279059380002,
        22.03326872738,
        22.56064325738,
        22.18963581738,
        22.36654147138,
        22.59473970838,
        22.13297594938
      ],
      "exit_codes": [
        0,
        0,
        0,
        0,
        0,
        0,
        0,
        0,
        0,
        0
      ],
      "parameters": {
        "VERSION": "4.0.0-beta-4"
      }
    }
  ]
}
