{
  "results": [
    {
      "command": "3.0.5",
      "mean": 0.9426971767800001,
      "stddev": 0.0337222415071076,
      "median": 0.92817236458,
      "user": 3.0820472800000003,
      "system": 0.16902499999999998,
      "min": 0.91131241058,
      "max": 1.02477617258,
      "times": [
        0.95233221558,
        1.02477617258,
        0.92338139758,
        0.92324278058,
        0.91131241058,
        0.95881678358,
        0.92675782758,
        0.96012338258,
        0.91664189558,
        0.92958690158
      ],
      "exit_codes": [
        0,
        0,
        0,
        0,
        0,
        0,
        0,
        0,
        0,
        0
      ],
      "parameters": {
        "VERSION": "3.0.5"
      }
    },
    {
      "command": "3.1.1",
      "mean": 1.0183335784799996,
      "stddev": 0.015313375898679345,
      "median": 1.01998297508,
      "user": 3.2969430800000006,
      "system": 0.1789228,
      "min": 0.99557164758,
      "max": 1.04081159558,
      "times": [
        1.00130825358,
        1.0176840595799999,
        1.02228189058,
        0.99557164758,
        1.0229917635799999,
        1.01120936158,
        1.0390722455799999,
        1.0278134105799999,
        1.04081159558,
        1.0045915565799999
      ],
      "exit_codes": [
        0,
        0,
        0,
        0,
        0,
        0,
        0,
        0,
        0,
        0
      ],
      "parameters": {
        "VERSION": "3.1.1"
      }
    },
    {
      "command": "3.2.5",
      "mean": 1.04103993538,
      "stddev": 0.018280108805008653,
      "median": 1.04176711758,
      "user": 3.3977715800000006,
      "system": 0.19262949999999995,
      "min": 1.01013261758,
      "max": 1.06737761058,
      "times": [
        1.06737761058,
        1.04359243858,
        1.04145857958,
        1.0661758775799999,
        1.04003613258,
        1.01013261758,
        1.04385029258,
        1.01439465658,
        1.04130549258,
        1.04207565558
      ],
      "exit_codes": [
        0,
        0,
        0,
        0,
        0,
        0,
        0,
        0,
        0,
        0
      ],
      "parameters": {
        "VERSION": "3.2.5"
      }
    },
    {
      "command": "3.3.9",
      "mean": 1.08059154878,
      "stddev": 0.033128186156556966,
      "median": 1.07230667908,
      "user": 3.6070278800000004,
      "system": 0.1740628,
      "min": 1.05113417158,
      "max": 1.16157017358,
      "times": [
        1.07329102058,
        1.05113417158,
        1.05236432258,
        1.09860611458,
        1.05454832158,
        1.0991367725799999,
        1.07518830558,
        1.07132233758,
        1.16157017358,
        1.0687539475799999
      ],
      "exit_codes": [
        0,
        0,
        0,
        0,
        0,
        0,
        0,
        0,
        0,
        0
      ],
      "parameters": {
        "VERSION": "3.3.9"
      }
    },
    {
      "command": "3.5.4",
      "mean": 1.11475904528,
      "stddev": 0.028063426887968135,
      "median": 1.11275273758,
      "user": 3.7301789800000003,
      "system": 0.2357863,
      "min": 1.07265595558,
      "max": 1.16493016558,
      "times": [
        1.0942379975799998,
        1.12540528458,
        1.10003467158,
        1.07265595558,
        1.1119732305799999,
        1.12754594458,
        1.16493016558,
        1.1490025395799999,
        1.08827241858,
        1.11353224458
      ],
      "exit_codes": [
        0,
        0,
        0,
        0,
        0,
        0,
        0,
        0,
        0,
        0
      ],
      "parameters": {
        "VERSION": "3.5.4"
      }
    },
    {
      "command": "3.6.3",
      "mean": 1.0774224926799998,
      "stddev": 0.024121271528699553,
      "median": 1.07099312458,
      "user": 3.4625203799999995,
      "system": 0.24630010000000002,
      "min": 1.0497484045799998,
      "max": 1.11987368458,
      "times": [
        1.06988182058,
        1.0497484045799998,
        1.05571068458,
        1.08342897258,
        1.0901672545799999,
        1.06042095358,
        1.11987368458,
        1.0721044285799999,
        1.1134783155799999,
        1.05941040758
      ],
      "exit_codes": [
        0,
        0,
        0,
        0,
        0,
        0,
        0,
        0,
        0,
        0
      ],
      "parameters": {
        "VERSION": "3.6.3"
      }
    },
    {
      "command": "3.8.1",
      "mean": 1.0770948483800002,
      "stddev": 0.024764377350081822,
      "median": 1.07182676108,
      "user": 3.46244858,
      "system": 0.25681319999999996,
      "min": 1.04858668158,
      "max": 1.13220648558,
      "times": [
        1.08280204658,
        1.04858668158,
        1.05835100158,
        1.06179583058,
        1.06399760058,
        1.08880168558,
        1.09656145358,
        1.13220648558,
        1.07965592158,
        1.05818977658
      ],
      "exit_codes": [
        0,
        0,
        0,
        0,
        0,
        0,
        0,
        0,
        0,
        0
      ],
      "parameters": {
        "VERSION": "3.8.1"
      }
    },
    {
      "command": "3.8.2",
      "mean": 1.00872130028,
      "stddev": 0.01651320773907203,
      "median": 1.00695955558,
      "user": 3.31582958,
      "system": 0.1374785,
      "min": 0.98078070658,
      "max": 1.03706982258,
      "times": [
        1.00837642758,
        1.03706982258,
        1.0055426835799999,
        1.01271156458,
        1.01421758058,
        1.00112667858,
        0.98078070658,
        1.03101426458,
        0.9938917485800001,
        1.00248152558
      ],
      "exit_codes": [
        0,
        0,
        0,
        0,
        0,
        0,
        0,
        0,
        0,
        0
      ],
      "parameters": {
        "VERSION": "3.8.2"
      }
    },
    {
      "command": "3.8.3",
      "mean": 0.9898475847799999,
      "stddev": 0.015931723344655042,
      "median": 0.98625046358,
      "user": 3.2440434799999998,
      "system": 0.15057839999999997,
      "min": 0.97673489258,
      "max": 1.03056439658,
      "times": [
        1.03056439658,
        0.97791300458,
        0.99683675858,
        0.99244593358,
        0.99265007758,
        0.97882480258,
        0.98476167358,
        0.97673489258,
        0.98773925358,
        0.98000505458
      ],
      "exit_codes": [
        0,
        0,
        0,
        0,
        0,
        0,
        0,
        0,
        0,
        0
      ],
      "parameters": {
        "VERSION": "3.8.3"
      }
    },
    {
      "command": "3.8.4",
      "mean": 0.9994458778799998,
      "stddev": 0.01829082631554882,
      "median": 0.99895152458,
      "user": 3.29306778,
      "system": 0.14843449999999997,
      "min": 0.96724260458,
      "max": 1.0333756595799999,
      "times": [
        1.00004404358,
        0.9862712475800001,
        1.0333756595799999,
        0.99785900558,
        1.01167314958,
        1.0125556705799998,
        1.0071899255799999,
        0.99421416158,
        0.96724260458,
        0.98403331058
      ],
      "exit_codes": [
        0,
        0,
        0,
        0,
        0,
        0,
        0,
        0,
        0,
        0
      ],
      "parameters": {
        "VERSION": "3.8.4"
      }
    },
    {
      "command": "3.8.5",
      "mean": 1.01270477698,
      "stddev": 0.031216304275423015,
      "median": 1.00400180058,
      "user": 3.30226678,
      "system": 0.14148860000000002,
      "min": 0.97078939158,
      "max": 1.06207623358,
      "times": [
        0.99001889858,
        1.01949109658,
        1.05059827458,
        0.99706441358,
        0.98948993158,
        1.01093918758,
        1.06207623358,
        0.97078939158,
        1.0477010335799999,
        0.9888793085800001
      ],
      "exit_codes": [
        0,
        0,
        0,
        0,
        0,
        0,
        0,
        0,
        0,
        0
      ],