{
  "results": [
    {
      "command": "3.0.5",
      "mean": 0.9113051006000001,
      "stddev": 0.012082746452865278,
      "median": 0.9084537242,
      "user": 3.0160002599999993,
      "system": 0.11193876,
      "min": 0.8961337627,
      "max": 0.9323452277000001,
      "times": [
        0.8983433487,
        0.9055080957,
        0.9278266157,
        0.8961337627,
        0.9190925167,
        0.9076921427,
        0.9024426807,
        0.9323452277000001,
        0.9092153057000001,
        0.9144513097
      ],
      "exit_codes": [
        0,
        0,
        0,
        0,
        0,
        0,
        0,
        0,
        0,
        0
      ],
      "parameters": {
        "VERSION": "3.0.5"
      }
    },
    {
      "command": "3.1.1",
      "mean": 0.9791661859000002,
      "stddev": 0.021704522239034327,
      "median": 0.9739137716999999,
      "user": 3.23776356,
      "system": 0.09393246,
      "min": 0.9573066227,
      "max": 1.0233338047,
      "times": [
        0.9579770667,
        0.9894497947,
        0.9753965857,
        0.9953707117,
        1.0233338047,
        0.9620418587,
        0.9612743867,
        0.9724309577,
        0.9573066227,
        0.9970800697000001
      ],
      "exit_codes": [
        0,
        0,
        0,
        0,
        0,
        0,
        0,
        0,
        0,
        0
      ],
      "parameters": {
        "VERSION": "3.1.1"
      }
    },
    {
      "command": "3.2.5",
      "mean": 1.0559613188,
      "stddev": 0.025521473198629557,
      "median": 1.0596514912,
      "user": 3.56359206,
      "system": 0.10904016000000001,
      "min": 1.0161988366999999,
      "max": 1.0935748457,
      "times": [
        1.0161988366999999,
        1.0791275057,
        1.0935748457,
        1.0669836497,
        1.0180767827,
        1.0578830997,
        1.0614198826999999,
        1.0756895487,
        1.0374519137,
        1.0532071227
      ],
      "exit_codes": [
        0,
        0,
        0,
        0,
        0,
        0,
        0,
        0,
        0,
        0
      ],
      "parameters": {
        "VERSION": "3.2.5"
      }
    },
    {
      "command": "3.3.9",
      "mean": 1.1337939226000002,
      "stddev": 0.04507802392993243,
      "median": 1.1241594057,
      "user": 3.880265759999999,
      "system": 0.12340315999999998,
      "min": 1.0729399057,
      "max": 1.2141667977,
      "times": [
        1.1453303637,
        1.2141667977,
        1.1498697037,
        1.0914184386999999,
        1.1149024996999999,
        1.1996502187,
        1.0729399057,
        1.1225222156999999,
        1.1257965957,
        1.1013424867
      ],
      "exit_codes": [
        0,
        0,
        0,
        0,
        0,
        0,
        0,
        0,
        0,
        0
      ],
      "parameters": {
        "VERSION": "3.3.9"
      }
    },
    {
      "command": "3.5.4",
      "mean": 1.1511601886,
      "stddev": 0.015969129555330835,
      "median": 1.1502926282,
      "user": 3.9659051599999993,
      "system": 0.17830535999999997,
      "min": 1.1269865077,
      "max": 1.1733487757,
      "times": [
        1.1274184267,
        1.1690391907,
        1.1508843287,
        1.1443609477,
        1.1592745057,
        1.1497009276999999,
        1.1456341367,
        1.1733487757,
        1.1269865077,
        1.1649541387
      ],
      "exit_codes": [
        0,
        0,
        0,
        0,
        0,
        0,
        0,
        0,
        0,
        0
      ],
      "parameters": {
        "VERSION": "3.5.4"
      }
    },
    {
      "command": "3.6.3",
      "mean": 1.1313100057,
      "stddev": 0.025389804155820248,
      "median": 1.1441022632,
      "user": 3.83161146,
      "system": 0.14344275999999995,
      "min": 1.0892748007,
      "max": 1.1558091897,
      "times": [
        1.1522413857,
        1.1161752887,
        1.1497341477,
        1.1526849947,
        1.1439092077,
        1.0892748007,
        1.1146090366999999,
        1.1558091897,
        1.1442953187,
        1.0943666867
      ],
      "exit_codes": [
        0,
        0,
        0,
        0,
        0,
        0,
        0,
        0,
        0,
        0
      ],
      "parameters": {
        "VERSION": "3.6.3"
      }
    },
    {
      "command": "3.8.1",
      "mean": 1.1421506013,
      "stddev": 0.03846242442410468,
      "median": 1.1320179752000001,
      "user": 3.8839986599999996,
      "system": 0.17026085999999999,
      "min": 1.0876743477,
      "max": 1.2092517367,
      "times": [
        1.1241352357,
        1.2092517367,
        1.2023405247,
        1.1399007147,
        1.0876743477,
        1.1488916277,
        1.1207499277,
        1.1156777607,
        1.1540792417,
        1.1188048957
      ],
      "exit_codes": [
        0,
        0,
        0,
        0,
        0,
        0,
        0,
        0,
        0,
        0
      ],
      "parameters": {
        "VERSION": "3.8.1"
      }
    },
    {
      "command": "3.8.2",
      "mean": 1.1269650700000002,
      "stddev": 0.027332347249922267,
      "median": 1.1284029977,
      "user": 3.8177519600000003,
      "system": 0.10592536,
      "min": 1.0743873407,
      "max": 1.1680570547,
      "times": [
        1.1578329807,
        1.1189684917,
        1.1046479587,
        1.0743873407,
        1.1079646367,
        1.1680570547,
        1.1393507087,
        1.1416355327,
        1.1250908127,
        1.1317151827
      ],
      "exit_codes": [
        0,
        0,
        0,
        0,
        0,
        0,
        0,
        0,
        0,
        0
      ],
      "parameters": {
        "VERSION": "3.8.2"
      }
    },
    {
      "command": "3.8.3",
      "mean": 1.0953846771999998,
      "stddev": 0.02563129703811621,
      "median": 1.0939490966999998,
      "user": 3.67418896,
      "system": 0.09920986,
      "min": 1.0573971807,
      "max": 1.1430979267,
      "times": [
        1.1298643177,
        1.0754508946999999,
        1.1430979267,
        1.0573971807,
        1.1033511196999999,
        1.0968865867,
        1.0849668147,
        1.0962130117,
        1.0749337377,
        1.0916851817
      ],
      "exit_codes": [
        0,
        0,
        0,
        0,
        0,
        0,
        0,
        0,
        0,
        0
      ],
      "parameters": {
        "VERSION": "3.8.3"
      }
    },
    {
      "command": "3.8.4",
      "mean": 1.0808926799,
      "stddev": 0.017925453048085776,
      "median": 1.0834242762000001,
      "user": 3.6251323600000007,
      "system": 0.11683836,
      "min": 1.0507626917,
      "max": 1.1043466557,
      "times": [
        1.0674940177,
        1.0777082297,
        1.1043466557,
        1.0988438287,
        1.0507626917,
        1.0899319547,
        1.0986621227,
        1.0633619267,
        1.0891403227,
        1.0686750487
      ],
      "exit_codes": [
        0,
        0,
        0,
        0,
        0,
        0,
        0,
        0,
        0,
        0
      ],
      "parameters": {
        "VERSION": "3.8.4"
      }
    },
    {
      "command": "3.8.5",
      "mean": 1.1026530323,
      "stddev": 0.0325322210452575,
      "median": 1.0932255597,
      "user": 3.7401602599999997,
      "system": 0.10752605999999998,
      "min": 1.0600410767,
      "max": 1.1725454347,
      "times": [
        1.1725454347,
        1.1038639767,
        1.0900427817,
        1.1419545146999999,
        1.0864246497,
        1.0843599187,
        1.0816901937,
        1.1091994387,
        1.0600410767,
        1.0964083377
      ],
      "exit_codes": [
        0,
        0,
        0,
        0,
        0,
        0,
        0,
        0,
        0,
        0
      ],
      "parameters": {
        "VERSION": "3.8.5"
      }
    },
    {
      "command": "3.8.6",
      "mean": 1.0931630568,
      "stddev": 0.014062411983080118,
      "median": 1.0953758517,
      "user": 3.68552226,
      "system": 0.09797315999999999,