{
  "results": [
    {
      "command": "3.0.5",
      "mean": 1.2870625092199999,
      "stddev": 0.02182730796650216,
      "median": 1.29198044922,
      "user": 4.4988563,
      "system": 0.24762308000000002,
      "min": 1.2425413137199999,
      "max": 1.31235000072,
      "times": [
        1.29701821072,
        1.3006618047199998,
        1.26011804972,
        1.2425413137199999,
        1.29039414672,
        1.30971140172,
        1.29356675172,
        1.31235000072,
        1.28667178372,
        1.27759162872
      ],
      "exit_codes": [
        0,
        0,
        0,
        0,
        0,
        0,
        0,
        0,
        0,
        0
      ],
      "parameters": {
        "VERSION": "3.0.5"
      }
    },
    {
      "command": "3.1.1",
      "mean": 1.45839718072,
      "stddev": 0.01854197822485214,
      "median": 1.45850112872,
      "user": 5.1437939,
      "system": 0.35638478,
      "min": 1.41684168072,
      "max": 1.47903739572,
      "times": [
        1.46256301372,
        1.4473715517199999,
        1.47645715672,
        1.45798375072,
        1.45162561172,
        1.45434282672,
        1.47903739572,
        1.47873031272,
        1.41684168072,
        1.4590185067199999
      ],
      "exit_codes": [
        0,
        0,
        0,
        0,
        0,
        0,
        0,
        0,
        0,
        0
      ],
      "parameters": {
        "VERSION": "3.1.1"
      }
    },
    {
      "command": "3.2.5",
      "mean": 1.57404845372,
      "stddev": 0.04965291311122264,
      "median": 1.56186586572,
      "user": 5.8009398,
      "system": 0.34514508000000005,
      "min": 1.5309161437199998,
      "max": 1.7041371667199998,
      "times": [
        1.5629501107200001,
        1.55635018572,
        1.5607816207199998,
        1.5309161437199998,
        1.56591483972,
        1.60486701272,
        1.5431760957199998,
        1.7041371667199998,
        1.56435984672,
        1.54703151472
      ],
      "exit_codes": [
        0,
        0,
        0,
        0,
        0,
        0,
        0,
        0,
        0,
        0
      ],
      "parameters": {
        "VERSION": "3.2.5"
      }
    },
    {
      "command": "3.3.9",
      "mean": 1.58155689202,
      "stddev": 0.01490626851533817,
      "median": 1.58098934522,
      "user": 5.8013535,
      "system": 0.35908068,
      "min": 1.5570150107199998,
      "max": 1.60514299772,
      "times": [
        1.58407922172,
        1.57728755272,
        1.58345292772,
        1.59402341872,
        1.60514299772,
        1.5989703417199999,
        1.5570150107199998,
        1.56679612972,
        1.57852576272,
        1.57027555672
      ],
      "exit_codes": [
        0,
        0,
        0,
        0,
        0,
        0,
        0,
        0,
        0,
        0
      ],
      "parameters": {
        "VERSION": "3.3.9"
      }
    },
    {
      "command": "3.5.4",
      "mean": 1.64434308302,
      "stddev": 0.02032134826155025,
      "median": 1.6444566912199998,
      "user": 5.8288873,
      "system": 0.56102168,
      "min": 1.61224702972,
      "max": 1.68512697372,
      "times": [
        1.6578392657199998,
        1.64421746672,
        1.68512697372,
        1.62732548472,
        1.65358269672,
        1.6412940867199999,
        1.65250592172,
        1.6446959157199998,
        1.6245959887199999,
        1.61224702972
      ],
      "exit_codes": [
        0,
        0,
        0,
        0,
        0,
        0,
        0,
        0,
        0,
        0
      ],
      "parameters": {
        "VERSION": "3.5.4"
      }
    },
    {
      "command": "3.6.3",
      "mean": 1.5986381057199999,
      "stddev": 0.03727023071148144,
      "median": 1.6001669182199998,
      "user": 5.5675884,
      "system": 0.53892578,
      "min": 1.55704940872,
      "max": 1.6722286577199998,
      "times": [
        1.55704940872,
        1.5586856197199999,
        1.57406224872,
        1.60804518872,
        1.59612672772,
        1.6042071087199998,
        1.62971785772,
        1.56147627572,
        1.6247819637199998,
        1.6722286577199998
      ],
      "exit_codes": [
        0,
        0,
        0,
        0,
        0,
        0,
        0,
        0,
        0,
        0
      ],
      "parameters": {
        "VERSION": "3.6.3"
      }
    },
    {
      "command": "3.8.1",
      "mean": 1.5898224567199999,
      "stddev": 0.04342505544277458,
      "median": 1.5779589867200001,
      "user": 5.436313199999999,
      "system": 0.53594588,
      "min": 1.54347123872,
      "max": 1.6684530467199998,
      "times": [
        1.58023385272,
        1.54859633872,
        1.57568412072,
        1.57043891472,
        1.5899881437199999,
        1.66579214872,
        1.54347123872,
        1.6684530467199998,
        1.58807816772,
        1.56748859472
      ],
      "exit_codes": [
        0,
        0,
        0,
        0,
        0,
        0,
        0,
        0,
        0,
        0
      ],
      "parameters": {
        "VERSION": "3.8.1"
      }
    },
    {
      "command": "3.8.2",
      "mean": 1.4307644498199998,
      "stddev": 0.045260781774465846,
      "median": 1.43089615372,
      "user": 4.960602100000001,
      "system": 0.26093047999999996,
      "min": 1.36488153272,
      "max": 1.52740617672,
      "times": [
        1.38476778472,
        1.43994327572,
        1.40418109772,
        1.44773229272,
        1.42515105372,
        1.4647125217199999,
        1.41222750872,
        1.52740617672,
        1.43664125372,
        1.36488153272
      ],
      "exit_codes": [
        0,
        0,
        0,
        0,
        0,
        0,
        0,
        0,
        0,
        0
      ],
      "parameters": {
        "VERSION": "3.8.2"
      }
    },
    {
      "command": "3.8.3",
      "mean": 1.3838035245199998,
      "stddev": 0.029754369240781918,
      "median": 1.37854689622,
      "user": 4.860574699999999,
      "system": 0.23427557999999998,
      "min": 1.35524597072,
      "max": 1.45581316272,
      "times": [
        1.45581316272,
        1.38317369172,
        1.35598966172,
        1.39832986572,
        1.36192231172,
        1.39524190772,
        1.37392010072,
        1.38997551272,
        1.35524597072,
        1.36842305972
      ],
      "exit_codes": [
        0,
        0,
        0,
        0,
        0,
        0,
        0,
        0,
        0,
        0
      ],
      "parameters": {
        "VERSION": "3.8.3"
      }
    },
    {
      "command": "3.8.4",
      "mean": 1.37115753732,
      "stddev": 0.041114775820986146,
      "median": 1.36378303472,
      "user": 4.8822805,
      "system": 0.24332338,
      "min": 1.32597534872,
      "max": 1.4629143147199999,
      "times": [
        1.38923260972,
        1.37558130172,
        1.39297756172,
        1.39414865472,
        1.33480660072,
        1.4629143147199999,
        1.3519847677199999,
        1.33972731472,
        1.32597534872,
        1.34422689872
      ],
      "exit_codes": [
        0,
        0,
        0,
        0,
        0,
        0,
        0,
        0,
        0,
        0
      ],
      "parameters": {
        "VERSION": "3.8.4"
      }
    },
    {
      "command": "3.8.5",
      "mean": 1.3692917330199998,
      "stddev": 0.02886870975669539,
      "median": 1.36673766422,
      "user": 4.8233958999999995,
      "system": 0.23741008000000002,
      "min": 1.32806290872,
      "max": 1.41782524572,
      "times": [
        1.36877285172,
        1.32818944672,
        1.36950021472,
        1.3893680067199998,
        1.36461636972,
        1.32806290872,
        1.41782524572,
        1.4037242887199999,
        1.36470247672,
        1.35815552072
      ],
      "exit_codes": [
        0,
        0,
        0,
        0,
        0,
        0,
        0,
        0,
        0,
        0
      ],