{
  "results": [
    {
      "command": "3.0.5",
      "mean": 0.7049318188200002,
      "stddev": 0.018502259354641948,
      "median": 0.70501894342,
      "user": 1.9342717,
      "system": 0.12668808,
      "min": 0.6806189099200001,
      "max": 0.7414637009200001,
      "times": [
        0.7006235939200001,
        0.6806189099200001,
        0.7092957469200001,
        0.7007421399200001,
        0.7132707629200001,
        0.6867418039200001,
        0.71725647692,
        0.7414637009200001,
        0.71533842292,
        0.6839666299200001
      ],
      "exit_codes": [
        0,
        0,
        0,
        0,
        0,
        0,
        0,
        0,
        0,
        0
      ],
      "parameters": {
        "VERSION": "3.0.5"
      }
    },
    {
      "command": "3.6.3",
      "mean": 0.8597126043200001,
      "stddev": 0.029851174453176057,
      "median": 0.8586971249200002,
      "user": 2.5056592,
      "system": 0.14739967999999998,
      "min": 0.8180888469200001,
      "max": 0.8999473489200001,
      "times": [
        0.87880565192,
        0.8491184279200001,
        0.84329322792,
        0.8180888469200001,
        0.8190576539200001,
        0.8999473489200001,
        0.8782350459200001,
        0.8682758219200001,
        0.8993577729200001,
        0.8429462449200001
      ],
      "exit_codes": [
        0,
        0,
        0,
        0,
        0,
        0,
        0,
        0,
        0,
        0
      ],
      "parameters": {
        "VERSION": "3.6.3"
      }
    },
    {
      "command": "3.8.8",
      "mean": 0.8384325898200002,
      "stddev": 0.0195546535771886,
      "median": 0.8333305539200001,
      "user": 2.4289414000000003,
      "system": 0.10131388000000001,
      "min": 0.8181193969200001,
      "max": 0.8768379789200001,
      "times": [
        0.8584104269200001,
        0.8215402149200001,
        0.8458421769200001,
        0.8518596329200001,
        0.8233911209200001,
        0.8216638419200001,
        0.8768379789200001,
        0.8181193969200001,
        0.8394423689200001,
        0.8272187389200001
      ],
      "exit_codes": [
        0,
        0,
        0,
        0,
        0,
        0,
        0,
        0,
        0,
        0
      ],
      "parameters": {
        "VERSION": "3.8.8"
      }
    },
    {
      "command": "3.9.6",
      "mean": 0.99382492672,
      "stddev": 0.021794534903835625,
      "median": 0.99938461592,
      "user": 2.9398411,
      "system": 0.10917238,
      "min": 0.9495316379200001,
      "max": 1.02171178992,
      "times": [
        1.02171178992,
        0.9811519259200001,
        1.00881569692,
        1.01056895592,
        0.9923041699200001,
        0.9797132089200001,
        0.9780486699200001,
        1.00646506192,
        0.9495316379200001,
        1.00993814992
      ],
      "exit_codes": [
        0,
        0,
        0,
        0,
        0,
        0,
        0,
        0,
        0,
        0
      ],
      "parameters": {
        "VERSION": "3.9.6"
      }
    },
    {
      "command": "4.0.0-alpha-13",
      "mean": 1.42878416172,
      "stddev": 0.02978259751435621,
      "median": 1.42166199392,
      "user": 4.9142002,
      "system": 0.19714327999999998,
      "min": 1.38621557292,
      "max": 1.4942884809199999,
      "times": [
        1.44765973992,
        1.38621557292,
        1.40510884392,
        1.44896025892,
        1.4183430479199999,
        1.43326832392,
        1.41291926692,
        1.4942884809199999,
        1.41609714192,
        1.42498093992
      ],
      "exit_codes": [
        0,
        0,
        0,
        0,
        0,
        0,
        0,
        0,
        0,
        0
      ],
      "parameters": {
        "VERSION": "4.0.0-alpha-13"
      }
    }
  ]
}
