{
  "results": [
    {
      "command": "3.0.5",
      "mean": 0.89756434574,
      "stddev": 0.04322205246882902,
      "median": 0.89426139134,
      "user": 2.8443562399999998,
      "system": 0.1385055,
      "min": 0.83649942034,
      "max": 0.97298330034,
      "times": [
        0.86474721834,
        0.89472905534,
        0.83649942034,
        0.97298330034,
        0.95183535634,
        0.9212656223400001,
        0.85399004034,
        0.8723107813400001,
        0.9134889353400001,
        0.8937937273400001
      ],
      "exit_codes": [
        0,
        0,
        0,
        0,
        0,
        0,
        0,
        0,
        0,
        0
      ],
      "parameters": {
        "VERSION": "3.0.5"
      }
    },
    {
      "command": "3.1.1",
      "mean": 0.92573614414,
      "stddev": 0.025138933496931908,
      "median": 0.9253977413400001,
      "user": 2.8560376399999994,
      "system": 0.1279754,
      "min": 0.89180878334,
      "max": 0.97198186334,
      "times": [
        0.9041989233400001,
        0.9039472993400001,
        0.9393370293400001,
        0.9114584533400001,
        0.89180878334,
        0.93982254734,
        0.97198186334,
        0.9091545873400001,
        0.94537741734,
        0.9402745373400001
      ],
      "exit_codes": [
        0,
        0,
        0,
        0,
        0,
        0,
        0,
        0,
        0,
        0
      ],
      "parameters": {
        "VERSION": "3.1.1"
      }
    },
    {
      "command": "3.2.5",
      "mean": 0.9922599600400002,
      "stddev": 0.033977492076658795,
      "median": 0.97437188234,
      "user": 3.2504205399999995,
      "system": 0.12605309999999997,
      "min": 0.9562254423400001,
      "max": 1.0512516953400002,
      "times": [
        0.9702859033400001,
        0.9722659073400001,
        1.0130256913400002,
        0.97521925734,
        0.9589140503400001,
        1.03767723234,
        1.0512516953400002,
        1.0142099133400002,
        0.9562254423400001,
        0.9735245073400001
      ],
      "exit_codes": [
        0,
        0,
        0,
        0,
        0,
        0,
        0,
        0,
        0,
        0
      ],
      "parameters": {
        "VERSION": "3.2.5"
      }
    },
    {
      "command": "3.3.9",
      "mean": 1.0263330373400001,
      "stddev": 0.02165904676407079,
      "median": 1.0287209538400002,
      "user": 3.38247684,
      "system": 0.1474866,
      "min": 0.99358965734,
      "max": 1.05281632834,
      "times": [
        1.04203265134,
        0.9974757753400001,
        1.00561820534,
        1.0212468083400001,
        1.04033549134,
        1.0267501603400002,
        0.99358965734,
        1.0306917473400001,
        1.05281632834,
        1.05277354834
      ],
      "exit_codes": [
        0,
        0,
        0,
        0,
        0,
        0,
        0,
        0,
        0,
        0
      ],
      "parameters": {
        "VERSION": "3.3.9"
      }
    },
    {
      "command": "3.5.4",
      "mean": 1.0815971593400002,
      "stddev": 0.02646538552703937,
      "median": 1.07985848884,
      "user": 3.606479039999999,
      "system": 0.23374119999999995,
      "min": 1.04893803934,
      "max": 1.13600774734,
      "times": [
        1.13600774734,
        1.0674679743400002,
        1.05938256434,
        1.07859657334,
        1.05325869734,
        1.08112040434,
        1.04893803934,
        1.0978129333400002,
        1.0915719003400002,
        1.10181475934
      ],
      "exit_codes": [
        0,
        0,
        0,
        0,
        0,
        0,
        0,
        0,
        0,
        0
      ],
      "parameters": {
        "VERSION": "3.5.4"
      }
    },
    {
      "command": "3.6.3",
      "mean": 1.03321937054,
      "stddev": 0.024725236553313202,
      "median": 1.03421450984,
      "user": 3.37540024,
      "system": 0.2056204,
      "min": 0.98623660934,
      "max": 1.0628793713400002,
      "times": [
        1.0302216773400001,
        0.98623660934,
        1.0429741493400002,
        1.0342741933400001,
        1.06060281534,
        1.03415482634,
        1.0237845493400002,
        1.0628793713400002,
        1.0018305733400001,
        1.05523494034
      ],
      "exit_codes": [
        0,
        0,
        0,
        0,
        0,
        0,
        0,
        0,
        0,
        0
      ],
      "parameters": {
        "VERSION": "3.6.3"
      }
    },
    {
      "command": "3.8.1",
      "mean": 1.03318253324,
      "stddev": 0.018462397998874176,
      "median": 1.02866325434,
      "user": 3.3970759399999997,
      "system": 0.2019667,
      "min": 1.00772181534,
      "max": 1.0692963213400002,
      "times": [
        1.0692963213400002,
        1.0459411893400001,
        1.0258999983400001,
        1.00772181534,
        1.02840683034,
        1.02579597234,
        1.0382826983400002,
        1.0112052233400002,
        1.02891967834,
        1.05035560534
      ],
      "exit_codes": [
        0,
        0,
        0,
        0,
        0,
        0,
        0,
        0,
        0,
        0
      ],
      "parameters": {
        "VERSION": "3.8.1"
      }
    },
    {
      "command": "3.8.2",
      "mean": 1.02311412654,
      "stddev": 0.025273568940488822,
      "median": 1.0278325763400002,
      "user": 3.3956545399999998,
      "system": 0.14472970000000002,
      "min": 0.98580126134,
      "max": 1.0552181333400001,
      "times": [
        1.0360920823400002,
        1.0552181333400001,
        1.0188727263400001,
        0.99310874934,
        1.0269194673400002,
        1.05334307734,
        1.02874568534,
        1.04093493934,
        0.9921051433400001,
        0.98580126134
      ],
      "exit_codes": [
        0,
        0,
        0,
        0,
        0,
        0,
        0,
        0,
        0,
        0
      ],
      "parameters": {
        "VERSION": "3.8.2"
      }
    },
    {
      "command": "3.8.3",
      "mean": 0.99848867794,
      "stddev": 0.02343063189154677,
      "median": 0.9893337333400001,
      "user": 3.2571720400000004,
      "system": 0.13437919999999998,
      "min": 0.9783314163400001,
      "max": 1.0572540353400002,
      "times": [
        0.9783314163400001,
        0.9864436363400001,
        0.98839785934,
        0.9808961273400001,
        1.00805284934,
        0.99026960734,
        1.01369766734,
        0.9879949103400001,
        1.0572540353400002,
        0.99354867034
      ],
      "exit_codes": [
        0,
        0,
        0,
        0,
        0,
        0,
        0,
        0,
        0,
        0
      ],
      "parameters": {
        "VERSION": "3.8.3"
      }
    },
    {
      "command": "3.8.4",
      "mean": 1.01456719984,
      "stddev": 0.02361462074184624,
      "median": 1.01451553784,
      "user": 3.3261691399999997,
      "system": 0.1300295,
      "min": 0.98542030034,
      "max": 1.05298673634,
      "times": [
        0.98542030034,
        1.0193671643400002,
        0.9873107763400001,
        1.00996502434,
        1.01906605134,
        1.04413913334,
        1.00004685734,
        0.99369770534,
        1.0336722493400001,
        1.05298673634
      ],
      "exit_codes": [
        0,
        0,
        0,
        0,
        0,
        0,
        0,
        0,
        0,
        0
      ],
      "parameters": {
        "VERSION": "3.8.4"
      }
    },
    {
      "command": "3.8.5",
      "mean": 1.0114194167400001,
      "stddev": 0.015854498233632823,
      "median": 1.0114565208400002,
      "user": 3.2831986399999997,
      "system": 0.13142489999999998,
      "min": 0.98724357734,
      "max": 1.03915383034,
      "times": [
        1.0016160903400002,
        0.99321063834,
        1.0285258593400002,
        1.03915383034,
        1.02033782134,
        1.00858971834,
        0.98724357734,
        1.0173416613400001,
        1.00385164734,
        1.0143233233400002
      ],