{
  "results": [
    {
      "command": "3.0.5",
      "mean": 2.63425801614,
      "stddev": 0.04397370799407976,
      "median": 2.6387053979400004,
      "user": 8.79124832,
      "system": 0.5023850599999999,
      "min": 2.56922417644,
      "max": 2.70467365444,
      "times": [
        2.66800532844,
        2.6482555324400003,
        2.65721777144,
        2.6291552634400004,
        2.60275902444,
        2.60396977644,
        2.70467365444,
        2.6764335794400003,
        2.56922417644,
        2.5828860544400003
      ],
      "exit_codes": [
        0,
        0,
        0,
        0,
        0,
        0,
        0,
        0,
        0,
        0
      ],
      "parameters": {
        "VERSION": "3.0.5"
      }
    },
    {
      "command": "3.6.3",
      "mean": 3.34879796564,
      "stddev": 0.055225103223589464,
      "median": 3.33174185994,
      "user": 10.63108312,
      "system": 1.0450906599999998,
      "min": 3.2940407884400003,
      "max": 3.4556387714400003,
      "times": [
        3.31421350344,
        3.30288664944,
        3.3480044174400003,
        3.35374413344,
        3.3093641974400003,
        3.4556387714400003,
        3.43147380144,
        3.2940407884400003,
        3.36313409144,
        3.31547930244
      ],
      "exit_codes": [
        0,
        0,
        0,
        0,
        0,
        0,
        0,
        0,
        0,
        0
      ],
      "parameters": {
        "VERSION": "3.6.3"
      }
    },
    {
      "command": "3.8.8",
      "mean": 2.49888696634,
      "stddev": 0.032523817691627044,
      "median": 2.5032829984400005,
      "user": 9.659563719999998,
      "system": 0.41043216000000005,
      "min": 2.44811075944,
      "max": 2.5638475314400004,
      "times": [
        2.47401915844,
        2.4949352254400003,
        2.4754800034400004,
        2.4750329744400004,
        2.44811075944,
        2.5638475314400004,
        2.5154816714400003,
        2.51163077144,
        2.5138660394400003,
        2.5164655284400004
      ],
      "exit_codes": [
        0,
        0,
        0,
        0,
        0,
        0,
        0,
        0,
        0,
        0
      ],
      "parameters": {
        "VERSION": "3.8.8"
      }
    },
    {
      "command": "3.9.4",
      "mean": 2.7171646199400006,
      "stddev": 0.03250994647657006,
      "median": 2.72420301894,
      "user": 10.529808019999999,
      "system": 0.41638056,
      "min": 2.66216882544,
      "max": 2.7766300594400004,
      "times": [
        2.7299481184400003,
        2.7766300594400004,
        2.66216882544,
        2.7247918704400003,
        2.7029378954400003,
        2.7320324304400003,
        2.72175529144,
        2.67081867144,
        2.72694886944,
        2.72361416744
      ],
      "exit_codes": [
        0,
        0,
        0,
        0,
        0,
        0,
        0,
        0,
        0,
        0
      ],
      "parameters": {
        "VERSION": "3.9.4"
      }
    },
    {
      "command": "3.9.5",
      "mean": 2.7220345648400004,
      "stddev": 0.044722737933040484,
      "median": 2.7462735259400004,
      "user": 10.521876419999998,
      "system": 0.44387316,
      "min": 2.64581110544,
      "max": 2.7711563474400003,
      "times": [
        2.76019446544,
        2.74422520244,
        2.7711563474400003,
        2.6875554274400004,
        2.68159623844,
        2.75449411244,
        2.7529606004400002,
        2.64581110544,
        2.67403029944,
        2.7483218494400004
      ],
      "exit_codes": [
        0,
        0,
        0,
        0,
        0,
        0,
        0,
        0,
        0,
        0
      ],
      "parameters": {
        "VERSION": "3.9.5"
      }
    },
    {
      "command": "4.0.0-alpha-7",
      "mean": 3.9700592550400002,
      "stddev": 0.033357740395115736,
      "median": 3.9701006114400004,
      "user": 14.116849720000001,
      "system": 0.6466130599999999,
      "min": 3.8973435904400002,
      "max": 4.0168536044400005,
      "times": [
        3.99152622144,
        4.00425756144,
        3.98442727844,
        3.9703878494400002,
        3.95186400544,
        4.0168536044400005,
        3.96981337344,
        3.8973435904400002,
        3.9610189894400003,
        3.95310007644
      ],
      "exit_codes": [
        0,
        0,
        0,
        0,
        0,
        0,
        0,
        0,
        0,
        0
      ],
      "parameters": {
        "VERSION": "4.0.0-alpha-7"
      }
    },
    {
      "command": "4.0.0-alpha-8",
      "mean": 4.236512587840001,
      "stddev": 0.06019312769088413,
      "median": 4.229424566940001,
      "user": 14.90766712,
      "system": 0.6461003599999999,
      "min": 4.17455680944,
      "max": 4.34730981944,
      "times": [
        4.17455680944,
        4.18844060244,
        4.26279109044,
        4.28361416944,
        4.34730981944,
        4.29305171844,
        4.20524839644,
        4.17504623844,
        4.18146629644,
        4.25360073744
      ],
      "exit_codes": [
        0,
        0,
        0,
        0,
        0,
        0,
        0,
        0,
        0,
        0
      ],
      "parameters": {
        "VERSION": "4.0.0-alpha-8"
      }
    }
  ]
}
