{
  "results": [
    {
      "command": "3.0.5",
      "mean": 0.8299158274400001,
      "stddev": 0.01750388989031414,
      "median": 0.8277310790400001,
      "user": 2.6573418,
      "system": 0.11273017999999999,
      "min": 0.8024839555400001,
      "max": 0.8649398035400001,
      "times": [
        0.8176325695400001,
        0.8499865655400001,
        0.8187366915400001,
        0.8224750215400001,
        0.8649398035400001,
        0.8024839555400001,
        0.8287329095400001,
        0.8350861865400001,
        0.8323553225400001,
        0.8267292485400001
      ],
      "exit_codes": [
        0,
        0,
        0,
        0,
        0,
        0,
        0,
        0,
        0,
        0
      ],
      "parameters": {
        "VERSION": "3.0.5"
      }
    },
    {
      "command": "3.1.1",
      "mean": 0.86244785164,
      "stddev": 0.014341758382680264,
      "median": 0.8621686805400001,
      "user": 2.8681091,
      "system": 0.10335407999999999,
      "min": 0.8458811045400001,
      "max": 0.8879145075400001,
      "times": [
        0.8458811045400001,
        0.86196591554,
        0.8464336415400001,
        0.87330226054,
        0.8623714455400001,
        0.8879145075400001,
        0.8800132075400001,
        0.85239585754,
        0.8505094525400001,
        0.8636911235400001
      ],
      "exit_codes": [
        0,
        0,
        0,
        0,
        0,
        0,
        0,
        0,
        0,
        0
      ],
      "parameters": {
        "VERSION": "3.1.1"
      }
    },
    {
      "command": "3.2.5",
      "mean": 0.9176326964399999,
      "stddev": 0.015762100396503317,
      "median": 0.91468516854,
      "user": 3.1590034000000005,
      "system": 0.12001127999999998,
      "min": 0.89903678754,
      "max": 0.94217423454,
      "times": [
        0.92050225754,
        0.90886807954,
        0.9328607685400001,
        0.9039322685400001,
        0.93783120854,
        0.92148173454,
        0.9008125945400001,
        0.89903678754,
        0.94217423454,
        0.90882703054
      ],
      "exit_codes": [
        0,
        0,
        0,
        0,
        0,
        0,
        0,
        0,
        0,
        0
      ],
      "parameters": {
        "VERSION": "3.2.5"
      }
    },
    {
      "command": "3.3.9",
      "mean": 0.9573033325399999,
      "stddev": 0.0274576123326491,
      "median": 0.9553980185400001,
      "user": 3.2230939999999997,
      "system": 0.11724008,
      "min": 0.9205201375400001,
      "max": 1.00061563854,
      "times": [
        0.93112675154,
        0.96826712254,
        0.9917429335400001,
        0.97670638854,
        0.94266461154,
        0.9681314255400001,
        1.00061563854,
        0.9205201375400001,
        0.9356393415400001,
        0.9376189745400001
      ],
      "exit_codes": [
        0,
        0,
        0,
        0,
        0,
        0,
        0,
        0,
        0,
        0
      ],
      "parameters": {
        "VERSION": "3.3.9"
      }
    },
    {
      "command": "3.5.4",
      "mean": 0.9669349481400001,
      "stddev": 0.025704616325758364,
      "median": 0.96094941854,
      "user": 3.3652136999999995,
      "system": 0.13856398,
      "min": 0.93865588854,
      "max": 1.01948091254,
      "times": [
        1.01948091254,
        0.96425867854,
        0.9443855405400001,
        0.9632854315400001,
        0.9586134055400001,
        0.95822293554,
        0.9493444305400001,
        0.9687657095400001,
        0.93865588854,
        1.00433654854
      ],
      "exit_codes": [
        0,
        0,
        0,
        0,
        0,
        0,
        0,
        0,
        0,
        0
      ],
      "parameters": {
        "VERSION": "3.5.4"
      }
    },
    {
      "command": "3.6.3",
      "mean": 0.9309193379400001,
      "stddev": 0.014939186193364224,
      "median": 0.9312977065400001,
      "user": 3.1593016,
      "system": 0.12777368,
      "min": 0.91161626354,
      "max": 0.9554561225400001,
      "times": [
        0.9389423215400001,
        0.9554561225400001,
        0.9122223585400001,
        0.9301412545400001,
        0.93245415854,
        0.91161626354,
        0.9366239875400001,
        0.91717538854,
        0.9498240885400001,
        0.9247374355400001
      ],
      "exit_codes": [
        0,
        0,
        0,
        0,
        0,
        0,
        0,
        0,
        0,
        0
      ],
      "parameters": {
        "VERSION": "3.6.3"
      }
    },
    {
      "command": "3.8.1",
      "mean": 0.9491021168400001,
      "stddev": 0.025705344598564953,
      "median": 0.9473921570400001,
      "user": 3.2067446999999993,
      "system": 0.13655948,
      "min": 0.91908436254,
      "max": 0.9899571865400001,
      "times": [
        0.9341844075400001,
        0.92188987454,
        0.9377250505400001,
        0.9646676795400001,
        0.96008090954,
        0.9833913655400001,
        0.95705926354,
        0.9229810685400001,
        0.91908436254,
        0.9899571865400001
      ],
      "exit_codes": [
        0,
        0,
        0,
        0,
        0,
        0,
        0,
        0,
        0,
        0
      ],
      "parameters": {
        "VERSION": "3.8.1"
      }
    },
    {
      "command": "3.8.2",
      "mean": 0.9476079960400001,
      "stddev": 0.02499525653110307,
      "median": 0.93769696704,
      "user": 3.2021496999999997,
      "system": 0.09846417999999998,
      "min": 0.9235486045400001,
      "max": 0.99520454954,
      "times": [
        0.93882842454,
        0.9273303135400001,
        0.96927241754,
        0.97799489654,
        0.9235486045400001,
        0.9337215485400001,
        0.99520454954,
        0.9365655095400001,
        0.92358747354,
        0.95002622254
      ],
      "exit_codes": [
        0,
        0,
        0,
        0,
        0,
        0,
        0,
        0,
        0,
        0
      ],
      "parameters": {
        "VERSION": "3.8.2"
      }
    },
    {
      "command": "3.8.3",
      "mean": 0.91769687234,
      "stddev": 0.018295548542024573,
      "median": 0.92313053454,
      "user": 3.0892585,
      "system": 0.08649557999999999,
      "min": 0.8915326395400001,
      "max": 0.9418960605400001,
      "times": [
        0.9418960605400001,
        0.9367690845400001,
        0.8981845595400001,
        0.9012483745400001,
        0.92294394954,
        0.9366230285400001,
        0.92341142854,
        0.8915326395400001,
        0.9010424785400001,
        0.9233171195400001
      ],
      "exit_codes": [
        0,
        0,
        0,
        0,
        0,
        0,
        0,
        0,
        0,
        0
      ],
      "parameters": {
        "VERSION": "3.8.3"
      }
    },
    {
      "command": "3.8.4",
      "mean": 0.93376121224,
      "stddev": 0.045801399799961576,
      "median": 0.9198849735400001,
      "user": 3.2099024999999997,
      "system": 0.08522758,
      "min": 0.88122942954,
      "max": 1.03698910754,
      "times": [
        0.9181994345400001,
        0.9021727315400001,
        0.9215705125400001,
        0.9476711505400001,
        0.90491080554,
        0.93998851654,
        1.03698910754,
        0.90462189254,
        0.88122942954,
        0.98025854154
      ],
      "exit_codes": [
        0,
        0,
        0,
        0,
        0,
        0,
        0,
        0,
        0,
        0
      ],
      "parameters": {
        "VERSION": "3.8.4"
      }
    },
    {
      "command": "3.8.5",
      "mean": 0.9325541015400001,
      "stddev": 0.021571601848224046,
      "median": 0.92621725954,
      "user": 3.1030065999999996,
      "system": 0.08971447999999997,
      "min": 0.9120348435400001,
      "max": 0.9715882815400001,