{
  "results": [
    {
      "command": "3.0.5",
      "mean": 0.9899824463400002,
      "stddev": 0.03872655721757341,
      "median": 0.9785232714400001,
      "user": 3.3069530799999995,
      "system": 0.20541908000000003,
      "min": 0.9492389209400001,
      "max": 1.07285816594,
      "times": [
        0.98461253494,
        0.94967615994,
        0.9492389209400001,
        1.01080565294,
        0.99796207394,
        0.96211628894,
        1.07285816594,
        0.97243400794,
        0.97239278994,
        1.02772786794
      ],
      "exit_codes": [
        0,
        0,
        0,
        0,
        0,
        0,
        0,
        0,
        0,
        0
      ],
      "parameters": {
        "VERSION": "3.0.5"
      }
    },
    {
      "command": "3.6.3",
      "mean": 1.42792309234,
      "stddev": 0.03113669642185139,
      "median": 1.41056727444,
      "user": 4.92662038,
      "system": 0.43752708,
      "min": 1.39842624794,
      "max": 1.48481298194,
      "times": [
        1.45852843494,
        1.48481298194,
        1.40509136294,
        1.44971299994,
        1.41116714094,
        1.45625142794,
        1.39842624794,
        1.40996740794,
        1.40172658094,
        1.40354633794
      ],
      "exit_codes": [
        0,
        0,
        0,
        0,
        0,
        0,
        0,
        0,
        0,
        0
      ],
      "parameters": {
        "VERSION": "3.6.3"
      }
    },
    {
      "command": "3.8.8",
      "mean": 1.27110815594,
      "stddev": 0.021017417972569234,
      "median": 1.27077048694,
      "user": 4.464401279999999,
      "system": 0.20257267999999998,
      "min": 1.23505793094,
      "max": 1.29935288994,
      "times": [
        1.25325351494,
        1.28915109794,
        1.26200812194,
        1.27613447194,
        1.28144516694,
        1.25270946894,
        1.29656239394,
        1.29935288994,
        1.26540650194,
        1.23505793094
      ],
      "exit_codes": [
        0,
        0,
        0,
        0,
        0,
        0,
        0,
        0,
        0,
        0
      ],
      "parameters": {
        "VERSION": "3.8.8"
      }
    },
    {
      "command": "3.9.6",
      "mean": 1.43123627424,
      "stddev": 0.024155673115578327,
      "median": 1.4340353774399999,
      "user": 4.914935179999999,
      "system": 0.22642827999999998,
      "min": 1.39444978094,
      "max": 1.46850909294,
      "times": [
        1.41916892394,
        1.43739752894,
        1.39559574294,
        1.43067322594,
        1.4417334769399999,
        1.39444978094,
        1.46850909294,
        1.4539193129399999,
        1.44950166594,
        1.4214139909399999
      ],
      "exit_codes": [
        0,
        0,
        0,
        0,
        0,
        0,
        0,
        0,
        0,
        0
      ],
      "parameters": {
        "VERSION": "3.9.6"
      }
    },
    {
      "command": "4.0.0-alpha-13",
      "mean": 1.9610397850399999,
      "stddev": 0.0486104320549439,
      "median": 1.9485164204399998,
      "user": 8.423600779999997,
      "system": 0.38630828000000006,
      "min": 1.88607870694,
      "max": 2.0443941329400004,
      "times": [
        1.97106164394,
        1.93021367694,
        1.93481437994,
        1.93247334494,
        1.96221846094,
        2.02034175494,
        1.88607870694,
        2.0443941329400004,
        1.92831452194,
        2.0004872269400003
      ],
      "exit_codes": [
        0,
        0,
        0,
        0,
        0,
        0,
        0,
        0,
        0,
        0
      ],
      "parameters": {
        "VERSION": "4.0.0-alpha-13"
      }
    }
  ]
}
