{
  "results": [
    {
      "command": "3.0.5",
      "mean": 1.4590163706800001,
      "stddev": 0.025726546271197998,
      "median": 1.45265391158,
      "user": 5.292800420000001,
      "system": 0.26169904,
      "min": 1.41390400458,
      "max": 1.49532143558,
      "times": [
        1.47838399558,
        1.4419973635799999,
        1.41390400458,
        1.49532143558,
        1.44528742558,
        1.44728798758,
        1.48135927458,
        1.4580198355799998,
        1.44131569858,
        1.48728668558
      ],
      "exit_codes": [
        0,
        0,
        0,
        0,
        0,
        0,
        0,
        0,
        0,
        0
      ],
      "parameters": {
        "VERSION": "3.0.5"
      }
    },
    {
      "command": "3.1.1",
      "mean": 1.6191831802799999,
      "stddev": 0.027460554433784055,
      "median": 1.61196671058,
      "user": 5.887304319999999,
      "system": 0.25085004000000005,
      "min": 1.58514202858,
      "max": 1.67345573758,
      "times": [
        1.65819275758,
        1.60961421158,
        1.5909052925799998,
        1.60906722458,
        1.61855174158,
        1.58514202858,
        1.62424060758,
        1.60834299158,
        1.6143192095799999,
        1.67345573758
      ],
      "exit_codes": [
        0,
        0,
        0,
        0,
        0,
        0,
        0,
        0,
        0,
        0
      ],
      "parameters": {
        "VERSION": "3.1.1"
      }
    },
    {
      "command": "3.2.5",
      "mean": 1.77618959028,
      "stddev": 0.030747821459216743,
      "median": 1.78748780908,
      "user": 6.5172661199999995,
      "system": 0.2875024399999999,
      "min": 1.70977620058,
      "max": 1.81346747558,
      "times": [
        1.7410246835799998,
        1.70977620058,
        1.79151754458,
        1.78689459258,
        1.76627244958,
        1.7885989735799999,
        1.78808102558,
        1.81346747558,
        1.77324192458,
        1.80302103258
      ],
      "exit_codes": [
        0,
        0,
        0,
        0,
        0,
        0,
        0,
        0,
        0,
        0
      ],
      "parameters": {
        "VERSION": "3.2.5"
      }
    },
    {
      "command": "3.3.9",
      "mean": 1.81621945468,
      "stddev": 0.023512219772715774,
      "median": 1.8167504490800002,
      "user": 7.047040819999998,
      "system": 0.32325313999999994,
      "min": 1.7807162675800001,
      "max": 1.85688142358,
      "times": [
        1.85688142358,
        1.82824174758,
        1.80219768358,
        1.8416439625799998,
        1.8243607795799999,
        1.81262212658,
        1.82087877158,
        1.78594317458,
        1.80870860958,
        1.7807162675800001
      ],
      "exit_codes": [
        0,
        0,
        0,
        0,
        0,
        0,
        0,
        0,
        0,
        0
      ],
      "parameters": {
        "VERSION": "3.3.9"
      }
    },
    {
      "command": "3.5.4",
      "mean": 1.9085857712800003,
      "stddev": 0.04331460821878809,
      "median": 1.91358494658,
      "user": 6.750369319999999,
      "system": 0.6377943400000001,
      "min": 1.8465124065799998,
      "max": 1.97888593658,
      "times": [
        1.8465124065799998,
        1.85242197858,
        1.97888593658,
        1.90373744858,
        1.89037825358,
        1.8725278245799999,
        1.93040368958,
        1.95109534258,
        1.92343244458,
        1.93646238758
      ],
      "exit_codes": [
        0,
        0,
        0,
        0,
        0,
        0,
        0,
        0,
        0,
        0
      ],
      "parameters": {
        "VERSION": "3.5.4"
      }
    },
    {
      "command": "3.6.3",
      "mean": 1.87329143358,
      "stddev": 0.05379759374737635,
      "median": 1.8582565510799998,
      "user": 6.675568219999998,
      "system": 0.6560751400000001,
      "min": 1.82285748558,
      "max": 2.0005487365800003,
      "times": [
        1.84085304058,
        1.86588919058,
        1.91881368358,
        1.89569793858,
        1.82285748558,
        1.86743089458,
        1.84412416458,
        1.82607528958,
        2.0005487365800003,
        1.8506239115799998
      ],
      "exit_codes": [
        0,
        0,
        0,
        0,
        0,
        0,
        0,
        0,
        0,
        0
      ],
      "parameters": {
        "VERSION": "3.6.3"
      }
    },
    {
      "command": "3.8.1",
      "mean": 1.8895260388800001,
      "stddev": 0.04378036808133541,
      "median": 1.8877014610799998,
      "user": 6.74134402,
      "system": 0.6662822399999999,
      "min": 1.80833025858,
      "max": 1.95032828058,
      "times": [
        1.92977584458,
        1.86015813658,
        1.90415720758,
        1.8699654555799998,
        1.95032828058,
        1.80833025858,
        1.93023476358,
        1.8712457145799999,
        1.8550500665799998,
        1.91601466058
      ],
      "exit_codes": [
        0,
        0,
        0,
        0,
        0,
        0,
        0,
        0,
        0,
        0
      ],
      "parameters": {
        "VERSION": "3.8.1"
      }
    },
    {
      "command": "3.8.2",
      "mean": 1.68154794748,
      "stddev": 0.030740381210207255,
      "median": 1.66529995958,
      "user": 6.30341582,
      "system": 0.2987822399999999,
      "min": 1.65303144858,
      "max": 1.7344332305799999,
      "times": [
        1.68370366558,
        1.66001612458,
        1.66441693058,
        1.7344332305799999,
        1.66618298858,
        1.66318388858,
        1.65303144858,
        1.70761958158,
        1.7280789295799999,
        1.65481268658
      ],
      "exit_codes": [
        0,
        0,
        0,
        0,
        0,
        0,
        0,
        0,
        0,
        0
      ],
      "parameters": {
        "VERSION": "3.8.2"
      }
    },
    {
      "command": "3.8.3",
      "mean": 1.6069856359799999,
      "stddev": 0.03837840237342153,
      "median": 1.60351005558,
      "user": 5.88310792,
      "system": 0.24838353999999999,
      "min": 1.54377615458,
      "max": 1.67487502358,
      "times": [
        1.57499689858,
        1.67487502358,
        1.60545377958,
        1.60156633158,
        1.58873738358,
        1.58070837358,
        1.62596977658,
        1.65145891558,
        1.54377615458,
        1.62231372258
      ],
      "exit_codes": [
        0,
        0,
        0,
        0,
        0,
        0,
        0,
        0,
        0,
        0
      ],
      "parameters": {
        "VERSION": "3.8.3"
      }
    },
    {
      "command": "3.8.4",
      "mean": 1.61138405718,
      "stddev": 0.029851165341022275,
      "median": 1.6096710985799998,
      "user": 5.91036332,
      "system": 0.24762793999999996,
      "min": 1.56473713858,
      "max": 1.66455474558,
      "times": [
        1.66455474558,
        1.64658163758,
        1.6105899175799998,
        1.57203027558,
        1.60536571958,
        1.60319956058,
        1.56473713858,
        1.60875227958,
        1.62000626458,
        1.6180230325799998
      ],
      "exit_codes": [
        0,
        0,
        0,
        0,
        0,
        0,
        0,
        0,
        0,
        0
      ],
      "parameters": {
        "VERSION": "3.8.4"
      }
    },
    {
      "command": "3.8.5",
      "mean": 1.59738290588,
      "stddev": 0.05799394695004916,
      "median": 1.60477827908,
      "user": 5.8825476199999995,
      "system": 0.28286793999999993,
      "min": 1.47027743358,
      "max": 1.67000594558,
      "times": [
        1.54535884358,
        1.5722550415799998,
        1.59765212158,
        1.63916719258,
        1.62553349358,
        1.5920943025799998,
        1.47027743358,
        1.61190443658,
        1.64958024758,
        1.67000594558
      ],
      "exit_codes": [
        0,
        0,
        0,
        0,
        0,
        0,
        0,
        0,
        0,
        0
      ],