{
  "results": [
    {
      "command": "3.0.5",
      "mean": 0.8323662981,
      "stddev": 0.020254725279185037,
      "median": 0.8314383039000001,
      "user": 2.60884728,
      "system": 0.08461148,
      "min": 0.8023132099,
      "max": 0.8654590509000001,
      "times": [
        0.8299579889,
        0.8145571269,
        0.8545549319000001,
        0.8023132099,
        0.8186934489000001,
        0.8336095129000001,
        0.8654590509000001,
        0.8329186189000001,
        0.8540518449000001,
        0.8175472469
      ],
      "exit_codes": [
        0,
        0,
        0,
        0,
        0,
        0,
        0,
        0,
        0,
        0
      ],
      "parameters": {
        "VERSION": "3.0.5"
      }
    },
    {
      "command": "3.1.1",
      "mean": 0.8746203206000001,
      "stddev": 0.0241225633129548,
      "median": 0.8671829049,
      "user": 2.7183605799999997,
      "system": 0.09040058,
      "min": 0.8521030609,
      "max": 0.9275047089,
      "times": [
        0.8521030609,
        0.8561877539,
        0.8550811999000001,
        0.8567876589000001,
        0.9275047089,
        0.8880407319,
        0.8571530399,
        0.8925517939000001,
        0.8772127699000001,
        0.8835804879
      ],
      "exit_codes": [
        0,
        0,
        0,
        0,
        0,
        0,
        0,
        0,
        0,
        0
      ],
      "parameters": {
        "VERSION": "3.1.1"
      }
    },
    {
      "command": "3.2.5",
      "mean": 0.9270437129000001,
      "stddev": 0.019395445368407788,
      "median": 0.9302449229,
      "user": 3.00339388,
      "system": 0.10678977999999999,
      "min": 0.8950189749,
      "max": 0.9513700289,
      "times": [
        0.8950189749,
        0.9428864119,
        0.9062630069000001,
        0.9513700289,
        0.9427847039,
        0.9095922269000001,
        0.9340104129000001,
        0.9159706449,
        0.9460612849000001,
        0.9264794329
      ],
      "exit_codes": [
        0,
        0,
        0,
        0,
        0,
        0,
        0,
        0,
        0,
        0
      ],
      "parameters": {
        "VERSION": "3.2.5"
      }
    },
    {
      "command": "3.3.9",
      "mean": 0.9923024704000001,
      "stddev": 0.024031188992095973,
      "median": 0.9889680849,
      "user": 3.2760888799999996,
      "system": 0.10118347999999999,
      "min": 0.9471402599000001,
      "max": 1.0306558439,
      "times": [
        1.0198396029,
        1.0306558439,
        1.0078911479,
        0.9726487909,
        0.9890881769000001,
        0.9471402599000001,
        0.9888479929,
        0.9821588929,
        0.9830458709000001,
        1.0017081249
      ],
      "exit_codes": [
        0,
        0,
        0,
        0,
        0,
        0,
        0,
        0,
        0,
        0
      ],
      "parameters": {
        "VERSION": "3.3.9"
      }
    },
    {
      "command": "3.5.4",
      "mean": 1.0295194507999998,
      "stddev": 0.02933431828439977,
      "median": 1.0350954428999999,
      "user": 3.3799425799999994,
      "system": 0.14613297999999997,
      "min": 0.9715246059,
      "max": 1.0745622039,
      "times": [
        1.0141531489,
        1.0445689309,
        1.0273987719,
        1.0178096108999999,
        1.0427921139,
        1.0442081099,
        1.0745622039,
        1.0551245289,
        1.0030524829,
        0.9715246059
      ],
      "exit_codes": [
        0,
        0,
        0,
        0,
        0,
        0,
        0,
        0,
        0,
        0
      ],
      "parameters": {
        "VERSION": "3.5.4"
      }
    },
    {
      "command": "3.6.3",
      "mean": 0.9768435924000001,
      "stddev": 0.028121666610039144,
      "median": 0.9773635474000001,
      "user": 3.1795403799999997,
      "system": 0.11931557999999998,
      "min": 0.9312216999,
      "max": 1.0260857329,
      "times": [
        1.0260857329,
        0.9805588999,
        0.9578163639,
        0.9764641889000001,
        0.9312216999,
        1.0130665629,
        0.9782629059000001,
        0.9863357029,
        0.9489102869,
        0.9697135799000001
      ],
      "exit_codes": [
        0,
        0,
        0,
        0,
        0,
        0,
        0,
        0,
        0,
        0
      ],
      "parameters": {
        "VERSION": "3.6.3"
      }
    },
    {
      "command": "3.8.1",
      "mean": 0.9861101001,
      "stddev": 0.03998935937952419,
      "median": 0.9826420259,
      "user": 3.2349290799999997,
      "system": 0.12618418,
      "min": 0.9149663789000001,
      "max": 1.0526858169,
      "times": [
        1.0026847519,
        1.0312551799,
        0.9767501619000001,
        0.9629513209,
        0.9149663789000001,
        0.9653864029,
        0.9885338899,
        1.0103884879,
        1.0526858169,
        0.9554986099
      ],
      "exit_codes": [
        0,
        0,
        0,
        0,
        0,
        0,
        0,
        0,
        0,
        0
      ],
      "parameters": {
        "VERSION": "3.8.1"
      }
    },
    {
      "command": "3.8.2",
      "mean": 0.9751597167,
      "stddev": 0.022679808063708694,
      "median": 0.9754172584,
      "user": 3.2037027799999995,
      "system": 0.09513698000000001,
      "min": 0.9463708479,
      "max": 1.0111342299,
      "times": [
        0.9463708479,
        0.9509932969,
        0.9840187479000001,
        0.9859937509000001,
        0.9865128889,
        0.9668157689000001,
        0.9650036619000001,
        0.9507778319000001,
        1.0111342299,
        1.0039761419
      ],
      "exit_codes": [
        0,
        0,
        0,
        0,
        0,
        0,
        0,
        0,
        0,
        0
      ],
      "parameters": {
        "VERSION": "3.8.2"
      }
    },
    {
      "command": "3.8.3",
      "mean": 0.9484049082,
      "stddev": 0.029863915434450387,
      "median": 0.9396008694,
      "user": 3.126625679999999,
      "system": 0.08723488,
      "min": 0.9209788839,
      "max": 0.9980889319,
      "times": [
        0.9456657749,
        0.9217365859000001,
        0.9344319629000001,
        0.9447697759,
        0.9791244649,
        0.9247084659,
        0.9905614929000001,
        0.9980889319,
        0.9239827429,
        0.9209788839
      ],
      "exit_codes": [
        0,
        0,
        0,
        0,
        0,
        0,
        0,
        0,
        0,
        0
      ],
      "parameters": {
        "VERSION": "3.8.3"
      }
    },
    {
      "command": "3.8.4",
      "mean": 0.960305327,
      "stddev": 0.030262984542294858,
      "median": 0.9601434639,
      "user": 3.12258968,
      "system": 0.08475198,
      "min": 0.9267778959,
      "max": 1.0120999169,
      "times": [
        1.0030801529,
        0.9761904359000001,
        1.0120999169,
        0.9595372439000001,
        0.9328355119,
        0.9303274909,
        0.9267778959,
        0.9607496839,
        0.9667948889000001,
        0.9346600489000001
      ],
      "exit_codes": [
        0,
        0,
        0,
        0,
        0,
        0,
        0,
        0,
        0,
        0
      ],
      "parameters": {
        "VERSION": "3.8.4"
      }
    },
    {
      "command": "3.8.5",
      "mean": 0.9685846357999999,
      "stddev": 0.02861660038302339,
      "median": 0.9755489254,
      "user": 3.13171618,
      "system": 0.10263328000000001,
      "min": 0.9326888949000001,
      "max": 1.0072287129,
      "times": [
        1.0072287129,
        0.9829132349,
        0.9796572829000001,
        1.0065248699,
        0.9714405679,
        0.9386387929000001,
        0.9326888949000001,
        0.9418161869,
        0.9861826359000001,
        0.9387551789
      ],
      "exit_codes": [
        0,
        0,
        0,
        0,
        0,
        0,
        0,
        0,
        0,
        0
      ],
      "parameters": {
        "VERSION": "3.8.5"
      }
    },
    {
      "command": "3.8.6",