{
  "results": [
    {
      "command": "3.0.5",
      "mean": 0.8127363676,
      "stddev": 0.010641223489962276,
      "median": 0.8116905098,
      "user": 2.556423419999999,
      "system": 0.08865940000000001,
      "min": 0.7992495898,
      "max": 0.8295107898,
      "times": [
        0.8129197408000001,
        0.7992495898,
        0.8288386568,
        0.8192257888000001,
        0.8109142288000001,
        0.8040467438000001,
        0.8295107898,
        0.8124667908000001,
        0.7996756388,
        0.8105157078
      ],
      "exit_codes": [
        0,
        0,
        0,
        0,
        0,
        0,
        0,
        0,
        0,
        0
      ],
      "parameters": {
        "VERSION": "3.0.5"
      }
    },
    {
      "command": "3.6.3",
      "mean": 0.9049837494000001,
      "stddev": 0.02007110206902647,
      "median": 0.8996018573000001,
      "user": 2.8504903199999996,
      "system": 0.14542390000000002,
      "min": 0.8810709878,
      "max": 0.9500462778000001,
      "times": [
        0.9219509128000001,
        0.9010542368000001,
        0.9045564028,
        0.9174211818000001,
        0.9500462778000001,
        0.8810709878,
        0.8908419938000001,
        0.8927155078000001,
        0.8981494778000001,
        0.8920305148000001
      ],
      "exit_codes": [
        0,
        0,
        0,
        0,
        0,
        0,
        0,
        0,
        0,
        0
      ],
      "parameters": {
        "VERSION": "3.6.3"
      }
    },
    {
      "command": "3.8.8",
      "mean": 0.8792795457,
      "stddev": 0.017438171670633457,
      "median": 0.8857864648,
      "user": 2.79131642,
      "system": 0.092085,
      "min": 0.8414257938,
      "max": 0.9021654908000001,
      "times": [
        0.8858047648,
        0.8932501348,
        0.8857681648000001,
        0.9021654908000001,
        0.8884306808000001,
        0.8670808758,
        0.8889241688,
        0.8708308258,
        0.8414257938,
        0.8691145568
      ],
      "exit_codes": [
        0,
        0,
        0,
        0,
        0,
        0,
        0,
        0,
        0,
        0
      ],
      "parameters": {
        "VERSION": "3.8.8"
      }
    },
    {
      "command": "3.9.4",
      "mean": 1.0617234078000002,
      "stddev": 0.03209633255856682,
      "median": 1.0590313018000002,
      "user": 3.4125707199999993,
      "system": 0.10290279999999999,
      "min": 1.0282373538,
      "max": 1.1296104718000002,
      "times": [
        1.1296104718000002,
        1.0342860468000001,
        1.0723950198,
        1.0360272258,
        1.0317075798000002,
        1.0808939948,
        1.0282373538,
        1.0860137818000002,
        1.0506159148,
        1.0674466888
      ],
      "exit_codes": [
        0,
        0,
        0,
        0,
        0,
        0,
        0,
        0,
        0,
        0
      ],
      "parameters": {
        "VERSION": "3.9.4"
      }
    },
    {
      "command": "3.9.5",
      "mean": 1.0396599251,
      "stddev": 0.010849384020326265,
      "median": 1.0413972213,
      "user": 3.3865418199999993,
      "system": 0.0849883,
      "min": 1.0202550158,
      "max": 1.0546401468000002,
      "times": [
        1.0202550158,
        1.0368928138000002,
        1.0438344978,
        1.0480167358,
        1.0398070948000002,
        1.0387054118,
        1.0230688778,
        1.0483913088,
        1.0429873478,
        1.0546401468000002
      ],
      "exit_codes": [
        0,
        0,
        0,
        0,
        0,
        0,
        0,
        0,
        0,
        0
      ],
      "parameters": {
        "VERSION": "3.9.5"
      }
    },
    {
      "command": "4.0.0-alpha-7",
      "mean": 1.2894432324,
      "stddev": 0.024589421875676826,
      "median": 1.2913782848000002,
      "user": 4.03511592,
      "system": 0.12694039999999998,
      "min": 1.2501344988,
      "max": 1.3287568948000001,
      "times": [
        1.2977370118000002,
        1.3187022468,
        1.2745117808000002,
        1.3054126668000001,
        1.2957694398000001,
        1.2677398038,
        1.2686808508,
        1.2869871298000002,
        1.2501344988,
        1.3287568948000001
      ],
      "exit_codes": [
        0,
        0,
        0,
        0,
        0,
        0,
        0,
        0,
        0,
        0
      ],
      "parameters": {
        "VERSION": "4.0.0-alpha-7"
      }
    },
    {
      "command": "4.0.0-alpha-8",
      "mean": 1.3432340797000002,
      "stddev": 0.02704273606241543,
      "median": 1.3474299848000002,
      "user": 4.17592612,
      "system": 0.13474369999999997,
      "min": 1.2995007588000003,
      "max": 1.3728979818,
      "times": [
        1.3423620268,
        1.3404175538,
        1.3667936878000002,
        1.3728979818,
        1.3038749038000002,
        1.3631692748000002,
        1.3524979428000001,
        1.3210862588,
        1.2995007588000003,
        1.3697404078000002
      ],
      "exit_codes": [
        0,
        0,
        0,
        0,
        0,
        0,
        0,
        0,
        0,
        0
      ],
      "parameters": {
        "VERSION": "4.0.0-alpha-8"
      }
    }
  ]
}
