{
  "results": [
    {
      "command": "3.0.5",
      "mean": 1.71636063838,
      "stddev": 0.020508491781688076,
      "median": 1.71377526568,
      "user": 6.23279052,
      "system": 0.3144498,
      "min": 1.6911012961800003,
      "max": 1.7575137451800003,
      "times": [
        1.7575137451800003,
        1.71055036518,
        1.73572127418,
        1.69528063418,
        1.6911012961800003,
        1.72534497518,
        1.72481542818,
        1.6957281341800001,
        1.71159109918,
        1.71595943218
      ],
      "exit_codes": [
        0,
        0,
        0,
        0,
        0,
        0,
        0,
        0,
        0,
        0
      ],
      "parameters": {
        "VERSION": "3.0.5"
      }
    },
    {
      "command": "3.1.1",
      "mean": 2.1349315815800005,
      "stddev": 0.016622072938871472,
      "median": 2.1367942821800003,
      "user": 7.822933620000001,
      "system": 0.4578487,
      "min": 2.10730213718,
      "max": 2.15946172318,
      "times": [
        2.14122351518,
        2.13491457818,
        2.10730213718,
        2.15946172318,
        2.13867398618,
        2.1508539621800002,
        2.13408795818,
        2.14472736018,
        2.10873101318,
        2.12933958218
      ],
      "exit_codes": [
        0,
        0,
        0,
        0,
        0,
        0,
        0,
        0,
        0,
        0
      ],
      "parameters": {
        "VERSION": "3.1.1"
      }
    },
    {
      "command": "3.2.5",
      "mean": 2.2546223675800006,
      "stddev": 0.038167343271723615,
      "median": 2.25973535268,
      "user": 8.317460220000001,
      "system": 0.5117238999999999,
      "min": 2.20102828518,
      "max": 2.34314247118,
      "times": [
        2.25863650918,
        2.25098051518,
        2.22745706518,
        2.2626614211800002,
        2.2608341961800003,
        2.26240769818,
        2.34314247118,
        2.2169951881800003,
        2.26208032618,
        2.20102828518
      ],
      "exit_codes": [
        0,
        0,
        0,
        0,
        0,
        0,
        0,
        0,
        0,
        0
      ],
      "parameters": {
        "VERSION": "3.2.5"
      }
    },
    {
      "command": "3.3.9",
      "mean": 2.30028173878,
      "stddev": 0.020070488629629554,
      "median": 2.29620263368,
      "user": 8.523434220000002,
      "system": 0.5384254999999999,
      "min": 2.2698173281800003,
      "max": 2.33158982118,
      "times": [
        2.32586047018,
        2.30376974518,
        2.2958174381800003,
        2.32009009918,
        2.28168059018,
        2.33158982118,
        2.2698173281800003,
        2.29658782918,
        2.29155798118,
        2.28604608518
      ],
      "exit_codes": [
        0,
        0,
        0,
        0,
        0,
        0,
        0,
        0,
        0,
        0
      ],
      "parameters": {
        "VERSION": "3.3.9"
      }
    },
    {
      "command": "3.5.4",
      "mean": 2.20441440728,
      "stddev": 0.04893358005167208,
      "median": 2.18844977568,
      "user": 7.934363420000001,
      "system": 0.5935701999999999,
      "min": 2.1642125881800003,
      "max": 2.33345940518,
      "times": [
        2.19056634918,
        2.18122121518,
        2.16882789518,
        2.33345940518,
        2.18345994118,
        2.1642125881800003,
        2.20321986218,
        2.18633320218,
        2.20570348218,
        2.22714013218
      ],
      "exit_codes": [
        0,
        0,
        0,
        0,
        0,
        0,
        0,
        0,
        0,
        0
      ],
      "parameters": {
        "VERSION": "3.5.4"
      }
    },
    {
      "command": "3.6.3",
      "mean": 2.1154589333800002,
      "stddev": 0.04744764372548168,
      "median": 2.10874203768,
      "user": 7.621406519999999,
      "system": 0.6204042999999999,
      "min": 2.04979579018,
      "max": 2.19398055618,
      "times": [
        2.06332374218,
        2.04979579018,
        2.11951565118,
        2.16006253818,
        2.11727809618,
        2.19398055618,
        2.10020597918,
        2.08002876818,
        2.09785213618,
        2.17254607618
      ],
      "exit_codes": [
        0,
        0,
        0,
        0,
        0,
        0,
        0,
        0,
        0,
        0
      ],
      "parameters": {
        "VERSION": "3.6.3"
      }
    },
    {
      "command": "3.8.1",
      "mean": 2.1392975622800003,
      "stddev": 0.05701189462826436,
      "median": 2.1105556076800003,
      "user": 7.723832119999999,
      "system": 0.593977,
      "min": 2.07665074918,
      "max": 2.24025530418,
      "times": [
        2.09231173018,
        2.09880936218,
        2.1960103971800002,
        2.07665074918,
        2.20752647818,
        2.24025530418,
        2.11062299618,
        2.15841735818,
        2.11048821918,
        2.10188302818
      ],
      "exit_codes": [
        0,
        0,
        0,
        0,
        0,
        0,
        0,
        0,
        0,
        0
      ],
      "parameters": {
        "VERSION": "3.8.1"
      }
    },
    {
      "command": "3.8.2",
      "mean": 1.9396877708800002,
      "stddev": 0.03475133777964316,
      "median": 1.9352954801800002,
      "user": 7.09760862,
      "system": 0.2832716,
      "min": 1.89638693818,
      "max": 1.98856196418,
      "times": [
        1.91140073518,
        1.8991478611800001,
        1.9255804601800002,
        1.94501050018,
        1.9606272611800002,
        1.98856196418,
        1.98611736318,
        1.96780207818,
        1.89638693818,
        1.91624254718
      ],
      "exit_codes": [
        0,
        0,
        0,
        0,
        0,
        0,
        0,
        0,
        0,
        0
      ],
      "parameters": {
        "VERSION": "3.8.2"
      }
    },
    {
      "command": "3.8.3",
      "mean": 1.7237524561800002,
      "stddev": 0.026196041027365034,
      "median": 1.7199113801800001,
      "user": 6.73920462,
      "system": 0.26158669999999995,
      "min": 1.69181640618,
      "max": 1.77616355218,
      "times": [
        1.69892350318,
        1.7135409091800002,
        1.7159172421800002,
        1.77616355218,
        1.7439906521800002,
        1.72390551818,
        1.6959708461800003,
        1.69181640618,
        1.7376637551800003,
        1.73963217718
      ],
      "exit_codes": [
        0,
        0,
        0,
        0,
        0,
        0,
        0,
        0,
        0,
        0
      ],
      "parameters": {
        "VERSION": "3.8.3"
      }
    },
    {
      "command": "3.8.4",
      "mean": 1.7208959485800002,
      "stddev": 0.038410775714538735,
      "median": 1.72478003268,
      "user": 6.64336802,
      "system": 0.2624734,
      "min": 1.6774791231800001,
      "max": 1.7952302391800001,
      "times": [
        1.75049609418,
        1.72989674318,
        1.7952302391800001,
        1.68013007918,
        1.7325802991800001,
        1.69157057218,
        1.7196633221800002,
        1.6774791231800001,
        1.68277499518,
        1.74913801818
      ],
      "exit_codes": [
        0,
        0,
        0,
        0,
        0,
        0,
        0,
        0,
        0,
        0
      ],
      "parameters": {
        "VERSION": "3.8.4"
      }
    },
    {
      "command": "3.8.5",
      "mean": 1.7261384199800003,
      "stddev": 0.027571756253100963,
      "median": 1.7270365821800002,
      "user": 6.66977412,
      "system": 0.26469519999999996,
      "min": 1.6760392181800001,
      "max": 1.7767902181800002,
      "times": [
        1.72559592718,
        1.72515489918,
        1.7284772371800001,
        1.7398694411800002,
        1.74270241218,
        1.6983628181800001,
        1.70810855618,
        1.7767902181800002,
        1.6760392181800001,
        1.7402834721800002
      ],
      "exit_codes": [
        0,
        0,
        0,
        0,
        0,
        0,
        0,
        0,
        0,
        0
      ],