{
  "results": [
    {
      "command": "3.0.5",
      "mean": 0.80739871068,
      "stddev": 0.014520058146878486,
      "median": 0.8103482658800001,
      "user": 2.4549356399999995,
      "system": 0.13327644,
      "min": 0.78871881388,
      "max": 0.83687196488,
      "times": [
        0.81255079488,
        0.78988545688,
        0.80890254888,
        0.81179398288,
        0.81695574388,
        0.78871881388,
        0.79740465388,
        0.81339634588,
        0.79750680088,
        0.83687196488
      ],
      "exit_codes": [
        0,
        0,
        0,
        0,
        0,
        0,
        0,
        0,
        0,
        0
      ],
      "parameters": {
        "VERSION": "3.0.5"
      }
    },
    {
      "command": "3.6.3",
      "mean": 1.06981799198,
      "stddev": 0.016746486136266902,
      "median": 1.0720652723800002,
      "user": 3.5013804399999997,
      "system": 0.25289764,
      "min": 1.0416793608800001,
      "max": 1.0995575798800001,
      "times": [
        1.07458985388,
        1.0501627258800001,
        1.06954069088,
        1.0416793608800001,
        1.0995575798800001,
        1.0587724978800002,
        1.0747571898800001,
        1.08359952688,
        1.0792778168800001,
        1.0662426768800002
      ],
      "exit_codes": [
        0,
        0,
        0,
        0,
        0,
        0,
        0,
        0,
        0,
        0
      ],
      "parameters": {
        "VERSION": "3.6.3"
      }
    },
    {
      "command": "3.8.8",
      "mean": 0.9985510180799999,
      "stddev": 0.025103657739653805,
      "median": 0.9902057308800001,
      "user": 3.2542962399999995,
      "system": 0.15065634,
      "min": 0.9636050578800001,
      "max": 1.04266579888,
      "times": [
        0.9636050578800001,
        0.9874006308800001,
        1.0136210678800002,
        0.9788044088800001,
        0.99262321988,
        0.98778824188,
        1.04266579888,
        1.02543649488,
        1.0177943308800002,
        0.97577092888
      ],
      "exit_codes": [
        0,
        0,
        0,
        0,
        0,
        0,
        0,
        0,
        0,
        0
      ],
      "parameters": {
        "VERSION": "3.8.8"
      }
    },
    {
      "command": "3.9.9",
      "mean": 1.20113655848,
      "stddev": 0.019679514444389812,
      "median": 1.2061681903800001,
      "user": 3.9163405399999993,
      "system": 0.15616034,
      "min": 1.16994758988,
      "max": 1.2321973668800001,
      "times": [
        1.20048357588,
        1.2321973668800001,
        1.17480602688,
        1.2118528048800001,
        1.2128860218800002,
        1.1997123038800002,
        1.2135050468800002,
        1.21259171788,
        1.16994758988,
        1.1833831298800002
      ],
      "exit_codes": [
        0,
        0,
        0,
        0,
        0,
        0,
        0,
        0,
        0,
        0
      ],
      "parameters": {
        "VERSION": "3.9.9"
      }
    },
    {
      "command": "4.0.0-alpha-13",
      "mean": 1.6781336935800002,
      "stddev": 0.04612173405582735,
      "median": 1.6795826903800002,
      "user": 6.82632524,
      "system": 0.27916594,
      "min": 1.6046079058800002,
      "max": 1.7382492598800001,
      "times": [
        1.64005264988,
        1.7382492598800001,
        1.7378814578800001,
        1.62646424388,
        1.6621978498800003,
        1.72191205588,
        1.6046079058800002,
        1.6725106628800002,
        1.6908061318800003,
        1.68665471788
      ],
      "exit_codes": [
        0,
        0,
        0,
        0,
        0,
        0,
        0,
        0,
        0,
        0
      ],
      "parameters": {
        "VERSION": "4.0.0-alpha-13"
      }
    },
    {
      "command": "4.0.0-beta-3",
      "mean": 1.7219572979800002,
      "stddev": 0.029597161114084284,
      "median": 1.7306877538800003,
      "user": 6.603903839999999,
      "system": 0.28851174,
      "min": 1.6604164408800002,
      "max": 1.7584934948800002,
      "times": [
        1.69534500788,
        1.6604164408800002,
        1.70650886088,
        1.74165356188,
        1.7286736498800002,
        1.70685157288,
        1.7327018578800002,
        1.7584934948800002,
        1.7480054948800001,
        1.7409230378800002
      ],
      "exit_codes": [
        0,
        0,
        0,
        0,
        0,
        0,
        0,
        0,
        0,
        0
      ],
      "parameters": {
        "VERSION": "4.0.0-beta-3"
      }
    },
    {
      "command": "4.0.0-beta-4",
      "mean": 1.81854519898,
      "stddev": 0.04681857295284785,
      "median": 1.8236049003800001,
      "user": 7.23074544,
      "system": 0.27051183999999995,
      "min": 1.7086244418800003,
      "max": 1.8852055578800002,
      "times": [
        1.84043263788,
        1.81063968388,
        1.83892036388,
        1.8365701168800002,
        1.7086244418800003,
        1.79290232188,
        1.8852055578800002,
        1.8104570178800001,
        1.8519951618800001,
        1.80970468588
      ],
      "exit_codes": [
        0,
        0,
        0,
        0,
        0,
        0,
        0,
        0,
        0,
        0
      ],
      "parameters": {
        "VERSION": "4.0.0-beta-4"
      }
    }
  ]
}
