{
  "results": [
    {
      "command": "3.0.5",
      "mean": 0.7259510778400001,
      "stddev": 0.02432869966531419,
      "median": 0.7253262685400002,
      "user": 2.12567842,
      "system": 0.14059662,
      "min": 0.6841294520400001,
      "max": 0.76355302404,
      "times": [
        0.7251635420400001,
        0.69797998804,
        0.7550342240400001,
        0.74196351004,
        0.7167624890400001,
        0.7254889950400001,
        0.71494279104,
        0.7344927630400001,
        0.6841294520400001,
        0.76355302404
      ],
      "exit_codes": [
        0,
        0,
        0,
        0,
        0,
        0,
        0,
        0,
        0,
        0
      ],
      "parameters": {
        "VERSION": "3.0.5"
      }
    },
    {
      "command": "3.6.3",
      "mean": 0.9945426814399999,
      "stddev": 0.030948523256845422,
      "median": 0.9914220475400001,
      "user": 3.20112082,
      "system": 0.22128492,
      "min": 0.9377996700400001,
      "max": 1.0554953190399998,
      "times": [
        0.9884504570400001,
        1.01966956704,
        0.97854141904,
        1.0554953190399998,
        0.9910062270400001,
        0.9377996700400001,
        0.97366774304,
        0.9918378680400001,
        0.9971398840400001,
        1.0118186600399999
      ],
      "exit_codes": [
        0,
        0,
        0,
        0,
        0,
        0,
        0,
        0,
        0,
        0
      ],
      "parameters": {
        "VERSION": "3.6.3"
      }
    },
    {
      "command": "3.8.8",
      "mean": 0.9306580223400001,
      "stddev": 0.029483448389316984,
      "median": 0.92580958404,
      "user": 3.08190582,
      "system": 0.12869072,
      "min": 0.8922160180400001,
      "max": 0.9883800690400001,
      "times": [
        0.9211885900400001,
        0.9445038530400001,
        0.8922160180400001,
        0.96446715804,
        0.9883800690400001,
        0.9098297850400001,
        0.90716120704,
        0.90807595904,
        0.9403270060400001,
        0.9304305780400001
      ],
      "exit_codes": [
        0,
        0,
        0,
        0,
        0,
        0,
        0,
        0,
        0,
        0
      ],
      "parameters": {
        "VERSION": "3.8.8"
      }
    },
    {
      "command": "3.9.6",
      "mean": 1.11807715614,
      "stddev": 0.03209230276265604,
      "median": 1.11697885754,
      "user": 3.63886112,
      "system": 0.13609812,
      "min": 1.07842848904,
      "max": 1.19562131004,
      "times": [
        1.07842848904,
        1.0915374120399999,
        1.11856694004,
        1.10712353804,
        1.1153907750399998,
        1.13077024604,
        1.1294699960399999,
        1.1194407900399999,
        1.19562131004,
        1.0944220650399998
      ],
      "exit_codes": [
        0,
        0,
        0,
        0,
        0,
        0,
        0,
        0,
        0,
        0
      ],
      "parameters": {
        "VERSION": "3.9.6"
      }
    },
    {
      "command": "4.0.0-alpha-13",
      "mean": 1.60098211314,
      "stddev": 0.04485832629309155,
      "median": 1.59976690354,
      "user": 6.45512932,
      "system": 0.24387161999999996,
      "min": 1.53755454804,
      "max": 1.7073671180399999,
      "times": [
        1.53755454804,
        1.60551093904,
        1.62469607104,
        1.58178070404,
        1.7073671180399999,
        1.5640766980399998,
        1.5984152250399999,
        1.60823831504,
        1.58106293104,
        1.60111858204
      ],
      "exit_codes": [
        0,
        0,
        0,
        0,
        0,
        0,
        0,
        0,
        0,
        0
      ],
      "parameters": {
        "VERSION": "4.0.0-alpha-13"
      }
    }
  ]
}
