{
  "results": [
    {
      "command": "3.0.5",
      "mean": 23.645639090799996,
      "stddev": 0.23936847819051066,
      "median": 23.671791405999997,
      "user": 39.731670740000006,
      "system": 1.4672254399999998,
      "min": 23.33802261,
      "max": 24.030013692999997,
      "times": [
        23.525227569,
        23.680198592,
        23.904476654,
        23.347609473,
        23.33802261,
        24.030013692999997,
        23.663384219999998,
        23.40689831,
        23.844402856,
        23.716156931
      ],
      "exit_codes": [
        0,
        0,
        0,
        0,
        0,
        0,
        0,
        0,
        0,
        0
      ],
      "parameters": {
        "VERSION": "3.0.5"
      }
    },
    {
      "command": "3.6.3",
      "mean": 31.5327076815,
      "stddev": 0.5571560456034693,
      "median": 31.4510133475,
      "user": 49.60808384,
      "system": 3.71610534,
      "min": 30.648896485999998,
      "max": 32.300701784,
      "times": [
        30.648896485999998,
        32.300701784,
        31.486021374,
        32.187794096,
        31.175625121,
        31.416005321,
        31.115842586,
        31.047331795999998,
        32.133836493,
        31.815021758
      ],
      "exit_codes": [
        0,
        0,
        0,
        0,
        0,
        0,
        0,
        0,
        0,
        0
      ],
      "parameters": {
        "VERSION": "3.6.3"
      }
    },
    {
      "command": "3.8.8",
      "mean": 14.7174409329,
      "stddev": 0.23210105953891635,
      "median": 14.7371213015,
      "user": 33.48040274,
      "system": 1.3820991400000002,
      "min": 14.308846342,
      "max": 14.991108515,
      "times": [
        14.839338994,
        14.693191237,
        14.381732757,
        14.991108515,
        14.308846342,
        14.607679540000001,
        14.971345273,
        14.906924068,
        14.765878886000001,
        14.708363717000001
      ],
      "exit_codes": [
        0,
        0,
        0,
        0,
        0,
        0,
        0,
        0,
        0,
        0
      ],
      "parameters": {
        "VERSION": "3.8.8"
      }
    },
    {
      "command": "3.9.4",
      "mean": 15.210390254799998,
      "stddev": 0.2106044964267295,
      "median": 15.228322972,
      "user": 34.67756954,
      "system": 1.42329104,
      "min": 14.877593162,
      "max": 15.507221051,
      "times": [
        15.451766373,
        15.277334331,
        15.260170898,
        15.196475046,
        14.877593162,
        15.40245526,
        15.056704233,
        15.121756963000001,
        14.952425231000001,
        15.507221051
      ],
      "exit_codes": [
        0,
        0,
        0,
        0,
        0,
        0,
        0,
        0,
        0,
        0
      ],
      "parameters": {
        "VERSION": "3.9.4"
      }
    },
    {
      "command": "3.9.5",
      "mean": 15.271064471699997,
      "stddev": 0.23189279237090146,
      "median": 15.2434116955,
      "user": 34.70794194,
      "system": 1.38363634,
      "min": 14.917769458,
      "max": 15.716173006,
      "times": [
        15.143097188,
        15.081808979,
        15.207889175,
        15.542695551,
        15.716173006,
        15.278934216,
        15.348550743,
        14.917769458,
        15.130429905,
        15.343296496
      ],
      "exit_codes": [
        0,
        0,
        0,
        0,
        0,
        0,
        0,
        0,
        0,
        0
      ],
      "parameters": {
        "VERSION": "3.9.5"
      }
    },
    {
      "command": "4.0.0-alpha-7",
      "mean": 19.1211766361,
      "stddev": 0.2475919520067097,
      "median": 19.097323932499997,
      "user": 41.562794839999995,
      "system": 1.89216544,
      "min": 18.648618636,
      "max": 19.520265829,
      "times": [
        19.335807703,
        19.520265829,
        19.023811648,
        18.963241581,
        18.949875217,
        19.319592797,
        18.648618636,
        19.115212483999997,
        19.079435381,
        19.255905085
      ],
      "exit_codes": [
        0,
        0,
        0,
        0,
        0,
        0,
        0,
        0,
        0,
        0
      ],
      "parameters": {
        "VERSION": "4.0.0-alpha-7"
      }
    },
    {
      "command": "4.0.0-alpha-8",
      "mean": 20.612921372600002,
      "stddev": 0.14070143332020202,
      "median": 20.627560633999998,
      "user": 45.34285184,
      "system": 1.8912200399999997,
      "min": 20.376605022,
      "max": 20.837988304,
      "times": [
        20.664598497,
        20.755204856,
        20.837988304,
        20.719970447999998,
        20.491771876999998,
        20.376605022,
        20.501269573,
        20.593737314,
        20.526683881,
        20.661383953999998
      ],
      "exit_codes": [
        0,
        0,
        0,
        0,
        0,
        0,
        0,
        0,
        0,
        0
      ],
      "parameters": {
        "VERSION": "4.0.0-alpha-8"
      }
    }
  ]
}
