{
  "results": [
    {
      "command": "3.0.5",
      "mean": 1.5384147085600002,
      "stddev": 0.02894029400180825,
      "median": 1.54050821066,
      "user": 5.656962480000001,
      "system": 0.25704716,
      "min": 1.48727591916,
      "max": 1.60333462616,
      "times": [
        1.5435306641600002,
        1.54470194716,
        1.5404070181600003,
        1.5406094031600002,
        1.60333462616,
        1.54326322016,
        1.5157134381600001,
        1.48727591916,
        1.5364244611600002,
        1.52888638816
      ],
      "exit_codes": [
        0,
        0,
        0,
        0,
        0,
        0,
        0,
        0,
        0,
        0
      ],
      "parameters": {
        "VERSION": "3.0.5"
      }
    },
    {
      "command": "3.6.3",
      "mean": 1.87322519276,
      "stddev": 0.046154384977766326,
      "median": 1.86249106966,
      "user": 6.902274180000001,
      "system": 0.48240346,
      "min": 1.8253052091600002,
      "max": 1.9767052451600002,
      "times": [
        1.87834674116,
        1.8253052091600002,
        1.84651269116,
        1.8457492991600002,
        1.88114448516,
        1.9767052451600002,
        1.9052142291600003,
        1.84663539816,
        1.8999499221600002,
        1.8266887071600002
      ],
      "exit_codes": [
        0,
        0,
        0,
        0,
        0,
        0,
        0,
        0,
        0,
        0
      ],
      "parameters": {
        "VERSION": "3.6.3"
      }
    },
    {
      "command": "3.8.8",
      "mean": 1.6246636413600002,
      "stddev": 0.040315054459573514,
      "median": 1.6274481866600001,
      "user": 6.110672880000001,
      "system": 0.23884055999999995,
      "min": 1.57172954316,
      "max": 1.7044478881600003,
      "times": [
        1.5778919341600002,
        1.61675188216,
        1.57172954316,
        1.7044478881600003,
        1.63737336816,
        1.6550878901600001,
        1.64411445916,
        1.63463280216,
        1.58434307516,
        1.6202635711600002
      ],
      "exit_codes": [
        0,
        0,
        0,
        0,
        0,
        0,
        0,
        0,
        0,
        0
      ],
      "parameters": {
        "VERSION": "3.8.8"
      }
    },
    {
      "command": "3.9.4",
      "mean": 1.82187861936,
      "stddev": 0.02814155974485159,
      "median": 1.8298251781600001,
      "user": 6.77657178,
      "system": 0.22981345999999997,
      "min": 1.78080378216,
      "max": 1.85522880116,
      "times": [
        1.85522880116,
        1.8351390631600002,
        1.82451129316,
        1.8499157751600002,
        1.8455812971600003,
        1.78080378216,
        1.7971749671600001,
        1.78742293616,
        1.8438618581600001,
        1.79914642016
      ],
      "exit_codes": [
        0,
        0,
        0,
        0,
        0,
        0,
        0,
        0,
        0,
        0
      ],
      "parameters": {
        "VERSION": "3.9.4"
      }
    },
    {
      "command": "3.9.5",
      "mean": 1.81705736896,
      "stddev": 0.024735843327715713,
      "median": 1.81350227216,
      "user": 6.717242780000001,
      "system": 0.24617495999999997,
      "min": 1.7813677891600002,
      "max": 1.85789518816,
      "times": [
        1.7926623631600003,
        1.81400643016,
        1.7813677891600002,
        1.8320639661600002,
        1.85789518816,
        1.8180677751600003,
        1.80428326016,
        1.81299811416,
        1.8032386741600002,
        1.85399012916
      ],
      "exit_codes": [
        0,
        0,
        0,
        0,
        0,
        0,
        0,
        0,
        0,
        0
      ],
      "parameters": {
        "VERSION": "3.9.5"
      }
    },
    {
      "command": "4.0.0-alpha-7",
      "mean": 2.49551174086,
      "stddev": 0.02781804182639565,
      "median": 2.4975712426600003,
      "user": 9.053030180000002,
      "system": 0.35948926,
      "min": 2.4577020111600003,
      "max": 2.54724528316,
      "times": [
        2.48433172316,
        2.51171951916,
        2.47273597616,
        2.4577020111600003,
        2.51116586316,
        2.49982903016,
        2.51547758116,
        2.54724528316,
        2.4595969661600003,
        2.4953134551600002
      ],
      "exit_codes": [
        0,
        0,
        0,
        0,
        0,
        0,
        0,
        0,
        0,
        0
      ],
      "parameters": {
        "VERSION": "4.0.0-alpha-7"
      }
    },
    {
      "command": "4.0.0-alpha-8",
      "mean": 2.63036360906,
      "stddev": 0.021343301296984595,
      "median": 2.63887348166,
      "user": 9.617761779999999,
      "system": 0.3556513599999999,
      "min": 2.5823092681600004,
      "max": 2.64882984216,
      "times": [
        2.64847784116,
        2.6468928171600004,
        2.64882984216,
        2.6223989851600003,
        2.62069316516,
        2.6417333591600003,
        2.6442722091600004,
        2.6120149991600004,
        2.5823092681600004,
        2.6360136041600004
      ],
      "exit_codes": [
        0,
        0,
        0,
        0,
        0,
        0,
        0,
        0,
        0,
        0
      ],
      "parameters": {
        "VERSION": "4.0.0-alpha-8"
      }
    }
  ]
}
