{
  "results": [
    {
      "command": "3.0.5",
      "mean": 0.8297518688200001,
      "stddev": 0.021146136806741444,
      "median": 0.82440579932,
      "user": 2.5931212199999996,
      "system": 0.12479626000000002,
      "min": 0.80558267982,
      "max": 0.87433389282,
      "times": [
        0.80928497182,
        0.80558267982,
        0.85546832982,
        0.83720648082,
        0.8287801608200001,
        0.82630335982,
        0.82250823882,
        0.8223038648200001,
        0.87433389282,
        0.81574670882
      ],
      "exit_codes": [
        0,
        0,
        0,
        0,
        0,
        0,
        0,
        0,
        0,
        0
      ],
      "parameters": {
        "VERSION": "3.0.5"
      }
    },
    {
      "command": "3.6.3",
      "mean": 0.91147249252,
      "stddev": 0.014839173027717522,
      "median": 0.90735752782,
      "user": 3.0072646199999995,
      "system": 0.11678845999999998,
      "min": 0.89425324182,
      "max": 0.94047819982,
      "times": [
        0.9075022888200001,
        0.89425324182,
        0.90700551082,
        0.90721276682,
        0.94047819982,
        0.9075714688200001,
        0.89576837682,
        0.92495036682,
        0.90230555182,
        0.92767715282
      ],
      "exit_codes": [
        0,
        0,
        0,
        0,
        0,
        0,
        0,
        0,
        0,
        0
      ],
      "parameters": {
        "VERSION": "3.6.3"
      }
    },
    {
      "command": "3.8.8",
      "mean": 0.88997013592,
      "stddev": 0.019949289861077666,
      "median": 0.88781507982,
      "user": 2.9337757199999994,
      "system": 0.07668446,
      "min": 0.86918931582,
      "max": 0.93891392682,
      "times": [
        0.88648268582,
        0.88914747382,
        0.87977903482,
        0.8966289268200001,
        0.86918931582,
        0.93891392682,
        0.89372221482,
        0.89786017682,
        0.87575745982,
        0.87222014382
      ],
      "exit_codes": [
        0,
        0,
        0,
        0,
        0,
        0,
        0,
        0,
        0,
        0
      ],
      "parameters": {
        "VERSION": "3.8.8"
      }
    },
    {
      "command": "3.9.4",
      "mean": 1.04939361502,
      "stddev": 0.020897526835769224,
      "median": 1.0470962028200002,
      "user": 3.41876962,
      "system": 0.08237486000000001,
      "min": 1.02230397482,
      "max": 1.08611955582,
      "times": [
        1.0409331938200002,
        1.0516660908200002,
        1.04445067082,
        1.08611955582,
        1.04974173482,
        1.05945060682,
        1.0326907388200002,
        1.02230397482,
        1.07913481082,
        1.02744477282
      ],
      "exit_codes": [
        0,
        0,
        0,
        0,
        0,
        0,
        0,
        0,
        0,
        0
      ],
      "parameters": {
        "VERSION": "3.9.4"
      }
    },
    {
      "command": "3.9.5",
      "mean": 1.0566149123200002,
      "stddev": 0.024009530634632056,
      "median": 1.05879112682,
      "user": 3.4689914199999996,
      "system": 0.10608986000000001,
      "min": 1.02494681182,
      "max": 1.09688618182,
      "times": [
        1.0281709168200002,
        1.0748723818200001,
        1.09688618182,
        1.0619580268200002,
        1.0654444038200002,
        1.02494681182,
        1.05562422682,
        1.07754910882,
        1.0271925988200001,
        1.0535044658200001
      ],
      "exit_codes": [
        0,
        0,
        0,
        0,
        0,
        0,
        0,
        0,
        0,
        0
      ],
      "parameters": {
        "VERSION": "3.9.5"
      }
    },
    {
      "command": "4.0.0-alpha-7",
      "mean": 1.3037060562200002,
      "stddev": 0.02215445048553099,
      "median": 1.30972839282,
      "user": 4.07218982,
      "system": 0.12345996000000001,
      "min": 1.2647510208200001,
      "max": 1.3310617828200002,
      "times": [
        1.27804691782,
        1.32047970382,
        1.3104050718200002,
        1.30905171382,
        1.28032244382,
        1.3310617828200002,
        1.30535987082,
        1.2647510208200001,
        1.31061463682,
        1.3269673998200002
      ],
      "exit_codes": [
        0,
        0,
        0,
        0,
        0,
        0,
        0,
        0,
        0,
        0
      ],
      "parameters": {
        "VERSION": "4.0.0-alpha-7"
      }
    },
    {
      "command": "4.0.0-alpha-8",
      "mean": 1.3622419185199999,
      "stddev": 0.021422595936752987,
      "median": 1.35552435532,
      "user": 4.275979319999999,
      "system": 0.10863406,
      "min": 1.33433115682,
      "max": 1.39936618882,
      "times": [
        1.3575627168200002,
        1.3534859938200001,
        1.3898746028200002,
        1.35224669282,
        1.36513073882,
        1.34264079982,
        1.3463813908200002,
        1.39936618882,
        1.33433115682,
        1.38139890382
      ],
      "exit_codes": [
        0,
        0,
        0,
        0,
        0,
        0,
        0,
        0,
        0,
        0
      ],
      "parameters": {
        "VERSION": "4.0.0-alpha-8"
      }
    }
  ]
}
