{
  "results": [
    {
      "command": "3.0.5",
      "mean": 11.22782550628,
      "stddev": 0.09238667103146438,
      "median": 11.21080356828,
      "user": 25.123556639999997,
      "system": 1.8781260199999998,
      "min": 11.12767416328,
      "max": 11.40408823228,
      "times": [
        11.26066285728,
        11.16017816728,
        11.13005584728,
        11.40408823228,
        11.20020793328,
        11.22139920328,
        11.33603062828,
        11.15638278728,
        11.28157524328,
        11.12767416328
      ],
      "exit_codes": [
        0,
        0,
        0,
        0,
        0,
        0,
        0,
        0,
        0,
        0
      ],
      "parameters": {
        "VERSION": "3.0.5"
      }
    },
    {
      "command": "3.6.3",
      "mean": 14.79937611798,
      "stddev": 0.19364198010095635,
      "median": 14.74902292028,
      "user": 31.653208439999997,
      "system": 3.91672752,
      "min": 14.57901503528,
      "max": 15.26574816328,
      "times": [
        14.67148679028,
        14.823448514279999,
        14.71242237228,
        14.73774306628,
        14.68996979328,
        14.97069818028,
        14.78292649028,
        14.76030277428,
        14.57901503528,
        15.26574816328
      ],
      "exit_codes": [
        0,
        0,
        0,
        0,
        0,
        0,
        0,
        0,
        0,
        0
      ],
      "parameters": {
        "VERSION": "3.6.3"
      }
    },
    {
      "command": "3.8.8",
      "mean": 7.29435615398,
      "stddev": 0.08545720969264216,
      "median": 7.31932183278,
      "user": 23.622685340000004,
      "system": 1.7481696199999999,
      "min": 7.11189958028,
      "max": 7.42486083028,
      "times": [
        7.32613688128,
        7.23966500428,
        7.35712292928,
        7.27394919428,
        7.33837538228,
        7.11189958028,
        7.31272022828,
        7.42486083028,
        7.32592343728,
        7.23290807228
      ],
      "exit_codes": [
        0,
        0,
        0,
        0,
        0,
        0,
        0,
        0,
        0,
        0
      ],
      "parameters": {
        "VERSION": "3.8.8"
      }
    },
    {
      "command": "3.9.4",
      "mean": 7.735950450679999,
      "stddev": 0.12519396770956956,
      "median": 7.748592583280001,
      "user": 26.675181640000005,
      "system": 1.81006192,
      "min": 7.55352913228,
      "max": 7.934062369279999,
      "times": [
        7.78187640228,
        7.80460061628,
        7.580089496279999,
        7.65027886928,
        7.71690034628,
        7.55352913228,
        7.66926729128,
        7.78028482028,
        7.88861516328,
        7.934062369279999
      ],
      "exit_codes": [
        0,
        0,
        0,
        0,
        0,
        0,
        0,
        0,
        0,
        0
      ],
      "parameters": {
        "VERSION": "3.9.4"
      }
    },
    {
      "command": "3.9.5",
      "mean": 7.73600963138,
      "stddev": 0.14940457263224574,
      "median": 7.78171353678,
      "user": 26.80265664,
      "system": 1.80058712,
      "min": 7.47605104228,
      "max": 7.93479497228,
      "times": [
        7.68435265528,
        7.59076750428,
        7.93479497228,
        7.81884855928,
        7.57155011828,
        7.8366779182799995,
        7.77810868128,
        7.78531839228,
        7.47605104228,
        7.883626470279999
      ],
      "exit_codes": [
        0,
        0,
        0,
        0,
        0,
        0,
        0,
        0,
        0,
        0
      ],
      "parameters": {
        "VERSION": "3.9.5"
      }
    },
    {
      "command": "4.0.0-alpha-7",
      "mean": 11.69150274078,
      "stddev": 0.12442372456243662,
      "median": 11.66154325678,
      "user": 29.462444240000004,
      "system": 2.37430522,
      "min": 11.56075198228,
      "max": 11.89554973328,
      "times": [
        11.63078506828,
        11.73594280528,
        11.56860896628,
        11.88988881128,
        11.56595194828,
        11.65392145228,
        11.66916506128,
        11.56075198228,
        11.74446157928,
        11.89554973328
      ],
      "exit_codes": [
        0,
        0,
        0,
        0,
        0,
        0,
        0,
        0,
        0,
        0
      ],
      "parameters": {
        "VERSION": "4.0.0-alpha-7"
      }
    },
    {
      "command": "4.0.0-alpha-8",
      "mean": 12.50759113048,
      "stddev": 0.12760610871313385,
      "median": 12.49536208928,
      "user": 33.117112039999995,
      "system": 2.8716540200000003,
      "min": 12.35514801428,
      "max": 12.68874197828,
      "times": [
        12.57991400828,
        12.446466128279999,
        12.59666054228,
        12.43562936428,
        12.68874197828,
        12.54425805028,
        12.36067260428,
        12.68265211328,
        12.38576850128,
        12.35514801428
      ],
      "exit_codes": [
        0,
        0,
        0,
        0,
        0,
        0,
        0,
        0,
        0,
        0
      ],
      "parameters": {
        "VERSION": "4.0.0-alpha-8"
      }
    }
  ]
}
