{
  "results": [
    {
      "command": "3.0.5",
      "mean": 0.6918988042,
      "stddev": 0.012830859238114195,
      "median": 0.6927261634,
      "user": 2.0825841,
      "system": 0.08765730000000001,
      "min": 0.6695186514,
      "max": 0.7137335784000001,
      "times": [
        0.6805814624000001,
        0.6796679044,
        0.7137335784000001,
        0.6958393334,
        0.6907186664,
        0.6939258494,
        0.7041446004,
        0.6993315184000001,
        0.6695186514,
        0.6915264774000001
      ],
      "exit_codes": [
        0,
        0,
        0,
        0,
        0,
        0,
        0,
        0,
        0,
        0
      ],
      "parameters": {
        "VERSION": "3.0.5"
      }
    },
    {
      "command": "3.1.1",
      "mean": 0.7363123926999999,
      "stddev": 0.017908117671333216,
      "median": 0.7376694124000001,
      "user": 2.3467589,
      "system": 0.09466819999999998,
      "min": 0.7097947844,
      "max": 0.7716981824,
      "times": [
        0.7352471664,
        0.7185465614000001,
        0.7309978594000001,
        0.7400916584,
        0.7424511814,
        0.7201999414,
        0.7517316074,
        0.7423649844,
        0.7716981824,
        0.7097947844
      ],
      "exit_codes": [
        0,
        0,
        0,
        0,
        0,
        0,
        0,
        0,
        0,
        0
      ],
      "parameters": {
        "VERSION": "3.1.1"
      }
    },
    {
      "command": "3.2.5",
      "mean": 0.7744343531,
      "stddev": 0.015071884526357012,
      "median": 0.7699465044,
      "user": 2.4365786,
      "system": 0.0826034,
      "min": 0.7567740144,
      "max": 0.7983499754000001,
      "times": [
        0.7691939924,
        0.7706990164,
        0.7567740144,
        0.7977524604,
        0.7832588524,
        0.7688539424,
        0.7605076544,
        0.7800442704,
        0.7589093524,
        0.7983499754000001
      ],
      "exit_codes": [
        0,
        0,
        0,
        0,
        0,
        0,
        0,
        0,
        0,
        0
      ],
      "parameters": {
        "VERSION": "3.2.5"
      }
    },
    {
      "command": "3.3.9",
      "mean": 0.7825671578000002,
      "stddev": 0.012133142729301761,
      "median": 0.7823541339,
      "user": 2.4803112,
      "system": 0.09171409999999999,
      "min": 0.7673732074,
      "max": 0.8052842674,
      "times": [
        0.7710509984,
        0.7911343914000001,
        0.7776904474,
        0.7876690844,
        0.8052842674,
        0.7673732074,
        0.7870178204,
        0.7772815374,
        0.7921295864,
        0.7690402374
      ],
      "exit_codes": [
        0,
        0,
        0,
        0,
        0,
        0,
        0,
        0,
        0,
        0
      ],
      "parameters": {
        "VERSION": "3.3.9"
      }
    },
    {
      "command": "3.5.4",
      "mean": 0.8151780678,
      "stddev": 0.024153190572381,
      "median": 0.8130539649,
      "user": 2.5905794,
      "system": 0.0982721,
      "min": 0.7712712224,
      "max": 0.8611953314,
      "times": [
        0.8066426644,
        0.8368288124000001,
        0.8611953314,
        0.8255580964,
        0.8221617484,
        0.8187962904,
        0.7971164564000001,
        0.8073116394000001,
        0.7712712224,
        0.8048984164
      ],
      "exit_codes": [
        0,
        0,
        0,
        0,
        0,
        0,
        0,
        0,
        0,
        0
      ],
      "parameters": {
        "VERSION": "3.5.4"
      }
    },
    {
      "command": "3.6.3",
      "mean": 0.7863308775,
      "stddev": 0.019741956243316323,
      "median": 0.7821409694,
      "user": 2.4432029,
      "system": 0.09528230000000001,
      "min": 0.7613806214000001,
      "max": 0.8202226054,
      "times": [
        0.7685457794,
        0.7831845044,
        0.7613806214000001,
        0.7742947394,
        0.7810974344,
        0.7958152074,
        0.8152019174,
        0.7934709244,
        0.7700950414000001,
        0.8202226054
      ],
      "exit_codes": [
        0,
        0,
        0,
        0,
        0,
        0,
        0,
        0,
        0,
        0
      ],
      "parameters": {
        "VERSION": "3.6.3"
      }
    },
    {
      "command": "3.8.1",
      "mean": 0.7785194329999999,
      "stddev": 0.02095686217968325,
      "median": 0.7751955474000001,
      "user": 2.4566039999999996,
      "system": 0.09483149999999999,
      "min": 0.7508011094,
      "max": 0.8124670434,
      "times": [
        0.7914717624000001,
        0.7554265574,
        0.7756759054,
        0.8095704044,
        0.7685491784,
        0.7508011094,
        0.7829910494,
        0.8124670434,
        0.7747151894000001,
        0.7635261304000001
      ],
      "exit_codes": [
        0,
        0,
        0,
        0,
        0,
        0,
        0,
        0,
        0,
        0
      ],
      "parameters": {
        "VERSION": "3.8.1"
      }
    },
    {
      "command": "3.8.2",
      "mean": 0.7798055054,
      "stddev": 0.024170517917818185,
      "median": 0.7795174729000001,
      "user": 2.4734941,
      "system": 0.0705994,
      "min": 0.7494802714000001,
      "max": 0.8352085004,
      "times": [
        0.7818045064,
        0.7494802714000001,
        0.7630913304,
        0.7725030854,
        0.7545133414,
        0.7867734584,
        0.8352085004,
        0.7772304394,
        0.7824746624000001,
        0.7949754584000001
      ],
      "exit_codes": [
        0,
        0,
        0,
        0,
        0,
        0,
        0,
        0,
        0,
        0
      ],
      "parameters": {
        "VERSION": "3.8.2"
      }
    },
    {
      "command": "3.8.3",
      "mean": 0.7571930065000001,
      "stddev": 0.02470478049102413,
      "median": 0.7604845914,
      "user": 2.3986742999999993,
      "system": 0.06632790000000001,
      "min": 0.7113004924,
      "max": 0.7885526044000001,
      "times": [
        0.7588415064,
        0.7843352264,
        0.7113004924,
        0.7621276764,
        0.7360214104,
        0.7701903404,
        0.7567206884000001,
        0.7739043904,
        0.7885526044000001,
        0.7299357294000001
      ],
      "exit_codes": [
        0,
        0,
        0,
        0,
        0,
        0,
        0,
        0,
        0,
        0
      ],
      "parameters": {
        "VERSION": "3.8.3"
      }
    },
    {
      "command": "3.8.4",
      "mean": 0.7650679514000001,
      "stddev": 0.014149802203523892,
      "median": 0.7608840024000001,
      "user": 2.4586927999999997,
      "system": 0.0647501,
      "min": 0.7425094334,
      "max": 0.7883275704,
      "times": [
        0.7569333034,
        0.7565049434000001,
        0.7883275704,
        0.7790031274,
        0.7605462254,
        0.7717616824,
        0.7612217794,
        0.7540643114000001,
        0.7425094334,
        0.7798071374000001
      ],
      "exit_codes": [
        0,
        0,
        0,
        0,
        0,
        0,
        0,
        0,
        0,
        0
      ],
      "parameters": {
        "VERSION": "3.8.4"
      }
    },
    {
      "command": "3.8.5",
      "mean": 0.7574141455000001,
      "stddev": 0.025429935124034155,
      "median": 0.7505081144000001,
      "user": 2.4280400999999996,
      "system": 0.07299649999999999,
      "min": 0.7233811884,
      "max": 0.8053086074,
      "times": [
        0.7502440364,
        0.7507721924,
        0.7900613684000001,
        0.7398308094,
        0.8053086074,
        0.7233811884,
        0.7340322194000001,
        0.7584840654,
        0.7482914124000001,
        0.7737355554
      ],
      "exit_codes": [
        0,
        0,
        0,
        0,
        0,
        0,
        0,
        0,
        0,
        0
      ],
      "parameters": {
        "VERSION": "3.8.5"
      }
    },
    {
      "command": "3.8.6",
      "mean": 0.7569760130000002,
      "stddev": 0.019428609073694352,