{
  "results": [
    {
      "command": "3.0.5",
      "mean": 1.1736055356800001,
      "stddev": 0.021335869712080822,
      "median": 1.16654035038,
      "user": 4.226106199999999,
      "system": 0.1513064,
      "min": 1.14174761438,
      "max": 1.20390787238,
      "times": [
        1.1581515873800001,
        1.16925806638,
        1.18421740538,
        1.1950017023800001,
        1.20189943938,
        1.20390787238,
        1.16169099438,
        1.14174761438,
        1.16382263438,
        1.15635804038
      ],
      "exit_codes": [
        0,
        0,
        0,
        0,
        0,
        0,
        0,
        0,
        0,
        0
      ],
      "parameters": {
        "VERSION": "3.0.5"
      }
    },
    {
      "command": "3.6.3",
      "mean": 1.3736272544800001,
      "stddev": 0.029433968127612686,
      "median": 1.3745869593800002,
      "user": 4.9269327,
      "system": 0.2756258,
      "min": 1.33545785838,
      "max": 1.42799341338,
      "times": [
        1.37814970538,
        1.3917069663800001,
        1.4011254853800001,
        1.34159828438,
        1.33545785838,
        1.38698092738,
        1.3564500453800001,
        1.3710242133800001,
        1.3457856453800001,
        1.42799341338
      ],
      "exit_codes": [
        0,
        0,
        0,
        0,
        0,
        0,
        0,
        0,
        0,
        0
      ],
      "parameters": {
        "VERSION": "3.6.3"
      }
    },
    {
      "command": "3.8.8",
      "mean": 1.25142315318,
      "stddev": 0.021865754470115656,
      "median": 1.25537129738,
      "user": 4.5050364,
      "system": 0.14442249999999998,
      "min": 1.22021987838,
      "max": 1.29816778638,
      "times": [
        1.24914067838,
        1.29816778638,
        1.25608428538,
        1.26034357538,
        1.22464763538,
        1.25615163438,
        1.23609949538,
        1.2546583093800001,
        1.22021987838,
        1.25871825338
      ],
      "exit_codes": [
        0,
        0,
        0,
        0,
        0,
        0,
        0,
        0,
        0,
        0
      ],
      "parameters": {
        "VERSION": "3.8.8"
      }
    },
    {
      "command": "3.9.4",
      "mean": 1.43229613498,
      "stddev": 0.02596020618056361,
      "median": 1.43168674138,
      "user": 5.058446,
      "system": 0.1680837,
      "min": 1.38259512138,
      "max": 1.4689906183800001,
      "times": [
        1.4661399463800002,
        1.4689906183800001,
        1.4242957603800002,
        1.44293246138,
        1.38259512138,
        1.40619507538,
        1.43271622238,
        1.43065726038,
        1.44505106138,
        1.42338782238
      ],
      "exit_codes": [
        0,
        0,
        0,
        0,
        0,
        0,
        0,
        0,
        0,
        0
      ],
      "parameters": {
        "VERSION": "3.9.4"
      }
    },
    {
      "command": "3.9.5",
      "mean": 1.42692044038,
      "stddev": 0.024891819842379176,
      "median": 1.41458880288,
      "user": 5.1096935,
      "system": 0.1489397,
      "min": 1.39713315938,
      "max": 1.4732940973800002,
      "times": [
        1.4125848253800002,
        1.43915300138,
        1.44780760638,
        1.4151034553800002,
        1.40325670538,
        1.4732940973800002,
        1.39713315938,
        1.41407415038,
        1.41341582638,
        1.45338157638
      ],
      "exit_codes": [
        0,
        0,
        0,
        0,
        0,
        0,
        0,
        0,
        0,
        0
      ],
      "parameters": {
        "VERSION": "3.9.5"
      }
    },
    {
      "command": "4.0.0-alpha-7",
      "mean": 1.87766867518,
      "stddev": 0.035326041689403884,
      "median": 1.87571332488,
      "user": 6.4516841,
      "system": 0.23512209999999997,
      "min": 1.82747974838,
      "max": 1.93004733838,
      "times": [
        1.84887068538,
        1.8466827983800003,
        1.85772485738,
        1.8504685683800002,
        1.8968970173800002,
        1.91329330238,
        1.9115206433800003,
        1.82747974838,
        1.93004733838,
        1.8937017923800001
      ],
      "exit_codes": [
        0,
        0,
        0,
        0,
        0,
        0,
        0,
        0,
        0,
        0
      ],
      "parameters": {
        "VERSION": "4.0.0-alpha-7"
      }
    },
    {
      "command": "4.0.0-alpha-8",
      "mean": 1.98911013428,
      "stddev": 0.02927462072815078,
      "median": 1.9817200723800001,
      "user": 6.6806713,
      "system": 0.24862829999999997,
      "min": 1.9567795983800003,
      "max": 2.02943031438,
      "times": [
        2.01787760138,
        2.0251499813800002,
        1.9567795983800003,
        1.9857676573800003,
        1.97767248738,
        2.02943031438,
        1.9624919583800002,
        1.96567140338,
        1.95789013538,
        2.01237020538
      ],
      "exit_codes": [
        0,
        0,
        0,
        0,
        0,
        0,
        0,
        0,
        0,
        0
      ],
      "parameters": {
        "VERSION": "4.0.0-alpha-8"
      }
    }
  ]
}
