{
  "results": [
    {
      "command": "3.0.5",
      "mean": 0.8414503878800002,
      "stddev": 0.01924802428032374,
      "median": 0.8390249845800001,
      "user": 2.61936702,
      "system": 0.14802047999999995,
      "min": 0.8083950990800001,
      "max": 0.8725795710800001,
      "times": [
        0.8469566590800001,
        0.8083950990800001,
        0.8609477230800001,
        0.8381432740800001,
        0.83073967808,
        0.86063800008,
        0.8259203000800001,
        0.83027687908,
        0.8725795710800001,
        0.83990669508
      ],
      "exit_codes": [
        0,
        0,
        0,
        0,
        0,
        0,
        0,
        0,
        0,
        0
      ],
      "parameters": {
        "VERSION": "3.0.5"
      }
    },
    {
      "command": "3.6.3",
      "mean": 1.14893946238,
      "stddev": 0.04011792123175051,
      "median": 1.1470079580800001,
      "user": 3.75954122,
      "system": 0.27211178,
      "min": 1.1012088570799998,
      "max": 1.2152978050799998,
      "times": [
        1.12571907608,
        1.1547870570799998,
        1.14446940808,
        1.14954650808,
        1.10973171808,
        1.1012088570799998,
        1.2152978050799998,
        1.2001993070799999,
        1.10548603708,
        1.1829488500799998
      ],
      "exit_codes": [
        0,
        0,
        0,
        0,
        0,
        0,
        0,
        0,
        0,
        0
      ],
      "parameters": {
        "VERSION": "3.6.3"
      }
    },
    {
      "command": "3.8.8",
      "mean": 1.04962304758,
      "stddev": 0.028076595271536216,
      "median": 1.0478990555799998,
      "user": 3.48714522,
      "system": 0.13308498000000002,
      "min": 1.01298830508,
      "max": 1.10119962708,
      "times": [
        1.02854402208,
        1.06486006508,
        1.0874111890799998,
        1.04761966708,
        1.0483425410799998,
        1.10119962708,
        1.02177861008,
        1.04817844408,
        1.0353080050799999,
        1.01298830508
      ],
      "exit_codes": [
        0,
        0,
        0,
        0,
        0,
        0,
        0,
        0,
        0,
        0
      ],
      "parameters": {
        "VERSION": "3.8.8"
      }
    },
    {
      "command": "3.9.6",
      "mean": 1.2349973513799999,
      "stddev": 0.03883067025384923,
      "median": 1.23185110408,
      "user": 3.9485829199999998,
      "system": 0.15162428,
      "min": 1.19410150908,
      "max": 1.32684073208,
      "times": [
        1.2068123230799999,
        1.24362454408,
        1.2230218250799998,
        1.2607494450799999,
        1.24220956708,
        1.24068038308,
        1.20891798408,
        1.20301520108,
        1.32684073208,
        1.19410150908
      ],
      "exit_codes": [
        0,
        0,
        0,
        0,
        0,
        0,
        0,
        0,
        0,
        0
      ],
      "parameters": {
        "VERSION": "3.9.6"
      }
    },
    {
      "command": "4.0.0-alpha-13",
      "mean": 1.65173556548,
      "stddev": 0.021638052888781872,
      "median": 1.64208924158,
      "user": 6.641454520000001,
      "system": 0.29223548,
      "min": 1.63100651508,
      "max": 1.6889786630799999,
      "times": [
        1.63100651508,
        1.64541411908,
        1.63507235008,
        1.6387643640799998,
        1.66438874608,
        1.63284546208,
        1.67578823008,
        1.6889786630799999,
        1.6323689230799998,
        1.6727282820799998
      ],
      "exit_codes": [
        0,
        0,
        0,
        0,
        0,
        0,
        0,
        0,
        0,
        0
      ],
      "parameters": {
        "VERSION": "4.0.0-alpha-13"
      }
    }
  ]
}
