{
  "results": [
    {
      "command": "3.0.5",
      "mean": 1.6973602846599998,
      "stddev": 0.026899102560407815,
      "median": 1.70252373726,
      "user": 6.055380019999999,
      "system": 0.37319986000000005,
      "min": 1.66065428976,
      "max": 1.74382199976,
      "times": [
        1.69600214576,
        1.66226647076,
        1.66065428976,
        1.74382199976,
        1.67609808576,
        1.71592122876,
        1.68130986276,
        1.71668123976,
        1.70904532876,
        1.71180219476
      ],
      "exit_codes": [
        0,
        0,
        0,
        0,
        0,
        0,
        0,
        0,
        0,
        0
      ],
      "parameters": {
        "VERSION": "3.0.5"
      }
    },
    {
      "command": "3.1.1",
      "mean": 2.15749639276,
      "stddev": 0.019157989805886805,
      "median": 2.16003266426,
      "user": 7.924821019999999,
      "system": 0.85086186,
      "min": 2.12328852076,
      "max": 2.19194054076,
      "times": [
        2.16170126476,
        2.1639413217600003,
        2.19194054076,
        2.12328852076,
        2.17045136776,
        2.13781710876,
        2.17042455876,
        2.14724724576,
        2.15836406376,
        2.1497879347600004
      ],
      "exit_codes": [
        0,
        0,
        0,
        0,
        0,
        0,
        0,
        0,
        0,
        0
      ],
      "parameters": {
        "VERSION": "3.1.1"
      }
    },
    {
      "command": "3.2.5",
      "mean": 2.28585398446,
      "stddev": 0.031434847441484705,
      "median": 2.2839275202600002,
      "user": 8.22836972,
      "system": 0.9082069599999999,
      "min": 2.24513596976,
      "max": 2.3407299367600003,
      "times": [
        2.24654596476,
        2.3407299367600003,
        2.3041402197600003,
        2.27231733776,
        2.31717720076,
        2.29326064576,
        2.26025667176,
        2.24513596976,
        2.30438150276,
        2.2745943947600002
      ],
      "exit_codes": [
        0,
        0,
        0,
        0,
        0,
        0,
        0,
        0,
        0,
        0
      ],
      "parameters": {
        "VERSION": "3.2.5"
      }
    },
    {
      "command": "3.3.9",
      "mean": 2.30957950056,
      "stddev": 0.0251134456915019,
      "median": 2.3041876427600005,
      "user": 8.52791612,
      "system": 0.9697183599999999,
      "min": 2.27378179376,
      "max": 2.3483905067600004,
      "times": [
        2.3483905067600004,
        2.32306292276,
        2.3075148387600004,
        2.27378179376,
        2.3008604467600002,
        2.2942479917600003,
        2.33936085876,
        2.33286777176,
        2.2908523317600005,
        2.2848555427600004
      ],
      "exit_codes": [
        0,
        0,
        0,
        0,
        0,
        0,
        0,
        0,
        0,
        0
      ],
      "parameters": {
        "VERSION": "3.3.9"
      }
    },
    {
      "command": "3.5.4",
      "mean": 2.2493220760600003,
      "stddev": 0.038562413267706416,
      "median": 2.2487958077600005,
      "user": 7.57193742,
      "system": 0.9412166599999999,
      "min": 2.18803864376,
      "max": 2.3262257087600005,
      "times": [
        2.2605795947600003,
        2.18803864376,
        2.23653885076,
        2.28047375676,
        2.2516304857600002,
        2.2459611297600004,
        2.2313516627600003,
        2.3262257087600005,
        2.2659573177600003,
        2.20646360976
      ],
      "exit_codes": [
        0,
        0,
        0,
        0,
        0,
        0,
        0,
        0,
        0,
        0
      ],
      "parameters": {
        "VERSION": "3.5.4"
      }
    },
    {
      "command": "3.6.3",
      "mean": 2.2147021077600004,
      "stddev": 0.018639878294505554,
      "median": 2.21525037326,
      "user": 7.463517619999999,
      "system": 0.93404556,
      "min": 2.18729380176,
      "max": 2.2447016797600003,
      "times": [
        2.2164324357600003,
        2.2212256417600003,
        2.20955154676,
        2.18729380176,
        2.19221441576,
        2.21406831076,
        2.20001919176,
        2.2398820017600003,
        2.2447016797600003,
        2.2216320517600003
      ],
      "exit_codes": [
        0,
        0,
        0,
        0,
        0,
        0,
        0,
        0,
        0,
        0
      ],
      "parameters": {
        "VERSION": "3.6.3"
      }
    },
    {
      "command": "3.8.1",
      "mean": 2.2330603570600003,
      "stddev": 0.03278433592207356,
      "median": 2.2327359602600003,
      "user": 7.554634019999999,
      "system": 0.9742439599999999,
      "min": 2.18607896076,
      "max": 2.28762242776,
      "times": [
        2.2487661737600004,
        2.1906872007600002,
        2.22142962776,
        2.23890664576,
        2.2265652747600004,
        2.28762242776,
        2.18607896076,
        2.27490893676,
        2.21317329176,
        2.24246503076
      ],
      "exit_codes": [
        0,
        0,
        0,
        0,
        0,
        0,
        0,
        0,
        0,
        0
      ],
      "parameters": {
        "VERSION": "3.8.1"
      }
    },
    {
      "command": "3.8.2",
      "mean": 1.8951755889600002,
      "stddev": 0.020474397861726206,
      "median": 1.8948647707600001,
      "user": 6.663259919999999,
      "system": 0.38719455999999997,
      "min": 1.86293891376,
      "max": 1.94292310876,
      "times": [
        1.8895341467600002,
        1.89920657876,
        1.8952746207600002,
        1.89445492076,
        1.89539244976,
        1.86293891376,
        1.89166686676,
        1.87708731976,
        1.94292310876,
        1.90327696376
      ],
      "exit_codes": [
        0,
        0,
        0,
        0,
        0,
        0,
        0,
        0,
        0,
        0
      ],
      "parameters": {
        "VERSION": "3.8.2"
      }
    },
    {
      "command": "3.8.3",
      "mean": 1.7013313930599998,
      "stddev": 0.019839194133960843,
      "median": 1.70373500976,
      "user": 6.392559019999999,
      "system": 0.32241806,
      "min": 1.6692517767600001,
      "max": 1.73304937376,
      "times": [
        1.69417350976,
        1.7009339707600002,
        1.70127726176,
        1.72299445976,
        1.70766545176,
        1.6713793867600002,
        1.73304937376,
        1.70619275776,
        1.6692517767600001,
        1.70639598176
      ],
      "exit_codes": [
        0,
        0,
        0,
        0,
        0,
        0,
        0,
        0,
        0,
        0
      ],
      "parameters": {
        "VERSION": "3.8.3"
      }
    },
    {
      "command": "3.8.4",
      "mean": 1.72521057726,
      "stddev": 0.027150280927800075,
      "median": 1.72168875076,
      "user": 6.407936619999999,
      "system": 0.35054516,
      "min": 1.69349565576,
      "max": 1.76002764776,
      "times": [
        1.76002764776,
        1.71571375176,
        1.72766374976,
        1.69884544876,
        1.74522750676,
        1.70087602176,
        1.75663006876,
        1.69349565576,
        1.69818011576,
        1.7554458057600002
      ],
      "exit_codes": [
        0,
        0,
        0,
        0,
        0,
        0,
        0,
        0,
        0,
        0
      ],
      "parameters": {
        "VERSION": "3.8.4"
      }
    },
    {
      "command": "3.8.5",
      "mean": 1.70741493846,
      "stddev": 0.02946056531708018,
      "median": 1.7131815452599999,
      "user": 6.42491512,
      "system": 0.33217616,
      "min": 1.66963062676,
      "max": 1.75353408076,
      "times": [
        1.66963062676,
        1.71668090076,
        1.67208041276,
        1.7271676687600002,
        1.68260099676,
        1.70968218976,
        1.73215685276,
        1.67990877976,
        1.73070687576,
        1.75353408076
      ],
      "exit_codes": [
        0,
        0,
        0,
        0,
        0,
        0,
        0,
        0,
        0,
        0
      ],