{
  "results": [
    {
      "command": "3.0.5",
      "mean": 0.90406950742,
      "stddev": 0.031789108669325584,
      "median": 0.90431821152,
      "user": 2.85995062,
      "system": 0.13173886,
      "min": 0.8558077030200001,
      "max": 0.9521874360200001,
      "times": [
        0.9170432530200001,
        0.8972504170200001,
        0.8558077030200001,
        0.8809482510200001,
        0.90552113302,
        0.90311529002,
        0.9503927080200001,
        0.8656477610200001,
        0.9521874360200001,
        0.9127811220200001
      ],
      "exit_codes": [
        0,
        0,
        0,
        0,
        0,
        0,
        0,
        0,
        0,
        0
      ],
      "parameters": {
        "VERSION": "3.0.5"
      }
    },
    {
      "command": "3.1.1",
      "mean": 0.91140855482,
      "stddev": 0.011510075521521921,
      "median": 0.90872311352,
      "user": 2.908822719999999,
      "system": 0.14061445999999994,
      "min": 0.8957914020200001,
      "max": 0.93766483702,
      "times": [
        0.90541191602,
        0.9095857180200001,
        0.90786050902,
        0.8957914020200001,
        0.9141436000200001,
        0.9066890460200001,
        0.9022134310200001,
        0.9206771460200001,
        0.93766483702,
        0.91404794302
      ],
      "exit_codes": [
        0,
        0,
        0,
        0,
        0,
        0,
        0,
        0,
        0,
        0
      ],
      "parameters": {
        "VERSION": "3.1.1"
      }
    },
    {
      "command": "3.2.5",
      "mean": 0.9978915344200001,
      "stddev": 0.03420184421716951,
      "median": 0.9937553530200001,
      "user": 3.3185062199999997,
      "system": 0.13859785999999996,
      "min": 0.9473986080200001,
      "max": 1.06967156202,
      "times": [
        0.9473986080200001,
        1.02242050302,
        0.9733875070200001,
        0.9895651560200001,
        0.9988165980200001,
        1.06967156202,
        1.02248810202,
        0.99415976902,
        0.96765660202,
        0.9933509370200001
      ],
      "exit_codes": [
        0,
        0,
        0,
        0,
        0,
        0,
        0,
        0,
        0,
        0
      ],
      "parameters": {
        "VERSION": "3.2.5"
      }
    },
    {
      "command": "3.3.9",
      "mean": 1.01229459452,
      "stddev": 0.02849515985566554,
      "median": 1.00702774502,
      "user": 3.3356470200000006,
      "system": 0.13769976,
      "min": 0.97334692702,
      "max": 1.07317428902,
      "times": [
        1.01743567002,
        0.9921413560200001,
        0.97334692702,
        1.03281169902,
        1.07317428902,
        1.02337977102,
        0.9961914410200001,
        0.99661982002,
        1.02595687002,
        0.9918881020200001
      ],
      "exit_codes": [
        0,
        0,
        0,
        0,
        0,
        0,
        0,
        0,
        0,
        0
      ],
      "parameters": {
        "VERSION": "3.3.9"
      }
    },
    {
      "command": "3.5.4",
      "mean": 1.05276648852,
      "stddev": 0.028447244513296964,
      "median": 1.05234162402,
      "user": 3.3402659199999993,
      "system": 0.21940605999999999,
      "min": 1.01445522002,
      "max": 1.09114762702,
      "times": [
        1.0395800290200001,
        1.01445522002,
        1.03282626902,
        1.03278817902,
        1.08418146102,
        1.09114762702,
        1.01880633902,
        1.06510321902,
        1.0658933210200001,
        1.0828832210200001
      ],
      "exit_codes": [
        0,
        0,
        0,
        0,
        0,
        0,
        0,
        0,
        0,
        0
      ],
      "parameters": {
        "VERSION": "3.5.4"
      }
    },
    {
      "command": "3.6.3",
      "mean": 1.02729583762,
      "stddev": 0.019641913987486548,
      "median": 1.03021152952,
      "user": 3.23838022,
      "system": 0.21028966,
      "min": 0.9945555290200001,
      "max": 1.06643830802,
      "times": [
        1.01220987302,
        1.03792045902,
        1.06643830802,
        1.01133936402,
        1.02712745202,
        1.0332956070200001,
        1.03428190502,
        1.03757883702,
        1.0182110420200001,
        0.9945555290200001
      ],
      "exit_codes": [
        0,
        0,
        0,
        0,
        0,
        0,
        0,
        0,
        0,
        0
      ],
      "parameters": {
        "VERSION": "3.6.3"
      }
    },
    {
      "command": "3.8.1",
      "mean": 1.0308442222200003,
      "stddev": 0.020262579337135773,
      "median": 1.02376846652,
      "user": 3.1837785199999993,
      "system": 0.22469265999999996,
      "min": 0.9959175280200001,
      "max": 1.05733924302,
      "times": [
        1.02481933702,
        1.01881396802,
        1.02261903802,
        1.0227175960200001,
        0.9959175280200001,
        1.0449702730200001,
        1.05369999702,
        1.05733924302,
        1.01480575202,
        1.05273949002
      ],
      "exit_codes": [
        0,
        0,
        0,
        0,
        0,
        0,
        0,
        0,
        0,
        0
      ],
      "parameters": {
        "VERSION": "3.8.1"
      }
    },
    {
      "command": "3.8.2",
      "mean": 0.9774073830199999,
      "stddev": 0.02436303353429754,
      "median": 0.97192024602,
      "user": 3.09168732,
      "system": 0.12791555999999998,
      "min": 0.9439685990200001,
      "max": 1.02647227802,
      "times": [
        1.02647227802,
        0.96388057102,
        0.9439685990200001,
        0.9961033320200001,
        1.00121101202,
        0.9689240910200001,
        0.96263965902,
        0.9749164010200001,
        0.9569488330200001,
        0.97900905402
      ],
      "exit_codes": [
        0,
        0,
        0,
        0,
        0,
        0,
        0,
        0,
        0,
        0
      ],
      "parameters": {
        "VERSION": "3.8.2"
      }
    },
    {
      "command": "3.8.3",
      "mean": 0.9651303172200001,
      "stddev": 0.02595009434005498,
      "median": 0.96288129402,
      "user": 3.0560919199999996,
      "system": 0.12017185999999998,
      "min": 0.9307767800200001,
      "max": 0.99737047302,
      "times": [
        0.99737047302,
        0.9414585280200001,
        0.9330479050200001,
        0.9895843860200001,
        0.96346085002,
        0.98842244302,
        0.9623017380200001,
        0.9307767800200001,
        0.9501548140200001,
        0.9947252550200001
      ],
      "exit_codes": [
        0,
        0,
        0,
        0,
        0,
        0,
        0,
        0,
        0,
        0
      ],
      "parameters": {
        "VERSION": "3.8.3"
      }
    },
    {
      "command": "3.8.4",
      "mean": 0.9684955149200001,
      "stddev": 0.0233675043005337,
      "median": 0.9668603855200001,
      "user": 3.07561092,
      "system": 0.11906036,
      "min": 0.9429494030200001,
      "max": 1.01178396402,
      "times": [
        0.99343482502,
        0.9890664480200001,
        0.9686626890200001,
        0.9429494030200001,
        0.9518330740200001,
        0.94538408502,
        1.01178396402,
        0.9709397240200001,
        0.9650580820200001,
        0.9458428550200001
      ],
      "exit_codes": [
        0,
        0,
        0,
        0,
        0,
        0,
        0,
        0,
        0,
        0
      ],
      "parameters": {
        "VERSION": "3.8.4"
      }
    },
    {
      "command": "3.8.5",
      "mean": 0.97003519772,
      "stddev": 0.02299526879516133,
      "median": 0.9752389435200001,
      "user": 3.0553977199999998,
      "system": 0.12991776,
      "min": 0.9287597070200001,
      "max": 0.9999196830200001,
      "times": [
        0.97733747402,
        0.9999196830200001,
        0.9873242190200001,
        0.9407726430200001,
        0.9851397100200001,
        0.9287597070200001,
        0.9710415820200001,
        0.98729955002,
        0.9731404130200001,
        0.94961699602
      ],