{
  "results": [
    {
      "command": "3.0.5",
      "mean": 0.76562360574,
      "stddev": 0.019837109224494453,
      "median": 0.76317696304,
      "user": 2.26105876,
      "system": 0.11155593999999998,
      "min": 0.74076554654,
      "max": 0.8040603395400001,
      "times": [
        0.7520072135400001,
        0.7873908975400001,
        0.8040603395400001,
        0.7653822815400001,
        0.7502687135400001,
        0.74076554654,
        0.7609716445400001,
        0.7753114495400001,
        0.7737022465400001,
        0.7463757245400001
      ],
      "exit_codes": [
        0,
        0,
        0,
        0,
        0,
        0,
        0,
        0,
        0,
        0
      ],
      "parameters": {
        "VERSION": "3.0.5"
      }
    },
    {
      "command": "3.1.1",
      "mean": 0.8251431544399999,
      "stddev": 0.018617891968040735,
      "median": 0.8218769985400001,
      "user": 2.40259616,
      "system": 0.12124373999999997,
      "min": 0.8025629945400001,
      "max": 0.8628645675400001,
      "times": [
        0.8388182785400001,
        0.8207016005400001,
        0.8628645675400001,
        0.8025629945400001,
        0.8047377335400001,
        0.8147503595400001,
        0.8392436385400001,
        0.8332343385400001,
        0.8230523965400001,
        0.8114656365400001
      ],
      "exit_codes": [
        0,
        0,
        0,
        0,
        0,
        0,
        0,
        0,
        0,
        0
      ],
      "parameters": {
        "VERSION": "3.1.1"
      }
    },
    {
      "command": "3.2.5",
      "mean": 0.8366011699400001,
      "stddev": 0.016207945568961525,
      "median": 0.84253560654,
      "user": 2.4845758600000005,
      "system": 0.12801494,
      "min": 0.8144982845400001,
      "max": 0.8561027455400001,
      "times": [
        0.8144982845400001,
        0.8391121025400001,
        0.84825246754,
        0.8504634165400001,
        0.8459591105400001,
        0.8187670765400001,
        0.85126470754,
        0.8561027455400001,
        0.81627094454,
        0.8253208435400001
      ],
      "exit_codes": [
        0,
        0,
        0,
        0,
        0,
        0,
        0,
        0,
        0,
        0
      ],
      "parameters": {
        "VERSION": "3.2.5"
      }
    },
    {
      "command": "3.3.9",
      "mean": 0.86725793584,
      "stddev": 0.018183733928871463,
      "median": 0.8654743360400001,
      "user": 2.60792466,
      "system": 0.12851384,
      "min": 0.8393379255400001,
      "max": 0.9015290755400001,
      "times": [
        0.8622083535400001,
        0.8743873685400001,
        0.8762563445400001,
        0.8564382375400001,
        0.8630472625400001,
        0.8679014095400001,
        0.9015290755400001,
        0.8467017345400001,
        0.8393379255400001,
        0.8847716465400001
      ],
      "exit_codes": [
        0,
        0,
        0,
        0,
        0,
        0,
        0,
        0,
        0,
        0
      ],
      "parameters": {
        "VERSION": "3.3.9"
      }
    },
    {
      "command": "3.5.4",
      "mean": 0.88183298894,
      "stddev": 0.017681096073146246,
      "median": 0.8747388450400001,
      "user": 2.62999026,
      "system": 0.15719354000000002,
      "min": 0.8620237175400001,
      "max": 0.9192065125400001,
      "times": [
        0.8767373635400001,
        0.9192065125400001,
        0.8950640165400001,
        0.8727403265400001,
        0.8670218195400001,
        0.8620237175400001,
        0.8974943105400001,
        0.8701738265400001,
        0.88678603054,
        0.8710819655400001
      ],
      "exit_codes": [
        0,
        0,
        0,
        0,
        0,
        0,
        0,
        0,
        0,
        0
      ],
      "parameters": {
        "VERSION": "3.5.4"
      }
    },
    {
      "command": "3.6.3",
      "mean": 0.84558428984,
      "stddev": 0.022445268823541784,
      "median": 0.8461724690400001,
      "user": 2.5392639599999995,
      "system": 0.14112644,
      "min": 0.8143131725400001,
      "max": 0.87318074054,
      "times": [
        0.87318074054,
        0.8656835835400001,
        0.8143131725400001,
        0.8322927815400001,
        0.8567464335400001,
        0.8715012185400001,
        0.8355985045400001,
        0.8304585465400001,
        0.8159520825400001,
        0.8601158345400001
      ],
      "exit_codes": [
        0,
        0,
        0,
        0,
        0,
        0,
        0,
        0,
        0,
        0
      ],
      "parameters": {
        "VERSION": "3.6.3"
      }
    },
    {
      "command": "3.8.1",
      "mean": 0.8478917674400002,
      "stddev": 0.011578275262762595,
      "median": 0.8453484440400001,
      "user": 2.5626755599999997,
      "system": 0.14370254,
      "min": 0.8355969865400001,
      "max": 0.8716373665400001,
      "times": [
        0.8456636115400001,
        0.84503327654,
        0.8547122905400001,
        0.8458319675400001,
        0.8355969865400001,
        0.8367449685400001,
        0.8620572795400001,
        0.8716373665400001,
        0.8419735165400001,
        0.8396664105400001
      ],
      "exit_codes": [
        0,
        0,
        0,
        0,
        0,
        0,
        0,
        0,
        0,
        0
      ],
      "parameters": {
        "VERSION": "3.8.1"
      }
    },
    {
      "command": "3.8.2",
      "mean": 0.8355168727400002,
      "stddev": 0.019888909650247474,
      "median": 0.8317511105400002,
      "user": 2.51548426,
      "system": 0.11423694,
      "min": 0.8177029525400001,
      "max": 0.8819486155400001,
      "times": [
        0.85288320254,
        0.8375174215400001,
        0.8226159385400001,
        0.8177029525400001,
        0.8262045145400001,
        0.8193613635400001,
        0.8372977065400001,
        0.8819486155400001,
        0.83979386854,
        0.8198431435400001
      ],
      "exit_codes": [
        0,
        0,
        0,
        0,
        0,
        0,
        0,
        0,
        0,
        0
      ],
      "parameters": {
        "VERSION": "3.8.2"
      }
    },
    {
      "command": "3.8.3",
      "mean": 0.82232120844,
      "stddev": 0.017310556179082667,
      "median": 0.8180264260400001,
      "user": 2.42501586,
      "system": 0.09456023999999999,
      "min": 0.7987367755400001,
      "max": 0.8546405215400001,
      "times": [
        0.8154688155400001,
        0.8469626305400001,
        0.8221503585400001,
        0.8171806155400001,
        0.8083117115400001,
        0.8188722365400001,
        0.83045213654,
        0.7987367755400001,
        0.8104362825400001,
        0.8546405215400001
      ],
      "exit_codes": [
        0,
        0,
        0,
        0,
        0,
        0,
        0,
        0,
        0,
        0
      ],
      "parameters": {
        "VERSION": "3.8.3"
      }
    },
    {
      "command": "3.8.4",
      "mean": 0.8301167539400002,
      "stddev": 0.016006210214197472,
      "median": 0.8268963090400001,
      "user": 2.48509176,
      "system": 0.11346283999999998,
      "min": 0.8070771915400001,
      "max": 0.8527080175400001,
      "times": [
        0.8187643785400001,
        0.8499093025400001,
        0.8268615505400001,
        0.8144240995400001,
        0.8527080175400001,
        0.8512207015400001,
        0.8269310675400001,
        0.8285543705400001,
        0.8070771915400001,
        0.8247168595400001
      ],
      "exit_codes": [
        0,
        0,
        0,
        0,
        0,
        0,
        0,
        0,
        0,
        0
      ],
      "parameters": {
        "VERSION": "3.8.4"
      }
    },
    {
      "command": "3.8.5",
      "mean": 0.8344891437400002,
      "stddev": 0.01838087466037478,
      "median": 0.8318661675400001,
      "user": 2.46999186,
      "system": 0.10316993999999997,
      "min": 0.8091853615400001,
      "max": 0.8723661285400001,