{
  "results": [
    {
      "command": "3.0.5",
      "mean": 0.7079686396,
      "stddev": 0.025095411378561965,
      "median": 0.7126408863,
      "user": 2.03480962,
      "system": 0.12928788,
      "min": 0.6703549743,
      "max": 0.7485170353,
      "times": [
        0.7320149243,
        0.6703549743,
        0.7131344803,
        0.7121472923,
        0.7132556073,
        0.6813386213,
        0.7485170353,
        0.6901621283,
        0.6878340123,
        0.7309273203
      ],
      "exit_codes": [
        0,
        0,
        0,
        0,
        0,
        0,
        0,
        0,
        0,
        0
      ],
      "parameters": {
        "VERSION": "3.0.5"
      }
    },
    {
      "command": "3.6.3",
      "mean": 0.9184475249,
      "stddev": 0.012677558676400323,
      "median": 0.9188933828,
      "user": 2.9430187199999995,
      "system": 0.19589028,
      "min": 0.9017375173,
      "max": 0.9354712813,
      "times": [
        0.9187873253,
        0.9017375173,
        0.9046649703,
        0.9081375703,
        0.9264609583,
        0.9342542893,
        0.9064424593,
        0.9189994403,
        0.9295194373,
        0.9354712813
      ],
      "exit_codes": [
        0,
        0,
        0,
        0,
        0,
        0,
        0,
        0,
        0,
        0
      ],
      "parameters": {
        "VERSION": "3.6.3"
      }
    },
    {
      "command": "3.8.8",
      "mean": 0.9014226425,
      "stddev": 0.025847204382628212,
      "median": 0.8956321778,
      "user": 2.92682782,
      "system": 0.13038497999999998,
      "min": 0.8731901243,
      "max": 0.9588009633,
      "times": [
        0.8823261443,
        0.8915874013,
        0.8731901243,
        0.9012980073,
        0.9588009633,
        0.8996769543,
        0.8806914723,
        0.8862020053,
        0.9135091163,
        0.9269442363
      ],
      "exit_codes": [
        0,
        0,
        0,
        0,
        0,
        0,
        0,
        0,
        0,
        0
      ],
      "parameters": {
        "VERSION": "3.8.8"
      }
    },
    {
      "command": "3.9.9",
      "mean": 1.106072471,
      "stddev": 0.025018029441952208,
      "median": 1.1061937163,
      "user": 3.6523108199999994,
      "system": 0.13694878000000002,
      "min": 1.0625709603,
      "max": 1.1442549603,
      "times": [
        1.1258787273000002,
        1.0972584863000001,
        1.1235612173,
        1.1442549603,
        1.1134685283,
        1.0783920463,
        1.0905217573000001,
        1.0989189043,
        1.1258991223,
        1.0625709603
      ],
      "exit_codes": [
        0,
        0,
        0,
        0,
        0,
        0,
        0,
        0,
        0,
        0
      ],
      "parameters": {
        "VERSION": "3.9.9"
      }
    },
    {
      "command": "4.0.0-alpha-13",
      "mean": 1.5617191648,
      "stddev": 0.05097806921869752,
      "median": 1.5388185488000001,
      "user": 6.33882322,
      "system": 0.24040038,
      "min": 1.5133204863,
      "max": 1.6715005353,
      "times": [
        1.5347733323000001,
        1.6715005353,
        1.5821458103000001,
        1.5133204863,
        1.5212372033000001,
        1.5428637653000001,
        1.5267809363000002,
        1.5750645343,
        1.5293744773000002,
        1.6201305673000002
      ],
      "exit_codes": [
        0,
        0,
        0,
        0,
        0,
        0,
        0,
        0,
        0,
        0
      ],
      "parameters": {
        "VERSION": "4.0.0-alpha-13"
      }
    },
    {
      "command": "4.0.0-beta-3",
      "mean": 1.6113361895999998,
      "stddev": 0.04483301799568353,
      "median": 1.6173995003000001,
      "user": 6.2942056200000005,
      "system": 0.22282107999999998,
      "min": 1.5391844803,
      "max": 1.6621560403000002,
      "times": [
        1.6400479093000002,
        1.6459053733000002,
        1.6595466903,
        1.6309683283000003,
        1.5975238463,
        1.6621560403000002,
        1.6038306723,
        1.5936650663000003,
        1.5405334893,
        1.5391844803
      ],
      "exit_codes": [
        0,
        0,
        0,
        0,
        0,
        0,
        0,
        0,
        0,
        0
      ],
      "parameters": {
        "VERSION": "4.0.0-beta-3"
      }
    },
    {
      "command": "4.0.0-beta-4",
      "mean": 1.7026817573000002,
      "stddev": 0.03740210716697223,
      "median": 1.6950217943,
      "user": 6.75469702,
      "system": 0.27979457999999996,
      "min": 1.6554994943,
      "max": 1.7642875093000001,
      "times": [
        1.6950505533000002,
        1.7642875093000001,
        1.6701516753,
        1.6554994943,
        1.7505980843,
        1.6614384763,
        1.6844312673000001,
        1.7302099033,
        1.7201575743000002,
        1.6949930353
      ],
      "exit_codes": [
        0,
        0,
        0,
        0,
        0,
        0,
        0,
        0,
        0,
        0
      ],
      "parameters": {
        "VERSION": "4.0.0-beta-4"
      }
    }
  ]
}
