{
  "results": [
    {
      "command": "3.0.5",
      "mean": 18.2111430408,
      "stddev": 0.22398440656075275,
      "median": 18.1140948087,
      "user": 33.01550019999999,
      "system": 1.9095302200000002,
      "min": 18.0133615697,
      "max": 18.6199850487,
      "times": [
        18.5845033437,
        18.1315121897,
        18.6199850487,
        18.2482171827,
        18.052935058699997,
        18.021343149699998,
        18.0693919167,
        18.0133615697,
        18.2735035207,
        18.096677427699998
      ],
      "exit_codes": [
        0,
        0,
        0,
        0,
        0,
        0,
        0,
        0,
        0,
        0
      ],
      "parameters": {
        "VERSION": "3.0.5"
      }
    },
    {
      "command": "3.1.1",
      "mean": 52.27775045360001,
      "stddev": 1.1303067809446845,
      "median": 52.425158925699996,
      "user": 119.37165779999998,
      "system": 5.16484832,
      "min": 49.5815361727,
      "max": 53.4870637687,
      "times": [
        53.0926166867,
        51.8089869217,
        52.4459785347,
        53.4716350377,
        52.404339316699996,
        51.6822971977,
        49.5815361727,
        53.4870637687,
        52.2838532457,
        52.5191976537
      ],
      "exit_codes": [
        0,
        0,
        0,
        0,
        0,
        0,
        0,
        0,
        0,
        0
      ],
      "parameters": {
        "VERSION": "3.1.1"
      }
    },
    {
      "command": "3.2.5",
      "mean": 53.350417925199984,
      "stddev": 1.1794430244367942,
      "median": 53.1896063537,
      "user": 122.5786353,
      "system": 5.1332149199999995,
      "min": 51.7877984307,
      "max": 55.3272878987,
      "times": [
        52.539385751699996,
        53.3547092747,
        52.3585010037,
        54.6415478487,
        52.3827466077,
        51.7877984307,
        53.389262587699996,
        53.0245034327,
        54.6984364157,
        55.3272878987
      ],
      "exit_codes": [
        0,
        0,
        0,
        0,
        0,
        0,
        0,
        0,
        0,
        0
      ],
      "parameters": {
        "VERSION": "3.2.5"
      }
    },
    {
      "command": "3.3.9",
      "mean": 55.2753536479,
      "stddev": 1.0516557344640707,
      "median": 55.1446348402,
      "user": 124.30634889999999,
      "system": 5.14860762,
      "min": 52.837576242699996,
      "max": 56.6876517087,
      "times": [
        56.3161062367,
        52.837576242699996,
        55.0254988627,
        55.3707876667,
        55.0676507907,
        56.1221247947,
        56.6876517087,
        55.0719654907,
        55.2173041897,
        55.0368704957
      ],
      "exit_codes": [
        0,
        0,
        0,
        0,
        0,
        0,
        0,
        0,
        0,
        0
      ],
      "parameters": {
        "VERSION": "3.3.9"
      }
    },
    {
      "command": "3.5.4",
      "mean": 28.793533653500003,
      "stddev": 1.5940635711488658,
      "median": 28.5084804392,
      "user": 45.1008684,
      "system": 6.28485302,
      "min": 27.1535227567,
      "max": 32.8639892007,
      "times": [
        29.3683665177,
        27.1535227567,
        27.4576171277,
        29.1528634847,
        28.400924860699998,
        28.427864856699998,
        28.589096021699998,
        32.8639892007,
        27.7762535167,
        28.744838191699998
      ],
      "exit_codes": [
        0,
        0,
        0,
        0,
        0,
        0,
        0,
        0,
        0,
        0
      ],
      "parameters": {
        "VERSION": "3.5.4"
      }
    },
    {
      "command": "3.6.3",
      "mean": 25.6722398709,
      "stddev": 0.1443487578071317,
      "median": 25.678699344199998,
      "user": 42.11751629999999,
      "system": 6.33911902,
      "min": 25.485910932699998,
      "max": 25.8982547167,
      "times": [
        25.683667257699998,
        25.485910932699998,
        25.6812801327,
        25.6761185557,
        25.563549875699998,
        25.8982547167,
        25.5928816487,
        25.500500224699998,
        25.7488467457,
        25.8913886187
      ],
      "exit_codes": [
        0,
        0,
        0,
        0,
        0,
        0,
        0,
        0,
        0,
        0
      ],
      "parameters": {
        "VERSION": "3.6.3"
      }
    },
    {
      "command": "3.8.1",
      "mean": 25.5204864363,
      "stddev": 0.17516297956292862,
      "median": 25.5324233252,
      "user": 41.88020669999999,
      "system": 6.35272862,
      "min": 25.1796139607,
      "max": 25.7868188447,
      "times": [
        25.3920291247,
        25.5366195517,
        25.3846789167,
        25.5282270987,
        25.5109968447,
        25.7300068017,
        25.617664364699998,
        25.5382088547,
        25.7868188447,
        25.1796139607
      ],
      "exit_codes": [
        0,
        0,
        0,
        0,
        0,
        0,
        0,
        0,
        0,
        0
      ],
      "parameters": {
        "VERSION": "3.8.1"
      }
    },
    {
      "command": "3.8.2",
      "mean": 22.857842861299993,
      "stddev": 0.20229140257852574,
      "median": 22.8328980852,
      "user": 40.1229843,
      "system": 1.74831002,
      "min": 22.652724045699998,
      "max": 23.3033467247,
      "times": [
        22.652724045699998,
        22.857458026699998,
        22.689418381699998,
        22.7172279867,
        22.8964457797,
        23.0238011527,
        22.665792517699998,
        23.3033467247,
        22.8083381437,
        22.9638758537
      ],
      "exit_codes": [
        0,
        0,
        0,
        0,
        0,
        0,
        0,
        0,
        0,
        0
      ],
      "parameters": {
        "VERSION": "3.8.2"
      }
    },
    {
      "command": "3.8.3",
      "mean": 14.0176216004,
      "stddev": 0.15982782895085237,
      "median": 14.0736230362,
      "user": 30.445757499999996,
      "system": 1.7256903199999996,
      "min": 13.717281751700002,
      "max": 14.172272775700002,
      "times": [
        13.9709051537,
        14.087525239700001,
        13.717281751700002,
        14.1481338427,
        14.0741943437,
        14.0705902687,
        14.172272775700002,
        14.115033848700001,
        13.747227050700001,
        14.073051728700001
      ],
      "exit_codes": [
        0,
        0,
        0,
        0,
        0,
        0,
        0,
        0,
        0,
        0
      ],
      "parameters": {
        "VERSION": "3.8.3"
      }
    },
    {
      "command": "3.8.4",
      "mean": 14.1864777665,
      "stddev": 0.18679936843616715,
      "median": 14.194304798200001,
      "user": 30.427504899999995,
      "system": 1.78800712,
      "min": 13.7771522957,
      "max": 14.412125382700001,
      "times": [
        14.373883344700001,
        14.115380340700002,
        14.412125382700001,
        13.7771522957,
        14.0873562607,
        14.2591531997,
        14.1034636107,
        14.1294563967,
        14.3409091527,
        14.2658976807
      ],
      "exit_codes": [
        0,
        0,
        0,
        0,
        0,
        0,
        0,
        0,
        0,
        0
      ],
      "parameters": {
        "VERSION": "3.8.4"
      }
    },
    {
      "command": "3.8.5",
      "mean": 14.287910194300002,
      "stddev": 0.18768062085828405,
      "median": 14.2970672802,
      "user": 31.052126700000002,
      "system": 1.7382136199999998,
      "min": 13.9676575127,
      "max": 14.5991205337,
      "times": [
        14.1933091817,
        14.278323636700001,
        14.163262620700001,
        14.3344627137,
        14.5991205337,
        14.3158109237,
        14.113119922700001,
        14.491167547700002,
        14.4228673497,
        13.9676575127
      ],
      "exit_codes": [
        0,
        0,
        0,
        0,
        0,
        0,
        0,
        0,
        0,
        0
      ],