{
  "results": [
    {
      "command": "3.0.5",
      "mean": 9.90451200012,
      "stddev": 0.10509792055786828,
      "median": 9.912669507819999,
      "user": 18.91437466,
      "system": 1.0630292799999999,
      "min": 9.71584856832,
      "max": 10.10614963732,
      "times": [
        10.10614963732,
        9.92528513732,
        9.839029526320001,
        9.953472208320001,
        9.85076406132,
        9.71584856832,
        9.99304361332,
        9.90005387832,
        9.83510305832,
        9.92637031232
      ],
      "exit_codes": [
        0,
        0,
        0,
        0,
        0,
        0,
        0,
        0,
        0,
        0
      ],
      "parameters": {
        "VERSION": "3.0.5"
      }
    },
    {
      "command": "3.6.3",
      "mean": 15.917373038720001,
      "stddev": 0.11315837966200681,
      "median": 15.92414843782,
      "user": 29.40107926,
      "system": 4.15241688,
      "min": 15.69277098332,
      "max": 16.041359955319997,
      "times": [
        15.87192520032,
        16.00354027032,
        15.92128154532,
        15.99793260132,
        15.92701533032,
        16.041359955319997,
        15.77281297032,
        15.69277098332,
        16.028894976319997,
        15.91619655432
      ],
      "exit_codes": [
        0,
        0,
        0,
        0,
        0,
        0,
        0,
        0,
        0,
        0
      ],
      "parameters": {
        "VERSION": "3.6.3"
      }
    },
    {
      "command": "3.8.8",
      "mean": 7.855449275420002,
      "stddev": 0.10930199199795967,
      "median": 7.84815368982,
      "user": 21.58125356,
      "system": 1.2819895799999999,
      "min": 7.72930407032,
      "max": 8.07241448032,
      "times": [
        7.85926334032,
        7.80761747732,
        7.96829940732,
        7.89878054432,
        7.748708536320001,
        7.72930407032,
        7.89671442332,
        7.73634643532,
        8.07241448032,
        7.83704403932
      ],
      "exit_codes": [
        0,
        0,
        0,
        0,
        0,
        0,
        0,
        0,
        0,
        0
      ],
      "parameters": {
        "VERSION": "3.8.8"
      }
    },
    {
      "command": "3.9.6",
      "mean": 8.268275338719999,
      "stddev": 0.07665538515244243,
      "median": 8.24935482382,
      "user": 23.00341846,
      "system": 1.2843021799999998,
      "min": 8.16346333832,
      "max": 8.38563411932,
      "times": [
        8.37640460432,
        8.38563411932,
        8.16346333832,
        8.26964190332,
        8.34414990032,
        8.18620963632,
        8.22091754332,
        8.23762269432,
        8.24477538632,
        8.25393426132
      ],
      "exit_codes": [
        0,
        0,
        0,
        0,
        0,
        0,
        0,
        0,
        0,
        0
      ],
      "parameters": {
        "VERSION": "3.9.6"
      }
    },
    {
      "command": "4.0.0-alpha-13",
      "mean": 9.65834994062,
      "stddev": 0.17240243887319273,
      "median": 9.68011506382,
      "user": 38.44856016,
      "system": 2.3312355799999995,
      "min": 9.39715084132,
      "max": 9.922090345320001,
      "times": [
        9.39715084132,
        9.66396125732,
        9.73364408632,
        9.69626887032,
        9.52685666732,
        9.47292632832,
        9.53116285732,
        9.922090345320001,
        9.85613301832,
        9.78330513432
      ],
      "exit_codes": [
        0,
        0,
        0,
        0,
        0,
        0,
        0,
        0,
        0,
        0
      ],
      "parameters": {
        "VERSION": "4.0.0-alpha-13"
      }
    }
  ]
}
