{
  "results": [
    {
      "command": "3.0.5",
      "mean": 23.056096876039998,
      "stddev": 0.7827704667070534,
      "median": 22.82844163764,
      "user": 39.770381439999994,
      "system": 1.61116848,
      "min": 22.12299181314,
      "max": 24.76882619214,
      "times": [
        22.95349236314,
        22.615845523140003,
        22.864793362140002,
        22.55098720714,
        24.76882619214,
        23.50511597214,
        22.12299181314,
        23.866216498140002,
        22.79208991314,
        22.52060991614
      ],
      "exit_codes": [
        0,
        0,
        0,
        0,
        0,
        0,
        0,
        0,
        0,
        0
      ],
      "parameters": {
        "VERSION": "3.0.5"
      }
    },
    {
      "command": "3.6.3",
      "mean": 29.47981710004,
      "stddev": 0.5336068838239375,
      "median": 29.37272088714,
      "user": 47.09736174,
      "system": 4.227716579999999,
      "min": 28.888460839140002,
      "max": 30.46483089314,
      "times": [
        29.38670976114,
        29.537096753140002,
        28.888460839140002,
        30.30732316814,
        29.566844699140002,
        29.32952815314,
        29.358732013140003,
        30.46483089314,
        28.970837310140002,
        28.98780741014
      ],
      "exit_codes": [
        0,
        0,
        0,
        0,
        0,
        0,
        0,
        0,
        0,
        0
      ],
      "parameters": {
        "VERSION": "3.6.3"
      }
    },
    {
      "command": "3.8.8",
      "mean": 16.56264080324,
      "stddev": 0.11255550333175135,
      "median": 16.54363700914,
      "user": 34.50505543999999,
      "system": 1.5271815800000001,
      "min": 16.413676919140002,
      "max": 16.77116352014,
      "times": [
        16.55347667114,
        16.633678733140002,
        16.77116352014,
        16.71179113514,
        16.48049869814,
        16.56631233714,
        16.413676919140002,
        16.533797347140002,
        16.48597605814,
        16.47603661314
      ],
      "exit_codes": [
        0,
        0,
        0,
        0,
        0,
        0,
        0,
        0,
        0,
        0
      ],
      "parameters": {
        "VERSION": "3.8.8"
      }
    },
    {
      "command": "3.9.4",
      "mean": 17.127423447540004,
      "stddev": 0.22292532273198634,
      "median": 17.13729833964,
      "user": 36.03722053999999,
      "system": 1.5675738799999999,
      "min": 16.73237405614,
      "max": 17.53988746814,
      "times": [
        17.53988746814,
        17.10950226314,
        17.06374570514,
        17.26678976114,
        17.11175843914,
        16.73237405614,
        17.222210606140003,
        16.84710391114,
        17.16283824014,
        17.21802402514
      ],
      "exit_codes": [
        0,
        0,
        0,
        0,
        0,
        0,
        0,
        0,
        0,
        0
      ],
      "parameters": {
        "VERSION": "3.9.4"
      }
    },
    {
      "command": "3.9.5",
      "mean": 17.090832254240006,
      "stddev": 0.202350339641048,
      "median": 17.05491163964,
      "user": 36.074545539999995,
      "system": 1.5932878799999997,
      "min": 16.810849639140002,
      "max": 17.38851393014,
      "times": [
        17.05938103814,
        17.38851393014,
        17.358481471140003,
        17.22006959614,
        16.84309881614,
        17.05044224114,
        17.22229448314,
        17.033489061140003,
        16.921702266140002,
        16.810849639140002
      ],
      "exit_codes": [
        0,
        0,
        0,
        0,
        0,
        0,
        0,
        0,
        0,
        0
      ],
      "parameters": {
        "VERSION": "3.9.5"
      }
    },
    {
      "command": "4.0.0-alpha-7",
      "mean": 21.33640345014,
      "stddev": 0.2203655550426046,
      "median": 21.28142948014,
      "user": 44.38234823999999,
      "system": 2.09707988,
      "min": 20.99376713714,
      "max": 21.642342830140002,
      "times": [
        21.550458444140002,
        21.18938827714,
        21.59134022714,
        21.15059453514,
        21.23716416714,
        20.99376713714,
        21.184987102140003,
        21.325694793140002,
        21.49829698814,
        21.642342830140002
      ],
      "exit_codes": [
        0,
        0,
        0,
        0,
        0,
        0,
        0,
        0,
        0,
        0
      ],
      "parameters": {
        "VERSION": "4.0.0-alpha-7"
      }
    },
    {
      "command": "4.0.0-alpha-8",
      "mean": 22.98661560124,
      "stddev": 0.24616922272179867,
      "median": 22.98740960414,
      "user": 47.897114339999995,
      "system": 2.0194483800000005,
      "min": 22.600496399140003,
      "max": 23.36146083514,
      "times": [
        23.13009664814,
        23.17686607114,
        22.600496399140003,
        22.83061724414,
        23.25210040114,
        23.02915775514,
        22.827878890140003,
        22.711820315140002,
        22.94566145314,
        23.36146083514
      ],
      "exit_codes": [
        0,
        0,
        0,
        0,
        0,
        0,
        0,
        0,
        0,
        0
      ],
      "parameters": {
        "VERSION": "4.0.0-alpha-8"
      }
    }
  ]
}
