{
  "results": [
    {
      "command": "3.0.5",
      "mean": 0.9150996853400001,
      "stddev": 0.03130071382357873,
      "median": 0.9095878443400001,
      "user": 2.9810096399999995,
      "system": 0.15494502,
      "min": 0.8737836993400001,
      "max": 0.9817753523400001,
      "times": [
        0.9078249353400001,
        0.94334986734,
        0.9817753523400001,
        0.8737836993400001,
        0.8918399483400001,
        0.9036551233400001,
        0.8877332043400001,
        0.9345673433400001,
        0.91135075334,
        0.9151166263400001
      ],
      "exit_codes": [
        0,
        0,
        0,
        0,
        0,
        0,
        0,
        0,
        0,
        0
      ],
      "parameters": {
        "VERSION": "3.0.5"
      }
    },
    {
      "command": "3.6.3",
      "mean": 1.2943504586399999,
      "stddev": 0.021272934147044908,
      "median": 1.28893113384,
      "user": 4.37752724,
      "system": 0.36130202,
      "min": 1.26743726034,
      "max": 1.33196859534,
      "times": [
        1.3116861583400001,
        1.2785526413400001,
        1.33196859534,
        1.2769309393400001,
        1.28651310534,
        1.32394395234,
        1.29134916234,
        1.26743726034,
        1.28300791734,
        1.29211485434
      ],
      "exit_codes": [
        0,
        0,
        0,
        0,
        0,
        0,
        0,
        0,
        0,
        0
      ],
      "parameters": {
        "VERSION": "3.6.3"
      }
    },
    {
      "command": "3.8.8",
      "mean": 1.1755432430400004,
      "stddev": 0.030811439093929416,
      "median": 1.16647320134,
      "user": 4.01617544,
      "system": 0.17878292,
      "min": 1.14278857034,
      "max": 1.23812560534,
      "times": [
        1.1898669213400002,
        1.1577547293400001,
        1.1533789623400001,
        1.17470155534,
        1.18596955234,
        1.20991218234,
        1.14468950434,
        1.14278857034,
        1.15824484734,
        1.23812560534
      ],
      "exit_codes": [
        0,
        0,
        0,
        0,
        0,
        0,
        0,
        0,
        0,
        0
      ],
      "parameters": {
        "VERSION": "3.8.8"
      }
    },
    {
      "command": "3.9.6",
      "mean": 1.32776928984,
      "stddev": 0.024223858249023525,
      "median": 1.33120173284,
      "user": 4.453389039999999,
      "system": 0.19765931999999997,
      "min": 1.2863862083400002,
      "max": 1.35902104434,
      "times": [
        1.35830931934,
        1.2863862083400002,
        1.34502189034,
        1.33127680134,
        1.3027496573400001,
        1.3311266643400002,
        1.32676730534,
        1.35902104434,
        1.3020882123400002,
        1.3349457953400001
      ],
      "exit_codes": [
        0,
        0,
        0,
        0,
        0,
        0,
        0,
        0,
        0,
        0
      ],
      "parameters": {
        "VERSION": "3.9.6"
      }
    },
    {
      "command": "4.0.0-alpha-13",
      "mean": 1.8441179455400003,
      "stddev": 0.05636016602320776,
      "median": 1.83789414984,
      "user": 7.595068639999999,
      "system": 0.3524078199999999,
      "min": 1.74612643134,
      "max": 1.9396079463400002,
      "times": [
        1.7889882303400002,
        1.82221187534,
        1.9396079463400002,
        1.74612643134,
        1.88264717534,
        1.81640910034,
        1.8731431183400002,
        1.8530211573400002,
        1.82276714234,
        1.8962572783400002
      ],
      "exit_codes": [
        0,
        0,
        0,
        0,
        0,
        0,
        0,
        0,
        0,
        0
      ],
      "parameters": {
        "VERSION": "4.0.0-alpha-13"
      }
    }
  ]
}
