{
  "results": [
    {
      "command": "3.0.5",
      "mean": 18.71683131142,
      "stddev": 0.1299509281330836,
      "median": 18.71200853302,
      "user": 37.39831932,
      "system": 3.43508492,
      "min": 18.57294203952,
      "max": 18.94459428052,
      "times": [
        18.57294203952,
        18.58797391952,
        18.60354560452,
        18.84826345552,
        18.83021170352,
        18.592202152520002,
        18.74347637952,
        18.68054068652,
        18.94459428052,
        18.76456289252
      ],
      "exit_codes": [
        0,
        0,
        0,
        0,
        0,
        0,
        0,
        0,
        0,
        0
      ],
      "parameters": {
        "VERSION": "3.0.5"
      }
    },
    {
      "command": "3.1.1",
      "mean": 64.80626161362,
      "stddev": 3.91852439478215,
      "median": 64.14947376402,
      "user": 299.1913903199999,
      "system": 39.04043272,
      "min": 60.42405521352,
      "max": 72.03527555852,
      "times": [
        63.46147205552,
        60.42405521352,
        72.03527555852,
        64.27394808952,
        61.500155922519994,
        70.81377552352001,
        60.80031316852,
        64.02499943852,
        65.77535781052,
        64.95326335552001
      ],
      "exit_codes": [
        0,
        0,
        0,
        0,
        0,
        0,
        0,
        0,
        0,
        0
      ],
      "parameters": {
        "VERSION": "3.1.1"
      }
    },
    {
      "command": "3.2.5",
      "mean": 64.68791148892001,
      "stddev": 3.1375209069636787,
      "median": 65.16413278802,
      "user": 291.91281541999996,
      "system": 38.86049402,
      "min": 58.378130369519994,
      "max": 68.29754007052,
      "times": [
        67.17359760752001,
        63.61611820452,
        65.17168978452,
        65.15657579152,
        58.378130369519994,
        61.611869207519995,
        67.12503635652,
        62.714827920519994,
        67.63372957652001,
        68.29754007052
      ],
      "exit_codes": [
        0,
        0,
        0,
        0,
        0,
        0,
        0,
        0,
        0,
        0
      ],
      "parameters": {
        "VERSION": "3.2.5"
      }
    },
    {
      "command": "3.3.9",
      "mean": 63.56177905141999,
      "stddev": 4.371902438509462,
      "median": 62.75022436752,
      "user": 285.86354342,
      "system": 38.853370319999996,
      "min": 58.60011833452,
      "max": 72.59199128252,
      "times": [
        65.91874812952,
        63.00153515252,
        59.54100976652,
        58.87396247852,
        72.59199128252,
        64.72945155552,
        62.49891358252,
        67.72430266052001,
        62.13775757152,
        58.60011833452
      ],
      "exit_codes": [
        0,
        0,
        0,
        0,
        0,
        0,
        0,
        0,
        0,
        0
      ],
      "parameters": {
        "VERSION": "3.3.9"
      }
    },
    {
      "command": "3.5.4",
      "mean": 26.99931069012,
      "stddev": 0.23453091346482036,
      "median": 27.06798863902,
      "user": 48.57368142000001,
      "system": 7.686480319999999,
      "min": 26.66702326752,
      "max": 27.257269957520002,
      "times": [
        26.923179781520002,
        26.66702326752,
        27.06193649652,
        27.07404078152,
        27.25567578452,
        26.729567201520002,
        26.68796595352,
        27.09646425252,
        27.239983424520002,
        27.257269957520002
      ],
      "exit_codes": [
        0,
        0,
        0,
        0,
        0,
        0,
        0,
        0,
        0,
        0
      ],
      "parameters": {
        "VERSION": "3.5.4"
      }
    },
    {
      "command": "3.6.3",
      "mean": 26.98685125952,
      "stddev": 0.22514440217474826,
      "median": 26.93711728852,
      "user": 56.25380591999999,
      "system": 9.13281512,
      "min": 26.63235649652,
      "max": 27.33358122552,
      "times": [
        26.63235649652,
        27.33358122552,
        26.95084497952,
        27.09884685552,
        26.89853728352,
        26.77090751652,
        26.92338959752,
        27.10447495352,
        27.30978900852,
        26.84578467852
      ],
      "exit_codes": [
        0,
        0,
        0,
        0,
        0,
        0,
        0,
        0,
        0,
        0
      ],
      "parameters": {
        "VERSION": "3.6.3"
      }
    },
    {
      "command": "3.8.1",
      "mean": 27.030025722519998,
      "stddev": 0.13982713643845215,
      "median": 26.99719716602,
      "user": 55.85859142,
      "system": 9.16599882,
      "min": 26.82999006752,
      "max": 27.26272791852,
      "times": [
        26.92934052652,
        27.15297034852,
        26.91385283252,
        27.130289224520002,
        27.26272791852,
        26.82999006752,
        27.16681255852,
        26.91987941652,
        26.997229060520002,
        26.99716527152
      ],
      "exit_codes": [
        0,
        0,
        0,
        0,
        0,
        0,
        0,
        0,
        0,
        0
      ],
      "parameters": {
        "VERSION": "3.8.1"
      }
    },
    {
      "command": "3.8.2",
      "mean": 24.88622260962,
      "stddev": 0.20502129412660858,
      "median": 24.93811221302,
      "user": 57.132119320000015,
      "system": 5.19796602,
      "min": 24.57822560152,
      "max": 25.20080740852,
      "times": [
        24.78373900952,
        25.20080740852,
        24.95779365352,
        25.02572437052,
        24.97583186852,
        24.66232731752,
        25.09193432752,
        24.91843077252,
        24.57822560152,
        24.66741176652
      ],
      "exit_codes": [
        0,
        0,
        0,
        0,
        0,
        0,
        0,
        0,
        0,
        0
      ],
      "parameters": {
        "VERSION": "3.8.2"
      }
    },
    {
      "command": "3.8.3",
      "mean": 13.413725874320003,
      "stddev": 0.25961423464040617,
      "median": 13.41431256152,
      "user": 41.159800620000006,
      "system": 3.5225499199999994,
      "min": 13.099438433520001,
      "max": 13.880358732520001,
      "times": [
        13.880358732520001,
        13.58344861952,
        13.099438433520001,
        13.659614471520001,
        13.567917795520001,
        13.42662844052,
        13.20442021552,
        13.17686264652,
        13.40199668252,
        13.13657270552
      ],
      "exit_codes": [
        0,
        0,
        0,
        0,
        0,
        0,
        0,
        0,
        0,
        0
      ],
      "parameters": {
        "VERSION": "3.8.3"
      }
    },
    {
      "command": "3.8.4",
      "mean": 13.46094112102,
      "stddev": 0.13783235462486593,
      "median": 13.411897328520002,
      "user": 42.07176262,
      "system": 3.4877166199999996,
      "min": 13.303732720520001,
      "max": 13.76875117652,
      "times": [
        13.554665848520001,
        13.410465851520001,
        13.303732720520001,
        13.550558435520001,
        13.364020958520001,
        13.359378128520001,
        13.51110632752,
        13.41332880552,
        13.76875117652,
        13.37340295752
      ],
      "exit_codes": [
        0,
        0,
        0,
        0,
        0,
        0,
        0,
        0,
        0,
        0
      ],
      "parameters": {
        "VERSION": "3.8.4"
      }
    },
    {
      "command": "3.8.5",
      "mean": 13.39247075292,
      "stddev": 0.10679300163685665,
      "median": 13.407753510520001,
      "user": 41.852494420000006,
      "system": 3.4872162199999996,
      "min": 13.254994248520001,
      "max": 13.55394701552,
      "times": [
        13.55394701552,
        13.51673736352,
        13.46242612552,
        13.254994248520001,
        13.43512475552,
        13.28707910852,
        13.32399319652,
        13.380382265520002,
        13.44656488452,
        13.26345856552
      ],