{
  "results": [
    {
      "command": "3.0.5",
      "mean": 0.7783616194800002,
      "stddev": 0.027135718533307773,
      "median": 0.77666237358,
      "user": 2.39795314,
      "system": 0.09771851999999999,
      "min": 0.74098320608,
      "max": 0.82005353208,
      "times": [
        0.81194716708,
        0.80138031208,
        0.7580221460800001,
        0.77275004208,
        0.82005353208,
        0.78349050208,
        0.74166454008,
        0.74098320608,
        0.77442916108,
        0.77889558608
      ],
      "exit_codes": [
        0,
        0,
        0,
        0,
        0,
        0,
        0,
        0,
        0,
        0
      ],
      "parameters": {
        "VERSION": "3.0.5"
      }
    },
    {
      "command": "3.6.3",
      "mean": 0.86657406068,
      "stddev": 0.015472679993133908,
      "median": 0.86528930758,
      "user": 2.87040664,
      "system": 0.10868512,
      "min": 0.8503583220800001,
      "max": 0.9021470540800001,
      "times": [
        0.86509449708,
        0.8741227300800001,
        0.85376927008,
        0.86548411808,
        0.8503583220800001,
        0.85246659208,
        0.87797298708,
        0.85803670708,
        0.86628832908,
        0.9021470540800001
      ],
      "exit_codes": [
        0,
        0,
        0,
        0,
        0,
        0,
        0,
        0,
        0,
        0
      ],
      "parameters": {
        "VERSION": "3.6.3"
      }
    },
    {
      "command": "3.8.8",
      "mean": 0.84796495318,
      "stddev": 0.02009617355010037,
      "median": 0.8407067205800001,
      "user": 2.7988345399999996,
      "system": 0.09466092,
      "min": 0.8241185640800001,
      "max": 0.88722499408,
      "times": [
        0.8490387540800001,
        0.84146402708,
        0.8573618040800001,
        0.8761219920800001,
        0.8241185640800001,
        0.88722499408,
        0.83994941408,
        0.83515233908,
        0.8318715370800001,
        0.83734610608
      ],
      "exit_codes": [
        0,
        0,
        0,
        0,
        0,
        0,
        0,
        0,
        0,
        0
      ],
      "parameters": {
        "VERSION": "3.8.8"
      }
    },
    {
      "command": "3.9.4",
      "mean": 1.03710261098,
      "stddev": 0.014014354623765312,
      "median": 1.03933003058,
      "user": 3.4303182400000005,
      "system": 0.09887622,
      "min": 1.01795840408,
      "max": 1.0632016660799999,
      "times": [
        1.0394263880799999,
        1.04572461608,
        1.0632016660799999,
        1.02803368208,
        1.03923367308,
        1.01837748508,
        1.04224479008,
        1.04771127908,
        1.01795840408,
        1.02911412608
      ],
      "exit_codes": [
        0,
        0,
        0,
        0,
        0,
        0,
        0,
        0,
        0,
        0
      ],
      "parameters": {
        "VERSION": "3.9.4"
      }
    },
    {
      "command": "3.9.5",
      "mean": 1.04065305248,
      "stddev": 0.022660929084360945,
      "median": 1.04165869958,
      "user": 3.4328781399999997,
      "system": 0.10607281999999998,
      "min": 1.00882445508,
      "max": 1.08035558208,
      "times": [
        1.04133349208,
        1.01873863608,
        1.0460908870799999,
        1.01833764608,
        1.08035558208,
        1.03173050308,
        1.04891065908,
        1.0419839070799999,
        1.00882445508,
        1.07022475708
      ],
      "exit_codes": [
        0,
        0,
        0,
        0,
        0,
        0,
        0,
        0,
        0,
        0
      ],
      "parameters": {
        "VERSION": "3.9.5"
      }
    },
    {
      "command": "4.0.0-alpha-7",
      "mean": 1.32007849858,
      "stddev": 0.015758894782440244,
      "median": 1.3228927000800002,
      "user": 4.409008239999999,
      "system": 0.11138021999999999,
      "min": 1.30136532908,
      "max": 1.34956593708,
      "times": [
        1.32507339708,
        1.3065791630799999,
        1.30136532908,
        1.30251928008,
        1.30610789308,
        1.33389333508,
        1.32198432208,
        1.34956593708,
        1.32380107808,
        1.32989525108
      ],
      "exit_codes": [
        0,
        0,
        0,
        0,
        0,
        0,
        0,
        0,
        0,
        0
      ],
      "parameters": {
        "VERSION": "4.0.0-alpha-7"
      }
    },
    {
      "command": "4.0.0-alpha-8",
      "mean": 1.3991923108799997,
      "stddev": 0.05042269225282767,
      "median": 1.40764160858,
      "user": 4.671878439999999,
      "system": 0.14472422000000001,
      "min": 1.33680642508,
      "max": 1.5126035500800001,
      "times": [
        1.36439786908,
        1.40997730208,
        1.4160289770799999,
        1.33680642508,
        1.5126035500800001,
        1.40906343508,
        1.35363163908,
        1.42460847008,
        1.35858565908,
        1.40621978208
      ],
      "exit_codes": [
        0,
        0,
        0,
        0,
        0,
        0,
        0,
        0,
        0,
        0
      ],
      "parameters": {
        "VERSION": "4.0.0-alpha-8"
      }
    }
  ]
}
