{
  "results": [
    {
      "command": "3.0.5",
      "mean": 0.88907099206,
      "stddev": 0.019562392135196706,
      "median": 0.8891806037600001,
      "user": 2.8842516599999994,
      "system": 0.12195808,
      "min": 0.8616460962600001,
      "max": 0.9289075632600001,
      "times": [
        0.87555999926,
        0.9289075632600001,
        0.8870960572600001,
        0.8912651502600001,
        0.8829884842600001,
        0.8942547592600001,
        0.9001351202600001,
        0.9029277252600001,
        0.8659289652600001,
        0.8616460962600001
      ],
      "exit_codes": [
        0,
        0,
        0,
        0,
        0,
        0,
        0,
        0,
        0,
        0
      ],
      "parameters": {
        "VERSION": "3.0.5"
      }
    },
    {
      "command": "3.1.1",
      "mean": 0.9442331133600002,
      "stddev": 0.020211707253057914,
      "median": 0.9446195792600001,
      "user": 3.0202226599999995,
      "system": 0.13716957999999999,
      "min": 0.9025411932600002,
      "max": 0.9665841872600001,
      "times": [
        0.93916320226,
        0.9347436172600001,
        0.9500759562600001,
        0.9025411932600002,
        0.95694160526,
        0.9281324422600001,
        0.9638340522600001,
        0.9645416052600001,
        0.9357732722600001,
        0.9665841872600001
      ],
      "exit_codes": [
        0,
        0,
        0,
        0,
        0,
        0,
        0,
        0,
        0,
        0
      ],
      "parameters": {
        "VERSION": "3.1.1"
      }
    },
    {
      "command": "3.2.5",
      "mean": 0.9962478280600002,
      "stddev": 0.01640789999940583,
      "median": 0.9977710297600001,
      "user": 3.3268737600000002,
      "system": 0.13192758,
      "min": 0.9687284072600001,
      "max": 1.0203357632599999,
      "times": [
        1.00556802026,
        1.00930728226,
        1.0203357632599999,
        0.99214826726,
        0.9687284072600001,
        0.9972753362600001,
        0.9982667232600001,
        0.9926894832600001,
        1.00766229126,
        0.9704967062600001
      ],
      "exit_codes": [
        0,
        0,
        0,
        0,
        0,
        0,
        0,
        0,
        0,
        0
      ],
      "parameters": {
        "VERSION": "3.2.5"
      }
    },
    {
      "command": "3.3.9",
      "mean": 1.0273878078599998,
      "stddev": 0.02258493174003372,
      "median": 1.0266289302599998,
      "user": 3.418972959999999,
      "system": 0.13663688,
      "min": 0.9970498502600001,
      "max": 1.06691764326,
      "times": [
        1.0033830422599999,
        1.0042062432599999,
        1.03193277126,
        1.0213250892599999,
        1.0411966022599999,
        0.9970498502600001,
        1.01924416526,
        1.06691764326,
        1.0370013272599998,
        1.05162134426
      ],
      "exit_codes": [
        0,
        0,
        0,
        0,
        0,
        0,
        0,
        0,
        0,
        0
      ],
      "parameters": {
        "VERSION": "3.3.9"
      }
    },
    {
      "command": "3.5.4",
      "mean": 1.08266318806,
      "stddev": 0.023401786849103146,
      "median": 1.07788163976,
      "user": 3.4440984599999993,
      "system": 0.23780217999999995,
      "min": 1.03970637326,
      "max": 1.12447303926,
      "times": [
        1.12447303926,
        1.0854389282599999,
        1.07924637326,
        1.03970637326,
        1.06990406426,
        1.10262749326,
        1.1047374642599999,
        1.07294850126,
        1.07103273726,
        1.07651690626
      ],
      "exit_codes": [
        0,
        0,
        0,
        0,
        0,
        0,
        0,
        0,
        0,
        0
      ],
      "parameters": {
        "VERSION": "3.5.4"
      }
    },
    {
      "command": "3.6.3",
      "mean": 1.04510319846,
      "stddev": 0.023834327263845986,
      "median": 1.04953862176,
      "user": 3.34360636,
      "system": 0.22054858,
      "min": 1.00192115226,
      "max": 1.0902970132599998,
      "times": [
        1.0485054752599998,
        1.0217916352599998,
        1.05657047726,
        1.05311008826,
        1.00192115226,
        1.05743787526,
        1.0419345012599999,
        1.02889199826,
        1.0902970132599998,
        1.05057176826
      ],
      "exit_codes": [
        0,
        0,
        0,
        0,
        0,
        0,
        0,
        0,
        0,
        0
      ],
      "parameters": {
        "VERSION": "3.6.3"
      }
    },
    {
      "command": "3.8.1",
      "mean": 1.05326829156,
      "stddev": 0.024718443721647138,
      "median": 1.04629085376,
      "user": 3.3010471599999995,
      "system": 0.22301158000000001,
      "min": 1.0172656812599998,
      "max": 1.10541398826,
      "times": [
        1.0172656812599998,
        1.04143227226,
        1.03796881526,
        1.0423519612599998,
        1.0502297462599999,
        1.0808473052599998,
        1.06311900326,
        1.05179901926,
        1.10541398826,
        1.04225512326
      ],
      "exit_codes": [
        0,
        0,
        0,
        0,
        0,
        0,
        0,
        0,
        0,
        0
      ],
      "parameters": {
        "VERSION": "3.8.1"
      }
    },
    {
      "command": "3.8.2",
      "mean": 0.9948752550600002,
      "stddev": 0.017161624027555108,
      "median": 1.0013495857599999,
      "user": 3.10531616,
      "system": 0.13224858,
      "min": 0.9679603702600001,
      "max": 1.0163280742599998,
      "times": [
        1.00976386726,
        1.0083834002599998,
        0.9797869542600001,
        0.9724174662600001,
        1.0055421172599999,
        0.9971570542600001,
        0.98547097926,
        1.00594226726,
        0.9679603702600001,
        1.0163280742599998
      ],
      "exit_codes": [
        0,
        0,
        0,
        0,
        0,
        0,
        0,
        0,
        0,
        0
      ],
      "parameters": {
        "VERSION": "3.8.2"
      }
    },
    {
      "command": "3.8.3",
      "mean": 0.9742301580599999,
      "stddev": 0.020158058738857836,
      "median": 0.97049624676,
      "user": 3.11807766,
      "system": 0.12384548000000002,
      "min": 0.9462814622600001,
      "max": 1.01097475926,
      "times": [
        0.9823217632600001,
        0.97647106126,
        0.9645214322600001,
        0.9984828532600001,
        0.9603529012600001,
        0.9845356112600001,
        1.01097475926,
        0.95593338526,
        0.9462814622600001,
        0.9624263512600001
      ],
      "exit_codes": [
        0,
        0,
        0,
        0,
        0,
        0,
        0,
        0,
        0,
        0
      ],
      "parameters": {
        "VERSION": "3.8.3"
      }
    },
    {
      "command": "3.8.4",
      "mean": 0.9915907514600001,
      "stddev": 0.025771074891390362,
      "median": 0.9861658627600001,
      "user": 3.1274497599999997,
      "system": 0.11544987999999998,
      "min": 0.9648476752600001,
      "max": 1.05176726026,
      "times": [
        0.9763427342600001,
        0.9876159692600001,
        1.01246388426,
        0.9648476752600001,
        0.9866828712600001,
        0.9739477002600001,
        0.9856488542600002,
        1.00509633726,
        1.05176726026,
        0.9714942282600001
      ],
      "exit_codes": [
        0,
        0,
        0,
        0,
        0,
        0,
        0,
        0,
        0,
        0
      ],
      "parameters": {
        "VERSION": "3.8.4"
      }
    },
    {
      "command": "3.8.5",
      "mean": 0.98222917146,
      "stddev": 0.03324307765225388,
      "median": 0.9796478817600001,
      "user": 3.1490373599999995,
      "system": 0.13016378,
      "min": 0.9320743952600001,
      "max": 1.0276581862599998,