{
  "results": [
    {
      "command": "3.0.5",
      "mean": 9.305562951619999,
      "stddev": 0.10919207741170547,
      "median": 9.33193546772,
      "user": 21.152148699999998,
      "system": 1.31087668,
      "min": 9.10394230422,
      "max": 9.43768887422,
      "times": [
        9.39608039522,
        9.40662138622,
        9.43768887422,
        9.37895457822,
        9.18624825322,
        9.238526651219999,
        9.358927251219999,
        9.30494368422,
        9.10394230422,
        9.24369613822
      ],
      "exit_codes": [
        0,
        0,
        0,
        0,
        0,
        0,
        0,
        0,
        0,
        0
      ],
      "parameters": {
        "VERSION": "3.0.5"
      }
    },
    {
      "command": "3.6.3",
      "mean": 12.485135978920002,
      "stddev": 0.19621890835303274,
      "median": 12.434811291719999,
      "user": 25.521241399999997,
      "system": 2.83914268,
      "min": 12.20434638222,
      "max": 12.92523294322,
      "times": [
        12.37951511222,
        12.92523294322,
        12.460118960219999,
        12.39586988622,
        12.20434638222,
        12.46084318422,
        12.37685446422,
        12.61338658722,
        12.62568864622,
        12.40950362322
      ],
      "exit_codes": [
        0,
        0,
        0,
        0,
        0,
        0,
        0,
        0,
        0,
        0
      ],
      "parameters": {
        "VERSION": "3.6.3"
      }
    },
    {
      "command": "3.8.8",
      "mean": 7.25519422072,
      "stddev": 0.08803592008529049,
      "median": 7.27202767472,
      "user": 20.393501999999994,
      "system": 0.9592468799999999,
      "min": 7.11393755722,
      "max": 7.36143504122,
      "times": [
        7.33467541322,
        7.1792679672199995,
        7.33768677122,
        7.2781998442199995,
        7.31105445922,
        7.11393755722,
        7.36143504122,
        7.2396121742199995,
        7.13021747422,
        7.26585550522
      ],
      "exit_codes": [
        0,
        0,
        0,
        0,
        0,
        0,
        0,
        0,
        0,
        0
      ],
      "parameters": {
        "VERSION": "3.8.8"
      }
    },
    {
      "command": "3.9.4",
      "mean": 7.626809306219999,
      "stddev": 0.11547337050461987,
      "median": 7.60003615472,
      "user": 21.802995499999998,
      "system": 1.01194308,
      "min": 7.47506556122,
      "max": 7.84974034622,
      "times": [
        7.51283192122,
        7.47506556122,
        7.63497323022,
        7.79382944522,
        7.84974034622,
        7.61318192522,
        7.58689038422,
        7.6410338072199995,
        7.58314405322,
        7.5774023882199995
      ],
      "exit_codes": [
        0,
        0,
        0,
        0,
        0,
        0,
        0,
        0,
        0,
        0
      ],
      "parameters": {
        "VERSION": "3.9.4"
      }
    },
    {
      "command": "3.9.5",
      "mean": 7.6871163331200005,
      "stddev": 0.16230795722771912,
      "median": 7.69541987472,
      "user": 21.9698928,
      "system": 0.9900470800000001,
      "min": 7.44106814422,
      "max": 7.91642932222,
      "times": [
        7.8684970632199995,
        7.91642932222,
        7.6924346752199995,
        7.44106814422,
        7.69840507422,
        7.54411285322,
        7.85608769822,
        7.55082657522,
        7.75369068122,
        7.549611244219999
      ],
      "exit_codes": [
        0,
        0,
        0,
        0,
        0,
        0,
        0,
        0,
        0,
        0
      ],
      "parameters": {
        "VERSION": "3.9.5"
      }
    },
    {
      "command": "4.0.0-alpha-7",
      "mean": 10.23035129472,
      "stddev": 0.08090440042085413,
      "median": 10.21662432172,
      "user": 28.3754235,
      "system": 1.41296418,
      "min": 10.10172278722,
      "max": 10.32737622622,
      "times": [
        10.29167685722,
        10.189958966219999,
        10.14604648222,
        10.31636659522,
        10.10172278722,
        10.17391584522,
        10.19577405822,
        10.32737622622,
        10.32320054422,
        10.23747458522
      ],
      "exit_codes": [
        0,
        0,
        0,
        0,
        0,
        0,
        0,
        0,
        0,
        0
      ],
      "parameters": {
        "VERSION": "4.0.0-alpha-7"
      }
    },
    {
      "command": "4.0.0-alpha-8",
      "mean": 11.216728378820001,
      "stddev": 0.0739090644370156,
      "median": 11.21605810322,
      "user": 29.710256199999996,
      "system": 1.35165078,
      "min": 11.07705519822,
      "max": 11.35130189822,
      "times": [
        11.20965207922,
        11.26144370722,
        11.24497953622,
        11.15120761922,
        11.21055641722,
        11.22155978922,
        11.35130189822,
        11.26626013422,
        11.17326740922,
        11.07705519822
      ],
      "exit_codes": [
        0,
        0,
        0,
        0,
        0,
        0,
        0,
        0,
        0,
        0
      ],
      "parameters": {
        "VERSION": "4.0.0-alpha-8"
      }
    }
  ]
}
