{
  "results": [
    {
      "command": "3.0.5",
      "mean": 0.7792664373800002,
      "stddev": 0.02486907612304108,
      "median": 0.7738689544800001,
      "user": 2.3653653199999995,
      "system": 0.13860012000000002,
      "min": 0.7531357984800001,
      "max": 0.8401168184800001,
      "times": [
        0.7857394174800001,
        0.76451606248,
        0.7531357984800001,
        0.7582808084800001,
        0.77780096348,
        0.76508653948,
        0.7699369454800001,
        0.7891900864800001,
        0.7888609334800001,
        0.8401168184800001
      ],
      "exit_codes": [
        0,
        0,
        0,
        0,
        0,
        0,
        0,
        0,
        0,
        0
      ],
      "parameters": {
        "VERSION": "3.0.5"
      }
    },
    {
      "command": "3.6.3",
      "mean": 1.0782726247799999,
      "stddev": 0.016950464141390845,
      "median": 1.0803777979799998,
      "user": 3.5968578199999994,
      "system": 0.24879232,
      "min": 1.0487118874799999,
      "max": 1.1021355394799999,
      "times": [
        1.07026164448,
        1.0655963824799999,
        1.1021355394799999,
        1.08331053848,
        1.0487118874799999,
        1.06259175248,
        1.0784480024799998,
        1.08230759348,
        1.10145064548,
        1.0879122614799999
      ],
      "exit_codes": [
        0,
        0,
        0,
        0,
        0,
        0,
        0,
        0,
        0,
        0
      ],
      "parameters": {
        "VERSION": "3.6.3"
      }
    },
    {
      "command": "3.8.8",
      "mean": 0.9976091310800002,
      "stddev": 0.022530176753634834,
      "median": 0.99907751598,
      "user": 3.3401639199999997,
      "system": 0.14355652,
      "min": 0.9653923514800001,
      "max": 1.03822484248,
      "times": [
        0.9653923514800001,
        0.9673145484800001,
        1.00669425748,
        0.9815133264800001,
        0.9924725294800001,
        0.9958150724800001,
        1.00233995948,
        1.03822484248,
        1.00661369948,
        1.01971072348
      ],
      "exit_codes": [
        0,
        0,
        0,
        0,
        0,
        0,
        0,
        0,
        0,
        0
      ],
      "parameters": {
        "VERSION": "3.8.8"
      }
    },
    {
      "command": "3.9.6",
      "mean": 1.21471993098,
      "stddev": 0.035884679237122276,
      "median": 1.20506077698,
      "user": 4.048853619999999,
      "system": 0.16085712000000002,
      "min": 1.1777323844799998,
      "max": 1.28566344448,
      "times": [
        1.1832580344799999,
        1.26128608448,
        1.18478784948,
        1.2260793054799999,
        1.1777323844799998,
        1.19003834748,
        1.20871764148,
        1.20140391248,
        1.22823230548,
        1.28566344448
      ],
      "exit_codes": [
        0,
        0,
        0,
        0,
        0,
        0,
        0,
        0,
        0,
        0
      ],
      "parameters": {
        "VERSION": "3.9.6"
      }
    },
    {
      "command": "4.0.0-alpha-13",
      "mean": 1.6863649514799999,
      "stddev": 0.029249280056970032,
      "median": 1.68750285198,
      "user": 6.964070919999999,
      "system": 0.29129861999999995,
      "min": 1.65154308148,
      "max": 1.7482146244799999,
      "times": [
        1.70420163248,
        1.69066377848,
        1.66682302448,
        1.68542750948,
        1.68957819448,
        1.7482146244799999,
        1.6682193514800001,
        1.6520282304799998,
        1.7069500874799999,
        1.65154308148
      ],
      "exit_codes": [
        0,
        0,
        0,
        0,
        0,
        0,
        0,
        0,
        0,
        0
      ],
      "parameters": {
        "VERSION": "4.0.0-alpha-13"
      }
    }
  ]
}
