{
  "results": [
    {
      "command": "3.0.5",
      "mean": 17.96916780016,
      "stddev": 0.13704154830873883,
      "median": 17.960579189660002,
      "user": 32.96529768,
      "system": 1.50605724,
      "min": 17.787384051660002,
      "max": 18.22465405566,
      "times": [
        17.85192360566,
        17.986686236660002,
        17.92610136966,
        17.787384051660002,
        18.02158113066,
        17.98576600866,
        17.82788486466,
        18.22465405566,
        17.93539237066,
        18.14430430766
      ],
      "exit_codes": [
        0,
        0,
        0,
        0,
        0,
        0,
        0,
        0,
        0,
        0
      ],
      "parameters": {
        "VERSION": "3.0.5"
      }
    },
    {
      "command": "3.6.3",
      "mean": 24.54938766196,
      "stddev": 0.43600415230928524,
      "median": 24.38066499416,
      "user": 41.85053418,
      "system": 3.6539096399999997,
      "min": 24.003360986660002,
      "max": 25.35668311566,
      "times": [
        24.42315119366,
        24.32073331666,
        24.003360986660002,
        24.86693201366,
        24.60884846966,
        25.12352158266,
        25.35668311566,
        24.33817879466,
        24.27791033066,
        24.17455681566
      ],
      "exit_codes": [
        0,
        0,
        0,
        0,
        0,
        0,
        0,
        0,
        0,
        0
      ],
      "parameters": {
        "VERSION": "3.6.3"
      }
    },
    {
      "command": "3.8.8",
      "mean": 14.02600990416,
      "stddev": 0.3008613750091683,
      "median": 14.100146392660001,
      "user": 30.904740580000002,
      "system": 1.4443891400000002,
      "min": 13.52598605366,
      "max": 14.52468299366,
      "times": [
        14.52468299366,
        13.56794120066,
        14.13609251766,
        13.52598605366,
        14.11396595066,
        14.086326834660001,
        14.08481815066,
        14.22257077066,
        14.13862632766,
        13.85908824166
      ],
      "exit_codes": [
        0,
        0,
        0,
        0,
        0,
        0,
        0,
        0,
        0,
        0
      ],
      "parameters": {
        "VERSION": "3.8.8"
      }
    },
    {
      "command": "3.9.4",
      "mean": 14.44595715286,
      "stddev": 0.2325883483170653,
      "median": 14.476211945660001,
      "user": 32.55894868,
      "system": 1.3989760400000002,
      "min": 14.099382265660001,
      "max": 14.74701947266,
      "times": [
        14.74701947266,
        14.099382265660001,
        14.73043382466,
        14.66212824966,
        14.229355660660001,
        14.26297405566,
        14.21546349966,
        14.47352866466,
        14.47889522666,
        14.56039060866
      ],
      "exit_codes": [
        0,
        0,
        0,
        0,
        0,
        0,
        0,
        0,
        0,
        0
      ],
      "parameters": {
        "VERSION": "3.9.4"
      }
    },
    {
      "command": "3.9.5",
      "mean": 14.472862050560002,
      "stddev": 0.19320262337038968,
      "median": 14.482133885660001,
      "user": 32.64006088000001,
      "system": 1.38673914,
      "min": 14.09763383766,
      "max": 14.74283377166,
      "times": [
        14.398843840660001,
        14.40633191266,
        14.09763383766,
        14.55022050966,
        14.58246043666,
        14.74283377166,
        14.41404726166,
        14.61525683066,
        14.64800866566,
        14.27298343866
      ],
      "exit_codes": [
        0,
        0,
        0,
        0,
        0,
        0,
        0,
        0,
        0,
        0
      ],
      "parameters": {
        "VERSION": "3.9.5"
      }
    },
    {
      "command": "4.0.0-alpha-7",
      "mean": 18.775904529960002,
      "stddev": 0.12083354884517795,
      "median": 18.75061305866,
      "user": 40.51493418,
      "system": 1.8473129399999997,
      "min": 18.63483901766,
      "max": 19.00547217866,
      "times": [
        18.78027472666,
        18.72095139066,
        19.00547217866,
        18.63483901766,
        18.90218379266,
        18.88329608866,
        18.64688212266,
        18.78393413966,
        18.68972997866,
        18.71148186366
      ],
      "exit_codes": [
        0,
        0,
        0,
        0,
        0,
        0,
        0,
        0,
        0,
        0
      ],
      "parameters": {
        "VERSION": "4.0.0-alpha-7"
      }
    },
    {
      "command": "4.0.0-alpha-8",
      "mean": 19.940717274760004,
      "stddev": 0.36448756315457537,
      "median": 19.968651334660002,
      "user": 42.82087218,
      "system": 1.80671374,
      "min": 19.42386956966,
      "max": 20.55864671066,
      "times": [
        19.76339307566,
        20.183171804660002,
        20.36296131066,
        19.55151127966,
        19.60124861266,
        20.02506771466,
        20.00592276766,
        19.93137990166,
        19.42386956966,
        20.55864671066
      ],
      "exit_codes": [
        0,
        0,
        0,
        0,
        0,
        0,
        0,
        0,
        0,
        0
      ],
      "parameters": {
        "VERSION": "4.0.0-alpha-8"
      }
    }
  ]
}
