{
  "results": [
    {
      "command": "3.0.5",
      "mean": 0.7858802084400001,
      "stddev": 0.01948812989143564,
      "median": 0.7846894233400001,
      "user": 2.38007762,
      "system": 0.09332905999999999,
      "min": 0.75716184884,
      "max": 0.8267650538400001,
      "times": [
        0.79086430884,
        0.8267650538400001,
        0.7835098868400001,
        0.79704765684,
        0.76309316484,
        0.75716184884,
        0.7832482728400001,
        0.79658248884,
        0.77466044284,
        0.78586895984
      ],
      "exit_codes": [
        0,
        0,
        0,
        0,
        0,
        0,
        0,
        0,
        0,
        0
      ],
      "parameters": {
        "VERSION": "3.0.5"
      }
    },
    {
      "command": "3.6.3",
      "mean": 0.8741286696399999,
      "stddev": 0.0196749250460499,
      "median": 0.8752329883400001,
      "user": 2.6978098200000002,
      "system": 0.12146915999999996,
      "min": 0.8443901948400001,
      "max": 0.9138730838400001,
      "times": [
        0.86481693784,
        0.9138730838400001,
        0.87952880984,
        0.8794039718400001,
        0.8903964038400001,
        0.8443901948400001,
        0.85477684184,
        0.8710620048400001,
        0.88186511184,
        0.8611733358400001
      ],
      "exit_codes": [
        0,
        0,
        0,
        0,
        0,
        0,
        0,
        0,
        0,
        0
      ],
      "parameters": {
        "VERSION": "3.6.3"
      }
    },
    {
      "command": "3.8.8",
      "mean": 0.8365976315399999,
      "stddev": 0.01908697634380794,
      "median": 0.8392805993400001,
      "user": 2.6553620199999997,
      "system": 0.06075875999999999,
      "min": 0.80737267584,
      "max": 0.8635313588400001,
      "times": [
        0.8239233628400001,
        0.84045847084,
        0.8509878148400001,
        0.86187766884,
        0.82557535284,
        0.8381027278400001,
        0.81342768884,
        0.84071919384,
        0.80737267584,
        0.8635313588400001
      ],
      "exit_codes": [
        0,
        0,
        0,
        0,
        0,
        0,
        0,
        0,
        0,
        0
      ],
      "parameters": {
        "VERSION": "3.8.8"
      }
    },
    {
      "command": "3.9.4",
      "mean": 1.0222560754399999,
      "stddev": 0.021607528825659462,
      "median": 1.02727699634,
      "user": 3.2022553200000003,
      "system": 0.09642065999999998,
      "min": 0.9923874808400001,
      "max": 1.06171697284,
      "times": [
        0.99999871584,
        0.9923874808400001,
        1.03819131484,
        1.0286094688399998,
        0.9962866158400001,
        1.06171697284,
        1.02594452384,
        1.0353524238399998,
        1.0148478538399999,
        1.0292253838399998
      ],
      "exit_codes": [
        0,
        0,
        0,
        0,
        0,
        0,
        0,
        0,
        0,
        0
      ],
      "parameters": {
        "VERSION": "3.9.4"
      }
    },
    {
      "command": "3.9.5",
      "mean": 1.0252210222399998,
      "stddev": 0.015212548345080438,
      "median": 1.0277126508399999,
      "user": 3.19357392,
      "system": 0.09572055999999998,
      "min": 1.00038794484,
      "max": 1.0449424508399998,
      "times": [
        1.00038794484,
        1.0299372358399999,
        1.00393723984,
        1.03072374784,
        1.01476905584,
        1.0432605118399998,
        1.0254880658399999,
        1.0449424508399998,
        1.03653358584,
        1.02223038384
      ],
      "exit_codes": [
        0,
        0,
        0,
        0,
        0,
        0,
        0,
        0,
        0,
        0
      ],
      "parameters": {
        "VERSION": "3.9.5"
      }
    },
    {
      "command": "4.0.0-alpha-7",
      "mean": 1.25319918074,
      "stddev": 0.03961286363133994,
      "median": 1.2474120008399998,
      "user": 3.79799042,
      "system": 0.11529715999999997,
      "min": 1.21711273784,
      "max": 1.34678075184,
      "times": [
        1.24726001484,
        1.21711273784,
        1.2897106808399998,
        1.22154581084,
        1.25585115484,
        1.2232474388399999,
        1.34678075184,
        1.24756398684,
        1.25696831784,
        1.22595091284
      ],
      "exit_codes": [
        0,
        0,
        0,
        0,
        0,
        0,
        0,
        0,
        0,
        0
      ],
      "parameters": {
        "VERSION": "4.0.0-alpha-7"
      }
    },
    {
      "command": "4.0.0-alpha-8",
      "mean": 1.31238992544,
      "stddev": 0.02865123075473393,
      "median": 1.3216808323399998,
      "user": 3.964918019999999,
      "system": 0.10564525999999999,
      "min": 1.24899811184,
      "max": 1.3443504708399998,
      "times": [
        1.31613481684,
        1.3099641178399999,
        1.2756103638399998,
        1.3296415878399999,
        1.32656973284,
        1.3185838478399998,
        1.32926838784,
        1.32477781684,
        1.24899811184,
        1.3443504708399998
      ],
      "exit_codes": [
        0,
        0,
        0,
        0,
        0,
        0,
        0,
        0,
        0,
        0
      ],
      "parameters": {
        "VERSION": "4.0.0-alpha-8"
      }
    }
  ]
}
