{
  "results": [
    {
      "command": "3.0.5",
      "mean": 11.55354287892,
      "stddev": 0.062302817284412074,
      "median": 11.565817562420001,
      "user": 24.252960419999997,
      "system": 1.4690725,
      "min": 11.45575148292,
      "max": 11.637473224919999,
      "times": [
        11.54833544792,
        11.59148544492,
        11.47316176392,
        11.637473224919999,
        11.45575148292,
        11.59820499692,
        11.55432222692,
        11.48720295392,
        11.57731289792,
        11.61217834892
      ],
      "exit_codes": [
        0,
        0,
        0,
        0,
        0,
        0,
        0,
        0,
        0,
        0
      ],
      "parameters": {
        "VERSION": "3.0.5"
      }
    },
    {
      "command": "3.1.1",
      "mean": 24.66209173102,
      "stddev": 0.4935656208878315,
      "median": 24.71678474942,
      "user": 61.148961220000004,
      "system": 3.1677557999999997,
      "min": 23.70539798092,
      "max": 25.17143588492,
      "times": [
        24.75369864792,
        25.00272659792,
        25.05991792392,
        24.55567596692,
        25.17143588492,
        23.95721838692,
        23.70539798092,
        24.60082532792,
        24.67987085092,
        25.134149741919998
      ],
      "exit_codes": [
        0,
        0,
        0,
        0,
        0,
        0,
        0,
        0,
        0,
        0
      ],
      "parameters": {
        "VERSION": "3.1.1"
      }
    },
    {
      "command": "3.2.5",
      "mean": 24.165639786920003,
      "stddev": 0.3421771564652962,
      "median": 24.034600994919998,
      "user": 61.82419542,
      "system": 3.2299311999999993,
      "min": 23.79547838692,
      "max": 24.81548637092,
      "times": [
        24.04029280792,
        23.96238336792,
        24.71604230492,
        23.91845985192,
        24.08755299792,
        24.02890918192,
        23.991286292919998,
        23.79547838692,
        24.30050630592,
        24.81548637092
      ],
      "exit_codes": [
        0,
        0,
        0,
        0,
        0,
        0,
        0,
        0,
        0,
        0
      ],
      "parameters": {
        "VERSION": "3.2.5"
      }
    },
    {
      "command": "3.3.9",
      "mean": 25.43274107382,
      "stddev": 0.4486908746455183,
      "median": 25.37712324992,
      "user": 63.27694742,
      "system": 3.2499599999999993,
      "min": 24.92929341892,
      "max": 26.29707909292,
      "times": [
        26.29707909292,
        25.55276917092,
        25.25971980992,
        24.97014821892,
        25.87060986792,
        24.92929341892,
        25.46483921792,
        24.94368964092,
        25.749855017919998,
        25.28940728192
      ],
      "exit_codes": [
        0,
        0,
        0,
        0,
        0,
        0,
        0,
        0,
        0,
        0
      ],
      "parameters": {
        "VERSION": "3.3.9"
      }
    },
    {
      "command": "3.5.4",
      "mean": 16.67811346382,
      "stddev": 0.1401376016762819,
      "median": 16.70439369692,
      "user": 30.526444219999995,
      "system": 4.201820399999999,
      "min": 16.35545218392,
      "max": 16.84523116192,
      "times": [
        16.78726197492,
        16.73922423292,
        16.84523116192,
        16.73140472692,
        16.771435916919998,
        16.66540998792,
        16.66079158792,
        16.54754019792,
        16.35545218392,
        16.67738266692
      ],
      "exit_codes": [
        0,
        0,
        0,
        0,
        0,
        0,
        0,
        0,
        0,
        0
      ],
      "parameters": {
        "VERSION": "3.5.4"
      }
    },
    {
      "command": "3.6.3",
      "mean": 15.922369315520001,
      "stddev": 0.2745844981512233,
      "median": 15.841943900419999,
      "user": 29.183172719999998,
      "system": 4.281579,
      "min": 15.63825568092,
      "max": 16.59180296692,
      "times": [
        15.63825568092,
        15.76634824892,
        15.95619404392,
        16.59180296692,
        15.818632748919999,
        15.86525505192,
        16.04845193492,
        16.07106649292,
        15.75735705992,
        15.710328925919999
      ],
      "exit_codes": [
        0,
        0,
        0,
        0,
        0,
        0,
        0,
        0,
        0,
        0
      ],
      "parameters": {
        "VERSION": "3.6.3"
      }
    },
    {
      "command": "3.8.1",
      "mean": 16.28871625002,
      "stddev": 0.3481822423058056,
      "median": 16.343085788419998,
      "user": 29.62310642,
      "system": 4.3191219,
      "min": 15.80162669692,
      "max": 16.728571420919998,
      "times": [
        16.683179589919998,
        16.56428459692,
        15.80162669692,
        16.728571420919998,
        16.00439334392,
        15.94964772392,
        16.46306081992,
        15.92443814592,
        16.54484940492,
        16.22311075692
      ],
      "exit_codes": [
        0,
        0,
        0,
        0,
        0,
        0,
        0,
        0,
        0,
        0
      ],
      "parameters": {
        "VERSION": "3.8.1"
      }
    },
    {
      "command": "3.8.2",
      "mean": 14.409035172820001,
      "stddev": 0.28484790697604945,
      "median": 14.42316082992,
      "user": 28.13112492,
      "system": 1.3440189000000002,
      "min": 13.84839323592,
      "max": 14.69080232592,
      "times": [
        14.67029768792,
        14.673508481919999,
        14.41909123592,
        14.33913881492,
        14.42634403592,
        14.69080232592,
        13.84839323592,
        14.41997762392,
        14.59273369192,
        14.01006459392
      ],
      "exit_codes": [
        0,
        0,
        0,
        0,
        0,
        0,
        0,
        0,
        0,
        0
      ],
      "parameters": {
        "VERSION": "3.8.2"
      }
    },
    {
      "command": "3.8.3",
      "mean": 7.849596618520001,
      "stddev": 0.12494635744347568,
      "median": 7.84455450242,
      "user": 21.49484082,
      "system": 1.2384110000000002,
      "min": 7.64225445492,
      "max": 8.04305406892,
      "times": [
        7.84470651392,
        7.97966004092,
        7.8101167469199995,
        7.917017513919999,
        8.04305406892,
        7.84440249092,
        7.64225445492,
        7.94796795092,
        7.72049432992,
        7.746292073919999
      ],
      "exit_codes": [
        0,
        0,
        0,
        0,
        0,
        0,
        0,
        0,
        0,
        0
      ],
      "parameters": {
        "VERSION": "3.8.3"
      }
    },
    {
      "command": "3.8.4",
      "mean": 7.784618457320001,
      "stddev": 0.1208588338749825,
      "median": 7.81295883792,
      "user": 21.27468882,
      "system": 1.2554181000000002,
      "min": 7.53774119492,
      "max": 7.91968797892,
      "times": [
        7.62368968092,
        7.82459400892,
        7.84847527592,
        7.86072240792,
        7.80132366692,
        7.73545190892,
        7.80054643492,
        7.91968797892,
        7.89395201492,
        7.53774119492
      ],
      "exit_codes": [
        0,
        0,
        0,
        0,
        0,
        0,
        0,
        0,
        0,
        0
      ],
      "parameters": {
        "VERSION": "3.8.4"
      }
    },
    {
      "command": "3.8.5",
      "mean": 7.662684426019998,
      "stddev": 0.21759289131485668,
      "median": 7.63359666192,
      "user": 21.07831352,
      "system": 1.2470706,
      "min": 7.40171255792,
      "max": 8.024789973919999,
      "times": [
        7.55955068092,
        7.43903758992,
        7.724555243919999,
        7.70764264292,
        7.73932171792,
        7.497711907919999,
        8.024789973919999,
        7.99630893392,
        7.53621301092,
        7.40171255792
      ],
      "exit_codes": [
        0,
        0,
        0,
        0,
        0,
        0,
        0,
        0,
        0,
        0
      ],