{
  "results": [
    {
      "command": "3.0.5",
      "mean": 0.7822834754,
      "stddev": 0.015646453888708868,
      "median": 0.7798251321,
      "user": 2.40360456,
      "system": 0.10580606000000001,
      "min": 0.7532031931000001,
      "max": 0.8014630801,
      "times": [
        0.7532031931000001,
        0.7790189021,
        0.7767881741,
        0.7795183191,
        0.8008694241000001,
        0.7845253081000001,
        0.8014630801,
        0.7665934801000001,
        0.7801319451000001,
        0.8007229281
      ],
      "exit_codes": [
        0,
        0,
        0,
        0,
        0,
        0,
        0,
        0,
        0,
        0
      ],
      "parameters": {
        "VERSION": "3.0.5"
      }
    },
    {
      "command": "3.6.3",
      "mean": 0.9010402375000002,
      "stddev": 0.025653413222251013,
      "median": 0.9022174231,
      "user": 2.80130906,
      "system": 0.12870246,
      "min": 0.8472102781,
      "max": 0.9293307601,
      "times": [
        0.8820965681,
        0.9287144551000001,
        0.9269865761,
        0.8861297811000001,
        0.8472102781,
        0.8939940311000001,
        0.9115050791,
        0.9068362811,
        0.9293307601,
        0.8975985651
      ],
      "exit_codes": [
        0,
        0,
        0,
        0,
        0,
        0,
        0,
        0,
        0,
        0
      ],
      "parameters": {
        "VERSION": "3.6.3"
      }
    },
    {
      "command": "3.8.8",
      "mean": 0.8696348132,
      "stddev": 0.018476357403080818,
      "median": 0.8735490341000001,
      "user": 2.73823476,
      "system": 0.08120546,
      "min": 0.8343366881000001,
      "max": 0.8970434881,
      "times": [
        0.8614623051000001,
        0.8733531891,
        0.8970434881,
        0.8609507081000001,
        0.8343366881000001,
        0.8737448791000001,
        0.8836571111,
        0.8773861811000001,
        0.8850080171000001,
        0.8494055651000001
      ],
      "exit_codes": [
        0,
        0,
        0,
        0,
        0,
        0,
        0,
        0,
        0,
        0
      ],
      "parameters": {
        "VERSION": "3.8.8"
      }
    },
    {
      "command": "3.9.4",
      "mean": 1.0422547923,
      "stddev": 0.018641975323885812,
      "median": 1.0373546231,
      "user": 3.30689996,
      "system": 0.08920065999999999,
      "min": 1.0193436621,
      "max": 1.0844827531,
      "times": [
        1.0356124101,
        1.0844827531,
        1.0372909301,
        1.0298561091,
        1.0573339771,
        1.0498023091,
        1.0374183161,
        1.0193436621,
        1.0457915651,
        1.0256158911
      ],
      "exit_codes": [
        0,
        0,
        0,
        0,
        0,
        0,
        0,
        0,
        0,
        0
      ],
      "parameters": {
        "VERSION": "3.9.4"
      }
    },
    {
      "command": "3.9.5",
      "mean": 1.0286312763,
      "stddev": 0.03884507926702768,
      "median": 1.0151634976000001,
      "user": 3.28755636,
      "system": 0.09044076,
      "min": 0.9866449991,
      "max": 1.0826994451,
      "times": [
        0.9957242311000001,
        1.0322484721,
        0.9962385391,
        1.0013685951,
        1.0264119611,
        1.0826994451,
        1.0817179801,
        1.0793435061,
        0.9866449991,
        1.0039150341
      ],
      "exit_codes": [
        0,
        0,
        0,
        0,
        0,
        0,
        0,
        0,
        0,
        0
      ],
      "parameters": {
        "VERSION": "3.9.5"
      }
    },
    {
      "command": "4.0.0-alpha-7",
      "mean": 1.2450848012,
      "stddev": 0.02409794333833651,
      "median": 1.2410679511,
      "user": 3.8405177599999996,
      "system": 0.11082225999999999,
      "min": 1.2162600681,
      "max": 1.2854034731000001,
      "times": [
        1.2533703241,
        1.2162600681,
        1.2815384771,
        1.2498745491,
        1.2538604120999999,
        1.2300879961,
        1.2230875941,
        1.2322613531,
        1.2854034731000001,
        1.2251037651
      ],
      "exit_codes": [
        0,
        0,
        0,
        0,
        0,
        0,
        0,
        0,
        0,
        0
      ],
      "parameters": {
        "VERSION": "4.0.0-alpha-7"
      }
    },
    {
      "command": "4.0.0-alpha-8",
      "mean": 1.319820483,
      "stddev": 0.0204317594554351,
      "median": 1.3260711731,
      "user": 4.01888916,
      "system": 0.12457026,
      "min": 1.2951912971000001,
      "max": 1.3466757871000001,
      "times": [
        1.3354776461,
        1.2957235341,
        1.3379567581,
        1.3224495101,
        1.2951912971000001,
        1.3466757871000001,
        1.2978731831,
        1.3370949281,
        1.3000693501,
        1.3296928361
      ],
      "exit_codes": [
        0,
        0,
        0,
        0,
        0,
        0,
        0,
        0,
        0,
        0
      ],
      "parameters": {
        "VERSION": "4.0.0-alpha-8"
      }
    }
  ]
}
