{
  "results": [
    {
      "command": "3.0.5",
      "mean": 0.9044408021200001,
      "stddev": 0.024544366012135967,
      "median": 0.90064679362,
      "user": 2.90831262,
      "system": 0.12728314000000002,
      "min": 0.87289212212,
      "max": 0.9553844291200001,
      "times": [
        0.9030448521200001,
        0.89855604712,
        0.90062846912,
        0.88179985212,
        0.9200727511200001,
        0.92810806312,
        0.9553844291200001,
        0.87289212212,
        0.90066511812,
        0.8832563171200001
      ],
      "exit_codes": [
        0,
        0,
        0,
        0,
        0,
        0,
        0,
        0,
        0,
        0
      ],
      "parameters": {
        "VERSION": "3.0.5"
      }
    },
    {
      "command": "3.1.1",
      "mean": 0.9457786789200002,
      "stddev": 0.02078889833659968,
      "median": 0.9432754051200001,
      "user": 2.9794686199999996,
      "system": 0.13135844000000002,
      "min": 0.91963630112,
      "max": 0.99303473312,
      "times": [
        0.95950070312,
        0.99303473312,
        0.94855666112,
        0.91963630112,
        0.9306455021200001,
        0.9493489621200001,
        0.93799414912,
        0.9375522501200001,
        0.9274058081200001,
        0.95411171912
      ],
      "exit_codes": [
        0,
        0,
        0,
        0,
        0,
        0,
        0,
        0,
        0,
        0
      ],
      "parameters": {
        "VERSION": "3.1.1"
      }
    },
    {
      "command": "3.2.5",
      "mean": 1.0036867410199999,
      "stddev": 0.015013197799534892,
      "median": 0.99817245812,
      "user": 3.32570212,
      "system": 0.13519984000000002,
      "min": 0.98857296912,
      "max": 1.03693109012,
      "times": [
        0.9965899501200001,
        0.99408518812,
        1.00962472312,
        1.0198823721199999,
        0.98857296912,
        0.9898219501200001,
        1.00501425112,
        1.03693109012,
        0.9982958001200001,
        0.99804911612
      ],
      "exit_codes": [
        0,
        0,
        0,
        0,
        0,
        0,
        0,
        0,
        0,
        0
      ],
      "parameters": {
        "VERSION": "3.2.5"
      }
    },
    {
      "command": "3.3.9",
      "mean": 1.06363615842,
      "stddev": 0.027451489636605434,
      "median": 1.05973605912,
      "user": 3.5926946199999996,
      "system": 0.13781274000000002,
      "min": 1.03136422112,
      "max": 1.12669298612,
      "times": [
        1.05249241512,
        1.07740844712,
        1.06697970312,
        1.07317511712,
        1.03136422112,
        1.07597360012,
        1.04081397812,
        1.04158920012,
        1.04987191612,
        1.12669298612
      ],
      "exit_codes": [
        0,
        0,
        0,
        0,
        0,
        0,
        0,
        0,
        0,
        0
      ],
      "parameters": {
        "VERSION": "3.3.9"
      }
    },
    {
      "command": "3.5.4",
      "mean": 1.10811102262,
      "stddev": 0.03941432303445828,
      "median": 1.09499989312,
      "user": 3.75879302,
      "system": 0.21594744000000002,
      "min": 1.05894221212,
      "max": 1.18113808512,
      "times": [
        1.10071013912,
        1.10418783812,
        1.16680160212,
        1.08143343212,
        1.18113808512,
        1.08558156512,
        1.05894221212,
        1.08266432412,
        1.13036138112,
        1.08928964712
      ],
      "exit_codes": [
        0,
        0,
        0,
        0,
        0,
        0,
        0,
        0,
        0,
        0
      ],
      "parameters": {
        "VERSION": "3.5.4"
      }
    },
    {
      "command": "3.6.3",
      "mean": 1.0969366052200002,
      "stddev": 0.029748380897641234,
      "median": 1.09475377362,
      "user": 3.60176072,
      "system": 0.23239384,
      "min": 1.05862505012,
      "max": 1.14233971812,
      "times": [
        1.06916244112,
        1.09707460412,
        1.10448763912,
        1.06929453812,
        1.14072619612,
        1.09243294312,
        1.07634846212,
        1.05862505012,
        1.11887446012,
        1.14233971812
      ],
      "exit_codes": [
        0,
        0,
        0,
        0,
        0,
        0,
        0,
        0,
        0,
        0
      ],
      "parameters": {
        "VERSION": "3.6.3"
      }
    },
    {
      "command": "3.8.1",
      "mean": 1.10255845212,
      "stddev": 0.04248041158638845,
      "median": 1.09870174062,
      "user": 3.62931612,
      "system": 0.21710854,
      "min": 1.03103738912,
      "max": 1.19489876212,
      "times": [
        1.11821879612,
        1.07216011112,
        1.19489876212,
        1.08612392212,
        1.13039066012,
        1.09401019612,
        1.10916024912,
        1.08619115012,
        1.10339328512,
        1.03103738912
      ],
      "exit_codes": [
        0,
        0,
        0,
        0,
        0,
        0,
        0,
        0,
        0,
        0
      ],
      "parameters": {
        "VERSION": "3.8.1"
      }
    },
    {
      "command": "3.8.2",
      "mean": 1.05710311542,
      "stddev": 0.028995151527438083,
      "median": 1.05472142062,
      "user": 3.50882802,
      "system": 0.14974354,
      "min": 1.01841807112,
      "max": 1.1191448181199999,
      "times": [
        1.1191448181199999,
        1.07257766512,
        1.04542150512,
        1.03141274512,
        1.01841807112,
        1.08090185712,
        1.03290625912,
        1.06080539212,
        1.05671229912,
        1.05273054212
      ],
      "exit_codes": [
        0,
        0,
        0,
        0,
        0,
        0,
        0,
        0,
        0,
        0
      ],
      "parameters": {
        "VERSION": "3.8.2"
      }
    },
    {
      "command": "3.8.3",
      "mean": 1.03190997062,
      "stddev": 0.03261899525202015,
      "median": 1.0305403851200001,
      "user": 3.4419237199999997,
      "system": 0.13629574,
      "min": 0.99538951312,
      "max": 1.08278713412,
      "times": [
        1.02239482712,
        1.03868594312,
        1.06173247012,
        1.00179588212,
        0.99992921612,
        0.99538951312,
        1.06655413612,
        1.05137498412,
        1.08278713412,
        0.99845560012
      ],
      "exit_codes": [
        0,
        0,
        0,
        0,
        0,
        0,
        0,
        0,
        0,
        0
      ],
      "parameters": {
        "VERSION": "3.8.3"
      }
    },
    {
      "command": "3.8.4",
      "mean": 1.04772176852,
      "stddev": 0.0427384746784031,
      "median": 1.0402324966199998,
      "user": 3.49949722,
      "system": 0.14177094,
      "min": 0.99915643512,
      "max": 1.14139683412,
      "times": [
        0.99915643512,
        1.03893940712,
        1.04152558612,
        1.00958628812,
        1.05047410512,
        1.0289252631199999,
        1.14139683412,
        1.01126124012,
        1.06761226212,
        1.08834026412
      ],
      "exit_codes": [
        0,
        0,
        0,
        0,
        0,
        0,
        0,
        0,
        0,
        0
      ],
      "parameters": {
        "VERSION": "3.8.4"
      }
    },
    {
      "command": "3.8.5",
      "mean": 1.04080716932,
      "stddev": 0.02272847641815666,
      "median": 1.0360538851199999,
      "user": 3.4363933199999996,
      "system": 0.13809374,
      "min": 1.00502211612,
      "max": 1.07612089212,
      "times": [
        1.05073899912,
        1.00502211612,
        1.02427732312,
        1.05753700912,
        1.04107591712,
        1.02307764112,
        1.07612089212,
        1.02831771812,
        1.07087222412,
        1.03103185312
      ],
      "exit_codes": [
        0,
        0,
        0,
        0,
        0,
        0,
        0,
        0,
        0,
        0
      ],
      "parameters": {
        "VERSION": "3.8.5"
      }
    },
    {
      "command": "3.8.6",
      "mean": 1.0484616586199997,
      "stddev": 0.025026635086910675,