{
  "results": [
    {
      "command": "3.0.5",
      "mean": 0.7187159116000001,
      "stddev": 0.025229868529687224,
      "median": 0.7125752234,
      "user": 1.9610045799999996,
      "system": 0.12050879999999997,
      "min": 0.6918827574,
      "max": 0.7642127754000001,
      "times": [
        0.6918827574,
        0.6981473624000001,
        0.7642127754000001,
        0.7233741994,
        0.7489723474000001,
        0.6938309214,
        0.7017762474000001,
        0.7273829864000001,
        0.7360723054,
        0.7015072134000001
      ],
      "exit_codes": [
        0,
        0,
        0,
        0,
        0,
        0,
        0,
        0,
        0,
        0
      ],
      "parameters": {
        "VERSION": "3.0.5"
      }
    },
    {
      "command": "3.6.3",
      "mean": 0.8775157678000001,
      "stddev": 0.02055013747340904,
      "median": 0.8735168699,
      "user": 2.53947398,
      "system": 0.1568666,
      "min": 0.8557567204000001,
      "max": 0.9221799354000001,
      "times": [
        0.9221799354000001,
        0.8698115454,
        0.8571181994000001,
        0.8983017484000001,
        0.8610050094,
        0.8715905044000001,
        0.8754432354,
        0.8880239754000001,
        0.8557567204000001,
        0.8759268044
      ],
      "exit_codes": [
        0,
        0,
        0,
        0,
        0,
        0,
        0,
        0,
        0,
        0
      ],
      "parameters": {
        "VERSION": "3.6.3"
      }
    },
    {
      "command": "3.8.8",
      "mean": 0.8464135562000001,
      "stddev": 0.01218869686622334,
      "median": 0.8428533604000001,
      "user": 2.44682748,
      "system": 0.1081175,
      "min": 0.8316384154,
      "max": 0.8679545994000001,
      "times": [
        0.8433871274000001,
        0.8679545994000001,
        0.8416299164000001,
        0.8404347944,
        0.8643008324000001,
        0.8316384154,
        0.8488716424000001,
        0.8518399844000001,
        0.8317586564,
        0.8423195934000001
      ],
      "exit_codes": [
        0,
        0,
        0,
        0,
        0,
        0,
        0,
        0,
        0,
        0
      ],
      "parameters": {
        "VERSION": "3.8.8"
      }
    },
    {
      "command": "3.9.9",
      "mean": 1.0204565804999999,
      "stddev": 0.024570562147580428,
      "median": 1.0227807554,
      "user": 3.0195107799999996,
      "system": 0.126606,
      "min": 0.9837473684000001,
      "max": 1.0642665354,
      "times": [
        1.0114841594,
        1.0275166714,
        1.0422882904,
        1.0330864634,
        0.9914916604,
        1.0180448394000001,
        1.0642665354,
        1.0324605464,
        1.0001792704,
        0.9837473684000001
      ],
      "exit_codes": [
        0,
        0,
        0,
        0,
        0,
        0,
        0,
        0,
        0,
        0
      ],
      "parameters": {
        "VERSION": "3.9.9"
      }
    },
    {
      "command": "4.0.0-alpha-13",
      "mean": 1.4610233169,
      "stddev": 0.03134027485663299,
      "median": 1.4588046289,
      "user": 5.022606479999999,
      "system": 0.20482119999999998,
      "min": 1.4222983144,
      "max": 1.5152963134,
      "times": [
        1.4277891274,
        1.4519644114,
        1.4222983144,
        1.4667839004,
        1.4566283944,
        1.4609808634,
        1.5105313334,
        1.5152963134,
        1.4345833714,
        1.4633771394
      ],
      "exit_codes": [
        0,
        0,
        0,
        0,
        0,
        0,
        0,
        0,
        0,
        0
      ],
      "parameters": {
        "VERSION": "4.0.0-alpha-13"
      }
    },
    {
      "command": "4.0.0-beta-3",
      "mean": 1.5223907873,
      "stddev": 0.03399222561294895,
      "median": 1.5179903464,
      "user": 5.11862898,
      "system": 0.1845686,
      "min": 1.4687171554,
      "max": 1.5696957704,
      "times": [
        1.4687171554,
        1.5543497854,
        1.5152128354,
        1.5089510204,
        1.5696957704,
        1.4978737244,
        1.5207678574,
        1.5576949174,
        1.5475487014,
        1.4830961054
      ],
      "exit_codes": [
        0,
        0,
        0,
        0,
        0,
        0,
        0,
        0,
        0,
        0
      ],
      "parameters": {
        "VERSION": "4.0.0-beta-3"
      }
    },
    {
      "command": "4.0.0-beta-4",
      "mean": 1.5798755993,
      "stddev": 0.037350128778370066,
      "median": 1.5824860419,
      "user": 5.239279980000001,
      "system": 0.2204246,
      "min": 1.5324769984,
      "max": 1.6558145294000002,
      "times": [
        1.5445809694000001,
        1.5831402914,
        1.5927450114,
        1.5324769984,
        1.6102857474,
        1.5818317924,
        1.5404215654,
        1.6558145294000002,
        1.5965073144000002,
        1.5609517734
      ],
      "exit_codes": [
        0,
        0,
        0,
        0,
        0,
        0,
        0,
        0,
        0,
        0
      ],
      "parameters": {
        "VERSION": "4.0.0-beta-4"
      }
    }
  ]
}
