{
  "results": [
    {
      "command": "3.0.5",
      "mean": 5.84741495508,
      "stddev": 0.08723069361472244,
      "median": 5.850850555479999,
      "user": 25.61451612,
      "system": 0.97039746,
      "min": 5.73129136398,
      "max": 5.9799941709799995,
      "times": [
        5.75964692898,
        5.77398658098,
        5.9027213089799995,
        5.93232787998,
        5.73129136398,
        5.9799941709799995,
        5.878007193979999,
        5.82369391698,
        5.92547243498,
        5.767007770979999
      ],
      "exit_codes": [
        0,
        0,
        0,
        0,
        0,
        0,
        0,
        0,
        0,
        0
      ],
      "parameters": {
        "VERSION": "3.0.5"
      }
    },
    {
      "command": "3.1.1",
      "mean": 8.903729378479998,
      "stddev": 0.09929175790713873,
      "median": 8.91935650948,
      "user": 35.491868319999995,
      "system": 1.7081069600000003,
      "min": 8.72683281398,
      "max": 9.014642498979999,
      "times": [
        8.924450671979999,
        8.854068248979999,
        8.75541880098,
        8.95121328298,
        8.99924380998,
        8.91426234698,
        8.72683281398,
        8.89993915298,
        8.99722215698,
        9.014642498979999
      ],
      "exit_codes": [
        0,
        0,
        0,
        0,
        0,
        0,
        0,
        0,
        0,
        0
      ],
      "parameters": {
        "VERSION": "3.1.1"
      }
    },
    {
      "command": "3.2.5",
      "mean": 9.29802766458,
      "stddev": 0.16918243648751344,
      "median": 9.26176276248,
      "user": 38.962404619999994,
      "system": 1.7479963600000001,
      "min": 9.09255047598,
      "max": 9.60370109698,
      "times": [
        9.09255047598,
        9.21508391798,
        9.25745847898,
        9.11007447798,
        9.36491950098,
        9.16042295998,
        9.26606704598,
        9.40818079198,
        9.60370109698,
        9.501817898979999
      ],
      "exit_codes": [
        0,
        0,
        0,
        0,
        0,
        0,
        0,
        0,
        0,
        0
      ],
      "parameters": {
        "VERSION": "3.2.5"
      }
    },
    {
      "command": "3.3.9",
      "mean": 9.320979419579999,
      "stddev": 0.033905340472092135,
      "median": 9.32404968148,
      "user": 39.859643919999996,
      "system": 1.73426926,
      "min": 9.241173698979999,
      "max": 9.36748441398,
      "times": [
        9.332291227979999,
        9.241173698979999,
        9.31917979598,
        9.35462651098,
        9.36748441398,
        9.32890003398,
        9.31919932898,
        9.30842691798,
        9.306572492979999,
        9.33193977398
      ],
      "exit_codes": [
        0,
        0,
        0,
        0,
        0,
        0,
        0,
        0,
        0,
        0
      ],
      "parameters": {
        "VERSION": "3.3.9"
      }
    },
    {
      "command": "3.5.4",
      "mean": 9.08092032788,
      "stddev": 0.13779357228999914,
      "median": 9.085308528479999,
      "user": 34.66794322,
      "system": 2.6471458599999993,
      "min": 8.85362721298,
      "max": 9.32420751198,
      "times": [
        8.85362721298,
        9.12575929398,
        9.02063718398,
        8.94869694598,
        9.07694384898,
        8.98905190098,
        9.23941482798,
        9.09367320798,
        9.32420751198,
        9.13719134398
      ],
      "exit_codes": [
        0,
        0,
        0,
        0,
        0,
        0,
        0,
        0,
        0,
        0
      ],
      "parameters": {
        "VERSION": "3.5.4"
      }
    },
    {
      "command": "3.6.3",
      "mean": 8.770539624879998,
      "stddev": 0.12184869360509244,
      "median": 8.77840019848,
      "user": 33.27626342,
      "system": 2.6360057599999993,
      "min": 8.61127457198,
      "max": 8.99015309498,
      "times": [
        8.919777633979999,
        8.784808825979999,
        8.783185120979999,
        8.76476643398,
        8.99015309498,
        8.61127457198,
        8.802092802979999,
        8.61390812398,
        8.66181436398,
        8.77361527598
      ],
      "exit_codes": [
        0,
        0,
        0,
        0,
        0,
        0,
        0,
        0,
        0,
        0
      ],
      "parameters": {
        "VERSION": "3.6.3"
      }
    },
    {
      "command": "3.8.1",
      "mean": 8.81615460868,
      "stddev": 0.0803255831408085,
      "median": 8.84759854548,
      "user": 33.39838691999999,
      "system": 2.7332150599999996,
      "min": 8.69700374498,
      "max": 8.92653057398,
      "times": [
        8.71750215598,
        8.891516830979999,
        8.92653057398,
        8.83700796098,
        8.72335200298,
        8.69700374498,
        8.86171632798,
        8.86469670498,
        8.78403065398,
        8.85818912998
      ],
      "exit_codes": [
        0,
        0,
        0,
        0,
        0,
        0,
        0,
        0,
        0,
        0
      ],
      "parameters": {
        "VERSION": "3.8.1"
      }
    },
    {
      "command": "3.8.2",
      "mean": 7.56001395438,
      "stddev": 0.08044012172367287,
      "median": 7.547363947479999,
      "user": 31.88352862,
      "system": 1.31821046,
      "min": 7.46373333698,
      "max": 7.69631201398,
      "times": [
        7.50586788698,
        7.69631201398,
        7.6648587909799994,
        7.507506000979999,
        7.61986435498,
        7.46373333698,
        7.545150360979999,
        7.58341862998,
        7.46385063398,
        7.54957753398
      ],
      "exit_codes": [
        0,
        0,
        0,
        0,
        0,
        0,
        0,
        0,
        0,
        0
      ],
      "parameters": {
        "VERSION": "3.8.2"
      }
    },
    {
      "command": "3.8.3",
      "mean": 5.70256049858,
      "stddev": 0.15985474708517705,
      "median": 5.66926670348,
      "user": 30.319118120000002,
      "system": 1.10943956,
      "min": 5.49672402398,
      "max": 6.08081646198,
      "times": [
        6.08081646198,
        5.66512338098,
        5.84864848198,
        5.582715416979999,
        5.67552568098,
        5.66709239198,
        5.671441014979999,
        5.49672402398,
        5.70182860798,
        5.63568952398
      ],
      "exit_codes": [
        0,
        0,
        0,
        0,
        0,
        0,
        0,
        0,
        0,
        0
      ],
      "parameters": {
        "VERSION": "3.8.3"
      }
    },
    {
      "command": "3.8.4",
      "mean": 5.65895161408,
      "stddev": 0.11557166790678727,
      "median": 5.61665227648,
      "user": 29.96463602,
      "system": 1.08868116,
      "min": 5.53441662898,
      "max": 5.86656980298,
      "times": [
        5.591016176979999,
        5.582401795979999,
        5.53441662898,
        5.78358987398,
        5.67500632398,
        5.5885914759799995,
        5.78543791298,
        5.86656980298,
        5.540197772979999,
        5.64228837598
      ],
      "exit_codes": [
        0,
        0,
        0,
        0,
        0,
        0,
        0,
        0,
        0,
        0
      ],
      "parameters": {
        "VERSION": "3.8.4"
      }
    },
    {
      "command": "4.0.0-alpha-1",
      "mean": 6.21115394128,
      "stddev": 0.06791292570981318,
      "median": 6.19417177198,
      "user": 31.714245819999995,
      "system": 1.18762376,
      "min": 6.08909825698,
      "max": 6.3265153839799995,
      "times": [
        6.26435478998,
        6.24547884298,
        6.27624699198,
        6.16446916698,
        6.08909825698,
        6.18835964898,
        6.19998389498,
        6.3265153839799995,
        6.18571838898,
        6.171314046979999
      ],
      "exit_codes": [
        0,
        0,
        0,
        0,
        0,
        0,
        0,
        0,
        0,
        0
      ],
      "parameters": {
        "VERSION": "4.0.0-alpha-1"
      }
    }
  ]
}
