{
  "results": [
    {
      "command": "3.0.5",
      "mean": 0.7185714142000001,
      "stddev": 0.016873189760106176,
      "median": 0.7178392264,
      "user": 2.1374618400000003,
      "system": 0.08983464,
      "min": 0.6955931754,
      "max": 0.7466732654,
      "times": [
        0.7128603034,
        0.7016731464,
        0.7178468514,
        0.7293479394,
        0.7375199294,
        0.6955931754,
        0.7271867824,
        0.7466732654,
        0.6991811474,
        0.7178316014
      ],
      "exit_codes": [
        0,
        0,
        0,
        0,
        0,
        0,
        0,
        0,
        0,
        0
      ],
      "parameters": {
        "VERSION": "3.0.5"
      }
    },
    {
      "command": "3.6.3",
      "mean": 0.7986721476000002,
      "stddev": 0.017119032672331433,
      "median": 0.8012456814,
      "user": 2.43625414,
      "system": 0.08830693999999999,
      "min": 0.7727735674,
      "max": 0.8191398344,
      "times": [
        0.7879965264,
        0.7805104384,
        0.8156442094,
        0.8191398344,
        0.7806371454,
        0.8159068034,
        0.8037747694,
        0.8116215884,
        0.7987165934,
        0.7727735674
      ],
      "exit_codes": [
        0,
        0,
        0,
        0,
        0,
        0,
        0,
        0,
        0,
        0
      ],
      "parameters": {
        "VERSION": "3.6.3"
      }
    },
    {
      "command": "3.8.8",
      "mean": 0.8013427476,
      "stddev": 0.020880776524489584,
      "median": 0.7940839819000001,
      "user": 2.47885024,
      "system": 0.06824773999999999,
      "min": 0.7769696664,
      "max": 0.8393033514,
      "times": [
        0.7916861354,
        0.7964818284,
        0.8145560074,
        0.8393033514,
        0.7872156934,
        0.7802891944,
        0.7886501904,
        0.7769696664,
        0.8101853234,
        0.8280900854
      ],
      "exit_codes": [
        0,
        0,
        0,
        0,
        0,
        0,
        0,
        0,
        0,
        0
      ],
      "parameters": {
        "VERSION": "3.8.8"
      }
    },
    {
      "command": "3.9.4",
      "mean": 0.9544302665,
      "stddev": 0.017830238365231364,
      "median": 0.9521336724,
      "user": 2.9693660400000006,
      "system": 0.09497633999999998,
      "min": 0.9301226904000001,
      "max": 0.9835507644,
      "times": [
        0.9555055394,
        0.9467783734,
        0.9626973644,
        0.9487618054,
        0.9754914414,
        0.9355969874,
        0.9301226904000001,
        0.9835507644,
        0.9680523134,
        0.9377453854
      ],
      "exit_codes": [
        0,
        0,
        0,
        0,
        0,
        0,
        0,
        0,
        0,
        0
      ],
      "parameters": {
        "VERSION": "3.9.4"
      }
    },
    {
      "command": "3.9.5",
      "mean": 0.9717744177999998,
      "stddev": 0.020899388688369564,
      "median": 0.9726734114,
      "user": 3.00312554,
      "system": 0.09559283999999998,
      "min": 0.9318973874,
      "max": 1.0080520654,
      "times": [
        0.9797124984,
        0.9729100754,
        0.9318973874,
        0.9592117904,
        1.0080520654,
        0.9718393514,
        0.9531482674,
        0.9724367474,
        0.9758081844000001,
        0.9927278104
      ],
      "exit_codes": [
        0,
        0,
        0,
        0,
        0,
        0,
        0,
        0,
        0,
        0
      ],
      "parameters": {
        "VERSION": "3.9.5"
      }
    },
    {
      "command": "4.0.0-alpha-7",
      "mean": 1.1214140485,
      "stddev": 0.02395295518225925,
      "median": 1.1136435194,
      "user": 3.2383548399999995,
      "system": 0.09470084,
      "min": 1.0813585044,
      "max": 1.1595825713999999,
      "times": [
        1.1125599503999999,
        1.1021942244,
        1.1147270884,
        1.1595825713999999,
        1.1353198734,
        1.1369201953999999,
        1.1099578544,
        1.0813585044,
        1.1099016964,
        1.1516185263999998
      ],
      "exit_codes": [
        0,
        0,
        0,
        0,
        0,
        0,
        0,
        0,
        0,
        0
      ],
      "parameters": {
        "VERSION": "4.0.0-alpha-7"
      }
    },
    {
      "command": "4.0.0-alpha-8",
      "mean": 1.1943515185,
      "stddev": 0.029894958008500044,
      "median": 1.1885012894,
      "user": 3.5277617400000003,
      "system": 0.11184783999999999,
      "min": 1.1518908894,
      "max": 1.2388795824,
      "times": [
        1.1593490274,
        1.2388795824,
        1.1802620263999999,
        1.2175825644,
        1.1518908894,
        1.2028558543999999,
        1.1798895444,
        1.1794595853999998,
        1.2366055584,
        1.1967405523999999
      ],
      "exit_codes": [
        0,
        0,
        0,
        0,
        0,
        0,
        0,
        0,
        0,
        0
      ],
      "parameters": {
        "VERSION": "4.0.0-alpha-8"
      }
    }
  ]
}
