{
  "results": [
    {
      "command": "3.0.5",
      "mean": 0.8056476636200001,
      "stddev": 0.016805338279732362,
      "median": 0.80340305852,
      "user": 2.4857099199999997,
      "system": 0.12804697999999998,
      "min": 0.78366584202,
      "max": 0.8334731670200001,
      "times": [
        0.78366584202,
        0.80045664602,
        0.7922712740200001,
        0.80634947102,
        0.7867721910200001,
        0.83000428602,
        0.79944794902,
        0.8334731670200001,
        0.8099174880200001,
        0.81411832202
      ],
      "exit_codes": [
        0,
        0,
        0,
        0,
        0,
        0,
        0,
        0,
        0,
        0
      ],
      "parameters": {
        "VERSION": "3.0.5"
      }
    },
    {
      "command": "3.6.3",
      "mean": 1.1001399859199998,
      "stddev": 0.029986911281967957,
      "median": 1.10412565202,
      "user": 3.58459932,
      "system": 0.24851487999999997,
      "min": 1.05725758602,
      "max": 1.13298385402,
      "times": [
        1.09941715502,
        1.10883414902,
        1.13065822602,
        1.05725758602,
        1.1229320140199999,
        1.05965874102,
        1.07642088402,
        1.08051220102,
        1.13272504902,
        1.13298385402
      ],
      "exit_codes": [
        0,
        0,
        0,
        0,
        0,
        0,
        0,
        0,
        0,
        0
      ],
      "parameters": {
        "VERSION": "3.6.3"
      }
    },
    {
      "command": "3.8.8",
      "mean": 1.0038705046200003,
      "stddev": 0.02203671132102456,
      "median": 1.00023466802,
      "user": 3.3155766200000003,
      "system": 0.12986108000000002,
      "min": 0.9681625970200001,
      "max": 1.04402546002,
      "times": [
        1.02974895902,
        1.04402546002,
        1.01889332902,
        0.99086657402,
        1.00622652002,
        0.9681625970200001,
        1.00088856302,
        0.9995807730199999,
        0.9879674810200001,
        0.9923447900200001
      ],
      "exit_codes": [
        0,
        0,
        0,
        0,
        0,
        0,
        0,
        0,
        0,
        0
      ],
      "parameters": {
        "VERSION": "3.8.8"
      }
    },
    {
      "command": "3.9.9",
      "mean": 1.20150317522,
      "stddev": 0.019901559747572142,
      "median": 1.20105556152,
      "user": 3.9232539199999996,
      "system": 0.14469637999999999,
      "min": 1.16832983902,
      "max": 1.23322031602,
      "times": [
        1.21495498702,
        1.16832983902,
        1.20249305302,
        1.19961807002,
        1.18125694302,
        1.22256801102,
        1.1958149170199999,
        1.18483583002,
        1.21193978602,
        1.23322031602
      ],
      "exit_codes": [
        0,
        0,
        0,
        0,
        0,
        0,
        0,
        0,
        0,
        0
      ],
      "parameters": {
        "VERSION": "3.9.9"
      }
    },
    {
      "command": "4.0.0-alpha-13",
      "mean": 1.62911090032,
      "stddev": 0.035185452336046266,
      "median": 1.63871550852,
      "user": 6.3401861199999985,
      "system": 0.28181877999999994,
      "min": 1.55913510502,
      "max": 1.67401505102,
      "times": [
        1.58692330502,
        1.64601107502,
        1.64409164002,
        1.62124475502,
        1.63333937702,
        1.65220083302,
        1.55913510502,
        1.67401505102,
        1.6125831450199999,
        1.66156471702
      ],
      "exit_codes": [
        0,
        0,
        0,
        0,
        0,
        0,
        0,
        0,
        0,
        0
      ],
      "parameters": {
        "VERSION": "4.0.0-alpha-13"
      }
    },
    {
      "command": "4.0.0-beta-3",
      "mean": 1.7001720122200001,
      "stddev": 0.02759268714110103,
      "median": 1.7006406435199999,
      "user": 6.46509502,
      "system": 0.24414578000000003,
      "min": 1.66332435702,
      "max": 1.74205381502,
      "times": [
        1.71074488602,
        1.66332435702,
        1.74205381502,
        1.69172756402,
        1.6686647840200002,
        1.6782533340199999,
        1.72023281802,
        1.73552886502,
        1.68163597602,
        1.70955372302
      ],
      "exit_codes": [
        0,
        0,
        0,
        0,
        0,
        0,
        0,
        0,
        0,
        0
      ],
      "parameters": {
        "VERSION": "4.0.0-beta-3"
      }
    },
    {
      "command": "4.0.0-beta-4",
      "mean": 1.82760295412,
      "stddev": 0.04657001957814999,
      "median": 1.82917643452,
      "user": 7.11590282,
      "system": 0.27272878,
      "min": 1.75638325602,
      "max": 1.92523705902,
      "times": [
        1.92523705902,
        1.8639750780200002,
        1.77387588302,
        1.8276548640199999,
        1.83657623902,
        1.75638325602,
        1.82300821202,
        1.8042114150200002,
        1.83440953002,
        1.83069800502
      ],
      "exit_codes": [
        0,
        0,
        0,
        0,
        0,
        0,
        0,
        0,
        0,
        0
      ],
      "parameters": {
        "VERSION": "4.0.0-beta-4"
      }
    }
  ]
}
