{
  "results": [
    {
      "command": "3.0.5",
      "mean": 14.910310597219999,
      "stddev": 0.20220388300431674,
      "median": 14.814178961419998,
      "user": 28.903560239999997,
      "system": 1.8514382999999999,
      "min": 14.728073844919999,
      "max": 15.38456533292,
      "times": [
        14.77760336792,
        15.06970339392,
        15.00514265492,
        15.38456533292,
        14.728073844919999,
        14.768555749919999,
        14.95937413492,
        14.826871126919999,
        14.801486795919999,
        14.78172956992
      ],
      "exit_codes": [
        0,
        0,
        0,
        0,
        0,
        0,
        0,
        0,
        0,
        0
      ],
      "parameters": {
        "VERSION": "3.0.5"
      }
    },
    {
      "command": "3.1.1",
      "mean": 41.971952384919994,
      "stddev": 0.6498826490882533,
      "median": 42.01626301842,
      "user": 100.64954413999999,
      "system": 4.528540199999999,
      "min": 41.13296810592,
      "max": 43.22750375392,
      "times": [
        41.96355316092,
        41.64700736092,
        41.15712555592,
        41.469278249919995,
        42.158741760919995,
        43.22750375392,
        42.41154106192,
        41.13296810592,
        42.06897287592,
        42.482831962919995
      ],
      "exit_codes": [
        0,
        0,
        0,
        0,
        0,
        0,
        0,
        0,
        0,
        0
      ],
      "parameters": {
        "VERSION": "3.1.1"
      }
    },
    {
      "command": "3.2.5",
      "mean": 41.769474712919994,
      "stddev": 0.3647163666971699,
      "median": 41.807637196419996,
      "user": 100.96296074,
      "system": 4.4934663,
      "min": 41.063058567919995,
      "max": 42.313911397919995,
      "times": [
        41.370264717919994,
        41.729279395919995,
        41.672286801919995,
        41.88599499692,
        42.17863897092,
        41.664036634919995,
        42.313911397919995,
        41.063058567919995,
        41.92372272692,
        41.89355291792
      ],
      "exit_codes": [
        0,
        0,
        0,
        0,
        0,
        0,
        0,
        0,
        0,
        0
      ],
      "parameters": {
        "VERSION": "3.2.5"
      }
    },
    {
      "command": "3.3.9",
      "mean": 43.570064883520004,
      "stddev": 0.8433823895142555,
      "median": 43.37135836292,
      "user": 104.70182154,
      "system": 4.724421600000001,
      "min": 42.354521729919995,
      "max": 44.919656622919995,
      "times": [
        43.13804090892,
        43.60467581692,
        42.354521729919995,
        42.81839029292,
        44.919656622919995,
        43.09549790392,
        43.11872516492,
        43.78425802892,
        44.87173732692,
        43.99514503892
      ],
      "exit_codes": [
        0,
        0,
        0,
        0,
        0,
        0,
        0,
        0,
        0,
        0
      ],
      "parameters": {
        "VERSION": "3.3.9"
      }
    },
    {
      "command": "3.5.4",
      "mean": 23.717025047219998,
      "stddev": 0.44842334908257164,
      "median": 23.887561603420004,
      "user": 39.29176204,
      "system": 5.6424195,
      "min": 22.88248238592,
      "max": 24.08991710892,
      "times": [
        24.03244579192,
        24.04245348692,
        23.47566815992,
        23.985306692920002,
        23.01218905292,
        23.78981651392,
        24.08135051092,
        24.08991710892,
        23.77862076792,
        22.88248238592
      ],
      "exit_codes": [
        0,
        0,
        0,
        0,
        0,
        0,
        0,
        0,
        0,
        0
      ],
      "parameters": {
        "VERSION": "3.5.4"
      }
    },
    {
      "command": "3.6.3",
      "mean": 21.86715240842,
      "stddev": 0.22878505976064903,
      "median": 21.80498415342,
      "user": 37.010168539999995,
      "system": 5.6668521,
      "min": 21.59598927492,
      "max": 22.41852148992,
      "times": [
        21.81177567392,
        21.79644177492,
        21.92254255592,
        21.888462239920003,
        22.41852148992,
        22.016723508920002,
        21.798192632920003,
        21.59598927492,
        21.65515195192,
        21.767722980920002
      ],
      "exit_codes": [
        0,
        0,
        0,
        0,
        0,
        0,
        0,
        0,
        0,
        0
      ],
      "parameters": {
        "VERSION": "3.6.3"
      }
    },
    {
      "command": "3.8.1",
      "mean": 21.999231355020004,
      "stddev": 0.19674409310471364,
      "median": 21.93009285342,
      "user": 37.140224339999996,
      "system": 5.6796174,
      "min": 21.82214892992,
      "max": 22.48113708892,
      "times": [
        21.85642208292,
        21.82214892992,
        21.85833679792,
        22.03903643492,
        21.94206256692,
        21.918123139920002,
        21.888080863920003,
        22.132113705920002,
        22.054851938920002,
        22.48113708892
      ],
      "exit_codes": [
        0,
        0,
        0,
        0,
        0,
        0,
        0,
        0,
        0,
        0
      ],
      "parameters": {
        "VERSION": "3.8.1"
      }
    },
    {
      "command": "3.8.2",
      "mean": 19.48898258022,
      "stddev": 0.39806281420802253,
      "median": 19.42357483042,
      "user": 35.35844914,
      "system": 1.6570075,
      "min": 19.05526200792,
      "max": 20.13820337092,
      "times": [
        19.48833158692,
        19.50481135892,
        20.13820337092,
        19.18866674992,
        19.981028009920003,
        19.92682513092,
        19.057704699920002,
        19.190174812920002,
        19.05526200792,
        19.358818073920002
      ],
      "exit_codes": [
        0,
        0,
        0,
        0,
        0,
        0,
        0,
        0,
        0,
        0
      ],
      "parameters": {
        "VERSION": "3.8.2"
      }
    },
    {
      "command": "3.8.3",
      "mean": 12.69451701442,
      "stddev": 0.18900910235491963,
      "median": 12.74812321792,
      "user": 28.075041739999996,
      "system": 1.6368204999999996,
      "min": 12.368820483919999,
      "max": 12.912489792919999,
      "times": [
        12.80922255092,
        12.59308844992,
        12.38400209492,
        12.74231665992,
        12.912489792919999,
        12.82837005892,
        12.368820483919999,
        12.75392977592,
        12.70263199592,
        12.850298280919999
      ],
      "exit_codes": [
        0,
        0,
        0,
        0,
        0,
        0,
        0,
        0,
        0,
        0
      ],
      "parameters": {
        "VERSION": "3.8.3"
      }
    },
    {
      "command": "3.8.4",
      "mean": 12.67508647012,
      "stddev": 0.19683170114669407,
      "median": 12.70599340692,
      "user": 28.20795204,
      "system": 1.6057837,
      "min": 12.383281651919999,
      "max": 12.96312677892,
      "times": [
        12.383281651919999,
        12.68489024492,
        12.57860019392,
        12.96312677892,
        12.42484606092,
        12.79781511892,
        12.84264743292,
        12.85133380592,
        12.727096568919999,
        12.49722684392
      ],
      "exit_codes": [
        0,
        0,
        0,
        0,
        0,
        0,
        0,
        0,
        0,
        0
      ],
      "parameters": {
        "VERSION": "3.8.4"
      }
    },
    {
      "command": "3.8.5",
      "mean": 12.797296914819999,
      "stddev": 0.2191355785855429,
      "median": 12.90058264992,
      "user": 28.333375039999993,
      "system": 1.6266462999999998,
      "min": 12.409231888919999,
      "max": 13.08246606192,
      "times": [
        12.943480061919999,
        13.08246606192,
        12.87944815392,
        12.521930290919999,
        12.61711457392,
        12.94897015292,
        12.71496000492,
        12.93365081292,
        12.921717145919999,
        12.409231888919999
      ],