{
  "results": [
    {
      "command": "3.0.5",
      "mean": 0.87532585654,
      "stddev": 0.02536788655371813,
      "median": 0.8714439729400001,
      "user": 2.8071999599999997,
      "system": 0.09595906,
      "min": 0.84649000894,
      "max": 0.92692986694,
      "times": [
        0.88396033194,
        0.86980744594,
        0.90650628894,
        0.85032826694,
        0.85624705794,
        0.87308049994,
        0.86077742094,
        0.84649000894,
        0.87913137694,
        0.92692986694
      ],
      "exit_codes": [
        0,
        0,
        0,
        0,
        0,
        0,
        0,
        0,
        0,
        0
      ],
      "parameters": {
        "VERSION": "3.0.5"
      }
    },
    {
      "command": "3.6.3",
      "mean": 1.02465199254,
      "stddev": 0.03100500905789176,
      "median": 1.01465066194,
      "user": 3.3872274600000005,
      "system": 0.13303756,
      "min": 0.99837007694,
      "max": 1.09624316294,
      "times": [
        1.00538203194,
        1.02158109794,
        1.0580931449400002,
        0.99837007694,
        1.00482699394,
        1.0296562469400001,
        1.02512865394,
        1.09624316294,
        0.99951828994,
        1.00772022594
      ],
      "exit_codes": [
        0,
        0,
        0,
        0,
        0,
        0,
        0,
        0,
        0,
        0
      ],
      "parameters": {
        "VERSION": "3.6.3"
      }
    },
    {
      "command": "3.8.8",
      "mean": 0.99847474634,
      "stddev": 0.023876903500305885,
      "median": 0.9883717679399999,
      "user": 3.33419756,
      "system": 0.11202775999999999,
      "min": 0.96843104394,
      "max": 1.04694743894,
      "times": [
        1.01324184494,
        0.98792622294,
        0.98596692094,
        0.96843104394,
        1.02740920994,
        1.04694743894,
        0.9994374809399998,
        0.98306676894,
        0.98881731294,
        0.98350321894
      ],
      "exit_codes": [
        0,
        0,
        0,
        0,
        0,
        0,
        0,
        0,
        0,
        0
      ],
      "parameters": {
        "VERSION": "3.8.8"
      }
    },
    {
      "command": "3.9.4",
      "mean": 1.20728456994,
      "stddev": 0.02335135054470769,
      "median": 1.2057015244400002,
      "user": 4.08217026,
      "system": 0.10040955999999998,
      "min": 1.15652810694,
      "max": 1.2345916809400002,
      "times": [
        1.19395790194,
        1.23355679594,
        1.2345916809400002,
        1.20835462194,
        1.19895418394,
        1.2264385449400002,
        1.15652810694,
        1.1973403819400001,
        1.2030484269400001,
        1.22007505394
      ],
      "exit_codes": [
        0,
        0,
        0,
        0,
        0,
        0,
        0,
        0,
        0,
        0
      ],
      "parameters": {
        "VERSION": "3.9.4"
      }
    },
    {
      "command": "3.9.5",
      "mean": 1.19717105884,
      "stddev": 0.024279673457609712,
      "median": 1.1916152474400001,
      "user": 4.099149159999999,
      "system": 0.09694385999999998,
      "min": 1.16490786794,
      "max": 1.24898640094,
      "times": [
        1.20640645794,
        1.2241136189400001,
        1.19722452494,
        1.18676952194,
        1.24898640094,
        1.19391545294,
        1.16490786794,
        1.1806854849400001,
        1.18931504194,
        1.1793862159400001
      ],
      "exit_codes": [
        0,
        0,
        0,
        0,
        0,
        0,
        0,
        0,
        0,
        0
      ],
      "parameters": {
        "VERSION": "3.9.5"
      }
    },
    {
      "command": "4.0.0-alpha-7",
      "mean": 1.48437227774,
      "stddev": 0.02341619560244071,
      "median": 1.4775313759400002,
      "user": 5.027568359999999,
      "system": 0.11467385999999997,
      "min": 1.45889396694,
      "max": 1.5284987419400002,
      "times": [
        1.51494959194,
        1.4599843619400001,
        1.48481279494,
        1.4772283829400001,
        1.50136095294,
        1.4778343689400002,
        1.45889396694,
        1.5284987419400002,
        1.47305421194,
        1.4671054029400001
      ],
      "exit_codes": [
        0,
        0,
        0,
        0,
        0,
        0,
        0,
        0,
        0,
        0
      ],
      "parameters": {
        "VERSION": "4.0.0-alpha-7"
      }
    },
    {
      "command": "4.0.0-alpha-8",
      "mean": 1.56198834724,
      "stddev": 0.03391842743289112,
      "median": 1.55047238144,
      "user": 5.28675876,
      "system": 0.13185135999999997,
      "min": 1.5198983349400002,
      "max": 1.64134259294,
      "times": [
        1.5476230189400002,
        1.54155311194,
        1.5198983349400002,
        1.5835984689400002,
        1.57069878294,
        1.5446617789400001,
        1.5396156979400002,
        1.64134259294,
        1.5775699409400001,
        1.55332174394
      ],
      "exit_codes": [
        0,
        0,
        0,
        0,
        0,
        0,
        0,
        0,
        0,
        0
      ],
      "parameters": {
        "VERSION": "4.0.0-alpha-8"
      }
    }
  ]
}
