{
  "results": [
    {
      "command": "3.0.5",
      "mean": 0.8052465743000001,
      "stddev": 0.019598942865531814,
      "median": 0.7980856261,
      "user": 2.35283278,
      "system": 0.14211703999999997,
      "min": 0.7877269101000001,
      "max": 0.8469326171,
      "times": [
        0.8076333811,
        0.7928711311000001,
        0.8221829871,
        0.7887331261,
        0.7882401771,
        0.7877269101000001,
        0.7947367681,
        0.8219741611,
        0.8469326171,
        0.8014344841000001
      ],
      "exit_codes": [
        0,
        0,
        0,
        0,
        0,
        0,
        0,
        0,
        0,
        0
      ],
      "parameters": {
        "VERSION": "3.0.5"
      }
    },
    {
      "command": "3.6.3",
      "mean": 1.0533697217,
      "stddev": 0.02422389151729529,
      "median": 1.0593712796,
      "user": 3.2530859800000003,
      "system": 0.21208773999999994,
      "min": 1.0185795181000001,
      "max": 1.0860831651,
      "times": [
        1.0428814791,
        1.0240596121,
        1.0282296761,
        1.0663429201,
        1.0185795181000001,
        1.0860831651,
        1.0856336351,
        1.0627392421000001,
        1.0631446521,
        1.0560033171
      ],
      "exit_codes": [
        0,
        0,
        0,
        0,
        0,
        0,
        0,
        0,
        0,
        0
      ],
      "parameters": {
        "VERSION": "3.6.3"
      }
    },
    {
      "command": "3.8.8",
      "mean": 0.9915258006000001,
      "stddev": 0.02105183921285082,
      "median": 0.9942999466,
      "user": 3.0947967800000002,
      "system": 0.13091223999999999,
      "min": 0.9653483531,
      "max": 1.0358039611,
      "times": [
        0.9685096601000001,
        0.9653483531,
        1.0358039611,
        0.9694795181,
        1.0048896231000002,
        0.9949406521,
        0.9997615810999999,
        0.9971060631,
        0.9857593531000001,
        0.9936592411
      ],
      "exit_codes": [
        0,
        0,
        0,
        0,
        0,
        0,
        0,
        0,
        0,
        0
      ],
      "parameters": {
        "VERSION": "3.8.8"
      }
    },
    {
      "command": "3.9.9",
      "mean": 1.187230853,
      "stddev": 0.027918339443825,
      "median": 1.1869571046,
      "user": 3.7091727800000003,
      "system": 0.14333084,
      "min": 1.1313461241,
      "max": 1.2334215851,
      "times": [
        1.1829684561,
        1.1926116041000001,
        1.1847475051,
        1.1935533621,
        1.1891667041,
        1.1313461241,
        1.2334215851,
        1.2209926911000002,
        1.1671650901000001,
        1.1763354081000001
      ],
      "exit_codes": [
        0,
        0,
        0,
        0,
        0,
        0,
        0,
        0,
        0,
        0
      ],
      "parameters": {
        "VERSION": "3.9.9"
      }
    },
    {
      "command": "4.0.0-alpha-13",
      "mean": 1.6408430934000002,
      "stddev": 0.03628396575326862,
      "median": 1.6429490281,
      "user": 6.424698479999999,
      "system": 0.26155014,
      "min": 1.5705913681,
      "max": 1.6981624121,
      "times": [
        1.6981624121,
        1.6259701341000001,
        1.6594124141000002,
        1.6471189271000002,
        1.5705913681,
        1.6387791291,
        1.6116168431000002,
        1.6515537351000003,
        1.6228446851,
        1.6823812861
      ],
      "exit_codes": [
        0,
        0,
        0,
        0,
        0,
        0,
        0,
        0,
        0,
        0
      ],
      "parameters": {
        "VERSION": "4.0.0-alpha-13"
      }
    },
    {
      "command": "4.0.0-beta-3",
      "mean": 1.7037887621000003,
      "stddev": 0.048908794283108105,
      "median": 1.7052286701000001,
      "user": 6.209116879999998,
      "system": 0.27315514,
      "min": 1.6368593531000002,
      "max": 1.7682358601000001,
      "times": [
        1.6703579531000001,
        1.6621958201,
        1.7016796611,
        1.6368593531000002,
        1.7597616251000001,
        1.7427697661000001,
        1.6428330151000001,
        1.7087776791000002,
        1.7682358601000001,
        1.7444168881000002
      ],
      "exit_codes": [
        0,
        0,
        0,
        0,
        0,
        0,
        0,
        0,
        0,
        0
      ],
      "parameters": {
        "VERSION": "4.0.0-beta-3"
      }
    },
    {
      "command": "4.0.0-beta-4",
      "mean": 1.7694619842,
      "stddev": 0.05369721937265467,
      "median": 1.7664654906000001,
      "user": 6.57100928,
      "system": 0.25807543999999993,
      "min": 1.6934062021000003,
      "max": 1.8772898521,
      "times": [
        1.7135145191,
        1.8772898521,
        1.7547617401000002,
        1.7788416471000001,
        1.7887368291,
        1.8254816221,
        1.7463334941000002,
        1.7380846951,
        1.7781692411,
        1.6934062021000003
      ],
      "exit_codes": [
        0,
        0,
        0,
        0,
        0,
        0,
        0,
        0,
        0,
        0
      ],
      "parameters": {
        "VERSION": "4.0.0-beta-4"
      }
    }
  ]
}
