{
  "results": [
    {
      "command": "3.0.5",
      "mean": 0.79086706132,
      "stddev": 0.0262299493124108,
      "median": 0.7825004417200001,
      "user": 2.43759808,
      "system": 0.15196172,
      "min": 0.76057657572,
      "max": 0.8462953957200001,
      "times": [
        0.79480103272,
        0.8462953957200001,
        0.7769703707200001,
        0.78744130572,
        0.7720365077200001,
        0.76057657572,
        0.7775595777200001,
        0.8045109447200001,
        0.7693259207200001,
        0.8191529817200001
      ],
      "exit_codes": [
        0,
        0,
        0,
        0,
        0,
        0,
        0,
        0,
        0,
        0
      ],
      "parameters": {
        "VERSION": "3.0.5"
      }
    },
    {
      "command": "3.1.1",
      "mean": 0.8483766061200001,
      "stddev": 0.022888942737832412,
      "median": 0.8487691517200001,
      "user": 2.63591038,
      "system": 0.14352421999999998,
      "min": 0.8207090447200001,
      "max": 0.88887905572,
      "times": [
        0.8784696107200001,
        0.8207090447200001,
        0.8524979397200001,
        0.8450403637200001,
        0.8595764637200001,
        0.8250548537200001,
        0.8536026037200001,
        0.88887905572,
        0.8292314647200001,
        0.83070466072
      ],
      "exit_codes": [
        0,
        0,
        0,
        0,
        0,
        0,
        0,
        0,
        0,
        0
      ],
      "parameters": {
        "VERSION": "3.1.1"
      }
    },
    {
      "command": "3.2.5",
      "mean": 0.8833775536200001,
      "stddev": 0.01819494152031197,
      "median": 0.8870070292200001,
      "user": 2.8090493799999994,
      "system": 0.14716841999999997,
      "min": 0.85914138372,
      "max": 0.9167931817200001,
      "times": [
        0.8946264117200001,
        0.85914138372,
        0.9167931817200001,
        0.8875891267200001,
        0.8599645547200001,
        0.8858729267200001,
        0.88828142872,
        0.86212380172,
        0.88642493172,
        0.8929577887200001
      ],
      "exit_codes": [
        0,
        0,
        0,
        0,
        0,
        0,
        0,
        0,
        0,
        0
      ],
      "parameters": {
        "VERSION": "3.2.5"
      }
    },
    {
      "command": "3.3.9",
      "mean": 0.8965262645200001,
      "stddev": 0.023398904931668987,
      "median": 0.9049986857200001,
      "user": 2.82406098,
      "system": 0.16180611999999997,
      "min": 0.8621329617200001,
      "max": 0.9252073717200001,
      "times": [
        0.90506064472,
        0.9098229527200001,
        0.90493672672,
        0.9252073717200001,
        0.9222973697200001,
        0.8738240867200001,
        0.8746331477200001,
        0.91519784672,
        0.8621329617200001,
        0.8721495367200001
      ],
      "exit_codes": [
        0,
        0,
        0,
        0,
        0,
        0,
        0,
        0,
        0,
        0
      ],
      "parameters": {
        "VERSION": "3.3.9"
      }
    },
    {
      "command": "3.5.4",
      "mean": 0.9461266533200001,
      "stddev": 0.016400686912059936,
      "median": 0.9537055132200001,
      "user": 2.99458328,
      "system": 0.18011122,
      "min": 0.9095666387200001,
      "max": 0.9626189947200001,
      "times": [
        0.93674592172,
        0.9095666387200001,
        0.93425453972,
        0.9520235327200001,
        0.9626189947200001,
        0.93823458672,
        0.95549571172,
        0.9604658947200001,
        0.9564732187200001,
        0.9553874937200001
      ],
      "exit_codes": [
        0,
        0,
        0,
        0,
        0,
        0,
        0,
        0,
        0,
        0
      ],
      "parameters": {
        "VERSION": "3.5.4"
      }
    },
    {
      "command": "3.6.3",
      "mean": 0.8871940930200001,
      "stddev": 0.024293729951160793,
      "median": 0.8878650182200001,
      "user": 2.7710624800000003,
      "system": 0.18690782,
      "min": 0.84903218972,
      "max": 0.9305055077200001,
      "times": [
        0.85947915372,
        0.8962141427200001,
        0.89502105072,
        0.8825608327200001,
        0.8931692037200001,
        0.84903218972,
        0.9145281027200001,
        0.8763782277200001,
        0.9305055077200001,
        0.8750525187200001
      ],
      "exit_codes": [
        0,
        0,
        0,
        0,
        0,
        0,
        0,
        0,
        0,
        0
      ],
      "parameters": {
        "VERSION": "3.6.3"
      }
    },
    {
      "command": "3.8.1",
      "mean": 0.88722953692,
      "stddev": 0.03176849401979172,
      "median": 0.87299471122,
      "user": 2.7860765799999996,
      "system": 0.19041751999999998,
      "min": 0.86357745772,
      "max": 0.9598717187200001,
      "times": [
        0.92660957872,
        0.89548786972,
        0.8719662507200001,
        0.8760293067200001,
        0.86357745772,
        0.8740231717200001,
        0.8655802907200001,
        0.9598717187200001,
        0.8683596157200001,
        0.8707901087200001
      ],
      "exit_codes": [
        0,
        0,
        0,
        0,
        0,
        0,
        0,
        0,
        0,
        0
      ],
      "parameters": {
        "VERSION": "3.8.1"
      }
    },
    {
      "command": "3.8.2",
      "mean": 0.8753115834199999,
      "stddev": 0.02943615778019742,
      "median": 0.8677944587200002,
      "user": 2.68683958,
      "system": 0.13395511999999998,
      "min": 0.83607275272,
      "max": 0.93644330872,
      "times": [
        0.86246308372,
        0.8677109607200001,
        0.83607275272,
        0.8678779567200001,
        0.8653895947200001,
        0.8704333067200001,
        0.85454173972,
        0.93644330872,
        0.8757660217200001,
        0.91641710872
      ],
      "exit_codes": [
        0,
        0,
        0,
        0,
        0,
        0,
        0,
        0,
        0,
        0
      ],
      "parameters": {
        "VERSION": "3.8.2"
      }
    },
    {
      "command": "3.8.3",
      "mean": 0.8744405968200001,
      "stddev": 0.027633763222773663,
      "median": 0.8786906227200001,
      "user": 2.63786828,
      "system": 0.12849662,
      "min": 0.8337439187200001,
      "max": 0.91480693572,
      "times": [
        0.91480693572,
        0.8668351217200001,
        0.88852622272,
        0.8712516867200001,
        0.84908744672,
        0.8934704557200001,
        0.8375333787200001,
        0.9030212427200001,
        0.8861295587200001,
        0.8337439187200001
      ],
      "exit_codes": [
        0,
        0,
        0,
        0,
        0,
        0,
        0,
        0,
        0,
        0
      ],
      "parameters": {
        "VERSION": "3.8.3"
      }
    },
    {
      "command": "3.8.4",
      "mean": 0.8616250307200002,
      "stddev": 0.026102570649209147,
      "median": 0.8573156397200001,
      "user": 2.658075379999999,
      "system": 0.11249732000000001,
      "min": 0.8258483927200001,
      "max": 0.90739421072,
      "times": [
        0.8258483927200001,
        0.8572833257200001,
        0.8464531097200001,
        0.90739421072,
        0.8935506347200001,
        0.8519506107200001,
        0.8287738547200001,
        0.8573479537200001,
        0.8734317957200001,
        0.8742164187200001
      ],
      "exit_codes": [
        0,
        0,
        0,
        0,
        0,
        0,
        0,
        0,
        0,
        0
      ],
      "parameters": {
        "VERSION": "3.8.4"
      }
    },
    {
      "command": "3.8.5",
      "mean": 0.8593590784200001,
      "stddev": 0.01540025625344331,
      "median": 0.8605730982200002,
      "user": 2.60811498,
      "system": 0.12463051999999997,
      "min": 0.8417302687200001,
      "max": 0.8893650227200001,