{
  "results": [
    {
      "command": "3.0.5",
      "mean": 9.856157174680002,
      "stddev": 0.10230278648173716,
      "median": 9.83765540248,
      "user": 18.73804088,
      "system": 1.0751653399999999,
      "min": 9.72309965598,
      "max": 10.029046988980001,
      "times": [
        10.029046988980001,
        9.938875964980001,
        9.864642271980001,
        9.76177981198,
        9.99411105798,
        9.80731073898,
        9.72309965598,
        9.85759741498,
        9.767394450980001,
        9.81771338998
      ],
      "exit_codes": [
        0,
        0,
        0,
        0,
        0,
        0,
        0,
        0,
        0,
        0
      ],
      "parameters": {
        "VERSION": "3.0.5"
      }
    },
    {
      "command": "3.6.3",
      "mean": 15.70812890888,
      "stddev": 0.12815762018585358,
      "median": 15.66960815348,
      "user": 29.097336479999996,
      "system": 4.06144914,
      "min": 15.49769388898,
      "max": 15.89386598598,
      "times": [
        15.62508133198,
        15.49769388898,
        15.69006645898,
        15.85494050098,
        15.89386598598,
        15.77982542698,
        15.64574019698,
        15.605545580980001,
        15.83937986898,
        15.64914984798
      ],
      "exit_codes": [
        0,
        0,
        0,
        0,
        0,
        0,
        0,
        0,
        0,
        0
      ],
      "parameters": {
        "VERSION": "3.6.3"
      }
    },
    {
      "command": "3.8.8",
      "mean": 7.83374616528,
      "stddev": 0.15215125770738108,
      "median": 7.8505358779800005,
      "user": 21.58914108,
      "system": 1.26525754,
      "min": 7.64266998298,
      "max": 8.02004930298,
      "times": [
        7.6487816229800005,
        7.64266998298,
        8.01353666198,
        7.89579345798,
        7.81773611098,
        7.883335644980001,
        8.00778895398,
        7.70617753398,
        8.02004930298,
        7.70159237998
      ],
      "exit_codes": [
        0,
        0,
        0,
        0,
        0,
        0,
        0,
        0,
        0,
        0
      ],
      "parameters": {
        "VERSION": "3.8.8"
      }
    },
    {
      "command": "3.9.9",
      "mean": 8.25729320068,
      "stddev": 0.1484228055140156,
      "median": 8.214637674479999,
      "user": 23.14497078,
      "system": 1.3019773399999999,
      "min": 8.10462098898,
      "max": 8.550541195980001,
      "times": [
        8.40027619698,
        8.18417237198,
        8.10462098898,
        8.550541195980001,
        8.22827316998,
        8.20100217898,
        8.29463992398,
        8.11642850498,
        8.109215242980001,
        8.38376223198
      ],
      "exit_codes": [
        0,
        0,
        0,
        0,
        0,
        0,
        0,
        0,
        0,
        0
      ],
      "parameters": {
        "VERSION": "3.9.9"
      }
    },
    {
      "command": "4.0.0-alpha-13",
      "mean": 9.78078595438,
      "stddev": 0.1798822177231929,
      "median": 9.809244982980001,
      "user": 39.28575357999999,
      "system": 2.36056954,
      "min": 9.483221762980001,
      "max": 10.09837191598,
      "times": [
        9.803595853980001,
        9.483221762980001,
        9.868137991980001,
        10.09837191598,
        9.95301679798,
        9.814894111980001,
        9.690749353980001,
        9.59196755798,
        9.65864089698,
        9.845263299980001
      ],
      "exit_codes": [
        0,
        0,
        0,
        0,
        0,
        0,
        0,
        0,
        0,
        0
      ],
      "parameters": {
        "VERSION": "4.0.0-alpha-13"
      }
    },
    {
      "command": "4.0.0-beta-3",
      "mean": 10.139754833680001,
      "stddev": 0.11420274199781756,
      "median": 10.152505058980001,
      "user": 38.299665479999994,
      "system": 2.20025334,
      "min": 9.916744896980001,
      "max": 10.32580228498,
      "times": [
        10.151175653980001,
        9.916744896980001,
        10.15994224198,
        10.14572511998,
        10.01016349598,
        10.177919925980001,
        10.10373201198,
        10.32580228498,
        10.252508240980001,
        10.153834463980001
      ],
      "exit_codes": [
        0,
        0,
        0,
        0,
        0,
        0,
        0,
        0,
        0,
        0
      ],
      "parameters": {
        "VERSION": "4.0.0-beta-3"
      }
    },
    {
      "command": "4.0.0-beta-4",
      "mean": 11.352809646279999,
      "stddev": 0.11005826922152757,
      "median": 11.35319819348,
      "user": 43.83116268,
      "system": 2.5201210400000003,
      "min": 11.18217245898,
      "max": 11.50606726798,
      "times": [
        11.50606726798,
        11.45837125098,
        11.18217245898,
        11.44672599998,
        11.19722613098,
        11.30210031498,
        11.42548202098,
        11.321880287980001,
        11.38451609898,
        11.30355463098
      ],
      "exit_codes": [
        0,
        0,
        0,
        0,
        0,
        0,
        0,
        0,
        0,
        0
      ],
      "parameters": {
        "VERSION": "4.0.0-beta-4"
      }
    }
  ]
}
