{
  "results": [
    {
      "command": "3.0.5",
      "mean": 0.8278164903000003,
      "stddev": 0.02212273152382368,
      "median": 0.8300886875000001,
      "user": 2.5885926599999998,
      "system": 0.08270854,
      "min": 0.7956525310000001,
      "max": 0.8646333410000001,
      "times": [
        0.8168945770000001,
        0.8131425170000001,
        0.8646333410000001,
        0.844056039,
        0.8204208920000001,
        0.839756483,
        0.7993620300000001,
        0.841879632,
        0.8423668610000001,
        0.7956525310000001
      ],
      "exit_codes": [
        0,
        0,
        0,
        0,
        0,
        0,
        0,
        0,
        0,
        0
      ],
      "parameters": {
        "VERSION": "3.0.5"
      }
    },
    {
      "command": "3.1.1",
      "mean": 0.8447730891,
      "stddev": 0.014704309788253402,
      "median": 0.8364444245,
      "user": 2.55975266,
      "system": 0.09266034,
      "min": 0.8300679280000001,
      "max": 0.8710276560000001,
      "times": [
        0.8300679280000001,
        0.8371556870000001,
        0.8311625610000001,
        0.856262794,
        0.8349049810000001,
        0.8634039410000001,
        0.85230479,
        0.835733162,
        0.8357073910000001,
        0.8710276560000001
      ],
      "exit_codes": [
        0,
        0,
        0,
        0,
        0,
        0,
        0,
        0,
        0,
        0
      ],
      "parameters": {
        "VERSION": "3.1.1"
      }
    },
    {
      "command": "3.2.5",
      "mean": 0.9071243059000003,
      "stddev": 0.03538975658344723,
      "median": 0.8955895125000001,
      "user": 2.9403093599999996,
      "system": 0.09098134,
      "min": 0.8631508880000001,
      "max": 0.9861402720000001,
      "times": [
        0.9381239840000001,
        0.9861402720000001,
        0.9183690720000001,
        0.9201294080000001,
        0.8631508880000001,
        0.8784113480000001,
        0.8892687750000001,
        0.894534377,
        0.8864702870000001,
        0.8966446480000001
      ],
      "exit_codes": [
        0,
        0,
        0,
        0,
        0,
        0,
        0,
        0,
        0,
        0
      ],
      "parameters": {
        "VERSION": "3.2.5"
      }
    },
    {
      "command": "3.3.9",
      "mean": 0.9337789733999999,
      "stddev": 0.04152583742902368,
      "median": 0.9192356355000001,
      "user": 3.1424542599999996,
      "system": 0.09181834000000001,
      "min": 0.8982421500000001,
      "max": 1.043660952,
      "times": [
        0.9160726470000001,
        0.9083803340000001,
        0.9206472560000001,
        0.909576554,
        0.9419856080000001,
        1.043660952,
        0.9357948180000001,
        0.9456054,
        0.9178240150000001,
        0.8982421500000001
      ],
      "exit_codes": [
        0,
        0,
        0,
        0,
        0,
        0,
        0,
        0,
        0,
        0
      ],
      "parameters": {
        "VERSION": "3.3.9"
      }
    },
    {
      "command": "3.5.4",
      "mean": 0.9878859994999999,
      "stddev": 0.026485441257836258,
      "median": 0.9821916430000001,
      "user": 3.30036066,
      "system": 0.12050024,
      "min": 0.9545200340000001,
      "max": 1.036870356,
      "times": [
        1.012059429,
        1.036870356,
        1.015566312,
        0.9728478090000001,
        0.9935354070000001,
        0.963145125,
        0.9545200340000001,
        0.9659322370000001,
        0.9862539840000001,
        0.978129302
      ],
      "exit_codes": [
        0,
        0,
        0,
        0,
        0,
        0,
        0,
        0,
        0,
        0
      ],
      "parameters": {
        "VERSION": "3.5.4"
      }
    },
    {
      "command": "3.6.3",
      "mean": 0.9567598338000002,
      "stddev": 0.026930183788792944,
      "median": 0.9554594960000001,
      "user": 3.1626350599999995,
      "system": 0.10983293999999999,
      "min": 0.9172352990000001,
      "max": 0.9991590720000001,
      "times": [
        0.9987588010000001,
        0.9658232900000001,
        0.9568055380000001,
        0.9593933150000001,
        0.9237989990000001,
        0.9991590720000001,
        0.9541134540000001,
        0.9172352990000001,
        0.9460092210000001,
        0.946501349
      ],
      "exit_codes": [
        0,
        0,
        0,
        0,
        0,
        0,
        0,
        0,
        0,
        0
      ],
      "parameters": {
        "VERSION": "3.6.3"
      }
    },
    {
      "command": "3.8.1",
      "mean": 0.9510660621,
      "stddev": 0.02741314641585353,
      "median": 0.9472700500000001,
      "user": 3.1559192599999997,
      "system": 0.11948284,
      "min": 0.919748957,
      "max": 1.012287113,
      "times": [
        0.941365564,
        0.9251621460000001,
        0.9635110160000001,
        0.944068058,
        0.919748957,
        0.925540188,
        1.012287113,
        0.9504720420000001,
        0.9699922890000001,
        0.958513248
      ],
      "exit_codes": [
        0,
        0,
        0,
        0,
        0,
        0,
        0,
        0,
        0,
        0
      ],
      "parameters": {
        "VERSION": "3.8.1"
      }
    },
    {
      "command": "3.8.2",
      "mean": 0.9684333864000001,
      "stddev": 0.025677009347484885,
      "median": 0.9677782225,
      "user": 3.1382341599999997,
      "system": 0.11401713999999999,
      "min": 0.9372365840000001,
      "max": 1.0063637460000001,
      "times": [
        1.0063637460000001,
        0.9395908760000001,
        0.9447358920000001,
        0.9372365840000001,
        0.9523984460000001,
        0.9917891090000001,
        0.9721088670000001,
        1.004553899,
        0.965948357,
        0.9696080880000001
      ],
      "exit_codes": [
        0,
        0,
        0,
        0,
        0,
        0,
        0,
        0,
        0,
        0
      ],
      "parameters": {
        "VERSION": "3.8.2"
      }
    },
    {
      "command": "3.8.3",
      "mean": 0.9425045744000002,
      "stddev": 0.02755686243365775,
      "median": 0.9372614325000002,
      "user": 3.0674133599999998,
      "system": 0.08078924000000001,
      "min": 0.9033151460000001,
      "max": 0.9899179550000001,
      "times": [
        0.9332690390000001,
        0.946686875,
        0.9412538260000001,
        0.9202419450000001,
        0.9033151460000001,
        0.9273250040000001,
        0.9698661610000001,
        0.9899179550000001,
        0.9197685170000001,
        0.973401276
      ],
      "exit_codes": [
        0,
        0,
        0,
        0,
        0,
        0,
        0,
        0,
        0,
        0
      ],
      "parameters": {
        "VERSION": "3.8.3"
      }
    },
    {
      "command": "3.8.4",
      "mean": 0.9285790106000003,
      "stddev": 0.023287331950686635,
      "median": 0.9214259925000001,
      "user": 3.02274426,
      "system": 0.10200743999999999,
      "min": 0.900660431,
      "max": 0.9732385200000001,
      "times": [
        0.900660431,
        0.920012212,
        0.9365466200000001,
        0.9732385200000001,
        0.9076909200000001,
        0.9161531260000001,
        0.9169519650000001,
        0.9228397730000001,
        0.9283181500000001,
        0.9633783890000001
      ],
      "exit_codes": [
        0,
        0,
        0,
        0,
        0,
        0,
        0,
        0,
        0,
        0
      ],
      "parameters": {
        "VERSION": "3.8.4"
      }
    },
    {
      "command": "3.8.5",
      "mean": 0.9427387271000001,
      "stddev": 0.025967428246101387,
      "median": 0.9423724195000001,
      "user": 3.04989156,
      "system": 0.10004344000000001,
      "min": 0.904924747,
      "max": 0.9738381560000001,