{
  "results": [
    {
      "command": "3.0.5",
      "mean": 1.3911491444,
      "stddev": 0.02252034303478004,
      "median": 1.3876576795,
      "user": 4.8741979,
      "system": 0.29902256,
      "min": 1.3661498465,
      "max": 1.4212889874999999,
      "times": [
        1.4005780145,
        1.3691578755,
        1.3697986905,
        1.4212274395,
        1.4091686124999998,
        1.4054998985,
        1.3738847344999998,
        1.3747373445,
        1.4212889874999999,
        1.3661498465
      ],
      "exit_codes": [
        0,
        0,
        0,
        0,
        0,
        0,
        0,
        0,
        0,
        0
      ],
      "parameters": {
        "VERSION": "3.0.5"
      }
    },
    {
      "command": "3.1.1",
      "mean": 1.5988701418999998,
      "stddev": 0.020041691203654132,
      "median": 1.5968248295,
      "user": 5.824565699999999,
      "system": 0.37611426000000003,
      "min": 1.5748346665,
      "max": 1.6440727755,
      "times": [
        1.6035350005,
        1.5898475534999998,
        1.5849015405,
        1.5748346665,
        1.5986395955,
        1.5811377095,
        1.5954531914999999,
        1.6440727755,
        1.5981964675,
        1.6180829184999999
      ],
      "exit_codes": [
        0,
        0,
        0,
        0,
        0,
        0,
        0,
        0,
        0,
        0
      ],
      "parameters": {
        "VERSION": "3.1.1"
      }
    },
    {
      "command": "3.2.5",
      "mean": 1.6758341997,
      "stddev": 0.015346032954744375,
      "median": 1.6768251185,
      "user": 6.259461999999999,
      "system": 0.38678496,
      "min": 1.6534310755,
      "max": 1.6950343845,
      "times": [
        1.6868261174999999,
        1.6915455565,
        1.6658569915,
        1.6663884095000001,
        1.6750596455,
        1.6785905915,
        1.6950343845,
        1.6545567575,
        1.6534310755,
        1.6910524675
      ],
      "exit_codes": [
        0,
        0,
        0,
        0,
        0,
        0,
        0,
        0,
        0,
        0
      ],
      "parameters": {
        "VERSION": "3.2.5"
      }
    },
    {
      "command": "3.3.9",
      "mean": 1.7310233339,
      "stddev": 0.040460031683378174,
      "median": 1.715322791,
      "user": 6.341998600000001,
      "system": 0.40907055999999997,
      "min": 1.6909785794999999,
      "max": 1.8057094055,
      "times": [
        1.7171381735,
        1.8057094055,
        1.6946094635,
        1.6909785794999999,
        1.7017995254999998,
        1.7095802215,
        1.7323228645,
        1.7135074085,
        1.7946983455,
        1.7498893514999998
      ],
      "exit_codes": [
        0,
        0,
        0,
        0,
        0,
        0,
        0,
        0,
        0,
        0
      ],
      "parameters": {
        "VERSION": "3.3.9"
      }
    },
    {
      "command": "3.5.4",
      "mean": 1.8034357171,
      "stddev": 0.025644056930997403,
      "median": 1.8055070894999998,
      "user": 6.2910247,
      "system": 0.6390132599999999,
      "min": 1.7499349105,
      "max": 1.8430560355,
      "times": [
        1.8430560355,
        1.7943075545,
        1.8162392875,
        1.7499349105,
        1.8216831885,
        1.7889096615,
        1.7870423354999998,
        1.8221700185,
        1.8112917035,
        1.7997224754999999
      ],
      "exit_codes": [
        0,
        0,
        0,
        0,
        0,
        0,
        0,
        0,
        0,
        0
      ],
      "parameters": {
        "VERSION": "3.5.4"
      }
    },
    {
      "command": "3.6.3",
      "mean": 1.7241982768,
      "stddev": 0.027604615339560636,
      "median": 1.7242398954999998,
      "user": 6.0530323,
      "system": 0.60851046,
      "min": 1.6928830055,
      "max": 1.7806971155,
      "times": [
        1.7350392305,
        1.7295737395,
        1.6928830055,
        1.7320656615,
        1.7514552745,
        1.7806971155,
        1.6973177205,
        1.7019832705,
        1.7020616985,
        1.7189060514999999
      ],
      "exit_codes": [
        0,
        0,
        0,
        0,
        0,
        0,
        0,
        0,
        0,
        0
      ],
      "parameters": {
        "VERSION": "3.6.3"
      }
    },
    {
      "command": "3.8.1",
      "mean": 1.7350828829,
      "stddev": 0.03911549892793372,
      "median": 1.727701744,
      "user": 6.057643799999999,
      "system": 0.60772336,
      "min": 1.6785273935,
      "max": 1.7965213315,
      "times": [
        1.6828577514999998,
        1.7237325975,
        1.7668603804999998,
        1.7316708905,
        1.7762365695,
        1.7592039415,
        1.7135393374999999,
        1.7965213315,
        1.6785273935,
        1.7216786355
      ],
      "exit_codes": [
        0,
        0,
        0,
        0,
        0,
        0,
        0,
        0,
        0,
        0
      ],
      "parameters": {
        "VERSION": "3.8.1"
      }
    },
    {
      "command": "3.8.2",
      "mean": 1.5334604598000001,
      "stddev": 0.02104495126792771,
      "median": 1.5352941795,
      "user": 5.421830999999999,
      "system": 0.28134835999999996,
      "min": 1.5023110965,
      "max": 1.5755909195,
      "times": [
        1.5356241615,
        1.5141797074999999,
        1.5401898545,
        1.5189834945,
        1.5349641975,
        1.5755909195,
        1.5457308735,
        1.5486251555,
        1.5184051374999998,
        1.5023110965
      ],
      "exit_codes": [
        0,
        0,
        0,
        0,
        0,
        0,
        0,
        0,
        0,
        0
      ],
      "parameters": {
        "VERSION": "3.8.2"
      }
    },
    {
      "command": "3.8.3",
      "mean": 1.4484213343999999,
      "stddev": 0.022692368233707842,
      "median": 1.45169671,
      "user": 5.136199599999999,
      "system": 0.25930166,
      "min": 1.4101986485,
      "max": 1.4799120155,
      "times": [
        1.4666662074999999,
        1.4659869724999999,
        1.4418516525,
        1.4624504465,
        1.4615417675,
        1.4369476884999999,
        1.4101986485,
        1.4408967045,
        1.4177612405,
        1.4799120155
      ],
      "exit_codes": [
        0,
        0,
        0,
        0,
        0,
        0,
        0,
        0,
        0,
        0
      ],
      "parameters": {
        "VERSION": "3.8.3"
      }
    },
    {
      "command": "3.8.4",
      "mean": 1.4585135284000001,
      "stddev": 0.02806111517336779,
      "median": 1.4584712254999999,
      "user": 5.2086065999999995,
      "system": 0.26352845999999996,
      "min": 1.4139177804999998,
      "max": 1.5131682705,
      "times": [
        1.5131682705,
        1.4641098675,
        1.4324953425,
        1.4794500044999999,
        1.4409286345,
        1.4139177804999998,
        1.4643990414999999,
        1.4787247135,
        1.4451090455,
        1.4528325835
      ],
      "exit_codes": [
        0,
        0,
        0,
        0,
        0,
        0,
        0,
        0,
        0,
        0
      ],
      "parameters": {
        "VERSION": "3.8.4"
      }
    },
    {
      "command": "3.8.5",
      "mean": 1.4546266011999998,
      "stddev": 0.02859231510406074,
      "median": 1.452765995,
      "user": 5.280401599999999,
      "system": 0.25387926,
      "min": 1.4187774064999998,
      "max": 1.5165317324999998,
      "times": [
        1.4527538155,
        1.4256682944999999,
        1.4276231275,
        1.4759227985,
        1.4527781745,
        1.4569554555,
        1.5165317324999998,
        1.4507786615,
        1.4187774064999998,
        1.4684765455
      ],
      "exit_codes": [
        0,
        0,
        0,
        0,
        0,
        0,
        0,
        0,
        0,
        0
      ],
      "parameters": {
        "VERSION": "3.8.5"
      }
    },
    {
      "command": "3.8.6",
      "mean": 1.4579657803,
      "stddev": 0.012816476332079836,