{
  "results": [
    {
      "command": "3.0.5",
      "mean": 8.92096394044,
      "stddev": 0.05539394146462462,
      "median": 8.906493560140001,
      "user": 19.525521079999997,
      "system": 1.08812472,
      "min": 8.860571806640001,
      "max": 9.026721656640001,
      "times": [
        8.901865561640001,
        8.911121558640001,
        8.932799430640001,
        8.99732565064,
        8.89411873064,
        8.943742545640001,
        8.860571806640001,
        8.875999332640001,
        8.86537313064,
        9.026721656640001
      ],
      "exit_codes": [
        0,
        0,
        0,
        0,
        0,
        0,
        0,
        0,
        0,
        0
      ],
      "parameters": {
        "VERSION": "3.0.5"
      }
    },
    {
      "command": "3.1.1",
      "mean": 16.81981757284,
      "stddev": 0.36043305108778934,
      "median": 16.81001038814,
      "user": 37.78370048000001,
      "system": 2.46798762,
      "min": 16.40218973164,
      "max": 17.41906238364,
      "times": [
        16.87673628564,
        16.45215545964,
        16.94552627864,
        17.03305398664,
        17.41906238364,
        17.30569636864,
        16.475629807639997,
        16.54484093564,
        16.40218973164,
        16.743284490639997
      ],
      "exit_codes": [
        0,
        0,
        0,
        0,
        0,
        0,
        0,
        0,
        0,
        0
      ],
      "parameters": {
        "VERSION": "3.1.1"
      }
    },
    {
      "command": "3.2.5",
      "mean": 17.292637477440003,
      "stddev": 0.3635729981303685,
      "median": 17.273703375639997,
      "user": 39.00291278,
      "system": 2.36951772,
      "min": 16.76627363164,
      "max": 17.82972061864,
      "times": [
        16.76627363164,
        16.83190899564,
        17.09084511064,
        17.28236937464,
        17.56142808164,
        17.42365180064,
        17.78316263064,
        17.82972061864,
        17.09197715364,
        17.26503737664
      ],
      "exit_codes": [
        0,
        0,
        0,
        0,
        0,
        0,
        0,
        0,
        0,
        0
      ],
      "parameters": {
        "VERSION": "3.2.5"
      }
    },
    {
      "command": "3.3.9",
      "mean": 17.751312158239998,
      "stddev": 0.3345336528034151,
      "median": 17.69616982114,
      "user": 40.16382838,
      "system": 2.2774290200000005,
      "min": 17.15353573664,
      "max": 18.22529132264,
      "times": [
        17.55372888864,
        17.15353573664,
        18.21605235864,
        17.80471161664,
        18.22529132264,
        17.55743210864,
        17.56280305764,
        17.67920122864,
        18.047226850639998,
        17.71313841364
      ],
      "exit_codes": [
        0,
        0,
        0,
        0,
        0,
        0,
        0,
        0,
        0,
        0
      ],
      "parameters": {
        "VERSION": "3.3.9"
      }
    },
    {
      "command": "3.5.4",
      "mean": 11.605056859540001,
      "stddev": 0.14295339260912843,
      "median": 11.598607003640002,
      "user": 23.836899579999997,
      "system": 2.28530742,
      "min": 11.38689174564,
      "max": 11.831639862640001,
      "times": [
        11.800146318640001,
        11.38689174564,
        11.64155545364,
        11.419965081640001,
        11.564347960640001,
        11.57525877664,
        11.831639862640001,
        11.53920201264,
        11.66960615264,
        11.621955230640001
      ],
      "exit_codes": [
        0,
        0,
        0,
        0,
        0,
        0,
        0,
        0,
        0,
        0
      ],
      "parameters": {
        "VERSION": "3.5.4"
      }
    },
    {
      "command": "3.6.3",
      "mean": 11.111442067739999,
      "stddev": 0.1008299854591566,
      "median": 11.12208929214,
      "user": 22.74598428,
      "system": 2.35836912,
      "min": 10.95697902564,
      "max": 11.23943591864,
      "times": [
        11.209260162640001,
        11.13413533964,
        11.086264983640001,
        11.014839079640002,
        11.21915800264,
        11.23943591864,
        10.95697902564,
        11.11004324464,
        10.98127478564,
        11.163030134640001
      ],
      "exit_codes": [
        0,
        0,
        0,
        0,
        0,
        0,
        0,
        0,
        0,
        0
      ],
      "parameters": {
        "VERSION": "3.6.3"
      }
    },
    {
      "command": "3.8.1",
      "mean": 11.090840238540002,
      "stddev": 0.09816633597628359,
      "median": 11.10354759564,
      "user": 22.835759279999998,
      "system": 2.2554930200000003,
      "min": 10.963017047640001,
      "max": 11.28129061864,
      "times": [
        11.13159692864,
        11.28129061864,
        11.147731096640001,
        11.00179866464,
        10.98249626364,
        10.963017047640001,
        11.142917823640001,
        11.148506237640001,
        11.07549826264,
        11.03354944164
      ],
      "exit_codes": [
        0,
        0,
        0,
        0,
        0,
        0,
        0,
        0,
        0,
        0
      ],
      "parameters": {
        "VERSION": "3.8.1"
      }
    },
    {
      "command": "3.8.2",
      "mean": 10.156673890639999,
      "stddev": 0.09907050426081854,
      "median": 10.124227706140001,
      "user": 21.98160128,
      "system": 0.89068702,
      "min": 10.051827772640001,
      "max": 10.37031429764,
      "times": [
        10.37031429764,
        10.071202060640001,
        10.07365044164,
        10.156569965640001,
        10.257812002640001,
        10.126544904640001,
        10.21784340564,
        10.119063547640001,
        10.051827772640001,
        10.12191050764
      ],
      "exit_codes": [
        0,
        0,
        0,
        0,
        0,
        0,
        0,
        0,
        0,
        0
      ],
      "parameters": {
        "VERSION": "3.8.2"
      }
    },
    {
      "command": "3.8.3",
      "mean": 5.80292226624,
      "stddev": 0.09326439555609212,
      "median": 5.79574116414,
      "user": 17.260521779999998,
      "system": 0.7999550200000001,
      "min": 5.66604224764,
      "max": 5.992630077639999,
      "times": [
        5.992630077639999,
        5.720601300639999,
        5.66604224764,
        5.84025214064,
        5.74723809364,
        5.80766919364,
        5.86391448564,
        5.78381313464,
        5.86748238964,
        5.73957959864
      ],
      "exit_codes": [
        0,
        0,
        0,
        0,
        0,
        0,
        0,
        0,
        0,
        0
      ],
      "parameters": {
        "VERSION": "3.8.3"
      }
    },
    {
      "command": "3.8.4",
      "mean": 5.74238900814,
      "stddev": 0.05747829872653817,
      "median": 5.74621111814,
      "user": 17.158963879999995,
      "system": 0.8292071200000001,
      "min": 5.65771058964,
      "max": 5.8253215556399995,
      "times": [
        5.76715406864,
        5.8253215556399995,
        5.74601278264,
        5.67709507864,
        5.65771058964,
        5.74640945364,
        5.82484015664,
        5.71396486264,
        5.69405519664,
        5.77132633664
      ],
      "exit_codes": [
        0,
        0,
        0,
        0,
        0,
        0,
        0,
        0,
        0,
        0
      ],
      "parameters": {
        "VERSION": "3.8.4"
      }
    },
    {
      "command": "3.8.5",
      "mean": 5.74334547094,
      "stddev": 0.034084512908585565,
      "median": 5.75875196814,
      "user": 17.239740779999998,
      "system": 0.8020030200000001,
      "min": 5.6746627386399995,
      "max": 5.78720782164,
      "times": [
        5.78720782164,
        5.69846509864,
        5.6746627386399995,
        5.75963298164,
        5.7604807416399995,
        5.76042074264,
        5.72472088164,
        5.7578709546399995,
        5.7472343726399995,
        5.76275837564
      ],