{
  "results": [
    {
      "command": "3.0.5",
      "mean": 0.7822701323400001,
      "stddev": 0.029908562557024638,
      "median": 0.7739490505400001,
      "user": 2.37454652,
      "system": 0.15529864,
      "min": 0.76186844454,
      "max": 0.8635108745400001,
      "times": [
        0.7820713585400001,
        0.7695093285400001,
        0.76186844454,
        0.76194781154,
        0.7669505875400001,
        0.7905929825400001,
        0.7745595715400001,
        0.8635108745400001,
        0.7783518345400001,
        0.77333852954
      ],
      "exit_codes": [
        0,
        0,
        0,
        0,
        0,
        0,
        0,
        0,
        0,
        0
      ],
      "parameters": {
        "VERSION": "3.0.5"
      }
    },
    {
      "command": "3.6.3",
      "mean": 1.08931082234,
      "stddev": 0.024106621697969885,
      "median": 1.0937494325400001,
      "user": 3.6226523200000003,
      "system": 0.28998093999999996,
      "min": 1.05501511454,
      "max": 1.12525483854,
      "times": [
        1.06325512554,
        1.09280131454,
        1.05501511454,
        1.11935641354,
        1.09558195154,
        1.06785250954,
        1.09469755054,
        1.0717700995400001,
        1.10752330554,
        1.12525483854
      ],
      "exit_codes": [
        0,
        0,
        0,
        0,
        0,
        0,
        0,
        0,
        0,
        0
      ],
      "parameters": {
        "VERSION": "3.6.3"
      }
    },
    {
      "command": "3.8.8",
      "mean": 1.03603591294,
      "stddev": 0.051776355973370984,
      "median": 1.02477884104,
      "user": 3.4745666199999996,
      "system": 0.14967624000000002,
      "min": 0.99712461754,
      "max": 1.17591385154,
      "times": [
        0.99712461754,
        1.01336414354,
        1.02405932754,
        1.01551609454,
        1.17591385154,
        1.02911333154,
        1.05405825654,
        1.02549835454,
        0.9985332355400001,
        1.0271779165400001
      ],
      "exit_codes": [
        0,
        0,
        0,
        0,
        0,
        0,
        0,
        0,
        0,
        0
      ],
      "parameters": {
        "VERSION": "3.8.8"
      }
    },
    {
      "command": "3.9.9",
      "mean": 1.2296759570400002,
      "stddev": 0.01739931980503694,
      "median": 1.23089595104,
      "user": 4.16202492,
      "system": 0.15251764,
      "min": 1.2072897495400001,
      "max": 1.25938013054,
      "times": [
        1.23223222554,
        1.25022353054,
        1.25938013054,
        1.22955967654,
        1.2072897495400001,
        1.21745030654,
        1.23596418954,
        1.24014329254,
        1.21413817154,
        1.21037829754
      ],
      "exit_codes": [
        0,
        0,
        0,
        0,
        0,
        0,
        0,
        0,
        0,
        0
      ],
      "parameters": {
        "VERSION": "3.9.9"
      }
    },
    {
      "command": "4.0.0-alpha-13",
      "mean": 1.7226591863400003,
      "stddev": 0.03768836777373766,
      "median": 1.7165179405400002,
      "user": 7.109335419999998,
      "system": 0.31552773999999995,
      "min": 1.6662176745400001,
      "max": 1.77442507354,
      "times": [
        1.72285286954,
        1.6993614105400001,
        1.76285320854,
        1.6826074565400002,
        1.72868697554,
        1.7051844765400002,
        1.6662176745400001,
        1.77421970654,
        1.71018301154,
        1.77442507354
      ],
      "exit_codes": [
        0,
        0,
        0,
        0,
        0,
        0,
        0,
        0,
        0,
        0
      ],
      "parameters": {
        "VERSION": "4.0.0-alpha-13"
      }
    },
    {
      "command": "4.0.0-beta-3",
      "mean": 1.7814475053400003,
      "stddev": 0.0364191688043397,
      "median": 1.7705596520400002,
      "user": 7.407299019999999,
      "system": 0.2741997399999999,
      "min": 1.73645670654,
      "max": 1.84162931654,
      "times": [
        1.84162931654,
        1.7753438115400002,
        1.74742850454,
        1.75699719454,
        1.79968573154,
        1.75264874454,
        1.80847464854,
        1.8300349025400002,
        1.7657754925400002,
        1.73645670654
      ],
      "exit_codes": [
        0,
        0,
        0,
        0,
        0,
        0,
        0,
        0,
        0,
        0
      ],
      "parameters": {
        "VERSION": "4.0.0-beta-3"
      }
    },
    {
      "command": "4.0.0-beta-4",
      "mean": 1.88270346614,
      "stddev": 0.03757870512002439,
      "median": 1.88036211904,
      "user": 7.937946219999999,
      "system": 0.33367983999999995,
      "min": 1.81568658354,
      "max": 1.9596800575400002,
      "times": [
        1.8941575265400001,
        1.8762983675400002,
        1.90540217754,
        1.9596800575400002,
        1.88397408054,
        1.81568658354,
        1.87675015754,
        1.89805285654,
        1.86753405954,
        1.84949879454
      ],
      "exit_codes": [
        0,
        0,
        0,
        0,
        0,
        0,
        0,
        0,
        0,
        0
      ],
      "parameters": {
        "VERSION": "4.0.0-beta-4"
      }
    }
  ]
}
