{
  "results": [
    {
      "command": "3.0.5",
      "mean": 1.2596222402800001,
      "stddev": 0.013319574727489653,
      "median": 1.26020926648,
      "user": 4.12340742,
      "system": 0.29753492,
      "min": 1.24010449898,
      "max": 1.27518945198,
      "times": [
        1.27240295698,
        1.2546046049800001,
        1.26916858198,
        1.27477991098,
        1.24707595898,
        1.27518945198,
        1.24247790498,
        1.2626568899800001,
        1.25776164298,
        1.24010449898
      ],
      "exit_codes": [
        0,
        0,
        0,
        0,
        0,
        0,
        0,
        0,
        0,
        0
      ],
      "parameters": {
        "VERSION": "3.0.5"
      }
    },
    {
      "command": "3.6.3",
      "mean": 1.92241837428,
      "stddev": 0.05633858050451752,
      "median": 1.9024942924800001,
      "user": 6.8703894199999995,
      "system": 0.6911546199999999,
      "min": 1.86995301998,
      "max": 2.07007950998,
      "times": [
        1.8956170809800001,
        1.93021057498,
        1.90123208098,
        1.90093974798,
        1.9363175649800002,
        1.86995301998,
        1.8819075949800002,
        1.9037565039800002,
        1.9341700639800001,
        2.07007950998
      ],
      "exit_codes": [
        0,
        0,
        0,
        0,
        0,
        0,
        0,
        0,
        0,
        0
      ],
      "parameters": {
        "VERSION": "3.6.3"
      }
    },
    {
      "command": "3.8.8",
      "mean": 1.6147082088800002,
      "stddev": 0.047167709608495714,
      "median": 1.62402466898,
      "user": 6.03942152,
      "system": 0.31265622,
      "min": 1.5459315389800001,
      "max": 1.6723575329800002,
      "times": [
        1.5794412579800001,
        1.6673856769800002,
        1.6356241869800001,
        1.6723575329800002,
        1.66236396298,
        1.62213034798,
        1.5865584049800001,
        1.54937018898,
        1.5459315389800001,
        1.62591898998
      ],
      "exit_codes": [
        0,
        0,
        0,
        0,
        0,
        0,
        0,
        0,
        0,
        0
      ],
      "parameters": {
        "VERSION": "3.8.8"
      }
    },
    {
      "command": "3.9.9",
      "mean": 1.8557462219799998,
      "stddev": 0.038711681806186914,
      "median": 1.8457310469800001,
      "user": 7.07367962,
      "system": 0.3205394199999999,
      "min": 1.8161901869800001,
      "max": 1.93952905098,
      "times": [
        1.86188738598,
        1.8161901869800001,
        1.8667591229800002,
        1.89862111198,
        1.93952905098,
        1.8221521989800002,
        1.83394565798,
        1.83335693198,
        1.8275041359800002,
        1.8575164359800003
      ],
      "exit_codes": [
        0,
        0,
        0,
        0,
        0,
        0,
        0,
        0,
        0,
        0
      ],
      "parameters": {
        "VERSION": "3.9.9"
      }
    },
    {
      "command": "4.0.0-alpha-13",
      "mean": 2.5090299156800002,
      "stddev": 0.04314430729042532,
      "median": 2.5228979309799997,
      "user": 12.421115819999999,
      "system": 0.6573377199999999,
      "min": 2.43293520898,
      "max": 2.55363549398,
      "times": [
        2.4514348129799997,
        2.55212004998,
        2.5248153269799998,
        2.55363549398,
        2.43293520898,
        2.54873591698,
        2.47458163098,
        2.53225001598,
        2.5209805349799996,
        2.49881016498
      ],
      "exit_codes": [
        0,
        0,
        0,
        0,
        0,
        0,
        0,
        0,
        0,
        0
      ],
      "parameters": {
        "VERSION": "4.0.0-alpha-13"
      }
    },
    {
      "command": "4.0.0-beta-3",
      "mean": 2.64849754258,
      "stddev": 0.06097619580376969,
      "median": 2.6466571009799997,
      "user": 12.667477720000003,
      "system": 0.58244902,
      "min": 2.54709173498,
      "max": 2.7276379339799997,
      "times": [
        2.6851880599799998,
        2.62506372298,
        2.62579356498,
        2.66752063698,
        2.60752460498,
        2.69427542198,
        2.72433688998,
        2.58054285498,
        2.7276379339799997,
        2.54709173498
      ],
      "exit_codes": [
        0,
        0,
        0,
        0,
        0,
        0,
        0,
        0,
        0,
        0
      ],
      "parameters": {
        "VERSION": "4.0.0-beta-3"
      }
    },
    {
      "command": "4.0.0-beta-4",
      "mean": 2.8831220044799997,
      "stddev": 0.021547208304631513,
      "median": 2.87943533548,
      "user": 14.40743832,
      "system": 0.7082991199999998,
      "min": 2.8568177849799996,
      "max": 2.92105979898,
      "times": [
        2.8880319169799997,
        2.86161673498,
        2.88575800098,
        2.89546534598,
        2.87311266998,
        2.8705888479799997,
        2.86630030798,
        2.91246863598,
        2.8568177849799996,
        2.92105979898
      ],
      "exit_codes": [
        0,
        0,
        0,
        0,
        0,
        0,
        0,
        0,
        0,
        0
      ],
      "parameters": {
        "VERSION": "4.0.0-beta-4"
      }
    }
  ]
}
