{
  "results": [
    {
      "command": "3.0.5",
      "mean": 22.77786202782,
      "stddev": 0.4115688485544937,
      "median": 22.655998253819998,
      "user": 38.89114432,
      "system": 1.6528115799999998,
      "min": 22.275330286819997,
      "max": 23.40721847082,
      "times": [
        22.344683596819998,
        22.275330286819997,
        22.43051198482,
        22.54089318282,
        23.40721847082,
        23.19363535582,
        22.720719777819998,
        22.99180747182,
        22.59127672982,
        23.282543420819998
      ],
      "exit_codes": [
        0,
        0,
        0,
        0,
        0,
        0,
        0,
        0,
        0,
        0
      ],
      "parameters": {
        "VERSION": "3.0.5"
      }
    },
    {
      "command": "3.6.3",
      "mean": 29.305033762319994,
      "stddev": 0.30912740830570773,
      "median": 29.201934173319998,
      "user": 47.00835922,
      "system": 4.069794379999999,
      "min": 28.95140730482,
      "max": 29.717571005819998,
      "times": [
        29.15083381782,
        29.44110924882,
        29.25303452882,
        29.016701531819997,
        29.687098526819998,
        28.95140730482,
        29.70898572782,
        29.717571005819998,
        28.99402036782,
        29.129575562819998
      ],
      "exit_codes": [
        0,
        0,
        0,
        0,
        0,
        0,
        0,
        0,
        0,
        0
      ],
      "parameters": {
        "VERSION": "3.6.3"
      }
    },
    {
      "command": "3.8.8",
      "mean": 16.629364875319997,
      "stddev": 0.20982674535507245,
      "median": 16.60287750082,
      "user": 34.47420631999999,
      "system": 1.58923768,
      "min": 16.26501120682,
      "max": 16.947154883819998,
      "times": [
        16.512524949819998,
        16.947154883819998,
        16.92885425682,
        16.54827639282,
        16.65747860882,
        16.738228347819998,
        16.518962016819998,
        16.69908489482,
        16.47807319482,
        16.26501120682
      ],
      "exit_codes": [
        0,
        0,
        0,
        0,
        0,
        0,
        0,
        0,
        0,
        0
      ],
      "parameters": {
        "VERSION": "3.8.8"
      }
    },
    {
      "command": "3.9.4",
      "mean": 17.10993595332,
      "stddev": 0.2205228824529374,
      "median": 17.047166496819997,
      "user": 35.825060019999995,
      "system": 1.55681108,
      "min": 16.87036299182,
      "max": 17.49393555382,
      "times": [
        16.91164368382,
        17.33896890182,
        17.00491014682,
        17.38920681182,
        16.969212441819998,
        16.93189964382,
        17.49393555382,
        16.87036299182,
        17.09979651082,
        17.08942284682
      ],
      "exit_codes": [
        0,
        0,
        0,
        0,
        0,
        0,
        0,
        0,
        0,
        0
      ],
      "parameters": {
        "VERSION": "3.9.4"
      }
    },
    {
      "command": "3.9.5",
      "mean": 17.11695714012,
      "stddev": 0.27855277315057464,
      "median": 17.054597116319997,
      "user": 36.14251842,
      "system": 1.5800876799999997,
      "min": 16.77484259182,
      "max": 17.66876767582,
      "times": [
        17.11113903282,
        17.43562352382,
        16.98955539982,
        16.77484259182,
        16.97845552182,
        17.66876767582,
        16.80812190382,
        17.002943783819997,
        17.10625044882,
        17.293871518819998
      ],
      "exit_codes": [
        0,
        0,
        0,
        0,
        0,
        0,
        0,
        0,
        0,
        0
      ],
      "parameters": {
        "VERSION": "3.9.5"
      }
    },
    {
      "command": "4.0.0-alpha-7",
      "mean": 22.283234793320002,
      "stddev": 0.1873916014358465,
      "median": 22.26997202132,
      "user": 44.77269362,
      "system": 2.00171618,
      "min": 22.03926166682,
      "max": 22.57795872982,
      "times": [
        22.407517481819998,
        22.03926166682,
        22.124808571819997,
        22.24486131082,
        22.29508273182,
        22.55712332182,
        22.33489665182,
        22.12447480082,
        22.12636266582,
        22.57795872982
      ],
      "exit_codes": [
        0,
        0,
        0,
        0,
        0,
        0,
        0,
        0,
        0,
        0
      ],
      "parameters": {
        "VERSION": "4.0.0-alpha-7"
      }
    },
    {
      "command": "4.0.0-alpha-8",
      "mean": 23.953431846919997,
      "stddev": 0.35118231709019604,
      "median": 23.96790848082,
      "user": 48.07217501999999,
      "system": 1.9931175799999998,
      "min": 23.47744219182,
      "max": 24.41476159082,
      "times": [
        23.67706540782,
        24.31964761082,
        24.05688087082,
        23.47744219182,
        24.30681369482,
        24.19237513282,
        23.878936090819998,
        23.70348285282,
        23.506913025819998,
        24.41476159082
      ],
      "exit_codes": [
        0,
        0,
        0,
        0,
        0,
        0,
        0,
        0,
        0,
        0
      ],
      "parameters": {
        "VERSION": "4.0.0-alpha-8"
      }
    }
  ]
}
