{
  "results": [
    {
      "command": "3.0.5",
      "mean": 1.2694795251400002,
      "stddev": 0.02490829474058811,
      "median": 1.2748111844400003,
      "user": 4.51472036,
      "system": 0.26308112,
      "min": 1.23064806744,
      "max": 1.2969106514400002,
      "times": [
        1.2349280954400002,
        1.2913596544400001,
        1.23064806744,
        1.2684103454400002,
        1.2640671574400002,
        1.2969106514400002,
        1.2460569034400002,
        1.28602065944,
        1.2812120234400002,
        1.2951816934400002
      ],
      "exit_codes": [
        0,
        0,
        0,
        0,
        0,
        0,
        0,
        0,
        0,
        0
      ],
      "parameters": {
        "VERSION": "3.0.5"
      }
    },
    {
      "command": "3.1.1",
      "mean": 1.4041567035400002,
      "stddev": 0.016686287386656628,
      "median": 1.4064254104400002,
      "user": 5.232527460000001,
      "system": 0.33002312,
      "min": 1.3740137014400002,
      "max": 1.4324739314400001,
      "times": [
        1.4077537454400002,
        1.40846721844,
        1.3945384864400001,
        1.4324739314400001,
        1.38873691344,
        1.3987593764400001,
        1.4055536564400002,
        1.3740137014400002,
        1.40729716444,
        1.4239728414400001
      ],
      "exit_codes": [
        0,
        0,
        0,
        0,
        0,
        0,
        0,
        0,
        0,
        0
      ],
      "parameters": {
        "VERSION": "3.1.1"
      }
    },
    {
      "command": "3.2.5",
      "mean": 1.51494841594,
      "stddev": 0.062280827529268175,
      "median": 1.4971730979400002,
      "user": 5.62469866,
      "system": 0.34853582,
      "min": 1.45545110744,
      "max": 1.66388781544,
      "times": [
        1.4657714834400002,
        1.49517017044,
        1.4745996164400001,
        1.66388781544,
        1.4958380644400002,
        1.45545110744,
        1.51463625144,
        1.4985081314400002,
        1.5070234904400002,
        1.57859802844
      ],
      "exit_codes": [
        0,
        0,
        0,
        0,
        0,
        0,
        0,
        0,
        0,
        0
      ],
      "parameters": {
        "VERSION": "3.2.5"
      }
    },
    {
      "command": "3.3.9",
      "mean": 1.5214573862400003,
      "stddev": 0.021122045516445784,
      "median": 1.5181442724400003,
      "user": 5.59727116,
      "system": 0.34254902,
      "min": 1.4966081754400002,
      "max": 1.5539717914400002,
      "times": [
        1.5155954574400001,
        1.4966081754400002,
        1.4976261324400002,
        1.4968761804400001,
        1.5192004624400002,
        1.52901566044,
        1.5421098714400001,
        1.5464820484400001,
        1.5539717914400002,
        1.5170880824400002
      ],
      "exit_codes": [
        0,
        0,
        0,
        0,
        0,
        0,
        0,
        0,
        0,
        0
      ],
      "parameters": {
        "VERSION": "3.3.9"
      }
    },
    {
      "command": "3.5.4",
      "mean": 1.5839180162400002,
      "stddev": 0.026453816379694867,
      "median": 1.5773607644400003,
      "user": 5.66288016,
      "system": 0.54500282,
      "min": 1.55289795644,
      "max": 1.6332108104400003,
      "times": [
        1.5780338634400002,
        1.55289795644,
        1.58701920044,
        1.57499845544,
        1.5653820524400002,
        1.55296633544,
        1.6332108104400003,
        1.61824258344,
        1.5997412394400001,
        1.5766876654400002
      ],
      "exit_codes": [
        0,
        0,
        0,
        0,
        0,
        0,
        0,
        0,
        0,
        0
      ],
      "parameters": {
        "VERSION": "3.5.4"
      }
    },
    {
      "command": "3.6.3",
      "mean": 1.54787600544,
      "stddev": 0.022762266562765546,
      "median": 1.5507859864400002,
      "user": 5.48143496,
      "system": 0.54762912,
      "min": 1.51786547444,
      "max": 1.5849407404400002,
      "times": [
        1.51786547444,
        1.53414080944,
        1.5446883904400002,
        1.56483756444,
        1.5235015604400002,
        1.56259814844,
        1.55688358244,
        1.52241039744,
        1.56689338644,
        1.5849407404400002
      ],
      "exit_codes": [
        0,
        0,
        0,
        0,
        0,
        0,
        0,
        0,
        0,
        0
      ],
      "parameters": {
        "VERSION": "3.6.3"
      }
    },
    {
      "command": "3.8.1",
      "mean": 1.5679146628400003,
      "stddev": 0.03839028262560784,
      "median": 1.5611643709400003,
      "user": 5.56043806,
      "system": 0.5162969199999999,
      "min": 1.5143149374400002,
      "max": 1.6385019844400002,
      "times": [
        1.5562540364400002,
        1.6385019844400002,
        1.5660747054400002,
        1.5360860844400002,
        1.61058730444,
        1.5450232534400001,
        1.5143149374400002,
        1.53591522744,
        1.5938922374400002,
        1.58249685744
      ],
      "exit_codes": [
        0,
        0,
        0,
        0,
        0,
        0,
        0,
        0,
        0,
        0
      ],
      "parameters": {
        "VERSION": "3.8.1"
      }
    },
    {
      "command": "3.8.2",
      "mean": 1.4042669450400003,
      "stddev": 0.027363384410940716,
      "median": 1.4003108654400003,
      "user": 5.080950059999999,
      "system": 0.27911072000000003,
      "min": 1.3703162184400002,
      "max": 1.4724805364400002,
      "times": [
        1.3821660294400002,
        1.4022593944400001,
        1.3995652474400002,
        1.4090880134400001,
        1.3896546924400002,
        1.3703162184400002,
        1.4165175874400002,
        1.4724805364400002,
        1.4007112914400002,
        1.3999104394400002
      ],
      "exit_codes": [
        0,
        0,
        0,
        0,
        0,
        0,
        0,
        0,
        0,
        0
      ],
      "parameters": {
        "VERSION": "3.8.2"
      }
    },
    {
      "command": "3.8.3",
      "mean": 1.35907479234,
      "stddev": 0.02586530504304706,
      "median": 1.3628437299400002,
      "user": 4.95261526,
      "system": 0.26798882,
      "min": 1.30888615044,
      "max": 1.3989079534400002,
      "times": [
        1.3655143524400002,
        1.3841423324400002,
        1.37448736044,
        1.3989079534400002,
        1.32985030444,
        1.35347256644,
        1.3648748974400002,
        1.30888615044,
        1.34979944344,
        1.36081256244
      ],
      "exit_codes": [
        0,
        0,
        0,
        0,
        0,
        0,
        0,
        0,
        0,
        0
      ],
      "parameters": {
        "VERSION": "3.8.3"
      }
    },
    {
      "command": "3.8.4",
      "mean": 1.3456011273400001,
      "stddev": 0.02709463278966552,
      "median": 1.35200874594,
      "user": 4.878995959999999,
      "system": 0.26142862,
      "min": 1.30400701444,
      "max": 1.3858943214400001,
      "times": [
        1.36895850044,
        1.3609670094400002,
        1.3537847194400001,
        1.30400701444,
        1.30728921644,
        1.35023277244,
        1.36424004244,
        1.3858943214400001,
        1.33742698544,
        1.3232106914400001
      ],
      "exit_codes": [
        0,
        0,
        0,
        0,
        0,
        0,
        0,
        0,
        0,
        0
      ],
      "parameters": {
        "VERSION": "3.8.4"
      }
    },
    {
      "command": "3.8.5",
      "mean": 1.35430433204,
      "stddev": 0.019418827060662995,
      "median": 1.35899357644,
      "user": 4.90350676,
      "system": 0.26705821999999996,
      "min": 1.32266914444,
      "max": 1.3833580014400002,