{
  "results": [
    {
      "command": "3.0.5",
      "mean": 0.64006087186,
      "stddev": 0.012045637252392353,
      "median": 0.63863799266,
      "user": 1.6317513399999999,
      "system": 0.11230948,
      "min": 0.62432602316,
      "max": 0.66343138916,
      "times": [
        0.62432602316,
        0.63470825416,
        0.65104484816,
        0.63801215216,
        0.62463001716,
        0.66343138916,
        0.63926383316,
        0.64009953316,
        0.63521451116,
        0.64987815716
      ],
      "exit_codes": [
        0,
        0,
        0,
        0,
        0,
        0,
        0,
        0,
        0,
        0
      ],
      "parameters": {
        "VERSION": "3.0.5"
      }
    },
    {
      "command": "3.6.3",
      "mean": 0.7552589112600001,
      "stddev": 0.017181942309353795,
      "median": 0.75786314466,
      "user": 2.15983584,
      "system": 0.11679988000000001,
      "min": 0.72835236216,
      "max": 0.77844525116,
      "times": [
        0.74841309816,
        0.76985539916,
        0.77844525116,
        0.75839678716,
        0.72835236216,
        0.75886370516,
        0.77747742616,
        0.73779843416,
        0.73765714716,
        0.7573295021600001
      ],
      "exit_codes": [
        0,
        0,
        0,
        0,
        0,
        0,
        0,
        0,
        0,
        0
      ],
      "parameters": {
        "VERSION": "3.6.3"
      }
    },
    {
      "command": "3.8.8",
      "mean": 0.7680705277600001,
      "stddev": 0.02365434777753026,
      "median": 0.76428484966,
      "user": 2.21326794,
      "system": 0.09271717999999998,
      "min": 0.7284521391600001,
      "max": 0.81801167716,
      "times": [
        0.76297638616,
        0.7528049611600001,
        0.77174227416,
        0.77393151116,
        0.75545058716,
        0.7284521391600001,
        0.78962070216,
        0.81801167716,
        0.7621217261600001,
        0.76559331316
      ],
      "exit_codes": [
        0,
        0,
        0,
        0,
        0,
        0,
        0,
        0,
        0,
        0
      ],
      "parameters": {
        "VERSION": "3.8.8"
      }
    },
    {
      "command": "3.9.6",
      "mean": 0.91042033376,
      "stddev": 0.019091803078320167,
      "median": 0.90631396066,
      "user": 2.69683974,
      "system": 0.09624538,
      "min": 0.8787605201600001,
      "max": 0.93718780116,
      "times": [
        0.93107615916,
        0.91722517216,
        0.91263999316,
        0.9331320991600001,
        0.8981254441600001,
        0.89876718716,
        0.8787605201600001,
        0.89730103316,
        0.8999879281600001,
        0.93718780116
      ],
      "exit_codes": [
        0,
        0,
        0,
        0,
        0,
        0,
        0,
        0,
        0,
        0
      ],
      "parameters": {
        "VERSION": "3.9.6"
      }
    },
    {
      "command": "4.0.0-alpha-13",
      "mean": 1.32845654376,
      "stddev": 0.030339253496467135,
      "median": 1.3321813416600001,
      "user": 4.25098424,
      "system": 0.16440127999999998,
      "min": 1.27522549016,
      "max": 1.38344912016,
      "times": [
        1.38344912016,
        1.35321546016,
        1.33080419016,
        1.33690567316,
        1.33355849316,
        1.32434988616,
        1.31507701916,
        1.27522549016,
        1.2914557091599999,
        1.34052439616
      ],
      "exit_codes": [
        0,
        0,
        0,
        0,
        0,
        0,
        0,
        0,
        0,
        0
      ],
      "parameters": {
        "VERSION": "4.0.0-alpha-13"
      }
    }
  ]
}
