{
  "results": [
    {
      "command": "3.0.5",
      "mean": 0.7396231952000001,
      "stddev": 0.029966313561022535,
      "median": 0.7345881489000001,
      "user": 2.19847664,
      "system": 0.0751349,
      "min": 0.6955469789000001,
      "max": 0.7833673409,
      "times": [
        0.7656403729000001,
        0.7833673409,
        0.7658971059,
        0.7070753599,
        0.7701839819,
        0.7170773649000001,
        0.6955469789000001,
        0.7330436369000001,
        0.7222671489,
        0.7361326609000001
      ],
      "exit_codes": [
        0,
        0,
        0,
        0,
        0,
        0,
        0,
        0,
        0,
        0
      ],
      "parameters": {
        "VERSION": "3.0.5"
      }
    },
    {
      "command": "3.6.3",
      "mean": 0.864590171,
      "stddev": 0.03590602143818285,
      "median": 0.8584706174000001,
      "user": 2.6663625399999997,
      "system": 0.09654009999999999,
      "min": 0.8189770529,
      "max": 0.9361654699,
      "times": [
        0.8718844659,
        0.8416340929,
        0.8795082399,
        0.8189770529,
        0.8396969889,
        0.8311252979,
        0.8450567689,
        0.8975794989000001,
        0.9361654699,
        0.8842738339
      ],
      "exit_codes": [
        0,
        0,
        0,
        0,
        0,
        0,
        0,
        0,
        0,
        0
      ],
      "parameters": {
        "VERSION": "3.6.3"
      }
    },
    {
      "command": "3.8.8",
      "mean": 0.8186508220000001,
      "stddev": 0.026045443873538368,
      "median": 0.8142977429,
      "user": 2.5582170399999997,
      "system": 0.06902829999999999,
      "min": 0.7933515779,
      "max": 0.8768908739000001,
      "times": [
        0.7933568079000001,
        0.8015709979000001,
        0.8232283809000001,
        0.8318379609000001,
        0.8362565239,
        0.8261169899,
        0.8768908739000001,
        0.7933515779,
        0.7985310019,
        0.8053671049000001
      ],
      "exit_codes": [
        0,
        0,
        0,
        0,
        0,
        0,
        0,
        0,
        0,
        0
      ],
      "parameters": {
        "VERSION": "3.8.8"
      }
    },
    {
      "command": "3.9.4",
      "mean": 1.0701730435,
      "stddev": 0.02360737329958843,
      "median": 1.0698661694,
      "user": 3.35553164,
      "system": 0.0797939,
      "min": 1.0213128959000002,
      "max": 1.1143417009,
      "times": [
        1.1143417009,
        1.0566701659000002,
        1.0878374859000002,
        1.0625754409000001,
        1.0673956549,
        1.0775699959,
        1.0723366839000001,
        1.0654837309,
        1.0213128959000002,
        1.0762066799
      ],
      "exit_codes": [
        0,
        0,
        0,
        0,
        0,
        0,
        0,
        0,
        0,
        0
      ],
      "parameters": {
        "VERSION": "3.9.4"
      }
    },
    {
      "command": "3.9.5",
      "mean": 1.0628443814000001,
      "stddev": 0.022621271004108188,
      "median": 1.0653750644,
      "user": 3.36280544,
      "system": 0.08486210000000001,
      "min": 1.0234634349,
      "max": 1.0928667939,
      "times": [
        1.0432890819,
        1.0928667939,
        1.0832125489000002,
        1.0626524209000001,
        1.0457278919000002,
        1.0680977079,
        1.0833182969000001,
        1.0804609259000002,
        1.0453547109,
        1.0234634349
      ],
      "exit_codes": [
        0,
        0,
        0,
        0,
        0,
        0,
        0,
        0,
        0,
        0
      ],
      "parameters": {
        "VERSION": "3.9.5"
      }
    },
    {
      "command": "4.0.0-alpha-7",
      "mean": 1.3316435048,
      "stddev": 0.027558678153914738,
      "median": 1.3409148594000002,
      "user": 4.1844667399999995,
      "system": 0.1328318,
      "min": 1.2844333299000001,
      "max": 1.3643204339000001,
      "times": [
        1.2844333299000001,
        1.3643204339000001,
        1.3042304369000002,
        1.3437180759,
        1.3438845709000002,
        1.3639064539,
        1.3224504329000002,
        1.3006549649,
        1.3507247059000003,
        1.3381116429000002
      ],
      "exit_codes": [
        0,
        0,
        0,
        0,
        0,
        0,
        0,
        0,
        0,
        0
      ],
      "parameters": {
        "VERSION": "4.0.0-alpha-7"
      }
    },
    {
      "command": "4.0.0-alpha-8",
      "mean": 1.4031436607,
      "stddev": 0.03969816606668104,
      "median": 1.3993792454,
      "user": 4.38582594,
      "system": 0.12073399999999998,
      "min": 1.3374888069000002,
      "max": 1.4685676459,
      "times": [
        1.3873626929,
        1.3866102519,
        1.4270512859000002,
        1.4402770439,
        1.3374888069000002,
        1.3626533949000001,
        1.4685676459,
        1.3785080089000001,
        1.4315216779000002,
        1.4113957979
      ],
      "exit_codes": [
        0,
        0,
        0,
        0,
        0,
        0,
        0,
        0,
        0,
        0
      ],
      "parameters": {
        "VERSION": "4.0.0-alpha-8"
      }
    }
  ]
}
