{
  "results": [
    {
      "command": "3.0.5",
      "mean": 0.89683857794,
      "stddev": 0.016105948409155288,
      "median": 0.89629136474,
      "user": 3.01557142,
      "system": 0.11630038000000001,
      "min": 0.86881786924,
      "max": 0.92197823224,
      "times": [
        0.89182355224,
        0.8986775462400001,
        0.86881786924,
        0.87817491224,
        0.89713842424,
        0.89300508424,
        0.8954443052400001,
        0.90516927924,
        0.92197823224,
        0.91815657424
      ],
      "exit_codes": [
        0,
        0,
        0,
        0,
        0,
        0,
        0,
        0,
        0,
        0
      ],
      "parameters": {
        "VERSION": "3.0.5"
      }
    },
    {
      "command": "3.1.1",
      "mean": 0.95211787874,
      "stddev": 0.02075347865713266,
      "median": 0.94967196674,
      "user": 3.25562702,
      "system": 0.12537698,
      "min": 0.91936489524,
      "max": 0.9861427192400001,
      "times": [
        0.96897913524,
        0.91936489524,
        0.96605313524,
        0.9447910202400001,
        0.94106345024,
        0.95438536824,
        0.96889171624,
        0.92654878224,
        0.94495856524,
        0.9861427192400001
      ],
      "exit_codes": [
        0,
        0,
        0,
        0,
        0,
        0,
        0,
        0,
        0,
        0
      ],
      "parameters": {
        "VERSION": "3.1.1"
      }
    },
    {
      "command": "3.2.5",
      "mean": 1.01260936134,
      "stddev": 0.01642292038355312,
      "median": 1.0116522517400002,
      "user": 3.5269150200000006,
      "system": 0.14147008,
      "min": 0.98046652724,
      "max": 1.03342478324,
      "times": [
        1.00508416024,
        1.0125876092400001,
        1.02971154424,
        1.02487358124,
        0.9978392862400001,
        0.98046652724,
        1.01071689424,
        1.03342478324,
        1.02619861924,
        1.0051906082400002
      ],
      "exit_codes": [
        0,
        0,
        0,
        0,
        0,
        0,
        0,
        0,
        0,
        0
      ],
      "parameters": {
        "VERSION": "3.2.5"
      }
    },
    {
      "command": "3.3.9",
      "mean": 1.03515382984,
      "stddev": 0.018812801874038738,
      "median": 1.0313752737400002,
      "user": 3.63719522,
      "system": 0.12960518,
      "min": 1.01097080824,
      "max": 1.06374470124,
      "times": [
        1.06374470124,
        1.03235050024,
        1.0431158412400001,
        1.0304000472400001,
        1.0291579882400002,
        1.01356396624,
        1.01097080824,
        1.0628286522400001,
        1.04700681524,
        1.01839897824
      ],
      "exit_codes": [
        0,
        0,
        0,
        0,
        0,
        0,
        0,
        0,
        0,
        0
      ],
      "parameters": {
        "VERSION": "3.3.9"
      }
    },
    {
      "command": "3.5.4",
      "mean": 1.06368009534,
      "stddev": 0.023705723305334103,
      "median": 1.0576537577400003,
      "user": 3.743873620000001,
      "system": 0.17958228000000004,
      "min": 1.03857412024,
      "max": 1.10391777824,
      "times": [
        1.03857412024,
        1.0428318862400001,
        1.03951411824,
        1.0578402932400002,
        1.0559113612400002,
        1.10391777824,
        1.0574672222400001,
        1.0637233802400001,
        1.07395906424,
        1.10306172924
      ],
      "exit_codes": [
        0,
        0,
        0,
        0,
        0,
        0,
        0,
        0,
        0,
        0
      ],
      "parameters": {
        "VERSION": "3.5.4"
      }
    },
    {
      "command": "3.6.3",
      "mean": 1.0528513612400001,
      "stddev": 0.028077592880203995,
      "median": 1.05994679674,
      "user": 3.6641157199999994,
      "system": 0.16454098,
      "min": 1.00651728624,
      "max": 1.10175851024,
      "times": [
        1.06026322424,
        1.00651728624,
        1.04275107824,
        1.10175851024,
        1.0652793042400002,
        1.06530261324,
        1.0554821112400001,
        1.05963036924,
        1.06271982524,
        1.00880929024
      ],
      "exit_codes": [
        0,
        0,
        0,
        0,
        0,
        0,
        0,
        0,
        0,
        0
      ],
      "parameters": {
        "VERSION": "3.6.3"
      }
    },
    {
      "command": "3.8.1",
      "mean": 1.0376221728400001,
      "stddev": 0.021605972511775665,
      "median": 1.0432077882400002,
      "user": 3.5985206199999995,
      "system": 0.17233447999999998,
      "min": 0.99686921924,
      "max": 1.06247805124,
      "times": [
        1.03941944024,
        1.05085003224,
        1.06247805124,
        1.02739283924,
        0.99686921924,
        1.00897508724,
        1.0581649052400002,
        1.04699613624,
        1.0311135312400002,
        1.05396248624
      ],
      "exit_codes": [
        0,
        0,
        0,
        0,
        0,
        0,
        0,
        0,
        0,
        0
      ],
      "parameters": {
        "VERSION": "3.8.1"
      }
    },
    {
      "command": "3.8.2",
      "mean": 1.0298126866400001,
      "stddev": 0.026991081688527156,
      "median": 1.02678592524,
      "user": 3.61409142,
      "system": 0.10478037999999998,
      "min": 0.99721916024,
      "max": 1.08798577324,
      "times": [
        1.0360614592400001,
        0.99721916024,
        1.0234835152400001,
        1.0217172382400002,
        1.00157796424,
        1.0069884042400001,
        1.03008833524,
        1.0532202052400002,
        1.03978481124,
        1.08798577324
      ],
      "exit_codes": [
        0,
        0,
        0,
        0,
        0,
        0,
        0,
        0,
        0,
        0
      ],
      "parameters": {
        "VERSION": "3.8.2"
      }
    },
    {
      "command": "3.8.3",
      "mean": 1.0003121189399997,
      "stddev": 0.029117843750327648,
      "median": 1.00025439774,
      "user": 3.4409776200000004,
      "system": 0.09304858,
      "min": 0.94078140724,
      "max": 1.0538850582400001,
      "times": [
        0.99618094624,
        0.99038619624,
        1.01320956324,
        1.00210138324,
        0.9984074122400001,
        1.01819931324,
        0.97838373624,
        1.0538850582400001,
        1.01158617324,
        0.94078140724
      ],
      "exit_codes": [
        0,
        0,
        0,
        0,
        0,
        0,
        0,
        0,
        0,
        0
      ],
      "parameters": {
        "VERSION": "3.8.3"
      }
    },
    {
      "command": "3.8.4",
      "mean": 1.0186652545400001,
      "stddev": 0.04517583928644922,
      "median": 1.02009056774,
      "user": 3.55246252,
      "system": 0.11467387999999998,
      "min": 0.96257088924,
      "max": 1.12737539024,
      "times": [
        0.96257088924,
        0.97106624324,
        1.03518925124,
        1.00508297924,
        1.01840719824,
        1.02177393724,
        0.99454792624,
        1.12737539024,
        1.02556403324,
        1.02507469724
      ],
      "exit_codes": [
        0,
        0,
        0,
        0,
        0,
        0,
        0,
        0,
        0,
        0
      ],
      "parameters": {
        "VERSION": "3.8.4"
      }
    },
    {
      "command": "3.8.5",
      "mean": 0.9977723666399999,
      "stddev": 0.022946458436879986,
      "median": 0.99795562874,
      "user": 3.40365202,
      "system": 0.11064218,
      "min": 0.96994195124,
      "max": 1.03551363424,
      "times": [
        1.02147116324,
        1.03551363424,
        0.98058645324,
        0.9748585522400001,
        1.0212816582400002,
        0.97406974124,
        0.9992635522399999,
        0.96994195124,
        1.00408925524,
        0.99664770524
      ],
      "exit_codes": [
        0,
        0,
        0,
        0,
        0,
        0,
        0,
        0,
        0,
        0
      ],