{
  "results": [
    {
      "command": "3.0.5",
      "mean": 0.7010718995600002,
      "stddev": 0.018636491606872543,
      "median": 0.6996438329600001,
      "user": 1.8322422999999997,
      "system": 0.13432666000000001,
      "min": 0.6752109349600001,
      "max": 0.7253132519600001,
      "times": [
        0.7010160459600001,
        0.6982716199600001,
        0.6977182419600001,
        0.6823781589600001,
        0.72330758796,
        0.72512024496,
        0.68040039496,
        0.6752109349600001,
        0.7019825139600001,
        0.7253132519600001
      ],
      "exit_codes": [
        0,
        0,
        0,
        0,
        0,
        0,
        0,
        0,
        0,
        0
      ],
      "parameters": {
        "VERSION": "3.0.5"
      }
    },
    {
      "command": "3.6.3",
      "mean": 0.8523355414600001,
      "stddev": 0.017157847140607765,
      "median": 0.8597274539600002,
      "user": 2.4780960999999997,
      "system": 0.14556476,
      "min": 0.8151733629600001,
      "max": 0.8713393599600001,
      "times": [
        0.8337783709600001,
        0.8713393599600001,
        0.8151733629600001,
        0.84182454496,
        0.8532219299600001,
        0.86024694696,
        0.8601078299600001,
        0.8640678779600001,
        0.8593470779600001,
        0.86424811296
      ],
      "exit_codes": [
        0,
        0,
        0,
        0,
        0,
        0,
        0,
        0,
        0,
        0
      ],
      "parameters": {
        "VERSION": "3.6.3"
      }
    },
    {
      "command": "3.8.8",
      "mean": 0.8184114785600002,
      "stddev": 0.011186102979626626,
      "median": 0.8177013054600001,
      "user": 2.3883308999999993,
      "system": 0.10376196,
      "min": 0.8045219409600001,
      "max": 0.8431385639600001,
      "times": [
        0.8131309519600001,
        0.82125085196,
        0.8187021419600001,
        0.8045219409600001,
        0.81670046896,
        0.8253925269600001,
        0.8086044159600001,
        0.8431385639600001,
        0.80829503296,
        0.82437788996
      ],
      "exit_codes": [
        0,
        0,
        0,
        0,
        0,
        0,
        0,
        0,
        0,
        0
      ],
      "parameters": {
        "VERSION": "3.8.8"
      }
    },
    {
      "command": "3.9.9",
      "mean": 1.0093659439600002,
      "stddev": 0.037888997911012544,
      "median": 0.99628454746,
      "user": 3.0078796999999997,
      "system": 0.11792926,
      "min": 0.9606274949600001,
      "max": 1.06283845296,
      "times": [
        1.02891616896,
        0.9606274949600001,
        1.04910858896,
        0.9808996099600001,
        0.9800168399600001,
        1.01030726896,
        1.06283845296,
        0.9822618259600001,
        0.9798605729600001,
        1.0588226159599998
      ],
      "exit_codes": [
        0,
        0,
        0,
        0,
        0,
        0,
        0,
        0,
        0,
        0
      ],
      "parameters": {
        "VERSION": "3.9.9"
      }
    },
    {
      "command": "4.0.0-alpha-13",
      "mean": 1.4536121708599998,
      "stddev": 0.05651893388263914,
      "median": 1.45666893746,
      "user": 4.875337399999999,
      "system": 0.20522855999999998,
      "min": 1.36712802296,
      "max": 1.55077594496,
      "times": [
        1.48937568596,
        1.4415846909599999,
        1.55077594496,
        1.41916508996,
        1.47175318396,
        1.4125576919599998,
        1.39583968896,
        1.36712802296,
        1.5114213349599999,
        1.47652037396
      ],
      "exit_codes": [
        0,
        0,
        0,
        0,
        0,
        0,
        0,
        0,
        0,
        0
      ],
      "parameters": {
        "VERSION": "4.0.0-alpha-13"
      }
    },
    {
      "command": "4.0.0-beta-3",
      "mean": 1.49136450806,
      "stddev": 0.037342116644960704,
      "median": 1.49635066846,
      "user": 4.8454813,
      "system": 0.22200796,
      "min": 1.42054788796,
      "max": 1.54015344096,
      "times": [
        1.50242245296,
        1.4842243739599998,
        1.54015344096,
        1.5163378319599998,
        1.49027888396,
        1.42054788796,
        1.44688895896,
        1.50468848996,
        1.53470205596,
        1.47340070396
      ],
      "exit_codes": [
        0,
        0,
        0,
        0,
        0,
        0,
        0,
        0,
        0,
        0
      ],
      "parameters": {
        "VERSION": "4.0.0-beta-3"
      }
    },
    {
      "command": "4.0.0-beta-4",
      "mean": 1.53737346336,
      "stddev": 0.039924503072850455,
      "median": 1.5412600934599998,
      "user": 5.0631024,
      "system": 0.22176836,
      "min": 1.47160868696,
      "max": 1.5981616639599998,
      "times": [
        1.56101731896,
        1.5459388159599998,
        1.47160868696,
        1.50502901996,
        1.51966993396,
        1.4952851599599999,
        1.5365813709599998,
        1.5844250219599998,
        1.55601764096,
        1.5981616639599998
      ],
      "exit_codes": [
        0,
        0,
        0,
        0,
        0,
        0,
        0,
        0,
        0,
        0
      ],
      "parameters": {
        "VERSION": "4.0.0-beta-4"
      }
    }
  ]
}
