{
  "results": [
    {
      "command": "3.0.5",
      "mean": 0.9313198875000002,
      "stddev": 0.020528579317791226,
      "median": 0.9289117132000001,
      "user": 2.9520443,
      "system": 0.17971924,
      "min": 0.9018231052000001,
      "max": 0.9649323712000001,
      "times": [
        0.9649323712000001,
        0.9267905782000001,
        0.9174299782,
        0.9310328482000001,
        0.9541020852000001,
        0.9522511182000001,
        0.9018231052000001,
        0.9256687142000001,
        0.9070366032,
        0.9321314732
      ],
      "exit_codes": [
        0,
        0,
        0,
        0,
        0,
        0,
        0,
        0,
        0,
        0
      ],
      "parameters": {
        "VERSION": "3.0.5"
      }
    },
    {
      "command": "3.1.1",
      "mean": 0.9887885856,
      "stddev": 0.013969302128314525,
      "median": 0.9948997307,
      "user": 3.1946486,
      "system": 0.15947364,
      "min": 0.9629705772,
      "max": 1.0023846702,
      "times": [
        0.9949336242000001,
        0.9953059262,
        0.9690669032,
        0.9772140422000001,
        0.9907226342000001,
        0.9999997952,
        1.0023846702,
        1.0004218462,
        0.9948658372000001,
        0.9629705772
      ],
      "exit_codes": [
        0,
        0,
        0,
        0,
        0,
        0,
        0,
        0,
        0,
        0
      ],
      "parameters": {
        "VERSION": "3.1.1"
      }
    },
    {
      "command": "3.2.5",
      "mean": 1.0296893234000002,
      "stddev": 0.020483425891475768,
      "median": 1.0235759667000002,
      "user": 3.4196405999999997,
      "system": 0.16584704,
      "min": 1.0078641412,
      "max": 1.0769369752000002,
      "times": [
        1.0432081592000002,
        1.0399226272000002,
        1.0148713462,
        1.0205861222000001,
        1.0265658112,
        1.0168181292,
        1.0364452882000001,
        1.0136746342,
        1.0769369752000002,
        1.0078641412
      ],
      "exit_codes": [
        0,
        0,
        0,
        0,
        0,
        0,
        0,
        0,
        0,
        0
      ],
      "parameters": {
        "VERSION": "3.2.5"
      }
    },
    {
      "command": "3.3.9",
      "mean": 1.0492180384,
      "stddev": 0.010153691955930117,
      "median": 1.0500938182000001,
      "user": 3.4505879999999998,
      "system": 0.18925463999999997,
      "min": 1.0316446722000001,
      "max": 1.0667609452000002,
      "times": [
        1.0390463772,
        1.0459269352,
        1.0415524282000002,
        1.0564933672,
        1.0570321452,
        1.0667609452000002,
        1.0486661722000001,
        1.0515214642000001,
        1.0535358772,
        1.0316446722000001
      ],
      "exit_codes": [
        0,
        0,
        0,
        0,
        0,
        0,
        0,
        0,
        0,
        0
      ],
      "parameters": {
        "VERSION": "3.3.9"
      }
    },
    {
      "command": "3.5.4",
      "mean": 1.1082100875000003,
      "stddev": 0.02227768145721921,
      "median": 1.1091455287,
      "user": 3.6866389999999996,
      "system": 0.24638874,
      "min": 1.0712047312000001,
      "max": 1.1531160632000002,
      "times": [
        1.1279254762000002,
        1.0949760022000001,
        1.1134532082000002,
        1.1151364672000001,
        1.0960701162000002,
        1.1128310912000001,
        1.0712047312000001,
        1.1054599662000002,
        1.0919277532,
        1.1531160632000002
      ],
      "exit_codes": [
        0,
        0,
        0,
        0,
        0,
        0,
        0,
        0,
        0,
        0
      ],
      "parameters": {
        "VERSION": "3.5.4"
      }
    },
    {
      "command": "3.6.3",
      "mean": 1.0633261584000002,
      "stddev": 0.016766240128581803,
      "median": 1.0706667142000001,
      "user": 3.4396988,
      "system": 0.25457294,
      "min": 1.0338070762,
      "max": 1.0832603522000002,
      "times": [
        1.0757188092,
        1.0338070762,
        1.0584783162,
        1.0484050912,
        1.0419264252,
        1.0733639662,
        1.0745090782000002,
        1.0758230072000001,
        1.0832603522000002,
        1.0679694622000002
      ],
      "exit_codes": [
        0,
        0,
        0,
        0,
        0,
        0,
        0,
        0,
        0,
        0
      ],
      "parameters": {
        "VERSION": "3.6.3"
      }
    },
    {
      "command": "3.8.1",
      "mean": 1.054344999,
      "stddev": 0.020838959715004123,
      "median": 1.0552876657,
      "user": 3.4143668,
      "system": 0.24273403999999998,
      "min": 1.0132692702000001,
      "max": 1.0869372762,
      "times": [
        1.0869372762,
        1.0493004922,
        1.0427121462000002,
        1.0634969082,
        1.0631433552,
        1.0772611742,
        1.0558257282,
        1.0367540362,
        1.0547496032,
        1.0132692702000001
      ],
      "exit_codes": [
        0,
        0,
        0,
        0,
        0,
        0,
        0,
        0,
        0,
        0
      ],
      "parameters": {
        "VERSION": "3.8.1"
      }
    },
    {
      "command": "3.8.2",
      "mean": 1.0117168027,
      "stddev": 0.024599297830232885,
      "median": 1.0110839062,
      "user": 3.3038837,
      "system": 0.14129024,
      "min": 0.9714380932000001,
      "max": 1.0616117812,
      "times": [
        1.0237766022,
        1.0319014102000001,
        0.9994747742,
        1.0090933082000002,
        1.0172386462,
        0.9917333952,
        1.0616117812,
        0.9978255122,
        1.0130745042,
        0.9714380932000001
      ],
      "exit_codes": [
        0,
        0,
        0,
        0,
        0,
        0,
        0,
        0,
        0,
        0
      ],
      "parameters": {
        "VERSION": "3.8.2"
      }
    },
    {
      "command": "3.8.3",
      "mean": 0.9920468418,
      "stddev": 0.017970482780523378,
      "median": 0.9871756077,
      "user": 3.2609377999999998,
      "system": 0.12673204,
      "min": 0.9696700852000001,
      "max": 1.0184528172,
      "times": [
        0.9776331082,
        0.9696700852000001,
        1.0184528172,
        1.0036178072000002,
        0.9774762312,
        0.9762480112,
        0.9928570992000001,
        1.0157100822,
        1.0073090602,
        0.9814941162
      ],
      "exit_codes": [
        0,
        0,
        0,
        0,
        0,
        0,
        0,
        0,
        0,
        0
      ],
      "parameters": {
        "VERSION": "3.8.3"
      }
    },
    {
      "command": "3.8.4",
      "mean": 0.9924402553,
      "stddev": 0.01206356947936099,
      "median": 0.9909049402000001,
      "user": 3.2570048999999996,
      "system": 0.14510843999999998,
      "min": 0.9696581762,
      "max": 1.0121485152,
      "times": [
        0.9942765262000001,
        1.0019573252,
        1.0023221572,
        0.9875333542000001,
        0.9696581762,
        1.0121485152,
        0.9993417472,
        0.9852932672000001,
        0.9872251522000001,
        0.9846463322000001
      ],
      "exit_codes": [
        0,
        0,
        0,
        0,
        0,
        0,
        0,
        0,
        0,
        0
      ],
      "parameters": {
        "VERSION": "3.8.4"
      }
    },
    {
      "command": "3.8.5",
      "mean": 1.0045107701999998,
      "stddev": 0.02833907258125816,
      "median": 0.9977752987,
      "user": 3.2576172,
      "system": 0.13948754,
      "min": 0.9675630942000001,
      "max": 1.0586230622000001,
      "times": [
        0.9675630942000001,
        1.0021758502,
        0.9993098572,
        0.9836573052,
        1.0586230622000001,
        1.0268729702000001,
        0.9794994832,
        0.9929101282,
        1.0382552112,
        0.9962407402000001
      ],
      "exit_codes": [
        0,
        0,
        0,
        0,
        0,
        0,
        0,
        0,
        0,
        0
      ],