{
  "results": [
    {
      "command": "3.0.5",
      "mean": 2.9526493139800003,
      "stddev": 0.03878089588983051,
      "median": 2.95165924198,
      "user": 9.28068484,
      "system": 0.7246870599999999,
      "min": 2.89564889948,
      "max": 3.01558405948,
      "times": [
        2.97979792948,
        2.90392670448,
        2.92644908548,
        2.94445437148,
        3.01558405948,
        2.9328679644799998,
        2.98654152248,
        2.98235849048,
        2.89564889948,
        2.9588641124799997
      ],
      "exit_codes": [
        0,
        0,
        0,
        0,
        0,
        0,
        0,
        0,
        0,
        0
      ],
      "parameters": {
        "VERSION": "3.0.5"
      }
    },
    {
      "command": "3.1.1",
      "mean": 4.37927392528,
      "stddev": 0.038534330415617435,
      "median": 4.376233876980001,
      "user": 13.379252439999998,
      "system": 1.0953337599999997,
      "min": 4.32636841448,
      "max": 4.44394676948,
      "times": [
        4.36716242548,
        4.39962017148,
        4.32636841448,
        4.41753766048,
        4.35183656548,
        4.41108966148,
        4.38530532848,
        4.35488886348,
        4.44394676948,
        4.33498339248
      ],
      "exit_codes": [
        0,
        0,
        0,
        0,
        0,
        0,
        0,
        0,
        0,
        0
      ],
      "parameters": {
        "VERSION": "3.1.1"
      }
    },
    {
      "command": "3.2.5",
      "mean": 4.53187462978,
      "stddev": 0.025675843605041663,
      "median": 4.5365585054799995,
      "user": 14.14472854,
      "system": 1.1031086599999997,
      "min": 4.47677942648,
      "max": 4.56511266848,
      "times": [
        4.53278170948,
        4.52269768748,
        4.47677942648,
        4.55315219948,
        4.56511266848,
        4.54454507248,
        4.5472210004799996,
        4.53583847748,
        4.537278533479999,
        4.50333952248
      ],
      "exit_codes": [
        0,
        0,
        0,
        0,
        0,
        0,
        0,
        0,
        0,
        0
      ],
      "parameters": {
        "VERSION": "3.2.5"
      }
    },
    {
      "command": "3.3.9",
      "mean": 4.601058404179999,
      "stddev": 0.05350644215520139,
      "median": 4.59772997198,
      "user": 14.38490864,
      "system": 1.09101316,
      "min": 4.51996144148,
      "max": 4.68297843648,
      "times": [
        4.68297843648,
        4.51996144148,
        4.59045105248,
        4.6604295764799994,
        4.61765463248,
        4.59990972048,
        4.59555022348,
        4.53560156248,
        4.55802307448,
        4.65002432148
      ],
      "exit_codes": [
        0,
        0,
        0,
        0,
        0,
        0,
        0,
        0,
        0,
        0
      ],
      "parameters": {
        "VERSION": "3.3.9"
      }
    },
    {
      "command": "3.5.4",
      "mean": 4.10593823558,
      "stddev": 0.06508591914552726,
      "median": 4.10661878598,
      "user": 11.818412539999999,
      "system": 1.7497057599999999,
      "min": 3.99937961048,
      "max": 4.19257488848,
      "times": [
        4.1299770344799995,
        4.0488123494799995,
        4.15787580448,
        4.08326053748,
        3.99937961048,
        4.07754007248,
        4.1308186094799995,
        4.1917336574799995,
        4.19257488848,
        4.04740979148
      ],
      "exit_codes": [
        0,
        0,
        0,
        0,
        0,
        0,
        0,
        0,
        0,
        0
      ],
      "parameters": {
        "VERSION": "3.5.4"
      }
    },
    {
      "command": "3.6.3",
      "mean": 3.91120073068,
      "stddev": 0.03535157502371141,
      "median": 3.9122996729799997,
      "user": 11.19451054,
      "system": 1.7130544599999997,
      "min": 3.8510005394799998,
      "max": 3.9524910324799998,
      "times": [
        3.90774451448,
        3.89292142348,
        3.94904900448,
        3.9524910324799998,
        3.91227707848,
        3.8510005394799998,
        3.94972778648,
        3.92333403948,
        3.91232226748,
        3.86113962048
      ],
      "exit_codes": [
        0,
        0,
        0,
        0,
        0,
        0,
        0,
        0,
        0,
        0
      ],
      "parameters": {
        "VERSION": "3.6.3"
      }
    },
    {
      "command": "3.8.1",
      "mean": 3.96768804228,
      "stddev": 0.07797573423560059,
      "median": 3.9546629164800002,
      "user": 11.29725694,
      "system": 1.6786272599999996,
      "min": 3.8753888544799997,
      "max": 4.11145380548,
      "times": [
        4.06739554148,
        4.02257959448,
        3.97021317548,
        3.89074610448,
        3.91576988548,
        3.97238098548,
        3.93911265748,
        3.8753888544799997,
        4.11145380548,
        3.91183981848
      ],
      "exit_codes": [
        0,
        0,
        0,
        0,
        0,
        0,
        0,
        0,
        0,
        0
      ],
      "parameters": {
        "VERSION": "3.8.1"
      }
    },
    {
      "command": "3.8.2",
      "mean": 3.28710551518,
      "stddev": 0.050813520761528855,
      "median": 3.2783395239799997,
      "user": 10.510083539999998,
      "system": 0.6162129599999998,
      "min": 3.20387170448,
      "max": 3.38275080848,
      "times": [
        3.26549396448,
        3.2650564054799998,
        3.35063945348,
        3.27827382548,
        3.29309404648,
        3.24700444948,
        3.27840522248,
        3.30646527148,
        3.20387170448,
        3.38275080848
      ],
      "exit_codes": [
        0,
        0,
        0,
        0,
        0,
        0,
        0,
        0,
        0,
        0
      ],
      "parameters": {
        "VERSION": "3.8.2"
      }
    },
    {
      "command": "3.8.3",
      "mean": 2.5362058515799997,
      "stddev": 0.03674353416057329,
      "median": 2.53829617848,
      "user": 9.70690894,
      "system": 0.54282716,
      "min": 2.48280698748,
      "max": 2.59070015048,
      "times": [
        2.50958315848,
        2.55049556648,
        2.57832122248,
        2.49589284048,
        2.55530132348,
        2.59070015048,
        2.52609679048,
        2.5085826124799997,
        2.56427786348,
        2.48280698748
      ],
      "exit_codes": [
        0,
        0,
        0,
        0,
        0,
        0,
        0,
        0,
        0,
        0
      ],
      "parameters": {
        "VERSION": "3.8.3"
      }
    },
    {
      "command": "3.8.4",
      "mean": 2.54745881618,
      "stddev": 0.03314955949539208,
      "median": 2.54878892198,
      "user": 9.700629039999999,
      "system": 0.54889206,
      "min": 2.50307177148,
      "max": 2.59647883548,
      "times": [
        2.53301112848,
        2.53955062448,
        2.55802721948,
        2.57189627348,
        2.59647883548,
        2.51015654548,
        2.57547124948,
        2.5775841794799996,
        2.50307177148,
        2.50934033448
      ],
      "exit_codes": [
        0,
        0,
        0,
        0,
        0,
        0,
        0,
        0,
        0,
        0
      ],
      "parameters": {
        "VERSION": "3.8.4"
      }
    },
    {
      "command": "3.8.5",
      "mean": 2.5266259779799998,
      "stddev": 0.031361493757822996,
      "median": 2.5402836119799996,
      "user": 9.68937244,
      "system": 0.5276436599999998,
      "min": 2.48475480248,
      "max": 2.56452799648,
      "times": [
        2.49656957448,
        2.55199596148,
        2.5453837774799997,
        2.56452799648,
        2.5355324584799996,
        2.48663497748,
        2.49839619248,
        2.48475480248,
        2.5450347654799996,
        2.55742927348
      ],
      "exit_codes": [
        0,
        0,
        0,
        0,
        0,
        0,
        0,
        0,
        0,
        0
      ],
      "parameters": {
        "VERSION": "3.8.5"
      }
    },
    {
      "command": "3.8.6",