{
  "results": [
    {
      "command": "3.0.5",
      "mean": 1.4978853418799998,
      "stddev": 0.04440567011501995,
      "median": 1.4773723485799999,
      "user": 5.27671012,
      "system": 0.32557875999999997,
      "min": 1.45153243558,
      "max": 1.59248624958,
      "times": [
        1.47216542058,
        1.47033922458,
        1.55821924658,
        1.49750068558,
        1.50873924058,
        1.59248624958,
        1.45153243558,
        1.47312621858,
        1.48018572258,
        1.47455897458
      ],
      "exit_codes": [
        0,
        0,
        0,
        0,
        0,
        0,
        0,
        0,
        0,
        0
      ],
      "parameters": {
        "VERSION": "3.0.5"
      }
    },
    {
      "command": "3.1.1",
      "mean": 1.7374197219800003,
      "stddev": 0.019570698845400608,
      "median": 1.7418205120799999,
      "user": 6.38105272,
      "system": 0.41330896,
      "min": 1.71076664858,
      "max": 1.76280961358,
      "times": [
        1.74892333158,
        1.76280961358,
        1.73488198958,
        1.72682684058,
        1.75526111058,
        1.71188499158,
        1.71778187258,
        1.74875903458,
        1.71076664858,
        1.75630178658
      ],
      "exit_codes": [
        0,
        0,
        0,
        0,
        0,
        0,
        0,
        0,
        0,
        0
      ],
      "parameters": {
        "VERSION": "3.1.1"
      }
    },
    {
      "command": "3.2.5",
      "mean": 1.8154499302800002,
      "stddev": 0.037341622706496554,
      "median": 1.80850655308,
      "user": 6.780455219999999,
      "system": 0.44114855999999997,
      "min": 1.78134014758,
      "max": 1.88968691858,
      "times": [
        1.7884672405800002,
        1.78619631358,
        1.80898953658,
        1.88968691858,
        1.87465072258,
        1.81764429358,
        1.78134014758,
        1.78995923458,
        1.8095413255800001,
        1.80802356958
      ],
      "exit_codes": [
        0,
        0,
        0,
        0,
        0,
        0,
        0,
        0,
        0,
        0
      ],
      "parameters": {
        "VERSION": "3.2.5"
      }
    },
    {
      "command": "3.3.9",
      "mean": 1.8541333671800004,
      "stddev": 0.009666233108686894,
      "median": 1.85376412458,
      "user": 6.872976919999999,
      "system": 0.46051005999999994,
      "min": 1.83902263958,
      "max": 1.8741323945800001,
      "times": [
        1.86119918858,
        1.8493835765800002,
        1.85002133258,
        1.84449124158,
        1.85410233658,
        1.85904290958,
        1.8534259125800001,
        1.8741323945800001,
        1.83902263958,
        1.85651213958
      ],
      "exit_codes": [
        0,
        0,
        0,
        0,
        0,
        0,
        0,
        0,
        0,
        0
      ],
      "parameters": {
        "VERSION": "3.3.9"
      }
    },
    {
      "command": "3.5.4",
      "mean": 1.9386709957800001,
      "stddev": 0.03492058545825183,
      "median": 1.9275989470800001,
      "user": 6.826677519999999,
      "system": 0.71392576,
      "min": 1.9011743385800002,
      "max": 1.99758018158,
      "times": [
        1.9417836835800002,
        1.9291382915800002,
        1.91564274858,
        1.9175765235800002,
        1.99592361958,
        1.99758018158,
        1.9579865925800002,
        1.9011743385800002,
        1.90384437558,
        1.92605960258
      ],
      "exit_codes": [
        0,
        0,
        0,
        0,
        0,
        0,
        0,
        0,
        0,
        0
      ],
      "parameters": {
        "VERSION": "3.5.4"
      }
    },
    {
      "command": "3.6.3",
      "mean": 1.82451343928,
      "stddev": 0.020843428820841087,
      "median": 1.82240529158,
      "user": 6.44834722,
      "system": 0.6771745599999999,
      "min": 1.79915881858,
      "max": 1.87587972458,
      "times": [
        1.82619789258,
        1.82812326758,
        1.87587972458,
        1.8150973325800002,
        1.83389578258,
        1.82593197858,
        1.81524876058,
        1.8067222305800001,
        1.81887860458,
        1.79915881858
      ],
      "exit_codes": [
        0,
        0,
        0,
        0,
        0,
        0,
        0,
        0,
        0,
        0
      ],
      "parameters": {
        "VERSION": "3.6.3"
      }
    },
    {
      "command": "3.8.1",
      "mean": 1.8719150302799998,
      "stddev": 0.0476623363752104,
      "median": 1.86318834208,
      "user": 6.592622520000001,
      "system": 0.71064946,
      "min": 1.82689068658,
      "max": 1.98894874458,
      "times": [
        1.87239671658,
        1.83547230458,
        1.98894874458,
        1.82689068658,
        1.90245080858,
        1.86332688858,
        1.82813688658,
        1.86304979558,
        1.88297309758,
        1.85550437358
      ],
      "exit_codes": [
        0,
        0,
        0,
        0,
        0,
        0,
        0,
        0,
        0,
        0
      ],
      "parameters": {
        "VERSION": "3.8.1"
      }
    },
    {
      "command": "3.8.2",
      "mean": 1.61475869848,
      "stddev": 0.01791699000821643,
      "median": 1.6142089095799999,
      "user": 5.80248912,
      "system": 0.29243556,
      "min": 1.5900681675800001,
      "max": 1.6382059145799999,
      "times": [
        1.6382059145799999,
        1.5900681675800001,
        1.5966117235800001,
        1.63200689058,
        1.61385426758,
        1.62067423758,
        1.6145635515799999,
        1.59185981458,
        1.61186687458,
        1.63787554258
      ],
      "exit_codes": [
        0,
        0,
        0,
        0,
        0,
        0,
        0,
        0,
        0,
        0
      ],
      "parameters": {
        "VERSION": "3.8.2"
      }
    },
    {
      "command": "3.8.3",
      "mean": 1.53299153188,
      "stddev": 0.027101813127581014,
      "median": 1.52981198508,
      "user": 5.530665819999999,
      "system": 0.31078496,
      "min": 1.49337491258,
      "max": 1.57840351158,
      "times": [
        1.57840351158,
        1.55702291458,
        1.52982737458,
        1.50833802958,
        1.53570691558,
        1.49337491258,
        1.5297965955800001,
        1.56653317058,
        1.5118559675799998,
        1.51905592658
      ],
      "exit_codes": [
        0,
        0,
        0,
        0,
        0,
        0,
        0,
        0,
        0,
        0
      ],
      "parameters": {
        "VERSION": "3.8.3"
      }
    },
    {
      "command": "3.8.4",
      "mean": 1.5315232762800002,
      "stddev": 0.022874536975684024,
      "median": 1.53382398008,
      "user": 5.567043419999999,
      "system": 0.26007386,
      "min": 1.49756255258,
      "max": 1.5691013305800001,
      "times": [
        1.49756255258,
        1.52828488058,
        1.53936307958,
        1.55057381658,
        1.54010546158,
        1.51244435258,
        1.5691013305800001,
        1.5020382085800001,
        1.55054945758,
        1.52520962258
      ],
      "exit_codes": [
        0,
        0,
        0,
        0,
        0,
        0,
        0,
        0,
        0,
        0
      ],
      "parameters": {
        "VERSION": "3.8.4"
      }
    },
    {
      "command": "3.8.5",
      "mean": 1.5274191910800001,
      "stddev": 0.028447622053864953,
      "median": 1.5280979445799998,
      "user": 5.60469922,
      "system": 0.26265515999999994,
      "min": 1.4880591165800001,
      "max": 1.57541920258,
      "times": [
        1.57541920258,
        1.52349071358,
        1.52842709658,
        1.4880591165800001,
        1.5277687925799999,
        1.56170416458,
        1.5422352425799999,
        1.53481684658,
        1.49794670458,
        1.49432403058
      ],
      "exit_codes": [
        0,
        0,
        0,
        0,
        0,
        0,
        0,
        0,
        0,
        0
      ],