{
  "results": [
    {
      "command": "3.0.5",
      "mean": 1.6335978926999999,
      "stddev": 0.03376539119386255,
      "median": 1.6279431312,
      "user": 5.754332160000001,
      "system": 0.3866619799999999,
      "min": 1.5868955202,
      "max": 1.6881590322,
      "times": [
        1.6821186442,
        1.5916714481999998,
        1.6428051482000001,
        1.6239080812,
        1.6319781812,
        1.6224362662,
        1.6145071312000001,
        1.5868955202,
        1.6514994742,
        1.6881590322
      ],
      "exit_codes": [
        0,
        0,
        0,
        0,
        0,
        0,
        0,
        0,
        0,
        0
      ],
      "parameters": {
        "VERSION": "3.0.5"
      }
    },
    {
      "command": "3.1.1",
      "mean": 1.9964328034,
      "stddev": 0.031255888646681065,
      "median": 1.9877614787,
      "user": 7.33228716,
      "system": 0.5167080799999999,
      "min": 1.9569846812,
      "max": 2.0462816352,
      "times": [
        1.9657092162,
        2.0462816352,
        1.9719459702,
        2.0336553722,
        1.9948001332,
        1.9569846812,
        1.9807228242000001,
        2.0025923412,
        1.9797537672,
        2.0318820932
      ],
      "exit_codes": [
        0,
        0,
        0,
        0,
        0,
        0,
        0,
        0,
        0,
        0
      ],
      "parameters": {
        "VERSION": "3.1.1"
      }
    },
    {
      "command": "3.2.5",
      "mean": 2.0868965422000003,
      "stddev": 0.028769712429743053,
      "median": 2.0887873067000005,
      "user": 7.8438678600000005,
      "system": 0.5490280799999999,
      "min": 2.0449790652,
      "max": 2.1456020532,
      "times": [
        2.0449790652,
        2.0780833182,
        2.0881643212000003,
        2.1456020532,
        2.0462014762000003,
        2.0924184322,
        2.0915240022000003,
        2.0845493662,
        2.0894102922,
        2.1080330952
      ],
      "exit_codes": [
        0,
        0,
        0,
        0,
        0,
        0,
        0,
        0,
        0,
        0
      ],
      "parameters": {
        "VERSION": "3.2.5"
      }
    },
    {
      "command": "3.3.9",
      "mean": 2.1441033582,
      "stddev": 0.039108439911353016,
      "median": 2.1353681782000002,
      "user": 8.12518136,
      "system": 0.5240337799999998,
      "min": 2.0909266572000003,
      "max": 2.2072340462000004,
      "times": [
        2.1720311132,
        2.1405279322000004,
        2.1302084242,
        2.1688354882,
        2.1082149812,
        2.2072340462000004,
        2.1927425852,
        2.1186822342,
        2.1116301202,
        2.0909266572000003
      ],
      "exit_codes": [
        0,
        0,
        0,
        0,
        0,
        0,
        0,
        0,
        0,
        0
      ],
      "parameters": {
        "VERSION": "3.3.9"
      }
    },
    {
      "command": "3.5.4",
      "mean": 2.1808341749,
      "stddev": 0.02629427647350002,
      "median": 2.1777959622000003,
      "user": 7.674078560000001,
      "system": 0.8471351799999999,
      "min": 2.1313999862000004,
      "max": 2.2271315992000003,
      "times": [
        2.1313999862000004,
        2.1791331752,
        2.1898169952,
        2.2055233162000003,
        2.2271315992000003,
        2.1970993942000003,
        2.1740629852000004,
        2.1681136542000004,
        2.1596018942,
        2.1764587492
      ],
      "exit_codes": [
        0,
        0,
        0,
        0,
        0,
        0,
        0,
        0,
        0,
        0
      ],
      "parameters": {
        "VERSION": "3.5.4"
      }
    },
    {
      "command": "3.6.3",
      "mean": 2.085630586,
      "stddev": 0.018967279204633158,
      "median": 2.0914923682,
      "user": 7.298047860000001,
      "system": 0.81216018,
      "min": 2.0444513082,
      "max": 2.1108771692,
      "times": [
        2.0654413752000003,
        2.0847818302000003,
        2.0938160492,
        2.0927308642,
        2.1108771692,
        2.0444513082,
        2.0791705622000003,
        2.1018194502000003,
        2.0929633792,
        2.0902538722000004
      ],
      "exit_codes": [
        0,
        0,
        0,
        0,
        0,
        0,
        0,
        0,
        0,
        0
      ],
      "parameters": {
        "VERSION": "3.6.3"
      }
    },
    {
      "command": "3.8.1",
      "mean": 2.1041758755,
      "stddev": 0.03767549921204706,
      "median": 2.1006398287000003,
      "user": 7.35998496,
      "system": 0.8567287799999999,
      "min": 2.0561726422000004,
      "max": 2.1946796002,
      "times": [
        2.0999339952000002,
        2.1946796002,
        2.0650620942,
        2.0918059862000002,
        2.1041782352,
        2.1013456622000004,
        2.1145520412,
        2.0920631402,
        2.1219653582,
        2.0561726422000004
      ],
      "exit_codes": [
        0,
        0,
        0,
        0,
        0,
        0,
        0,
        0,
        0,
        0
      ],
      "parameters": {
        "VERSION": "3.8.1"
      }
    },
    {
      "command": "3.8.2",
      "mean": 1.8748822449000002,
      "stddev": 0.030288852023887574,
      "median": 1.8740317992,
      "user": 6.9291791599999994,
      "system": 0.3858826799999999,
      "min": 1.8262874592,
      "max": 1.9255903382,
      "times": [
        1.9255903382,
        1.8861860632,
        1.8262874592,
        1.8489945372,
        1.8868168682000002,
        1.8609085772,
        1.9067040312,
        1.8618775351999999,
        1.8503981242,
        1.8950589152000001
      ],
      "exit_codes": [
        0,
        0,
        0,
        0,
        0,
        0,
        0,
        0,
        0,
        0
      ],
      "parameters": {
        "VERSION": "3.8.2"
      }
    },
    {
      "command": "3.8.3",
      "mean": 1.6935799103999998,
      "stddev": 0.03527371071355337,
      "median": 1.6945783817,
      "user": 6.446629759999999,
      "system": 0.3611866799999999,
      "min": 1.6238390922000001,
      "max": 1.7428846582000002,
      "times": [
        1.7428846582000002,
        1.7086041932,
        1.6238390922000001,
        1.6926859662,
        1.6645366172,
        1.7194140992,
        1.6964707972000002,
        1.6907379522,
        1.6658729961999998,
        1.7307527322
      ],
      "exit_codes": [
        0,
        0,
        0,
        0,
        0,
        0,
        0,
        0,
        0,
        0
      ],
      "parameters": {
        "VERSION": "3.8.3"
      }
    },
    {
      "command": "3.8.4",
      "mean": 1.6589535264000002,
      "stddev": 0.029837638185617472,
      "median": 1.6519416877,
      "user": 6.29387976,
      "system": 0.35891537999999995,
      "min": 1.6232770362,
      "max": 1.7111377032000001,
      "times": [
        1.7111377032000001,
        1.6687398982,
        1.6903656802,
        1.6875897672,
        1.6241334552,
        1.6430707221999998,
        1.6584128202,
        1.6232770362,
        1.6373376262000001,
        1.6454705552
      ],
      "exit_codes": [
        0,
        0,
        0,
        0,
        0,
        0,
        0,
        0,
        0,
        0
      ],
      "parameters": {
        "VERSION": "3.8.4"
      }
    },
    {
      "command": "3.8.5",
      "mean": 1.6752994307000002,
      "stddev": 0.03316217141074907,
      "median": 1.6629610391999998,
      "user": 6.3496628600000005,
      "system": 0.3527423799999999,
      "min": 1.6221736822,
      "max": 1.7267316572,
      "times": [
        1.7267316572,
        1.7225277562,
        1.6611378862,
        1.6647841922,
        1.6571957102000001,
        1.6221736822,
        1.7011310182000001,
        1.6543287162,
        1.6569225062000001,
        1.6860611822
      ],
      "exit_codes": [
        0,
        0,
        0,
        0,
        0,
        0,
        0,
        0,
        0,
        0
      ],