{
  "results": [
    {
      "command": "3.0.5",
      "mean": 0.8034679480400001,
      "stddev": 0.019859255387593935,
      "median": 0.79658094814,
      "user": 2.52223168,
      "system": 0.12662427999999998,
      "min": 0.78521055714,
      "max": 0.84738327814,
      "times": [
        0.80165474414,
        0.84738327814,
        0.79759866014,
        0.78521055714,
        0.78831963514,
        0.79299208714,
        0.79537376014,
        0.79556323614,
        0.83115153614,
        0.79943198614
      ],
      "exit_codes": [
        0,
        0,
        0,
        0,
        0,
        0,
        0,
        0,
        0,
        0
      ],
      "parameters": {
        "VERSION": "3.0.5"
      }
    },
    {
      "command": "3.6.3",
      "mean": 1.07549205234,
      "stddev": 0.027105509982484396,
      "median": 1.07255685764,
      "user": 3.5453832800000002,
      "system": 0.24050117999999995,
      "min": 1.04438366814,
      "max": 1.13090426314,
      "times": [
        1.04438366814,
        1.05764937014,
        1.05306996714,
        1.08111863314,
        1.06399508214,
        1.08768091014,
        1.13090426314,
        1.08668922414,
        1.04908239914,
        1.10034700614
      ],
      "exit_codes": [
        0,
        0,
        0,
        0,
        0,
        0,
        0,
        0,
        0,
        0
      ],
      "parameters": {
        "VERSION": "3.6.3"
      }
    },
    {
      "command": "3.8.8",
      "mean": 1.02558448814,
      "stddev": 0.030684291805854837,
      "median": 1.0308761741399999,
      "user": 3.30614638,
      "system": 0.15141217999999998,
      "min": 0.97670610514,
      "max": 1.06718343814,
      "times": [
        0.9966919701400001,
        1.03212597514,
        0.98585004314,
        1.06718343814,
        1.04987670114,
        1.03215501414,
        1.02472606714,
        1.02962637314,
        1.06090319414,
        0.97670610514
      ],
      "exit_codes": [
        0,
        0,
        0,
        0,
        0,
        0,
        0,
        0,
        0,
        0
      ],
      "parameters": {
        "VERSION": "3.8.8"
      }
    },
    {
      "command": "3.9.6",
      "mean": 1.19298894664,
      "stddev": 0.030981963009055626,
      "median": 1.19684903164,
      "user": 3.81863168,
      "system": 0.14890468,
      "min": 1.15481584614,
      "max": 1.25323988314,
      "times": [
        1.17138413014,
        1.15481584614,
        1.19782829414,
        1.19586976914,
        1.21726169114,
        1.16421607714,
        1.20568745114,
        1.21068189414,
        1.25323988314,
        1.15890443014
      ],
      "exit_codes": [
        0,
        0,
        0,
        0,
        0,
        0,
        0,
        0,
        0,
        0
      ],
      "parameters": {
        "VERSION": "3.9.6"
      }
    },
    {
      "command": "4.0.0-alpha-13",
      "mean": 1.6640429149400002,
      "stddev": 0.049986107465498225,
      "median": 1.66719139364,
      "user": 6.817118579999999,
      "system": 0.28883037999999994,
      "min": 1.57990391214,
      "max": 1.75142912614,
      "times": [
        1.71828228814,
        1.68377592214,
        1.66685447614,
        1.60315443114,
        1.65232884514,
        1.6746520041400001,
        1.57990391214,
        1.75142912614,
        1.66752831114,
        1.64251983314
      ],
      "exit_codes": [
        0,
        0,
        0,
        0,
        0,
        0,
        0,
        0,
        0,
        0
      ],
      "parameters": {
        "VERSION": "4.0.0-alpha-13"
      }
    }
  ]
}
