{
  "results": [
    {
      "command": "3.0.5",
      "mean": 0.7527089679400001,
      "stddev": 0.016678200921805865,
      "median": 0.7521033158400001,
      "user": 2.1904638000000003,
      "system": 0.11608340000000002,
      "min": 0.7302790053400001,
      "max": 0.7766701533400001,
      "times": [
        0.7720396303400001,
        0.73707953934,
        0.76697868534,
        0.7381638653400001,
        0.75596279734,
        0.7482438343400001,
        0.7766701533400001,
        0.7302790053400001,
        0.76416914934,
        0.7375030193400001
      ],
      "exit_codes": [
        0,
        0,
        0,
        0,
        0,
        0,
        0,
        0,
        0,
        0
      ],
      "parameters": {
        "VERSION": "3.0.5"
      }
    },
    {
      "command": "3.6.3",
      "mean": 0.97107885854,
      "stddev": 0.03254748109372889,
      "median": 0.9706871903400001,
      "user": 2.9431971999999997,
      "system": 0.19261509999999998,
      "min": 0.9346124113400001,
      "max": 1.03425670134,
      "times": [
        1.03425670134,
        0.9387688753400001,
        0.9762017593400001,
        0.9535692463400001,
        0.9866856893400001,
        0.93486268534,
        0.9346124113400001,
        1.00463874934,
        0.9820198463400001,
        0.96517262134
      ],
      "exit_codes": [
        0,
        0,
        0,
        0,
        0,
        0,
        0,
        0,
        0,
        0
      ],
      "parameters": {
        "VERSION": "3.6.3"
      }
    },
    {
      "command": "3.8.8",
      "mean": 0.93881889054,
      "stddev": 0.012917382903409212,
      "median": 0.9389436163400001,
      "user": 2.8039514999999997,
      "system": 0.1358473,
      "min": 0.9135985213400001,
      "max": 0.9537606723400001,
      "times": [
        0.9535149393400001,
        0.9354557713400001,
        0.9135985213400001,
        0.9369686963400001,
        0.92480753534,
        0.9537606723400001,
        0.9501280453400001,
        0.9459249723400001,
        0.9331112153400001,
        0.9409185363400001
      ],
      "exit_codes": [
        0,
        0,
        0,
        0,
        0,
        0,
        0,
        0,
        0,
        0
      ],
      "parameters": {
        "VERSION": "3.8.8"
      }
    },
    {
      "command": "3.9.9",
      "mean": 1.10514042984,
      "stddev": 0.029092593300948637,
      "median": 1.1137626623399999,
      "user": 3.3757574000000004,
      "system": 0.1475304,
      "min": 1.05486888034,
      "max": 1.14683112634,
      "times": [
        1.1203893813399999,
        1.1305351883399999,
        1.1214962153399999,
        1.11455492434,
        1.1129704003399998,
        1.0825020083399999,
        1.14683112634,
        1.05486888034,
        1.06603361434,
        1.10122255934
      ],
      "exit_codes": [
        0,
        0,
        0,
        0,
        0,
        0,
        0,
        0,
        0,
        0
      ],
      "parameters": {
        "VERSION": "3.9.9"
      }
    },
    {
      "command": "4.0.0-alpha-13",
      "mean": 1.5635538437399998,
      "stddev": 0.02499789927462794,
      "median": 1.56833194934,
      "user": 5.9300665,
      "system": 0.2500173,
      "min": 1.52160418334,
      "max": 1.59939253434,
      "times": [
        1.59939253434,
        1.57317567334,
        1.56641840834,
        1.57024549034,
        1.52160418334,
        1.55694115534,
        1.52351359934,
        1.56008950334,
        1.57540825234,
        1.5887496373399999
      ],
      "exit_codes": [
        0,
        0,
        0,
        0,
        0,
        0,
        0,
        0,
        0,
        0
      ],
      "parameters": {
        "VERSION": "4.0.0-alpha-13"
      }
    },
    {
      "command": "4.0.0-beta-3",
      "mean": 1.6276917094399999,
      "stddev": 0.04084578253051642,
      "median": 1.61611979084,
      "user": 5.8079022,
      "system": 0.22692959999999998,
      "min": 1.58273631534,
      "max": 1.72273831234,
      "times": [
        1.61916944134,
        1.58273631534,
        1.65947424934,
        1.61141964934,
        1.61307014034,
        1.6285363773400001,
        1.60860079334,
        1.72273831234,
        1.58608208734,
        1.64508972834
      ],
      "exit_codes": [
        0,
        0,
        0,
        0,
        0,
        0,
        0,
        0,
        0,
        0
      ],
      "parameters": {
        "VERSION": "4.0.0-beta-3"
      }
    },
    {
      "command": "4.0.0-beta-4",
      "mean": 1.6683107752400002,
      "stddev": 0.0282276264628423,
      "median": 1.67838925184,
      "user": 5.9699883,
      "system": 0.2436655,
      "min": 1.62102508834,
      "max": 1.70585382834,
      "times": [
        1.6552020673399999,
        1.68084045134,
        1.63159354734,
        1.69122010334,
        1.70585382834,
        1.6467164803399998,
        1.62102508834,
        1.67774964134,
        1.69387768234,
        1.67902886234
      ],
      "exit_codes": [
        0,
        0,
        0,
        0,
        0,
        0,
        0,
        0,
        0,
        0
      ],
      "parameters": {
        "VERSION": "4.0.0-beta-4"
      }
    }
  ]
}
