{
  "results": [
    {
      "command": "3.0.5",
      "mean": 1.3404629378200004,
      "stddev": 0.014941007542984783,
      "median": 1.34477765942,
      "user": 4.75163576,
      "system": 0.22652532,
      "min": 1.30205556192,
      "max": 1.35435865792,
      "times": [
        1.34676778692,
        1.3457060819200002,
        1.3434819339200001,
        1.33249563392,
        1.30205556192,
        1.3470250909200001,
        1.3438492369200001,
        1.3520214429200001,
        1.35435865792,
        1.33686795092
      ],
      "exit_codes": [
        0,
        0,
        0,
        0,
        0,
        0,
        0,
        0,
        0,
        0
      ],
      "parameters": {
        "VERSION": "3.0.5"
      }
    },
    {
      "command": "3.1.1",
      "mean": 1.50387291072,
      "stddev": 0.027179553624759375,
      "median": 1.49996832792,
      "user": 5.393133259999999,
      "system": 0.23427142,
      "min": 1.47767598892,
      "max": 1.55442555892,
      "times": [
        1.48222290192,
        1.54868458392,
        1.49903807492,
        1.55442555892,
        1.4781688669200002,
        1.50577993492,
        1.50322330592,
        1.48861130992,
        1.47767598892,
        1.5008985809200002
      ],
      "exit_codes": [
        0,
        0,
        0,
        0,
        0,
        0,
        0,
        0,
        0,
        0
      ],
      "parameters": {
        "VERSION": "3.1.1"
      }
    },
    {
      "command": "3.2.5",
      "mean": 1.6174676008200002,
      "stddev": 0.03612677781977181,
      "median": 1.60748931592,
      "user": 5.93023206,
      "system": 0.26461172,
      "min": 1.5792895019200002,
      "max": 1.69466708992,
      "times": [
        1.5911291019200002,
        1.6017264319200002,
        1.5792895019200002,
        1.61325219992,
        1.5850643959200001,
        1.6367581849200001,
        1.6575637139200001,
        1.6161469429200002,
        1.5990784449200002,
        1.69466708992
      ],
      "exit_codes": [
        0,
        0,
        0,
        0,
        0,
        0,
        0,
        0,
        0,
        0
      ],
      "parameters": {
        "VERSION": "3.2.5"
      }
    },
    {
      "command": "3.3.9",
      "mean": 1.6616688058200002,
      "stddev": 0.03582624718572443,
      "median": 1.6641296949200002,
      "user": 6.340088859999999,
      "system": 0.30494952,
      "min": 1.60923300492,
      "max": 1.7284675609200002,
      "times": [
        1.6851768829200002,
        1.6411426029200002,
        1.6624032209200001,
        1.6694304049200002,
        1.7284675609200002,
        1.69576608292,
        1.6658561689200002,
        1.63548651592,
        1.60923300492,
        1.6237256129200002
      ],
      "exit_codes": [
        0,
        0,
        0,
        0,
        0,
        0,
        0,
        0,
        0,
        0
      ],
      "parameters": {
        "VERSION": "3.3.9"
      }
    },
    {
      "command": "3.5.4",
      "mean": 1.76600937442,
      "stddev": 0.03220567851874569,
      "median": 1.7639578104200002,
      "user": 6.18714696,
      "system": 0.57346052,
      "min": 1.72393807892,
      "max": 1.8281527609200001,
      "times": [
        1.7594826409200002,
        1.77724370092,
        1.80255441392,
        1.7716516129200002,
        1.8281527609200001,
        1.7441173729200001,
        1.7644605239200002,
        1.7250375419200001,
        1.72393807892,
        1.7634550969200002
      ],
      "exit_codes": [
        0,
        0,
        0,
        0,
        0,
        0,
        0,
        0,
        0,
        0
      ],
      "parameters": {
        "VERSION": "3.5.4"
      }
    },
    {
      "command": "3.6.3",
      "mean": 1.7184160892200002,
      "stddev": 0.039270902001692205,
      "median": 1.71556265592,
      "user": 6.20149256,
      "system": 0.54511872,
      "min": 1.66810533692,
      "max": 1.7688191099200001,
      "times": [
        1.6715233149200002,
        1.68623896792,
        1.66810533692,
        1.71200227992,
        1.76502066992,
        1.7514219609200001,
        1.7688191099200001,
        1.75455380792,
        1.68735241192,
        1.71912303192
      ],
      "exit_codes": [
        0,
        0,
        0,
        0,
        0,
        0,
        0,
        0,
        0,
        0
      ],
      "parameters": {
        "VERSION": "3.6.3"
      }
    },
    {
      "command": "3.8.1",
      "mean": 1.74302085962,
      "stddev": 0.055065022376121764,
      "median": 1.7485172439200003,
      "user": 6.198781759999998,
      "system": 0.5948487199999999,
      "min": 1.65324963692,
      "max": 1.8333553979200001,
      "times": [
        1.6750824109200002,
        1.69686575692,
        1.7464029689200002,
        1.8333553979200001,
        1.77829989592,
        1.7919455139200002,
        1.65324963692,
        1.7671648299200002,
        1.73721066592,
        1.7506315189200001
      ],
      "exit_codes": [
        0,
        0,
        0,
        0,
        0,
        0,
        0,
        0,
        0,
        0
      ],
      "parameters": {
        "VERSION": "3.8.1"
      }
    },
    {
      "command": "3.8.2",
      "mean": 1.5679986718199999,
      "stddev": 0.04181715351246466,
      "median": 1.56427888542,
      "user": 5.835178259999999,
      "system": 0.24751292,
      "min": 1.51653131292,
      "max": 1.63450664792,
      "times": [
        1.63450664792,
        1.53214580392,
        1.56739708192,
        1.6241288929200002,
        1.52794359292,
        1.56116068892,
        1.57004310992,
        1.51653131292,
        1.60858097992,
        1.53754860692
      ],
      "exit_codes": [
        0,
        0,
        0,
        0,
        0,
        0,
        0,
        0,
        0,
        0
      ],
      "parameters": {
        "VERSION": "3.8.2"
      }
    },
    {
      "command": "3.8.3",
      "mean": 1.4792724573200002,
      "stddev": 0.026243669646384877,
      "median": 1.47558651792,
      "user": 5.37280916,
      "system": 0.24176852000000007,
      "min": 1.44186655392,
      "max": 1.52111955392,
      "times": [
        1.4917794159200002,
        1.47183975792,
        1.4628699179200002,
        1.51008274492,
        1.47667899192,
        1.47449404392,
        1.44186655392,
        1.52111955392,
        1.49793814092,
        1.44405545192
      ],
      "exit_codes": [
        0,
        0,
        0,
        0,
        0,
        0,
        0,
        0,
        0,
        0
      ],
      "parameters": {
        "VERSION": "3.8.3"
      }
    },
    {
      "command": "3.8.4",
      "mean": 1.4889396168200002,
      "stddev": 0.029693218143074414,
      "median": 1.4788587409200002,
      "user": 5.45469376,
      "system": 0.23947752000000003,
      "min": 1.4539869679200002,
      "max": 1.54889590592,
      "times": [
        1.47001227992,
        1.54889590592,
        1.4780571099200002,
        1.51281062092,
        1.4539869679200002,
        1.47966037192,
        1.5222191169200001,
        1.4620336979200002,
        1.47738687592,
        1.4843332209200002
      ],
      "exit_codes": [
        0,
        0,
        0,
        0,
        0,
        0,
        0,
        0,
        0,
        0
      ],
      "parameters": {
        "VERSION": "3.8.4"
      }
    },
    {
      "command": "3.8.5",
      "mean": 1.4819107746200004,
      "stddev": 0.022838489210697713,
      "median": 1.4801348499200002,
      "user": 5.40109526,
      "system": 0.21886112000000005,
      "min": 1.44687650592,
      "max": 1.51809728492,
      "times": [
        1.46797462792,
        1.4906347019200001,
        1.45184956792,
        1.50756080392,
        1.51809728492,
        1.4987418819200002,
        1.44687650592,
        1.4826716499200001,
        1.47710267192,
        1.47759804992
      ],