{
  "results": [
    {
      "command": "3.0.5",
      "mean": 0.8232352517200001,
      "stddev": 0.02433321002921874,
      "median": 0.8200255703200001,
      "user": 2.5223763999999997,
      "system": 0.15655371999999998,
      "min": 0.79283994032,
      "max": 0.8651509623200001,
      "times": [
        0.8027890383200001,
        0.79283994032,
        0.8255197873200001,
        0.8317080523200001,
        0.7969331853200001,
        0.8651509623200001,
        0.8377612513200001,
        0.8101915753200001,
        0.8549273713200001,
        0.81453135332
      ],
      "exit_codes": [
        0,
        0,
        0,
        0,
        0,
        0,
        0,
        0,
        0,
        0
      ],
      "parameters": {
        "VERSION": "3.0.5"
      }
    },
    {
      "command": "3.6.3",
      "mean": 1.07730634962,
      "stddev": 0.017081427182442467,
      "median": 1.07747768582,
      "user": 3.5660258,
      "system": 0.26562621999999997,
      "min": 1.0452881563199998,
      "max": 1.10226168732,
      "times": [
        1.10226168732,
        1.0898522473199999,
        1.0452881563199998,
        1.09934516532,
        1.06457473632,
        1.0791365073199999,
        1.07749713532,
        1.0723995843199998,
        1.07745823632,
        1.06525004032
      ],
      "exit_codes": [
        0,
        0,
        0,
        0,
        0,
        0,
        0,
        0,
        0,
        0
      ],
      "parameters": {
        "VERSION": "3.6.3"
      }
    },
    {
      "command": "3.8.8",
      "mean": 1.0143320816199999,
      "stddev": 0.019529843817204327,
      "median": 1.00871703532,
      "user": 3.3412962999999998,
      "system": 0.13510961999999999,
      "min": 0.9939024973200001,
      "max": 1.0619122593199999,
      "times": [
        1.01958140732,
        1.02021300232,
        0.9962544823200001,
        1.02479330432,
        1.00875075032,
        0.9939024973200001,
        1.00383791432,
        1.0086833203199999,
        1.0619122593199999,
        1.00539187832
      ],
      "exit_codes": [
        0,
        0,
        0,
        0,
        0,
        0,
        0,
        0,
        0,
        0
      ],
      "parameters": {
        "VERSION": "3.8.8"
      }
    },
    {
      "command": "3.9.6",
      "mean": 1.18156713152,
      "stddev": 0.023119315194674365,
      "median": 1.17664216082,
      "user": 3.7597167999999996,
      "system": 0.15908862,
      "min": 1.15044240232,
      "max": 1.2151844403199998,
      "times": [
        1.2094756653199998,
        1.21124148232,
        1.15044240232,
        1.1808309423199999,
        1.2151844403199998,
        1.17709238032,
        1.17619194132,
        1.17617455132,
        1.15868231932,
        1.16035519032
      ],
      "exit_codes": [
        0,
        0,
        0,
        0,
        0,
        0,
        0,
        0,
        0,
        0
      ],
      "parameters": {
        "VERSION": "3.9.6"
      }
    },
    {
      "command": "4.0.0-alpha-13",
      "mean": 1.6428653769200001,
      "stddev": 0.03409396661591857,
      "median": 1.64453191832,
      "user": 6.425551699999998,
      "system": 0.28310972,
      "min": 1.5689849113199998,
      "max": 1.69885080032,
      "times": [
        1.69885080032,
        1.64476219332,
        1.64430164332,
        1.6170060313199999,
        1.64017351932,
        1.65116269232,
        1.67284645732,
        1.63508752932,
        1.65547799132,
        1.5689849113199998
      ],
      "exit_codes": [
        0,
        0,
        0,
        0,
        0,
        0,
        0,
        0,
        0,
        0
      ],
      "parameters": {
        "VERSION": "4.0.0-alpha-13"
      }
    }
  ]
}
