{
  "results": [
    {
      "command": "3.0.5",
      "mean": 0.688128109,
      "stddev": 0.015198631064491229,
      "median": 0.6862441984000001,
      "user": 1.9172378599999995,
      "system": 0.11116692000000002,
      "min": 0.6705385139,
      "max": 0.7191239079,
      "times": [
        0.7191239079,
        0.6840412439,
        0.6779599239,
        0.6997372139,
        0.7023502729000001,
        0.6888191239,
        0.6884471529,
        0.6725499579,
        0.6777137789000001,
        0.6705385139
      ],
      "exit_codes": [
        0,
        0,
        0,
        0,
        0,
        0,
        0,
        0,
        0,
        0
      ],
      "parameters": {
        "VERSION": "3.0.5"
      }
    },
    {
      "command": "3.6.3",
      "mean": 0.8642733137,
      "stddev": 0.021737463282708865,
      "median": 0.8629110409,
      "user": 2.6263327599999995,
      "system": 0.16318812,
      "min": 0.8390851839,
      "max": 0.9039587829,
      "times": [
        0.8446924039,
        0.8403614839,
        0.8487159419,
        0.9039587829,
        0.8390851839,
        0.8831045319,
        0.8768395469,
        0.8801531799000001,
        0.8566800189,
        0.8691420629000001
      ],
      "exit_codes": [
        0,
        0,
        0,
        0,
        0,
        0,
        0,
        0,
        0,
        0
      ],
      "parameters": {
        "VERSION": "3.6.3"
      }
    },
    {
      "command": "3.8.8",
      "mean": 0.8395490352000001,
      "stddev": 0.018156779261402616,
      "median": 0.8398362704,
      "user": 2.5810671599999995,
      "system": 0.09903812,
      "min": 0.8126983789000001,
      "max": 0.8736242499,
      "times": [
        0.8131140089000001,
        0.8394619329,
        0.8736242499,
        0.8513701409000001,
        0.8536268289000001,
        0.8415925349000001,
        0.8402106079,
        0.8345212979000001,
        0.8352703709,
        0.8126983789000001
      ],
      "exit_codes": [
        0,
        0,
        0,
        0,
        0,
        0,
        0,
        0,
        0,
        0
      ],
      "parameters": {
        "VERSION": "3.8.8"
      }
    },
    {
      "command": "3.9.6",
      "mean": 0.9947189623,
      "stddev": 0.014231314828723318,
      "median": 0.9991979159,
      "user": 3.03635356,
      "system": 0.13092872,
      "min": 0.9757586449000001,
      "max": 1.0185531829,
      "times": [
        1.0050178028999999,
        0.9844868539,
        0.9991044879,
        1.0185531829,
        0.9776007519000001,
        1.0035297169,
        1.0032815629,
        0.9757586449000001,
        0.9992913439,
        0.9805652749
      ],
      "exit_codes": [
        0,
        0,
        0,
        0,
        0,
        0,
        0,
        0,
        0,
        0
      ],
      "parameters": {
        "VERSION": "3.9.6"
      }
    },
    {
      "command": "4.0.0-alpha-13",
      "mean": 1.4507880712999999,
      "stddev": 0.03471421257974962,
      "median": 1.4440366259,
      "user": 5.22864466,
      "system": 0.20856892,
      "min": 1.4152421319,
      "max": 1.5204511169,
      "times": [
        1.4185804259,
        1.4663588289,
        1.4644742119,
        1.4399928239,
        1.4269290739,
        1.4181798759,
        1.4152421319,
        1.5204511169,
        1.4895917959,
        1.4480804279
      ],
      "exit_codes": [
        0,
        0,
        0,
        0,
        0,
        0,
        0,
        0,
        0,
        0
      ],
      "parameters": {
        "VERSION": "4.0.0-alpha-13"
      }
    }
  ]
}
