{
  "results": [
    {
      "command": "3.0.5",
      "mean": 7.769288561560001,
      "stddev": 0.14115810102530948,
      "median": 7.81165431166,
      "user": 16.35631036,
      "system": 1.29573398,
      "min": 7.5587466161600005,
      "max": 8.00923793216,
      "times": [
        7.7875131821600005,
        7.8564302691600005,
        7.83010619516,
        7.81210734616,
        7.59134417316,
        7.60561094016,
        7.83058768416,
        8.00923793216,
        7.5587466161600005,
        7.81120127716
      ],
      "exit_codes": [
        0,
        0,
        0,
        0,
        0,
        0,
        0,
        0,
        0,
        0
      ],
      "parameters": {
        "VERSION": "3.0.5"
      }
    },
    {
      "command": "3.6.3",
      "mean": 13.24666502316,
      "stddev": 0.20975082231166897,
      "median": 13.21130343966,
      "user": 25.464806759999995,
      "system": 4.2204343799999995,
      "min": 12.994293169159999,
      "max": 13.697129368159999,
      "times": [
        13.350869013159999,
        13.08757656616,
        13.05191075016,
        13.14528156516,
        13.28619227816,
        13.43079064216,
        13.152108775159999,
        12.994293169159999,
        13.27049810416,
        13.697129368159999
      ],
      "exit_codes": [
        0,
        0,
        0,
        0,
        0,
        0,
        0,
        0,
        0,
        0
      ],
      "parameters": {
        "VERSION": "3.6.3"
      }
    },
    {
      "command": "3.8.8",
      "mean": 7.378716482659999,
      "stddev": 0.0877233691730394,
      "median": 7.37805364616,
      "user": 20.07201586,
      "system": 1.2713568800000001,
      "min": 7.2279820391600005,
      "max": 7.561165610160001,
      "times": [
        7.36733451716,
        7.34922908116,
        7.29799531016,
        7.2279820391600005,
        7.561165610160001,
        7.3949785101600005,
        7.3887727751600005,
        7.39734216516,
        7.35638815216,
        7.44597666616
      ],
      "exit_codes": [
        0,
        0,
        0,
        0,
        0,
        0,
        0,
        0,
        0,
        0
      ],
      "parameters": {
        "VERSION": "3.8.8"
      }
    },
    {
      "command": "3.9.6",
      "mean": 7.746817938259999,
      "stddev": 0.11994216685194702,
      "median": 7.71452398866,
      "user": 21.09781946,
      "system": 1.31113738,
      "min": 7.59857518116,
      "max": 7.98681759116,
      "times": [
        7.8870831931600005,
        7.69083897316,
        7.59857518116,
        7.73820900416,
        7.8161271581600005,
        7.75992232516,
        7.98681759116,
        7.68029131016,
        7.63499994016,
        7.67531470616
      ],
      "exit_codes": [
        0,
        0,
        0,
        0,
        0,
        0,
        0,
        0,
        0,
        0
      ],
      "parameters": {
        "VERSION": "3.9.6"
      }
    },
    {
      "command": "4.0.0-alpha-13",
      "mean": 10.061790479259999,
      "stddev": 0.2474630362863464,
      "median": 10.044866040159999,
      "user": 40.727039760000004,
      "system": 2.46201668,
      "min": 9.58373835816,
      "max": 10.42221233516,
      "times": [
        10.19950969916,
        9.99790428016,
        10.095365748159999,
        10.00998492716,
        9.82839190016,
        10.07932554316,
        10.42221233516,
        10.391065464159999,
        10.01040653716,
        9.58373835816
      ],
      "exit_codes": [
        0,
        0,
        0,
        0,
        0,
        0,
        0,
        0,
        0,
        0
      ],
      "parameters": {
        "VERSION": "4.0.0-alpha-13"
      }
    }
  ]
}
