{
  "results": [
    {
      "command": "3.0.5",
      "mean": 8.978291570759998,
      "stddev": 0.12257686057718456,
      "median": 8.995170226759999,
      "user": 34.389734,
      "system": 1.32414352,
      "min": 8.79759130876,
      "max": 9.16013153776,
      "times": [
        9.05657093076,
        8.82284820976,
        8.974205423759999,
        9.06200766376,
        9.09327989276,
        8.79759130876,
        9.16013153776,
        8.84858854476,
        9.01613502976,
        8.951557165759999
      ],
      "exit_codes": [
        0,
        0,
        0,
        0,
        0,
        0,
        0,
        0,
        0,
        0
      ],
      "parameters": {
        "VERSION": "3.0.5"
      }
    },
    {
      "command": "3.1.1",
      "mean": 14.005284279260001,
      "stddev": 0.14335505060357082,
      "median": 14.000972257259999,
      "user": 47.500729199999995,
      "system": 2.4771999199999994,
      "min": 13.72318275476,
      "max": 14.209067059759999,
      "times": [
        13.72318275476,
        14.02677724376,
        14.10151193276,
        13.961370859759999,
        14.178602999759999,
        14.209067059759999,
        13.87604755676,
        13.97516727076,
        13.95310221776,
        14.04801289676
      ],
      "exit_codes": [
        0,
        0,
        0,
        0,
        0,
        0,
        0,
        0,
        0,
        0
      ],
      "parameters": {
        "VERSION": "3.1.1"
      }
    },
    {
      "command": "3.2.5",
      "mean": 14.388687855859999,
      "stddev": 0.15832488951862178,
      "median": 14.36893780526,
      "user": 51.344905999999995,
      "system": 2.4826436199999997,
      "min": 14.16450746876,
      "max": 14.605350908759998,
      "times": [
        14.312188192759999,
        14.16450746876,
        14.285751288759998,
        14.605350908759998,
        14.425687417759999,
        14.27465818376,
        14.555278873759999,
        14.46862274476,
        14.575302660759998,
        14.21953081876
      ],
      "exit_codes": [
        0,
        0,
        0,
        0,
        0,
        0,
        0,
        0,
        0,
        0
      ],
      "parameters": {
        "VERSION": "3.2.5"
      }
    },
    {
      "command": "3.3.9",
      "mean": 14.46098512346,
      "stddev": 0.17903129500216214,
      "median": 14.44206296126,
      "user": 52.6137207,
      "system": 2.5364207199999997,
      "min": 14.18268472176,
      "max": 14.773516058759999,
      "times": [
        14.18268472176,
        14.54369053776,
        14.696390140759998,
        14.773516058759999,
        14.459447512759999,
        14.498556531759998,
        14.27599529576,
        14.424678409759998,
        14.368052406759999,
        14.38683961876
      ],
      "exit_codes": [
        0,
        0,
        0,
        0,
        0,
        0,
        0,
        0,
        0,
        0
      ],
      "parameters": {
        "VERSION": "3.3.9"
      }
    },
    {
      "command": "3.5.4",
      "mean": 12.89889055686,
      "stddev": 0.27689777271624,
      "median": 12.83752021526,
      "user": 44.334599499999996,
      "system": 3.4579859199999996,
      "min": 12.41004398076,
      "max": 13.345509611759999,
      "times": [
        12.81220778276,
        12.41004398076,
        12.67951513976,
        13.345509611759999,
        13.14932144076,
        12.719428880759999,
        12.86283264776,
        13.15714164976,
        13.052025195759999,
        12.800879238759999
      ],
      "exit_codes": [
        0,
        0,
        0,
        0,
        0,
        0,
        0,
        0,
        0,
        0
      ],
      "parameters": {
        "VERSION": "3.5.4"
      }
    },
    {
      "command": "3.6.3",
      "mean": 13.020925642859998,
      "stddev": 0.18330461535931672,
      "median": 13.02965243926,
      "user": 43.044905299999996,
      "system": 3.5224553199999997,
      "min": 12.771423882759999,
      "max": 13.39446937376,
      "times": [
        12.88507668576,
        12.771423882759999,
        12.849508088759999,
        13.157647065759999,
        13.05636996076,
        13.145457262759999,
        12.889999229759999,
        13.03346444776,
        13.025840430759999,
        13.39446937376
      ],
      "exit_codes": [
        0,
        0,
        0,
        0,
        0,
        0,
        0,
        0,
        0,
        0
      ],
      "parameters": {
        "VERSION": "3.6.3"
      }
    },
    {
      "command": "3.8.1",
      "mean": 13.12417939506,
      "stddev": 0.14479307313584489,
      "median": 13.115848032759999,
      "user": 43.21457769999999,
      "system": 3.50029282,
      "min": 12.857964253759999,
      "max": 13.348745893759999,
      "times": [
        13.00841302776,
        12.857964253759999,
        13.121697076759999,
        13.200616864759999,
        13.10999898876,
        13.348745893759999,
        13.30759075176,
        13.083189571759998,
        13.02559710876,
        13.177980412759998
      ],
      "exit_codes": [
        0,
        0,
        0,
        0,
        0,
        0,
        0,
        0,
        0,
        0
      ],
      "parameters": {
        "VERSION": "3.8.1"
      }
    },
    {
      "command": "3.8.2",
      "mean": 11.18930058996,
      "stddev": 0.1629439055212873,
      "median": 11.170280536259998,
      "user": 39.8237265,
      "system": 1.6280074199999999,
      "min": 10.92530489676,
      "max": 11.572616393759999,
      "times": [
        10.92530489676,
        11.14750459876,
        11.23355750276,
        11.256453324759999,
        11.198456665759998,
        11.10089026276,
        11.156851141759999,
        11.117661181759999,
        11.18370993076,
        11.572616393759999
      ],
      "exit_codes": [
        0,
        0,
        0,
        0,
        0,
        0,
        0,
        0,
        0,
        0
      ],
      "parameters": {
        "VERSION": "3.8.2"
      }
    },
    {
      "command": "3.8.3",
      "mean": 7.6208152364599995,
      "stddev": 0.20492655415169678,
      "median": 7.61013876576,
      "user": 36.6508394,
      "system": 1.32587042,
      "min": 7.354118085760001,
      "max": 7.97981762376,
      "times": [
        7.719319290760001,
        7.81602535576,
        7.52202770576,
        7.354118085760001,
        7.53618351576,
        7.68409401576,
        7.41126195376,
        7.97981762376,
        7.4141736517600005,
        7.77113116576
      ],
      "exit_codes": [
        0,
        0,
        0,
        0,
        0,
        0,
        0,
        0,
        0,
        0
      ],
      "parameters": {
        "VERSION": "3.8.3"
      }
    },
    {
      "command": "3.8.4",
      "mean": 7.607894829759999,
      "stddev": 0.20793071770868365,
      "median": 7.578482682260001,
      "user": 36.189502999999995,
      "system": 1.34922652,
      "min": 7.29923689576,
      "max": 7.87347138276,
      "times": [
        7.80572285676,
        7.47565757076,
        7.7866739347600005,
        7.5670093747600005,
        7.58995598976,
        7.84915483376,
        7.87347138276,
        7.39470795376,
        7.4373575047600005,
        7.29923689576
      ],
      "exit_codes": [
        0,
        0,
        0,
        0,
        0,
        0,
        0,
        0,
        0,
        0
      ],
      "parameters": {
        "VERSION": "3.8.4"
      }
    },
    {
      "command": "4.0.0-alpha-1",
      "mean": 8.20729036096,
      "stddev": 0.09815714941136297,
      "median": 8.201173643259999,
      "user": 39.28210159999999,
      "system": 1.4585762199999999,
      "min": 8.067778837759999,
      "max": 8.352590032759998,