{
  "results": [
    {
      "command": "3.0.5",
      "mean": 2.8585617281799998,
      "stddev": 0.02983252886978392,
      "median": 2.84715497178,
      "user": 9.1961886,
      "system": 0.5103109600000001,
      "min": 2.82992068278,
      "max": 2.90958823578,
      "times": [
        2.86781093078,
        2.82992068278,
        2.83296251178,
        2.90673650278,
        2.90958823578,
        2.84595200578,
        2.84835793778,
        2.83753043378,
        2.87293622878,
        2.83382181178
      ],
      "exit_codes": [
        0,
        0,
        0,
        0,
        0,
        0,
        0,
        0,
        0,
        0
      ],
      "parameters": {
        "VERSION": "3.0.5"
      }
    },
    {
      "command": "3.6.3",
      "mean": 3.6284606103800003,
      "stddev": 0.057603340765923695,
      "median": 3.6283723837800004,
      "user": 11.280922799999999,
      "system": 1.05983146,
      "min": 3.53794232978,
      "max": 3.75781487778,
      "times": [
        3.64668032678,
        3.53794232978,
        3.58179417678,
        3.63124407078,
        3.64782019978,
        3.59267362878,
        3.62550069678,
        3.65075361078,
        3.75781487778,
        3.61238218578
      ],
      "exit_codes": [
        0,
        0,
        0,
        0,
        0,
        0,
        0,
        0,
        0,
        0
      ],
      "parameters": {
        "VERSION": "3.6.3"
      }
    },
    {
      "command": "3.8.8",
      "mean": 2.5099940974800004,
      "stddev": 0.03243085091100611,
      "median": 2.52507386078,
      "user": 9.884367199999998,
      "system": 0.46214015999999997,
      "min": 2.44695238678,
      "max": 2.5404216047799997,
      "times": [
        2.49024678578,
        2.5404216047799997,
        2.44695238678,
        2.4763712937799998,
        2.53177923778,
        2.53559655778,
        2.53702811578,
        2.51836848378,
        2.48803860878,
        2.53513789978
      ],
      "exit_codes": [
        0,
        0,
        0,
        0,
        0,
        0,
        0,
        0,
        0,
        0
      ],
      "parameters": {
        "VERSION": "3.8.8"
      }
    },
    {
      "command": "3.9.4",
      "mean": 2.7690526438800003,
      "stddev": 0.030986759879820684,
      "median": 2.76719608528,
      "user": 10.9733238,
      "system": 0.42906466,
      "min": 2.72023807578,
      "max": 2.82503610778,
      "times": [
        2.76552424978,
        2.77451506878,
        2.75487358078,
        2.76886792078,
        2.77854405378,
        2.74305969978,
        2.72023807578,
        2.8105827787799997,
        2.82503610778,
        2.74928490278
      ],
      "exit_codes": [
        0,
        0,
        0,
        0,
        0,
        0,
        0,
        0,
        0,
        0
      ],
      "parameters": {
        "VERSION": "3.9.4"
      }
    },
    {
      "command": "3.9.5",
      "mean": 2.76879354918,
      "stddev": 0.04644416635371581,
      "median": 2.78366606278,
      "user": 10.9725141,
      "system": 0.43493276,
      "min": 2.6933058927799998,
      "max": 2.82180332378,
      "times": [
        2.73058351378,
        2.81922611478,
        2.78661260278,
        2.70948206978,
        2.78071952278,
        2.74449567578,
        2.82180332378,
        2.78906313578,
        2.6933058927799998,
        2.81264363978
      ],
      "exit_codes": [
        0,
        0,
        0,
        0,
        0,
        0,
        0,
        0,
        0,
        0
      ],
      "parameters": {
        "VERSION": "3.9.5"
      }
    },
    {
      "command": "4.0.0-alpha-7",
      "mean": 4.021351253780001,
      "stddev": 0.04191876902363698,
      "median": 4.02960666978,
      "user": 14.707995699999998,
      "system": 0.61050616,
      "min": 3.95923212278,
      "max": 4.07764889278,
      "times": [
        4.0236026657799995,
        4.07764889278,
        4.00004638078,
        4.05566389978,
        3.98381558278,
        4.03629753678,
        4.07234276678,
        4.03561067378,
        3.96925201578,
        3.95923212278
      ],
      "exit_codes": [
        0,
        0,
        0,
        0,
        0,
        0,
        0,
        0,
        0,
        0
      ],
      "parameters": {
        "VERSION": "4.0.0-alpha-7"
      }
    },
    {
      "command": "4.0.0-alpha-8",
      "mean": 4.4425059540800005,
      "stddev": 0.039663418305991176,
      "median": 4.43577930878,
      "user": 16.5759993,
      "system": 0.7123023599999999,
      "min": 4.38629904878,
      "max": 4.51521959178,
      "times": [
        4.40407896978,
        4.51521959178,
        4.48104623678,
        4.46708973678,
        4.41708333378,
        4.46728535178,
        4.43029236278,
        4.4412662547799995,
        4.41539865378,
        4.38629904878
      ],
      "exit_codes": [
        0,
        0,
        0,
        0,
        0,
        0,
        0,
        0,
        0,
        0
      ],
      "parameters": {
        "VERSION": "4.0.0-alpha-8"
      }
    }
  ]
}
