{
  "results": [
    {
      "command": "3.0.5",
      "mean": 0.8603824362200001,
      "stddev": 0.026142239551407136,
      "median": 0.86510369052,
      "user": 2.8322099399999994,
      "system": 0.12359537999999999,
      "min": 0.82326716902,
      "max": 0.89159405202,
      "times": [
        0.84271936102,
        0.83311197802,
        0.85625217302,
        0.87703778402,
        0.87395520802,
        0.82326716902,
        0.83181824802,
        0.88328219802,
        0.89159405202,
        0.89078619102
      ],
      "exit_codes": [
        0,
        0,
        0,
        0,
        0,
        0,
        0,
        0,
        0,
        0
      ],
      "parameters": {
        "VERSION": "3.0.5"
      }
    },
    {
      "command": "3.1.1",
      "mean": 0.91397630802,
      "stddev": 0.01776803583902597,
      "median": 0.91061634002,
      "user": 2.9522980399999996,
      "system": 0.13900028,
      "min": 0.88949998202,
      "max": 0.94471328302,
      "times": [
        0.91594112002,
        0.88949998202,
        0.90950582102,
        0.90559285302,
        0.89932188002,
        0.9117268590200001,
        0.94471328302,
        0.92016440002,
        0.9013073540200001,
        0.94198952802
      ],
      "exit_codes": [
        0,
        0,
        0,
        0,
        0,
        0,
        0,
        0,
        0,
        0
      ],
      "parameters": {
        "VERSION": "3.1.1"
      }
    },
    {
      "command": "3.2.5",
      "mean": 0.9555179441199998,
      "stddev": 0.019256833414040712,
      "median": 0.95507954952,
      "user": 3.19793124,
      "system": 0.15659798,
      "min": 0.93049874702,
      "max": 0.98871189902,
      "times": [
        0.96684460302,
        0.95770131802,
        0.96305705202,
        0.98871189902,
        0.97915274302,
        0.94134423302,
        0.93049874702,
        0.95245778102,
        0.93485010402,
        0.94056096102
      ],
      "exit_codes": [
        0,
        0,
        0,
        0,
        0,
        0,
        0,
        0,
        0,
        0
      ],
      "parameters": {
        "VERSION": "3.2.5"
      }
    },
    {
      "command": "3.3.9",
      "mean": 0.9610316184200001,
      "stddev": 0.012667754266438232,
      "median": 0.9577875360200001,
      "user": 3.18778954,
      "system": 0.18172918,
      "min": 0.94683206302,
      "max": 0.98874316702,
      "times": [
        0.96061242902,
        0.94683206302,
        0.96590158502,
        0.97479949602,
        0.98874316702,
        0.94849983402,
        0.9581590170200001,
        0.95365322302,
        0.95741605502,
        0.95569931502
      ],
      "exit_codes": [
        0,
        0,
        0,
        0,
        0,
        0,
        0,
        0,
        0,
        0
      ],
      "parameters": {
        "VERSION": "3.3.9"
      }
    },
    {
      "command": "3.5.4",
      "mean": 1.02340080902,
      "stddev": 0.03396393837687755,
      "median": 1.01411939152,
      "user": 3.3279083399999996,
      "system": 0.23127057999999998,
      "min": 0.97236450302,
      "max": 1.0868559310199999,
      "times": [
        1.0868559310199999,
        1.0148543240199999,
        1.06877169602,
        1.00055179002,
        1.02698074902,
        1.04027496702,
        0.97236450302,
        1.00175444202,
        1.00821522902,
        1.01338445902
      ],
      "exit_codes": [
        0,
        0,
        0,
        0,
        0,
        0,
        0,
        0,
        0,
        0
      ],
      "parameters": {
        "VERSION": "3.5.4"
      }
    },
    {
      "command": "3.6.3",
      "mean": 0.9663171853200001,
      "stddev": 0.0265033132109156,
      "median": 0.96086038352,
      "user": 3.08536124,
      "system": 0.21450798000000004,
      "min": 0.92672234602,
      "max": 1.01373231002,
      "times": [
        0.94058569902,
        0.97761452002,
        0.9505591560200001,
        0.9575900110200001,
        0.95899808702,
        0.92672234602,
        0.96272268002,
        1.00220043202,
        1.01373231002,
        0.97244661202
      ],
      "exit_codes": [
        0,
        0,
        0,
        0,
        0,
        0,
        0,
        0,
        0,
        0
      ],
      "parameters": {
        "VERSION": "3.6.3"
      }
    },
    {
      "command": "3.8.1",
      "mean": 0.9760479232200001,
      "stddev": 0.01881246262897266,
      "median": 0.97984015152,
      "user": 3.1604205399999996,
      "system": 0.20941108000000003,
      "min": 0.95338512902,
      "max": 1.00819548102,
      "times": [
        0.98545026502,
        0.9577332470200001,
        0.9610843880200001,
        0.95338512902,
        1.00819548102,
        0.98989317002,
        0.9773134760200001,
        0.9916647200200001,
        0.98236682702,
        0.95339252902
      ],
      "exit_codes": [
        0,
        0,
        0,
        0,
        0,
        0,
        0,
        0,
        0,
        0
      ],
      "parameters": {
        "VERSION": "3.8.1"
      }
    },
    {
      "command": "3.8.2",
      "mean": 0.9396626998200001,
      "stddev": 0.01577508873170425,
      "median": 0.94284720202,
      "user": 3.02106464,
      "system": 0.12694248,
      "min": 0.91054664702,
      "max": 0.96012642102,
      "times": [
        0.95646786602,
        0.92940506302,
        0.95204662102,
        0.94056583002,
        0.96012642102,
        0.9451285740200001,
        0.91054664702,
        0.9207244370200001,
        0.94529143902,
        0.93632410002
      ],
      "exit_codes": [
        0,
        0,
        0,
        0,
        0,
        0,
        0,
        0,
        0,
        0
      ],
      "parameters": {
        "VERSION": "3.8.2"
      }
    },
    {
      "command": "3.8.3",
      "mean": 0.92339256422,
      "stddev": 0.017933507873169673,
      "median": 0.92348819202,
      "user": 2.9728723399999994,
      "system": 0.14172498,
      "min": 0.89967221202,
      "max": 0.95651094502,
      "times": [
        0.93232988402,
        0.95651094502,
        0.93013300702,
        0.92248954502,
        0.94306259202,
        0.90442518002,
        0.89967221202,
        0.9244868390200001,
        0.91385792802,
        0.90695751002
      ],
      "exit_codes": [
        0,
        0,
        0,
        0,
        0,
        0,
        0,
        0,
        0,
        0
      ],
      "parameters": {
        "VERSION": "3.8.3"
      }
    },
    {
      "command": "3.8.4",
      "mean": 0.9164779859200001,
      "stddev": 0.019176534206413316,
      "median": 0.91767055852,
      "user": 2.9436114399999997,
      "system": 0.12801298,
      "min": 0.8861783400200001,
      "max": 0.94409441802,
      "times": [
        0.90132757302,
        0.9195902930200001,
        0.9226153730200001,
        0.94409441802,
        0.93927232002,
        0.93260230802,
        0.9098480130200001,
        0.8935003970200001,
        0.8861783400200001,
        0.9157508240200001
      ],
      "exit_codes": [
        0,
        0,
        0,
        0,
        0,
        0,
        0,
        0,
        0,
        0
      ],
      "parameters": {
        "VERSION": "3.8.4"
      }
    },
    {
      "command": "3.8.5",
      "mean": 0.9403845350200001,
      "stddev": 0.018143981679477617,
      "median": 0.9449388830200001,
      "user": 2.96606514,
      "system": 0.13381147999999998,
      "min": 0.90198405802,
      "max": 0.96432537102,
      "times": [
        0.96432537102,
        0.9450011460200001,
        0.95356517502,
        0.93399911502,
        0.9492555770200001,
        0.93092750802,
        0.92429361302,
        0.90198405802,
        0.95561716702,
        0.9448766200200001
      ],
      "exit_codes": [
        0,
        0,
        0,
        0,
        0,
        0,
        0,
        0,
        0,
        0
      ],
      "parameters": {
        "VERSION": "3.8.5"
      }
    },
    {
      "command": "3.8.6",