{
  "results": [
    {
      "command": "3.0.5",
      "mean": 0.74058793154,
      "stddev": 0.02524930270449391,
      "median": 0.74532938684,
      "user": 2.1378106,
      "system": 0.11470973999999998,
      "min": 0.68575223584,
      "max": 0.7729667978400001,
      "times": [
        0.74279609784,
        0.68575223584,
        0.74445846784,
        0.7729667978400001,
        0.75177861584,
        0.7462003058400001,
        0.71275575284,
        0.7468151218400001,
        0.73587912984,
        0.76647678984
      ],
      "exit_codes": [
        0,
        0,
        0,
        0,
        0,
        0,
        0,
        0,
        0,
        0
      ],
      "parameters": {
        "VERSION": "3.0.5"
      }
    },
    {
      "command": "3.1.1",
      "mean": 0.78739843534,
      "stddev": 0.015371918156790966,
      "median": 0.79070119184,
      "user": 2.2307119999999996,
      "system": 0.11775913999999998,
      "min": 0.75922710084,
      "max": 0.80706958784,
      "times": [
        0.78567119984,
        0.79040810884,
        0.79673429084,
        0.7909942748400001,
        0.75922710084,
        0.79119642984,
        0.76286726484,
        0.7876636328400001,
        0.8021524628400001,
        0.80706958784
      ],
      "exit_codes": [
        0,
        0,
        0,
        0,
        0,
        0,
        0,
        0,
        0,
        0
      ],
      "parameters": {
        "VERSION": "3.1.1"
      }
    },
    {
      "command": "3.2.5",
      "mean": 0.8180418859399999,
      "stddev": 0.03542740828904723,
      "median": 0.81612590984,
      "user": 2.3656856,
      "system": 0.13423913999999998,
      "min": 0.77717138984,
      "max": 0.8992307338400001,
      "times": [
        0.77717138984,
        0.78267844984,
        0.8158016328400001,
        0.8196281028400001,
        0.8468379438400001,
        0.81645018684,
        0.78885184584,
        0.81020250384,
        0.82356606984,
        0.8992307338400001
      ],
      "exit_codes": [
        0,
        0,
        0,
        0,
        0,
        0,
        0,
        0,
        0,
        0
      ],
      "parameters": {
        "VERSION": "3.2.5"
      }
    },
    {
      "command": "3.3.9",
      "mean": 0.8285848040400001,
      "stddev": 0.025045920789869502,
      "median": 0.81997981434,
      "user": 2.4477643999999996,
      "system": 0.13262484000000002,
      "min": 0.80342422384,
      "max": 0.8835305718400001,
      "times": [
        0.81251566884,
        0.83536535284,
        0.8835305718400001,
        0.8229681738400001,
        0.86103118984,
        0.8122497458400001,
        0.80342422384,
        0.8148034848400001,
        0.82032122584,
        0.81963840284
      ],
      "exit_codes": [
        0,
        0,
        0,
        0,
        0,
        0,
        0,
        0,
        0,
        0
      ],
      "parameters": {
        "VERSION": "3.3.9"
      }
    },
    {
      "command": "3.5.4",
      "mean": 0.8276347592400001,
      "stddev": 0.01911037332550723,
      "median": 0.8250136453400001,
      "user": 2.4547806000000003,
      "system": 0.10946724,
      "min": 0.80766970484,
      "max": 0.8707168728400001,
      "times": [
        0.81534689384,
        0.8707168728400001,
        0.8298858008400001,
        0.8451323028400001,
        0.81158837084,
        0.83419975984,
        0.8264768208400001,
        0.80766970484,
        0.8117805958400001,
        0.82355046984
      ],
      "exit_codes": [
        0,
        0,
        0,
        0,
        0,
        0,
        0,
        0,
        0,
        0
      ],
      "parameters": {
        "VERSION": "3.5.4"
      }
    },
    {
      "command": "3.6.3",
      "mean": 0.7895813368400001,
      "stddev": 0.011825207824052067,
      "median": 0.7931566828400001,
      "user": 2.3348092,
      "system": 0.12109803999999999,
      "min": 0.7692812708400001,
      "max": 0.80271778784,
      "times": [
        0.7921875258400001,
        0.7903759568400001,
        0.7986835118400001,
        0.7692812708400001,
        0.7807986118400001,
        0.79976919684,
        0.7713216538400001,
        0.7941258398400001,
        0.7965520128400001,
        0.80271778784
      ],
      "exit_codes": [
        0,
        0,
        0,
        0,
        0,
        0,
        0,
        0,
        0,
        0
      ],
      "parameters": {
        "VERSION": "3.6.3"
      }
    },
    {
      "command": "3.8.1",
      "mean": 0.8089280465400002,
      "stddev": 0.021428880997523568,
      "median": 0.80162111834,
      "user": 2.3339535,
      "system": 0.11942623999999999,
      "min": 0.78434094884,
      "max": 0.85852952084,
      "times": [
        0.80181626884,
        0.78434094884,
        0.8109504858400001,
        0.79947926384,
        0.79528789184,
        0.85852952084,
        0.8014259678400001,
        0.8167609088400001,
        0.8278986878400001,
        0.79279052084
      ],
      "exit_codes": [
        0,
        0,
        0,
        0,
        0,
        0,
        0,
        0,
        0,
        0
      ],
      "parameters": {
        "VERSION": "3.8.1"
      }
    },
    {
      "command": "3.8.2",
      "mean": 0.7975602141400002,
      "stddev": 0.01470246776671749,
      "median": 0.79229619684,
      "user": 2.3618023,
      "system": 0.09098854,
      "min": 0.7802326848400001,
      "max": 0.8218426708400001,
      "times": [
        0.81210341884,
        0.79617818084,
        0.7802326848400001,
        0.78785333684,
        0.8218426708400001,
        0.78310049784,
        0.78841421284,
        0.8074784368400001,
        0.8124557898400001,
        0.7859429118400001
      ],
      "exit_codes": [
        0,
        0,
        0,
        0,
        0,
        0,
        0,
        0,
        0,
        0
      ],
      "parameters": {
        "VERSION": "3.8.2"
      }
    },
    {
      "command": "3.8.3",
      "mean": 0.7890649439399999,
      "stddev": 0.02003538642459379,
      "median": 0.7894706328400001,
      "user": 2.2895169999999996,
      "system": 0.11127804,
      "min": 0.75995717884,
      "max": 0.82776560184,
      "times": [
        0.8069958288400001,
        0.78131343984,
        0.7947150458400001,
        0.76314306484,
        0.7926206238400001,
        0.77990748284,
        0.82776560184,
        0.75995717884,
        0.7863206418400001,
        0.7979105308400001
      ],
      "exit_codes": [
        0,
        0,
        0,
        0,
        0,
        0,
        0,
        0,
        0,
        0
      ],
      "parameters": {
        "VERSION": "3.8.3"
      }
    },
    {
      "command": "3.8.4",
      "mean": 0.79173732774,
      "stddev": 0.018994464958878996,
      "median": 0.7862518443400001,
      "user": 2.3218732,
      "system": 0.09317663999999998,
      "min": 0.76599382884,
      "max": 0.82648990184,
      "times": [
        0.77631501684,
        0.7907858078400001,
        0.7778727898400001,
        0.7874549568400001,
        0.82648990184,
        0.76599382884,
        0.81373325084,
        0.8100057178400001,
        0.78504873184,
        0.78367327484
      ],
      "exit_codes": [
        0,
        0,
        0,
        0,
        0,
        0,
        0,
        0,
        0,
        0
      ],
      "parameters": {
        "VERSION": "3.8.4"
      }
    },
    {
      "command": "3.8.5",
      "mean": 0.78797639234,
      "stddev": 0.014989394101093033,
      "median": 0.78486371284,
      "user": 2.3310246,
      "system": 0.08547133999999998,
      "min": 0.76573019184,
      "max": 0.81935235484,
      "times": [
        0.7794221238400001,
        0.80193957084,
        0.78975396884,
        0.7795322878400001,
        0.7962213678400001,
        0.7780846318400001,
        0.78212689684,
        0.76573019184,
        0.81935235484,
        0.7876005288400001
      ],