{
  "results": [
    {
      "command": "3.0.5",
      "mean": 1.7395425673000002,
      "stddev": 0.02808790074071413,
      "median": 1.7330067646999998,
      "user": 6.09580648,
      "system": 0.42465534,
      "min": 1.7072548867,
      "max": 1.7931833016999998,
      "times": [
        1.7364342796999999,
        1.7931833016999998,
        1.7237016577,
        1.7741565497,
        1.7081569237,
        1.7509121577,
        1.7515710217,
        1.7204756446999998,
        1.7295792497,
        1.7072548867
      ],
      "exit_codes": [
        0,
        0,
        0,
        0,
        0,
        0,
        0,
        0,
        0,
        0
      ],
      "parameters": {
        "VERSION": "3.0.5"
      }
    },
    {
      "command": "3.1.1",
      "mean": 2.1446588319,
      "stddev": 0.03394554675368543,
      "median": 2.1360058637000003,
      "user": 7.814960479999999,
      "system": 0.5770678399999999,
      "min": 2.0961143437,
      "max": 2.1913069007000003,
      "times": [
        2.1307163587,
        2.1380377057,
        2.1339740217000003,
        2.1904569707,
        2.0961143437,
        2.1169388127,
        2.1735674187000003,
        2.1086834577,
        2.1667923287,
        2.1913069007000003
      ],
      "exit_codes": [
        0,
        0,
        0,
        0,
        0,
        0,
        0,
        0,
        0,
        0
      ],
      "parameters": {
        "VERSION": "3.1.1"
      }
    },
    {
      "command": "3.2.5",
      "mean": 2.2177997845,
      "stddev": 0.026392203256618132,
      "median": 2.2129495607000003,
      "user": 8.27140528,
      "system": 0.5685196400000001,
      "min": 2.1810359337,
      "max": 2.2512777877000003,
      "times": [
        2.2471859137,
        2.2512777877000003,
        2.2054160687,
        2.2449704867,
        2.2041508477000002,
        2.1810359337,
        2.2387090637,
        2.2204830527,
        2.1846755977,
        2.2000930927
      ],
      "exit_codes": [
        0,
        0,
        0,
        0,
        0,
        0,
        0,
        0,
        0,
        0
      ],
      "parameters": {
        "VERSION": "3.2.5"
      }
    },
    {
      "command": "3.3.9",
      "mean": 2.3095375819000004,
      "stddev": 0.031452313524065634,
      "median": 2.3148285252000003,
      "user": 8.51406348,
      "system": 0.64115414,
      "min": 2.2612762117000003,
      "max": 2.3502118567,
      "times": [
        2.3060641967,
        2.3387547857,
        2.3380616137000003,
        2.3235928537,
        2.3314805977,
        2.2740874397,
        2.2956520127,
        2.2612762117000003,
        2.3502118567,
        2.2761942507
      ],
      "exit_codes": [
        0,
        0,
        0,
        0,
        0,
        0,
        0,
        0,
        0,
        0
      ],
      "parameters": {
        "VERSION": "3.3.9"
      }
    },
    {
      "command": "3.5.4",
      "mean": 2.3137452881000002,
      "stddev": 0.03202866542801476,
      "median": 2.3064909167000005,
      "user": 7.93731188,
      "system": 0.9443162399999998,
      "min": 2.2572896317,
      "max": 2.3596035587000004,
      "times": [
        2.2998318047,
        2.2979610377,
        2.3594398587,
        2.3099984147000003,
        2.3446936567,
        2.2956530847,
        2.2572896317,
        2.3083823427000003,
        2.3045994907000003,
        2.3596035587000004
      ],
      "exit_codes": [
        0,
        0,
        0,
        0,
        0,
        0,
        0,
        0,
        0,
        0
      ],
      "parameters": {
        "VERSION": "3.5.4"
      }
    },
    {
      "command": "3.6.3",
      "mean": 2.2901750743999996,
      "stddev": 0.04006936130898994,
      "median": 2.2930531967,
      "user": 7.92642328,
      "system": 0.9305567399999999,
      "min": 2.2307333557,
      "max": 2.3494734767,
      "times": [
        2.2690079267,
        2.2972717627,
        2.2888346307000003,
        2.2432516517,
        2.3227989327,
        2.3368586227000003,
        2.2561373587,
        2.3073830257,
        2.3494734767,
        2.2307333557
      ],
      "exit_codes": [
        0,
        0,
        0,
        0,
        0,
        0,
        0,
        0,
        0,
        0
      ],
      "parameters": {
        "VERSION": "3.6.3"
      }
    },
    {
      "command": "3.8.1",
      "mean": 2.2612371293000004,
      "stddev": 0.05683964299046053,
      "median": 2.2420929137,
      "user": 7.878277379999998,
      "system": 0.9309576400000001,
      "min": 2.1938972817,
      "max": 2.3836005347,
      "times": [
        2.2455958467,
        2.2412050897,
        2.2322849987,
        2.2238905667,
        2.2322192217000003,
        2.2429807377,
        2.1938972817,
        2.3315435977,
        2.3836005347,
        2.2851534177
      ],
      "exit_codes": [
        0,
        0,
        0,
        0,
        0,
        0,
        0,
        0,
        0,
        0
      ],
      "parameters": {
        "VERSION": "3.8.1"
      }
    },
    {
      "command": "3.8.2",
      "mean": 2.0063416300999997,
      "stddev": 0.03228742063944674,
      "median": 2.0038423792,
      "user": 7.32001268,
      "system": 0.39186894,
      "min": 1.9606454777,
      "max": 2.0581387687,
      "times": [
        1.9910393356999998,
        2.0006458487,
        2.0137055717,
        2.0581387687,
        2.0035325317,
        2.0041522267,
        1.9609709006999998,
        1.9606454777,
        2.0517678877,
        2.0188177517000003
      ],
      "exit_codes": [
        0,
        0,
        0,
        0,
        0,
        0,
        0,
        0,
        0,
        0
      ],
      "parameters": {
        "VERSION": "3.8.2"
      }
    },
    {
      "command": "3.8.3",
      "mean": 1.7739493525999996,
      "stddev": 0.02606734595974698,
      "median": 1.7746302117,
      "user": 6.8283334799999995,
      "system": 0.36341424,
      "min": 1.7370752287,
      "max": 1.8109826827,
      "times": [
        1.7925888647,
        1.8109826827,
        1.7571665867,
        1.7829251517,
        1.7684980306999998,
        1.7807623927,
        1.7553092507,
        1.7436906936999998,
        1.8104946437,
        1.7370752287
      ],
      "exit_codes": [
        0,
        0,
        0,
        0,
        0,
        0,
        0,
        0,
        0,
        0
      ],
      "parameters": {
        "VERSION": "3.8.3"
      }
    },
    {
      "command": "3.8.4",
      "mean": 1.7448018631999997,
      "stddev": 0.03384327645860457,
      "median": 1.7465970601999998,
      "user": 6.6645619799999976,
      "system": 0.36569204,
      "min": 1.6878096157,
      "max": 1.7883595137,
      "times": [
        1.7879663137,
        1.7394649626999998,
        1.7883595137,
        1.7122029126999998,
        1.7537291576999998,
        1.7669076077,
        1.7642313307,
        1.7372733546999999,
        1.6878096157,
        1.7100738627
      ],
      "exit_codes": [
        0,
        0,
        0,
        0,
        0,
        0,
        0,
        0,
        0,
        0
      ],
      "parameters": {
        "VERSION": "3.8.4"
      }
    },
    {
      "command": "3.8.5",
      "mean": 1.7637944669999999,
      "stddev": 0.03282805416989187,
      "median": 1.7516555257,
      "user": 6.74476568,
      "system": 0.35469473999999995,
      "min": 1.7369326017,
      "max": 1.8503643177,
      "times": [
        1.7369326017,
        1.7607695117,
        1.7590218526999999,
        1.7457875536999998,
        1.7512887847,
        1.7477590977,
        1.7520222666999998,
        1.7503499877,
        1.8503643177,
        1.7836486957
      ],
      "exit_codes": [
        0,
        0,
        0,
        0,
        0,
        0,
        0,
        0,
        0,
        0
      ],
      "parameters": {
        "VERSION": "3.8.5"
      }
    },
    {
      "command": "3.8.6",
      "mean": 1.769675281,