{
  "results": [
    {
      "command": "3.0.5",
      "mean": 0.9900564300399999,
      "stddev": 0.029996003013692166,
      "median": 0.9857997806400001,
      "user": 3.3607984200000005,
      "system": 0.08306284,
      "min": 0.9502054656400001,
      "max": 1.04194457364,
      "times": [
        1.0147750716400001,
        0.9698209956400001,
        1.04194457364,
        0.9768974786400001,
        0.9669729426400001,
        1.01090598264,
        0.9947020826400002,
        0.9587276056400001,
        1.01561210164,
        0.9502054656400001
      ],
      "exit_codes": [
        0,
        0,
        0,
        0,
        0,
        0,
        0,
        0,
        0,
        0
      ],
      "parameters": {
        "VERSION": "3.0.5"
      }
    },
    {
      "command": "3.6.3",
      "mean": 1.18378494784,
      "stddev": 0.025139504373150826,
      "median": 1.1933714421400001,
      "user": 4.1888792200000005,
      "system": 0.17965773999999998,
      "min": 1.1472669636400001,
      "max": 1.22276691264,
      "times": [
        1.19798629264,
        1.1472669636400001,
        1.19353712764,
        1.1985642406400001,
        1.1483955566400001,
        1.15666610264,
        1.19320575664,
        1.22276691264,
        1.18044859464,
        1.19901193064
      ],
      "exit_codes": [
        0,
        0,
        0,
        0,
        0,
        0,
        0,
        0,
        0,
        0
      ],
      "parameters": {
        "VERSION": "3.6.3"
      }
    },
    {
      "command": "3.8.8",
      "mean": 1.14286189484,
      "stddev": 0.036802549684758136,
      "median": 1.13187024464,
      "user": 3.94049732,
      "system": 0.11443064,
      "min": 1.09593723764,
      "max": 1.20258797664,
      "times": [
        1.12933914364,
        1.15983422864,
        1.20258797664,
        1.13076573064,
        1.10574069764,
        1.17932327064,
        1.13297475864,
        1.18464472664,
        1.1074711776400001,
        1.09593723764
      ],
      "exit_codes": [
        0,
        0,
        0,
        0,
        0,
        0,
        0,
        0,
        0,
        0
      ],
      "parameters": {
        "VERSION": "3.8.8"
      }
    },
    {
      "command": "3.9.4",
      "mean": 1.32188803814,
      "stddev": 0.01972495899294748,
      "median": 1.3183637301400002,
      "user": 4.651441719999999,
      "system": 0.11735613999999998,
      "min": 1.2909095936400001,
      "max": 1.35443472364,
      "times": [
        1.31175143464,
        1.33885351964,
        1.31334265764,
        1.34210394264,
        1.2909095936400001,
        1.30145718664,
        1.33107134264,
        1.31157117764,
        1.3233848026400001,
        1.35443472364
      ],
      "exit_codes": [
        0,
        0,
        0,
        0,
        0,
        0,
        0,
        0,
        0,
        0
      ],
      "parameters": {
        "VERSION": "3.9.4"
      }
    },
    {
      "command": "3.9.5",
      "mean": 1.32580661434,
      "stddev": 0.03405763948567573,
      "median": 1.32954256264,
      "user": 4.59447282,
      "system": 0.12634054,
      "min": 1.27006755264,
      "max": 1.38011566164,
      "times": [
        1.31671708864,
        1.32417835364,
        1.30559834964,
        1.34676491364,
        1.3521759266400002,
        1.27925831764,
        1.34828320764,
        1.38011566164,
        1.33490677164,
        1.27006755264
      ],
      "exit_codes": [
        0,
        0,
        0,
        0,
        0,
        0,
        0,
        0,
        0,
        0
      ],
      "parameters": {
        "VERSION": "3.9.5"
      }
    },
    {
      "command": "4.0.0-alpha-7",
      "mean": 1.6622335719399999,
      "stddev": 0.0289326064357044,
      "median": 1.66460541914,
      "user": 5.86302562,
      "system": 0.16562734,
      "min": 1.60826888064,
      "max": 1.7047521576400002,
      "times": [
        1.66872572264,
        1.66374319964,
        1.6446385976400002,
        1.63378345264,
        1.7047521576400002,
        1.60826888064,
        1.65713035464,
        1.70005926764,
        1.67576644764,
        1.66546763864
      ],
      "exit_codes": [
        0,
        0,
        0,
        0,
        0,
        0,
        0,
        0,
        0,
        0
      ],
      "parameters": {
        "VERSION": "4.0.0-alpha-7"
      }
    },
    {
      "command": "4.0.0-alpha-8",
      "mean": 1.7582140374400002,
      "stddev": 0.0429758441373284,
      "median": 1.75257309614,
      "user": 6.004426119999999,
      "system": 0.17161463999999998,
      "min": 1.7070589736400001,
      "max": 1.8461594806400001,
      "times": [
        1.77403929164,
        1.81100468564,
        1.7304975226400001,
        1.74643179064,
        1.75871440164,
        1.75956338164,
        1.7070589736400001,
        1.8461594806400001,
        1.72051722764,
        1.72815361864
      ],
      "exit_codes": [
        0,
        0,
        0,
        0,
        0,
        0,
        0,
        0,
        0,
        0
      ],
      "parameters": {
        "VERSION": "4.0.0-alpha-8"
      }
    }
  ]
}
