{
  "results": [
    {
      "command": "3.0.5",
      "mean": 0.8029821922800002,
      "stddev": 0.026299873384235187,
      "median": 0.80176813878,
      "user": 2.3988024999999995,
      "system": 0.13002551999999998,
      "min": 0.7715210382800001,
      "max": 0.84775970928,
      "times": [
        0.80328093328,
        0.84575203728,
        0.78817054828,
        0.8079272642800001,
        0.84775970928,
        0.80025534428,
        0.77368691728,
        0.7715210382800001,
        0.80538841328,
        0.78607971728
      ],
      "exit_codes": [
        0,
        0,
        0,
        0,
        0,
        0,
        0,
        0,
        0,
        0
      ],
      "parameters": {
        "VERSION": "3.0.5"
      }
    },
    {
      "command": "3.1.1",
      "mean": 0.84566340938,
      "stddev": 0.017643333345857763,
      "median": 0.84143715328,
      "user": 2.5547250000000004,
      "system": 0.12676462,
      "min": 0.8197118882800001,
      "max": 0.8806902682800001,
      "times": [
        0.83907810328,
        0.8373072152800001,
        0.8806902682800001,
        0.8197118882800001,
        0.84388047128,
        0.84379620328,
        0.83098691428,
        0.8639888892800001,
        0.85891524828,
        0.8382788922800001
      ],
      "exit_codes": [
        0,
        0,
        0,
        0,
        0,
        0,
        0,
        0,
        0,
        0
      ],
      "parameters": {
        "VERSION": "3.1.1"
      }
    },
    {
      "command": "3.2.5",
      "mean": 0.90605475788,
      "stddev": 0.029790880444951148,
      "median": 0.8983381342800001,
      "user": 2.7620852000000005,
      "system": 0.14093682,
      "min": 0.8611761852800001,
      "max": 0.9636910012800001,
      "times": [
        0.89643339928,
        0.9181719782800001,
        0.9146411212800001,
        0.89471057828,
        0.9636910012800001,
        0.88984669328,
        0.8802571182800001,
        0.9413766342800001,
        0.8611761852800001,
        0.9002428692800001
      ],
      "exit_codes": [
        0,
        0,
        0,
        0,
        0,
        0,
        0,
        0,
        0,
        0
      ],
      "parameters": {
        "VERSION": "3.2.5"
      }
    },
    {
      "command": "3.3.9",
      "mean": 0.9067988517800002,
      "stddev": 0.019369107579423513,
      "median": 0.9063699512800001,
      "user": 2.7606130999999996,
      "system": 0.13933062,
      "min": 0.88185819128,
      "max": 0.9391939462800001,
      "times": [
        0.88185819128,
        0.93084867128,
        0.90773982428,
        0.9112839902800001,
        0.90208393628,
        0.9050000782800001,
        0.88402107028,
        0.91929070228,
        0.9391939462800001,
        0.88666810728
      ],
      "exit_codes": [
        0,
        0,
        0,
        0,
        0,
        0,
        0,
        0,
        0,
        0
      ],
      "parameters": {
        "VERSION": "3.3.9"
      }
    },
    {
      "command": "3.5.4",
      "mean": 0.9401611005800001,
      "stddev": 0.015048712693736104,
      "median": 0.9390542907800001,
      "user": 2.965814,
      "system": 0.18141172,
      "min": 0.9197719682800001,
      "max": 0.97329389328,
      "times": [
        0.9270869902800001,
        0.93359813628,
        0.92915949828,
        0.97329389328,
        0.9197719682800001,
        0.94744905928,
        0.9441213272800001,
        0.94708912728,
        0.94605375128,
        0.9339872542800001
      ],
      "exit_codes": [
        0,
        0,
        0,
        0,
        0,
        0,
        0,
        0,
        0,
        0
      ],
      "parameters": {
        "VERSION": "3.5.4"
      }
    },
    {
      "command": "3.6.3",
      "mean": 0.9115053748800002,
      "stddev": 0.017052877115022905,
      "median": 0.9097879477799999,
      "user": 2.7796217000000003,
      "system": 0.18121322,
      "min": 0.88670376328,
      "max": 0.9355219182800001,
      "times": [
        0.9054620332800001,
        0.90659308728,
        0.9333993082800001,
        0.9355219182800001,
        0.91761855828,
        0.88930218328,
        0.91298280828,
        0.90064275628,
        0.88670376328,
        0.92682733228
      ],
      "exit_codes": [
        0,
        0,
        0,
        0,
        0,
        0,
        0,
        0,
        0,
        0
      ],
      "parameters": {
        "VERSION": "3.6.3"
      }
    },
    {
      "command": "3.8.1",
      "mean": 0.9130844985800002,
      "stddev": 0.021042006426142824,
      "median": 0.90768530678,
      "user": 2.7856158,
      "system": 0.19364492,
      "min": 0.8884649412800001,
      "max": 0.9610892882800001,
      "times": [
        0.9222171102800001,
        0.8884649412800001,
        0.90194040628,
        0.9195943012800001,
        0.89770252628,
        0.9109094762800001,
        0.9610892882800001,
        0.89630822728,
        0.92815757128,
        0.90446113728
      ],
      "exit_codes": [
        0,
        0,
        0,
        0,
        0,
        0,
        0,
        0,
        0,
        0
      ],
      "parameters": {
        "VERSION": "3.8.1"
      }
    },
    {
      "command": "3.8.2",
      "mean": 0.8846510789800002,
      "stddev": 0.0234048045169001,
      "median": 0.88086456028,
      "user": 2.7125405,
      "system": 0.13160672,
      "min": 0.84842213128,
      "max": 0.92509985328,
      "times": [
        0.87948703328,
        0.88166781228,
        0.92163740528,
        0.92509985328,
        0.84842213128,
        0.88739896728,
        0.88627488428,
        0.8800613082800001,
        0.8701486122800001,
        0.8663127822800001
      ],
      "exit_codes": [
        0,
        0,
        0,
        0,
        0,
        0,
        0,
        0,
        0,
        0
      ],
      "parameters": {
        "VERSION": "3.8.2"
      }
    },
    {
      "command": "3.8.3",
      "mean": 0.8699123834800002,
      "stddev": 0.019709373428230037,
      "median": 0.8636562942800001,
      "user": 2.6323783999999995,
      "system": 0.13721432,
      "min": 0.84897305928,
      "max": 0.90734365928,
      "times": [
        0.8614014372800001,
        0.8729291652800001,
        0.85849775528,
        0.8659111512800001,
        0.8871940622800001,
        0.90734365928,
        0.84897305928,
        0.89237886028,
        0.8530321242800001,
        0.85146256028
      ],
      "exit_codes": [
        0,
        0,
        0,
        0,
        0,
        0,
        0,
        0,
        0,
        0
      ],
      "parameters": {
        "VERSION": "3.8.3"
      }
    },
    {
      "command": "3.8.4",
      "mean": 0.86627866448,
      "stddev": 0.011223218527163395,
      "median": 0.86732350278,
      "user": 2.7232449999999995,
      "system": 0.10943262000000001,
      "min": 0.8504732822800001,
      "max": 0.8859357812800001,
      "times": [
        0.86463610128,
        0.8504732822800001,
        0.85493546828,
        0.86705184428,
        0.86759516128,
        0.85285044828,
        0.8678427362800001,
        0.8746823352800001,
        0.8859357812800001,
        0.87678348628
      ],
      "exit_codes": [
        0,
        0,
        0,
        0,
        0,
        0,
        0,
        0,
        0,
        0
      ],
      "parameters": {
        "VERSION": "3.8.4"
      }
    },
    {
      "command": "3.8.5",
      "mean": 0.88039300968,
      "stddev": 0.015426642460974941,
      "median": 0.88171916528,
      "user": 2.6851510000000003,
      "system": 0.13053672000000002,
      "min": 0.85272046128,
      "max": 0.90374356428,
      "times": [
        0.88436830828,
        0.8982043632800001,
        0.8790700222800001,
        0.88719223228,
        0.86533903428,
        0.8891819952800001,
        0.87390910428,
        0.90374356428,
        0.85272046128,
        0.87020101128
      ],