{
  "results": [
    {
      "command": "3.0.5",
      "mean": 0.8555563534600001,
      "stddev": 0.022489796168887237,
      "median": 0.8517600797600001,
      "user": 2.94487978,
      "system": 0.09546337999999999,
      "min": 0.83096742176,
      "max": 0.9059706167600001,
      "times": [
        0.8358205557600001,
        0.8668089947600001,
        0.9059706167600001,
        0.8475926707600001,
        0.8423129487600001,
        0.8362677947600001,
        0.8638435257600001,
        0.8700515167600001,
        0.8559274887600001,
        0.83096742176
      ],
      "exit_codes": [
        0,
        0,
        0,
        0,
        0,
        0,
        0,
        0,
        0,
        0
      ],
      "parameters": {
        "VERSION": "3.0.5"
      }
    },
    {
      "command": "3.1.1",
      "mean": 0.9241590296600002,
      "stddev": 0.024716661972082964,
      "median": 0.9177115127600002,
      "user": 3.0817885799999996,
      "system": 0.11576008,
      "min": 0.88782282576,
      "max": 0.9686239597600002,
      "times": [
        0.88782282576,
        0.9051460467600001,
        0.9120815687600001,
        0.9443128987600001,
        0.9285344207600001,
        0.9065840927600001,
        0.9222237137600001,
        0.9686239597600002,
        0.9530614577600001,
        0.9131993117600001
      ],
      "exit_codes": [
        0,
        0,
        0,
        0,
        0,
        0,
        0,
        0,
        0,
        0
      ],
      "parameters": {
        "VERSION": "3.1.1"
      }
    },
    {
      "command": "3.2.5",
      "mean": 0.95649023656,
      "stddev": 0.019106563506073836,
      "median": 0.9541794542600001,
      "user": 3.29115038,
      "system": 0.12920818000000003,
      "min": 0.9337729837600001,
      "max": 0.9885697467600001,
      "times": [
        0.9472853867600001,
        0.9722911417600001,
        0.9885697467600001,
        0.93409624576,
        0.94688525576,
        0.9337729837600001,
        0.9384035417600001,
        0.9675425257600001,
        0.96107352176,
        0.9749820157600001
      ],
      "exit_codes": [
        0,
        0,
        0,
        0,
        0,
        0,
        0,
        0,
        0,
        0
      ],
      "parameters": {
        "VERSION": "3.2.5"
      }
    },
    {
      "command": "3.3.9",
      "mean": 0.97864449536,
      "stddev": 0.022561992909225483,
      "median": 0.9769402982600001,
      "user": 3.3587592799999997,
      "system": 0.13582738,
      "min": 0.9419124157600001,
      "max": 1.0138983637599999,
      "times": [
        0.9500717097600001,
        0.9817864117600001,
        0.9419124157600001,
        1.0006529147599998,
        0.9802235287600001,
        0.9718631417600001,
        1.0018653147599998,
        0.9705140847600001,
        0.97365706776,
        1.0138983637599999
      ],
      "exit_codes": [
        0,
        0,
        0,
        0,
        0,
        0,
        0,
        0,
        0,
        0
      ],
      "parameters": {
        "VERSION": "3.3.9"
      }
    },
    {
      "command": "3.5.4",
      "mean": 1.01275207736,
      "stddev": 0.027171650322679396,
      "median": 1.01270117776,
      "user": 3.49977538,
      "system": 0.15323228,
      "min": 0.9834629897600001,
      "max": 1.06765199176,
      "times": [
        0.9998909727599999,
        0.9842945907600001,
        1.0274444457599998,
        1.02829299576,
        0.9834629897600001,
        1.06765199176,
        0.9939791157600001,
        1.02835519376,
        1.02551138276,
        0.9886370947600001
      ],
      "exit_codes": [
        0,
        0,
        0,
        0,
        0,
        0,
        0,
        0,
        0,
        0
      ],
      "parameters": {
        "VERSION": "3.5.4"
      }
    },
    {
      "command": "3.6.3",
      "mean": 0.9386685563600002,
      "stddev": 0.015394402887000962,
      "median": 0.9356888927600001,
      "user": 3.1265265799999993,
      "system": 0.14527158,
      "min": 0.9170221197600001,
      "max": 0.9618820727600002,
      "times": [
        0.9246895237600001,
        0.9284951817600001,
        0.9618820727600002,
        0.9170221197600001,
        0.9375975717600001,
        0.9337802137600001,
        0.9395468847600001,
        0.9580477057600001,
        0.9288329127600001,
        0.9567913767600001
      ],
      "exit_codes": [
        0,
        0,
        0,
        0,
        0,
        0,
        0,
        0,
        0,
        0
      ],
      "parameters": {
        "VERSION": "3.6.3"
      }
    },
    {
      "command": "3.8.1",
      "mean": 0.9623413390600002,
      "stddev": 0.020179920219913196,
      "median": 0.9622728387600001,
      "user": 3.2207590800000006,
      "system": 0.15658018,
      "min": 0.9304702537600001,
      "max": 0.9947969867600001,
      "times": [
        0.9611468807600001,
        0.9947969867600001,
        0.9304702537600001,
        0.9897213187600001,
        0.9633987967600001,
        0.9747806917600002,
        0.9468803057600002,
        0.9501391077600001,
        0.9455129387600001,
        0.9665661097600001
      ],
      "exit_codes": [
        0,
        0,
        0,
        0,
        0,
        0,
        0,
        0,
        0,
        0
      ],
      "parameters": {
        "VERSION": "3.8.1"
      }
    },
    {
      "command": "3.8.2",
      "mean": 0.9454434843600004,
      "stddev": 0.04768782330095135,
      "median": 0.9354244737600002,
      "user": 3.15811458,
      "system": 0.10506188000000001,
      "min": 0.9027400247600001,
      "max": 1.07063012976,
      "times": [
        0.9475567707600001,
        0.9276695917600001,
        0.9388399517600001,
        1.07063012976,
        0.9343254807600001,
        0.9120361507600001,
        0.9672133747600001,
        0.9027400247600001,
        0.9365234667600001,
        0.9168999017600001
      ],
      "exit_codes": [
        0,
        0,
        0,
        0,
        0,
        0,
        0,
        0,
        0,
        0
      ],
      "parameters": {
        "VERSION": "3.8.2"
      }
    },
    {
      "command": "3.8.3",
      "mean": 0.93091589676,
      "stddev": 0.027906289542079774,
      "median": 0.92007850026,
      "user": 3.0933170799999994,
      "system": 0.08380947999999998,
      "min": 0.8952394467600001,
      "max": 0.9851680597600001,
      "times": [
        0.9169173917600001,
        0.9176253247600001,
        0.9220077387600001,
        0.8952394467600001,
        0.9551836747600001,
        0.9649257987600001,
        0.9119345317600001,
        0.9201001547600001,
        0.9200568457600001,
        0.9851680597600001
      ],
      "exit_codes": [
        0,
        0,
        0,
        0,
        0,
        0,
        0,
        0,
        0,
        0
      ],
      "parameters": {
        "VERSION": "3.8.3"
      }
    },
    {
      "command": "3.8.4",
      "mean": 0.92909106896,
      "stddev": 0.038688168385485666,
      "median": 0.9219321907600001,
      "user": 3.08813698,
      "system": 0.08938468,
      "min": 0.8732717287600001,
      "max": 1.0047294657599999,
      "times": [
        0.9768858707600001,
        0.8953156337600001,
        1.0047294657599999,
        0.9225555157600001,
        0.9490291737600001,
        0.9256074907600002,
        0.8732717287600001,
        0.91604481276,
        0.90616213176,
        0.9213088657600002
      ],
      "exit_codes": [
        0,
        0,
        0,
        0,
        0,
        0,
        0,
        0,
        0,
        0
      ],
      "parameters": {
        "VERSION": "3.8.4"
      }
    },
    {
      "command": "3.8.5",
      "mean": 0.9283189476600002,
      "stddev": 0.018408568682191352,
      "median": 0.9350043832600001,
      "user": 3.0626283800000005,
      "system": 0.08620697999999999,
      "min": 0.8886466657600001,
      "max": 0.9460573567600001,