{
  "results": [
    {
      "command": "3.0.5",
      "mean": 0.7853288264200001,
      "stddev": 0.014473352962423941,
      "median": 0.7827093674200001,
      "user": 2.48513698,
      "system": 0.13275772,
      "min": 0.7628006539200001,
      "max": 0.8037005939200002,
      "times": [
        0.8031245269200001,
        0.7837215139200001,
        0.7753721089200001,
        0.7685815789200001,
        0.7917173149200001,
        0.7808844999200001,
        0.78169722092,
        0.8016882519200002,
        0.7628006539200001,
        0.8037005939200002
      ],
      "exit_codes": [
        0,
        0,
        0,
        0,
        0,
        0,
        0,
        0,
        0,
        0
      ],
      "parameters": {
        "VERSION": "3.0.5"
      }
    },
    {
      "command": "3.1.1",
      "mean": 0.85828209242,
      "stddev": 0.02160738460621624,
      "median": 0.8555870479200001,
      "user": 2.6580918799999997,
      "system": 0.14663352,
      "min": 0.8279682659200001,
      "max": 0.9063585459200001,
      "times": [
        0.8601392709200001,
        0.8562198529200001,
        0.8279682659200001,
        0.8653356689200001,
        0.84537322692,
        0.8549542429200001,
        0.8391173539200001,
        0.9063585459200001,
        0.8512079399200001,
        0.8761465559200001
      ],
      "exit_codes": [
        0,
        0,
        0,
        0,
        0,
        0,
        0,
        0,
        0,
        0
      ],
      "parameters": {
        "VERSION": "3.1.1"
      }
    },
    {
      "command": "3.2.5",
      "mean": 0.8913111756200001,
      "stddev": 0.02666751699919718,
      "median": 0.8876931744200001,
      "user": 2.8662890800000005,
      "system": 0.14906822000000003,
      "min": 0.8491553689200001,
      "max": 0.9508762019200001,
      "times": [
        0.8844780599200001,
        0.8693657849200002,
        0.8880201669200001,
        0.8794707679200001,
        0.9508762019200001,
        0.8491553689200001,
        0.8947933679200001,
        0.9063392469200001,
        0.9032466089200001,
        0.8873661819200002
      ],
      "exit_codes": [
        0,
        0,
        0,
        0,
        0,
        0,
        0,
        0,
        0,
        0
      ],
      "parameters": {
        "VERSION": "3.2.5"
      }
    },
    {
      "command": "3.3.9",
      "mean": 0.92443766642,
      "stddev": 0.021755240795449108,
      "median": 0.9195063779200001,
      "user": 2.95622418,
      "system": 0.16260812,
      "min": 0.9046417369200002,
      "max": 0.9713419519200002,
      "times": [
        0.9084636469200001,
        0.9059850749200001,
        0.9248266039200002,
        0.9046417369200002,
        0.9442431979200001,
        0.9141861519200001,
        0.9277383449200001,
        0.9713419519200002,
        0.9379992449200001,
        0.9049507099200002
      ],
      "exit_codes": [
        0,
        0,
        0,
        0,
        0,
        0,
        0,
        0,
        0,
        0
      ],
      "parameters": {
        "VERSION": "3.3.9"
      }
    },
    {
      "command": "3.5.4",
      "mean": 0.94757066362,
      "stddev": 0.02330539101949193,
      "median": 0.9440101729200001,
      "user": 3.0621257799999997,
      "system": 0.20137641999999997,
      "min": 0.9202582599200001,
      "max": 0.9905532909200001,
      "times": [
        0.9905532909200001,
        0.9552003999200002,
        0.9408253679200002,
        0.9471949779200001,
        0.9644297439200001,
        0.9736593979200001,
        0.9320821539200002,
        0.9298776649200001,
        0.9202582599200001,
        0.9216253789200001
      ],
      "exit_codes": [
        0,
        0,
        0,
        0,
        0,
        0,
        0,
        0,
        0,
        0
      ],
      "parameters": {
        "VERSION": "3.5.4"
      }
    },
    {
      "command": "3.6.3",
      "mean": 0.8865017845200001,
      "stddev": 0.029299682730255162,
      "median": 0.8742026409200001,
      "user": 2.7333730800000002,
      "system": 0.18345442000000003,
      "min": 0.8542753989200002,
      "max": 0.9459474869200001,
      "times": [
        0.8760560069200001,
        0.8712213209200002,
        0.8791243459200001,
        0.8695591899200001,
        0.8542753989200002,
        0.8967995809200001,
        0.8697799159200001,
        0.9299053239200001,
        0.9459474869200001,
        0.8723492749200001
      ],
      "exit_codes": [
        0,
        0,
        0,
        0,
        0,
        0,
        0,
        0,
        0,
        0
      ],
      "parameters": {
        "VERSION": "3.6.3"
      }
    },
    {
      "command": "3.8.1",
      "mean": 0.9167590774200003,
      "stddev": 0.024508066938691696,
      "median": 0.9180259324200001,
      "user": 2.86908398,
      "system": 0.19078502000000003,
      "min": 0.8649485279200001,
      "max": 0.9509913389200001,
      "times": [
        0.9509913389200001,
        0.9196785739200001,
        0.8649485279200001,
        0.9409336359200001,
        0.9163732909200001,
        0.9238222569200001,
        0.9367837129200001,
        0.9084190079200001,
        0.9076951849200001,
        0.8979452439200001
      ],
      "exit_codes": [
        0,
        0,
        0,
        0,
        0,
        0,
        0,
        0,
        0,
        0
      ],
      "parameters": {
        "VERSION": "3.8.1"
      }
    },
    {
      "command": "3.8.2",
      "mean": 0.8968492485200003,
      "stddev": 0.025120792577409557,
      "median": 0.8873924869200001,
      "user": 2.7747570799999997,
      "system": 0.13524882,
      "min": 0.8647518019200001,
      "max": 0.9508630919200001,
      "times": [
        0.8647518019200001,
        0.8915157249200001,
        0.8826873119200002,
        0.8832692489200001,
        0.8829285569200002,
        0.9508630919200001,
        0.8985416399200001,
        0.8798050189200001,
        0.9196928629200001,
        0.9144372269200001
      ],
      "exit_codes": [
        0,
        0,
        0,
        0,
        0,
        0,
        0,
        0,
        0,
        0
      ],
      "parameters": {
        "VERSION": "3.8.2"
      }
    },
    {
      "command": "3.8.3",
      "mean": 0.8743007802200001,
      "stddev": 0.021937747396414166,
      "median": 0.8741240279200001,
      "user": 2.6916760799999997,
      "system": 0.12934152,
      "min": 0.8456291409200001,
      "max": 0.9037257489200001,
      "times": [
        0.8456291409200001,
        0.8693598149200001,
        0.9037257489200001,
        0.8941850119200001,
        0.8990603379200001,
        0.8788882409200001,
        0.8485538829200001,
        0.8481080149200001,
        0.8881620999200001,
        0.8673355089200001
      ],
      "exit_codes": [
        0,
        0,
        0,
        0,
        0,
        0,
        0,
        0,
        0,
        0
      ],
      "parameters": {
        "VERSION": "3.8.3"
      }
    },
    {
      "command": "3.8.4",
      "mean": 0.8635183422200001,
      "stddev": 0.024113471631044995,
      "median": 0.8551414859200002,
      "user": 2.70634128,
      "system": 0.12461691999999999,
      "min": 0.8257087669200001,
      "max": 0.9004315129200001,
      "times": [
        0.8483115259200001,
        0.8787349519200001,
        0.8494661789200001,
        0.8552756529200001,
        0.8257087669200001,
        0.8910545029200001,
        0.8446982209200001,
        0.8864947899200001,
        0.9004315129200001,
        0.8550073189200001
      ],
      "exit_codes": [
        0,
        0,
        0,
        0,
        0,
        0,
        0,
        0,
        0,
        0
      ],
      "parameters": {
        "VERSION": "3.8.4"
      }
    },
    {
      "command": "3.8.5",
      "mean": 0.8745539031200001,
      "stddev": 0.01403087711328518,
      "median": 0.8785531514200001,
      "user": 2.65416028,
      "system": 0.11711502,
      "min": 0.8425804909200001,