{
  "results": [
    {
      "command": "3.0.5",
      "mean": 0.8888426991400001,
      "stddev": 0.013559804452301075,
      "median": 0.89073278804,
      "user": 2.9608675799999995,
      "system": 0.11940381999999998,
      "min": 0.86967704254,
      "max": 0.9116956055400001,
      "times": [
        0.9116956055400001,
        0.86967704254,
        0.87627940354,
        0.88016389954,
        0.89595142754,
        0.89047937954,
        0.89098619654,
        0.90043128854,
        0.87357785854,
        0.89918488954
      ],
      "exit_codes": [
        0,
        0,
        0,
        0,
        0,
        0,
        0,
        0,
        0,
        0
      ],
      "parameters": {
        "VERSION": "3.0.5"
      }
    },
    {
      "command": "3.1.1",
      "mean": 0.9368013784399999,
      "stddev": 0.024967038874235813,
      "median": 0.93955816704,
      "user": 3.1228065799999998,
      "system": 0.15262241999999998,
      "min": 0.88603847654,
      "max": 0.9734910505400001,
      "times": [
        0.96859242954,
        0.9432796705400001,
        0.94589838854,
        0.88603847654,
        0.93857042554,
        0.94054590854,
        0.91963475354,
        0.92428020154,
        0.92768247954,
        0.9734910505400001
      ],
      "exit_codes": [
        0,
        0,
        0,
        0,
        0,
        0,
        0,
        0,
        0,
        0
      ],
      "parameters": {
        "VERSION": "3.1.1"
      }
    },
    {
      "command": "3.2.5",
      "mean": 0.9981531754400003,
      "stddev": 0.019780851455272634,
      "median": 0.99480429454,
      "user": 3.39925988,
      "system": 0.15657682,
      "min": 0.97633435154,
      "max": 1.0363335195399999,
      "times": [
        0.99418076954,
        1.02249894354,
        1.0363335195399999,
        0.99542781954,
        0.97633435154,
        1.00532862954,
        0.98115202554,
        0.98224386854,
        0.98090201154,
        1.00712981554
      ],
      "exit_codes": [
        0,
        0,
        0,
        0,
        0,
        0,
        0,
        0,
        0,
        0
      ],
      "parameters": {
        "VERSION": "3.2.5"
      }
    },
    {
      "command": "3.3.9",
      "mean": 1.02115096704,
      "stddev": 0.018139767571166594,
      "median": 1.01938181004,
      "user": 3.5257387799999997,
      "system": 0.13413932,
      "min": 0.99475468654,
      "max": 1.05331981754,
      "times": [
        1.05331981754,
        1.01585122554,
        1.0309837985399999,
        0.99475468654,
        1.01992409654,
        1.01047112554,
        1.00022253454,
        1.02267078954,
        1.01883952354,
        1.04447207254
      ],
      "exit_codes": [
        0,
        0,
        0,
        0,
        0,
        0,
        0,
        0,
        0,
        0
      ],
      "parameters": {
        "VERSION": "3.3.9"
      }
    },
    {
      "command": "3.5.4",
      "mean": 1.04829810074,
      "stddev": 0.02419876417022523,
      "median": 1.0431963190399998,
      "user": 3.6663610799999993,
      "system": 0.16014172,
      "min": 1.01883679254,
      "max": 1.0881077855399999,
      "times": [
        1.0519702015399999,
        1.01883679254,
        1.03226433754,
        1.0805070295399999,
        1.0881077855399999,
        1.02196400754,
        1.05409652954,
        1.0344224365399999,
        1.06744904654,
        1.03336284054
      ],
      "exit_codes": [
        0,
        0,
        0,
        0,
        0,
        0,
        0,
        0,
        0,
        0
      ],
      "parameters": {
        "VERSION": "3.5.4"
      }
    },
    {
      "command": "3.6.3",
      "mean": 1.03099131844,
      "stddev": 0.018531230206950643,
      "median": 1.0306690620399999,
      "user": 3.56707988,
      "system": 0.17154342,
      "min": 1.00515508254,
      "max": 1.06040319654,
      "times": [
        1.02936725854,
        1.05410375854,
        1.01429297254,
        1.04024897354,
        1.01249280654,
        1.00515508254,
        1.01841780354,
        1.06040319654,
        1.03197086554,
        1.04346046654
      ],
      "exit_codes": [
        0,
        0,
        0,
        0,
        0,
        0,
        0,
        0,
        0,
        0
      ],
      "parameters": {
        "VERSION": "3.6.3"
      }
    },
    {
      "command": "3.8.1",
      "mean": 1.03232046834,
      "stddev": 0.019732378301620328,
      "median": 1.0398519795399999,
      "user": 3.5676297799999994,
      "system": 0.16242561999999997,
      "min": 1.00001433854,
      "max": 1.05742886854,
      "times": [
        1.05742886854,
        1.00001433854,
        1.01441788854,
        1.05378560754,
        1.02237674654,
        1.04496417054,
        1.04221956654,
        1.03899911554,
        1.00829353754,
        1.04070484354
      ],
      "exit_codes": [
        0,
        0,
        0,
        0,
        0,
        0,
        0,
        0,
        0,
        0
      ],
      "parameters": {
        "VERSION": "3.8.1"
      }
    },
    {
      "command": "3.8.2",
      "mean": 0.9962425829399999,
      "stddev": 0.019006777710630807,
      "median": 0.9919157135400001,
      "user": 3.49799688,
      "system": 0.10525282,
      "min": 0.96400577954,
      "max": 1.0287070945399999,
      "times": [
        1.0103064795399999,
        0.98585473154,
        1.0287070945399999,
        0.99116723154,
        1.00706806854,
        0.98083282354,
        0.96400577954,
        0.98649302654,
        1.01532639854,
        0.9926641955400001
      ],
      "exit_codes": [
        0,
        0,
        0,
        0,
        0,
        0,
        0,
        0,
        0,
        0
      ],
      "parameters": {
        "VERSION": "3.8.2"
      }
    },
    {
      "command": "3.8.3",
      "mean": 0.9765884895399999,
      "stddev": 0.014013124345518038,
      "median": 0.97045526854,
      "user": 3.337421080000001,
      "system": 0.11018461999999998,
      "min": 0.95789302854,
      "max": 0.9998965315399999,
      "times": [
        0.97122737454,
        0.9696762625400001,
        0.9695505465400001,
        0.97191419854,
        0.9998965315399999,
        0.99196893354,
        0.96819910754,
        0.96968316254,
        0.99587574954,
        0.95789302854
      ],
      "exit_codes": [
        0,
        0,
        0,
        0,
        0,
        0,
        0,
        0,
        0,
        0
      ],
      "parameters": {
        "VERSION": "3.8.3"
      }
    },
    {
      "command": "3.8.4",
      "mean": 0.97997435474,
      "stddev": 0.02107139549400865,
      "median": 0.98145056304,
      "user": 3.35335728,
      "system": 0.10705392,
      "min": 0.94913620054,
      "max": 1.0186010485399999,
      "times": [
        0.98154442554,
        0.98135670054,
        0.99511482754,
        0.98209475154,
        0.99786406054,
        0.96670359454,
        1.0186010485399999,
        0.97563689954,
        0.95169103854,
        0.94913620054
      ],
      "exit_codes": [
        0,
        0,
        0,
        0,
        0,
        0,
        0,
        0,
        0,
        0
      ],
      "parameters": {
        "VERSION": "3.8.4"
      }
    },
    {
      "command": "3.8.5",
      "mean": 0.99551368054,
      "stddev": 0.021196788295888547,
      "median": 0.98811116704,
      "user": 3.3958782799999994,
      "system": 0.09660032,
      "min": 0.97031712754,
      "max": 1.02911664454,
      "times": [
        0.9841601225400001,
        1.02614592554,
        0.99103281654,
        0.97031712754,
        0.97105051954,
        1.00833886654,
        1.00758321554,
        0.98220204954,
        1.02911664454,
        0.9851895175400001
      ],
      "exit_codes": [
        0,
        0,
        0,
        0,
        0,
        0,
        0,
        0,
        0,
        0
      ],
      "parameters": {
        "VERSION": "3.8.5"
      }
    },
    {
      "command": "3.8.6",