{
  "results": [
    {
      "command": "3.0.5",
      "mean": 1.3393396040400003,
      "stddev": 0.07292477698888847,
      "median": 1.32811344244,
      "user": 5.15761412,
      "system": 0.24316436000000002,
      "min": 1.23856628394,
      "max": 1.4560004099400001,
      "times": [
        1.23856628394,
        1.3233655909400002,
        1.3923776069400002,
        1.32968988994,
        1.32653699494,
        1.24538332694,
        1.2907791019400001,
        1.4560004099400001,
        1.4360430169400002,
        1.35465381794
      ],
      "exit_codes": [
        0,
        0,
        0,
        0,
        0,
        0,
        0,
        0,
        0,
        0
      ],
      "parameters": {
        "VERSION": "3.0.5"
      }
    },
    {
      "command": "3.1.1",
      "mean": 1.45057939184,
      "stddev": 0.059268662584639316,
      "median": 1.4393217309400002,
      "user": 5.15452402,
      "system": 0.25414795999999995,
      "min": 1.36458448394,
      "max": 1.53781708094,
      "times": [
        1.4463521969400002,
        1.4583067129400002,
        1.3788773719400003,
        1.4322912649400001,
        1.4215883479400002,
        1.53781708094,
        1.5233652339400001,
        1.42625673394,
        1.5163544909400002,
        1.36458448394
      ],
      "exit_codes": [
        0,
        0,
        0,
        0,
        0,
        0,
        0,
        0,
        0,
        0
      ],
      "parameters": {
        "VERSION": "3.1.1"
      }
    },
    {
      "command": "3.2.5",
      "mean": 1.4675192253400002,
      "stddev": 0.06959860268290523,
      "median": 1.4609146049400001,
      "user": 5.80053482,
      "system": 0.26758696,
      "min": 1.3599845969400002,
      "max": 1.5661124919400002,
      "times": [
        1.3599845969400002,
        1.4876265829400002,
        1.43630549494,
        1.5440412549400002,
        1.46353816394,
        1.4460465399400002,
        1.37213162394,
        1.4582910459400003,
        1.54111445794,
        1.5661124919400002
      ],
      "exit_codes": [
        0,
        0,
        0,
        0,
        0,
        0,
        0,
        0,
        0,
        0
      ],
      "parameters": {
        "VERSION": "3.2.5"
      }
    },
    {
      "command": "3.3.9",
      "mean": 1.5254221337400002,
      "stddev": 0.06396646098106927,
      "median": 1.5278187039400002,
      "user": 5.944444819999999,
      "system": 0.27698166,
      "min": 1.4442764859400001,
      "max": 1.6237157929400001,
      "times": [
        1.5153909889400001,
        1.45467892994,
        1.4953225629400002,
        1.5490794949400002,
        1.59747730594,
        1.4442764859400001,
        1.5402464189400003,
        1.6237157929400001,
        1.5820367649400002,
        1.4519965919400002
      ],
      "exit_codes": [
        0,
        0,
        0,
        0,
        0,
        0,
        0,
        0,
        0,
        0
      ],
      "parameters": {
        "VERSION": "3.3.9"
      }
    },
    {
      "command": "3.5.4",
      "mean": 1.6036526734400003,
      "stddev": 0.06484563973213893,
      "median": 1.6150652519400002,
      "user": 6.434084520000001,
      "system": 0.33453995999999997,
      "min": 1.4769697879400001,
      "max": 1.6755186019400001,
      "times": [
        1.6542361729400001,
        1.5510380219400002,
        1.6698466249400001,
        1.4769697879400001,
        1.5950498319400002,
        1.6755186019400001,
        1.6514222279400002,
        1.6350806719400002,
        1.5498293789400002,
        1.5775354139400002
      ],
      "exit_codes": [
        0,
        0,
        0,
        0,
        0,
        0,
        0,
        0,
        0,
        0
      ],
      "parameters": {
        "VERSION": "3.5.4"
      }
    },
    {
      "command": "3.6.3",
      "mean": 1.5569803375400002,
      "stddev": 0.05724351272106493,
      "median": 1.53556365294,
      "user": 6.313721919999999,
      "system": 0.29862356000000007,
      "min": 1.5050316389400002,
      "max": 1.6916575529400002,
      "times": [
        1.5050316389400002,
        1.5450570689400003,
        1.56689332994,
        1.5353209579400002,
        1.53242527494,
        1.6178601069400003,
        1.50514409194,
        1.5358063479400001,
        1.6916575529400002,
        1.5346070049400002
      ],
      "exit_codes": [
        0,
        0,
        0,
        0,
        0,
        0,
        0,
        0,
        0,
        0
      ],
      "parameters": {
        "VERSION": "3.6.3"
      }
    },
    {
      "command": "3.8.1",
      "mean": 1.5420412986400003,
      "stddev": 0.046651394945929466,
      "median": 1.5500346844400001,
      "user": 6.25312962,
      "system": 0.30221476,
      "min": 1.45424097794,
      "max": 1.5926667979400002,
      "times": [
        1.5509395999400002,
        1.5926667979400002,
        1.4685713539400003,
        1.54912976894,
        1.45424097794,
        1.5624098329400002,
        1.5435954349400003,
        1.5772804739400001,
        1.5340872679400002,
        1.58749147794
      ],
      "exit_codes": [
        0,
        0,
        0,
        0,
        0,
        0,
        0,
        0,
        0,
        0
      ],
      "parameters": {
        "VERSION": "3.8.1"
      }
    },
    {
      "command": "3.8.2",
      "mean": 1.5988294827400005,
      "stddev": 0.02733056001180817,
      "median": 1.5921550254400003,
      "user": 6.612970020000001,
      "system": 0.29680936,
      "min": 1.5580096499400002,
      "max": 1.6529093269400001,
      "times": [
        1.5982410179400002,
        1.6529093269400001,
        1.5860690329400002,
        1.58388517194,
        1.5580096499400002,
        1.60021998194,
        1.6153053399400001,
        1.5801690279400002,
        1.5844004929400002,
        1.62908578494
      ],
      "exit_codes": [
        0,
        0,
        0,
        0,
        0,
        0,
        0,
        0,
        0,
        0
      ],
      "parameters": {
        "VERSION": "3.8.2"
      }
    },
    {
      "command": "3.8.3",
      "mean": 1.55999449864,
      "stddev": 0.0488965736802417,
      "median": 1.5726341699400002,
      "user": 6.368766519999999,
      "system": 0.29740395999999997,
      "min": 1.44862210994,
      "max": 1.6133776379400002,
      "times": [
        1.5141509589400002,
        1.60399937094,
        1.5918645849400002,
        1.6133776379400002,
        1.56321107694,
        1.5776796779400002,
        1.44862210994,
        1.5800922939400002,
        1.53935861294,
        1.5675886619400001
      ],
      "exit_codes": [
        0,
        0,
        0,
        0,
        0,
        0,
        0,
        0,
        0,
        0
      ],
      "parameters": {
        "VERSION": "3.8.3"
      }
    },
    {
      "command": "3.8.4",
      "mean": 1.56598744504,
      "stddev": 0.029517805030001527,
      "median": 1.55528865044,
      "user": 6.48166112,
      "system": 0.28505066,
      "min": 1.54307275694,
      "max": 1.6412085689400002,
      "times": [
        1.54507167594,
        1.55186922594,
        1.54307275694,
        1.5664758359400002,
        1.6412085689400002,
        1.5544813369400001,
        1.5679798149400002,
        1.5560959639400003,
        1.58663161094,
        1.54698765994
      ],
      "exit_codes": [
        0,
        0,
        0,
        0,
        0,
        0,
        0,
        0,
        0,
        0
      ],
      "parameters": {
        "VERSION": "3.8.4"
      }
    },
    {
      "command": "4.0.0-alpha-1",
      "mean": 1.7450240670400003,
      "stddev": 0.050850763314710966,
      "median": 1.7456475129400002,
      "user": 7.559140519999998,
      "system": 0.32597986,
      "min": 1.6617710849400003,
      "max": 1.8329250329400002,