{
  "results": [
    {
      "command": "3.0.5",
      "mean": 17.594161332099997,
      "stddev": 0.1506980238364389,
      "median": 17.5821121479,
      "user": 42.566235979999995,
      "system": 2.15538426,
      "min": 17.3613760274,
      "max": 17.8014208914,
      "times": [
        17.7533993484,
        17.7766272764,
        17.4450772984,
        17.6484264964,
        17.5257028684,
        17.4653588184,
        17.6125685774,
        17.3613760274,
        17.8014208914,
        17.5516557184
      ],
      "exit_codes": [
        0,
        0,
        0,
        0,
        0,
        0,
        0,
        0,
        0,
        0
      ],
      "parameters": {
        "VERSION": "3.0.5"
      }
    },
    {
      "command": "3.1.1",
      "mean": 29.877641980000003,
      "stddev": 0.3871623533319223,
      "median": 30.0339613004,
      "user": 76.31857037999998,
      "system": 5.71312996,
      "min": 29.2148517944,
      "max": 30.3250277194,
      "times": [
        29.3828236114,
        30.0945132244,
        30.0671217654,
        30.0848213344,
        30.2726445884,
        29.2148517944,
        29.4682999424,
        29.8655149844,
        30.3250277194,
        30.0008008354
      ],
      "exit_codes": [
        0,
        0,
        0,
        0,
        0,
        0,
        0,
        0,
        0,
        0
      ],
      "parameters": {
        "VERSION": "3.1.1"
      }
    },
    {
      "command": "3.2.5",
      "mean": 30.3479026805,
      "stddev": 0.26010236951267646,
      "median": 30.3586164534,
      "user": 78.68952918,
      "system": 5.90511876,
      "min": 29.8761097494,
      "max": 30.6698508654,
      "times": [
        30.5845358054,
        30.3543049484,
        30.2973770894,
        30.2689884214,
        29.9771846464,
        30.3629279584,
        30.5029066624,
        30.6698508654,
        30.5848406584,
        29.8761097494
      ],
      "exit_codes": [
        0,
        0,
        0,
        0,
        0,
        0,
        0,
        0,
        0,
        0
      ],
      "parameters": {
        "VERSION": "3.2.5"
      }
    },
    {
      "command": "3.3.9",
      "mean": 30.2737591335,
      "stddev": 0.25488315466848266,
      "median": 30.233521381400003,
      "user": 78.22791717999999,
      "system": 5.77280896,
      "min": 29.9004352264,
      "max": 30.6786850004,
      "times": [
        30.5509923534,
        29.9004352264,
        30.1621255214,
        30.6786850004,
        30.1014219844,
        30.1293935064,
        30.3195986714,
        30.304917241400002,
        30.0327935534,
        30.5572282764
      ],
      "exit_codes": [
        0,
        0,
        0,
        0,
        0,
        0,
        0,
        0,
        0,
        0
      ],
      "parameters": {
        "VERSION": "3.3.9"
      }
    },
    {
      "command": "3.5.4",
      "mean": 24.516747489800004,
      "stddev": 0.2473476206969542,
      "median": 24.5392911894,
      "user": 53.89137728000001,
      "system": 4.943491460000001,
      "min": 24.1639755054,
      "max": 24.8544326154,
      "times": [
        24.1639755054,
        24.7642575634,
        24.8544326154,
        24.5743522414,
        24.5042301374,
        24.3682029264,
        24.3590815514,
        24.8032559124,
        24.5942025354,
        24.1814839094
      ],
      "exit_codes": [
        0,
        0,
        0,
        0,
        0,
        0,
        0,
        0,
        0,
        0
      ],
      "parameters": {
        "VERSION": "3.5.4"
      }
    },
    {
      "command": "3.6.3",
      "mean": 24.630129799200002,
      "stddev": 0.11489278668976488,
      "median": 24.6145168794,
      "user": 52.637613980000005,
      "system": 4.92696086,
      "min": 24.4483122384,
      "max": 24.7757682774,
      "times": [
        24.7757682774,
        24.5747849194,
        24.6135279954,
        24.7432426534,
        24.4756959624,
        24.6872356154,
        24.7712373024,
        24.5959872644,
        24.4483122384,
        24.6155057634
      ],
      "exit_codes": [
        0,
        0,
        0,
        0,
        0,
        0,
        0,
        0,
        0,
        0
      ],
      "parameters": {
        "VERSION": "3.6.3"
      }
    },
    {
      "command": "3.8.1",
      "mean": 24.629711729599997,
      "stddev": 0.17132671852527578,
      "median": 24.6194962514,
      "user": 53.087004480000004,
      "system": 4.992866660000002,
      "min": 24.4261462394,
      "max": 24.9105969294,
      "times": [
        24.6418267984,
        24.8005116314,
        24.4478124824,
        24.4723218204,
        24.9105969294,
        24.4261462394,
        24.5189877314,
        24.6211355344,
        24.6178569684,
        24.8399211604
      ],
      "exit_codes": [
        0,
        0,
        0,
        0,
        0,
        0,
        0,
        0,
        0,
        0
      ],
      "parameters": {
        "VERSION": "3.8.1"
      }
    },
    {
      "command": "3.8.2",
      "mean": 22.021850710899997,
      "stddev": 0.13345790992920062,
      "median": 22.027601767900002,
      "user": 51.56639498,
      "system": 2.077758759999999,
      "min": 21.8721870524,
      "max": 22.2665190774,
      "times": [
        21.9365301724,
        22.2665190774,
        21.8863431354,
        22.1709811874,
        21.8721870524,
        22.0155411584,
        22.0482448814,
        22.1079299304,
        21.8745681364,
        22.0396623774
      ],
      "exit_codes": [
        0,
        0,
        0,
        0,
        0,
        0,
        0,
        0,
        0,
        0
      ],
      "parameters": {
        "VERSION": "3.8.2"
      }
    },
    {
      "command": "3.8.3",
      "mean": 12.1403097438,
      "stddev": 0.14251446182140245,
      "median": 12.077984983899999,
      "user": 41.83743508,
      "system": 2.08461886,
      "min": 11.9910016764,
      "max": 12.3878617024,
      "times": [
        12.0238396924,
        12.1005684124,
        12.3878617024,
        12.1200302404,
        12.0518541504,
        12.3531112564,
        12.0534335804,
        12.2659951714,
        12.0554015554,
        11.9910016764
      ],
      "exit_codes": [
        0,
        0,
        0,
        0,
        0,
        0,
        0,
        0,
        0,
        0
      ],
      "parameters": {
        "VERSION": "3.8.3"
      }
    },
    {
      "command": "3.8.4",
      "mean": 12.080492411000002,
      "stddev": 0.07294468758751163,
      "median": 12.091360890899999,
      "user": 41.658796280000004,
      "system": 2.04030986,
      "min": 11.9172822664,
      "max": 12.1651677624,
      "times": [
        12.0832723354,
        12.1344886294,
        12.013723905400001,
        12.1503749354,
        12.0994494464,
        12.0827048424,
        11.9172822664,
        12.1651677624,
        12.052318016400001,
        12.1061419704
      ],
      "exit_codes": [
        0,
        0,
        0,
        0,
        0,
        0,
        0,
        0,
        0,
        0
      ],
      "parameters": {
        "VERSION": "3.8.4"
      }
    },
    {
      "command": "4.0.0-alpha-1",
      "mean": 13.0748224469,
      "stddev": 0.23129502359156268,
      "median": 13.0331864459,
      "user": 42.58691498,
      "system": 2.09565426,
      "min": 12.752757239400001,
      "max": 13.5456353964,
      "times": [
        13.1510477804,
        13.5456353964,
        12.947710131400001,
        12.8270652444,
        13.0196751954,
        13.1165074874,
        12.752757239400001,
        13.326819350400001,
        13.0466976964,
        13.0143089474
      ],
      "exit_codes": [
        0,
        0,
        0,
        0,
        0,
        0,
        0,
        0,
        0,
        0
      ],
      "parameters": {
        "VERSION": "4.0.0-alpha-1"
      }
    }
  ]
}
