{
  "results": [
    {
      "command": "3.0.5",
      "mean": 0.9991472239,
      "stddev": 0.011383357015863493,
      "median": 1.0040518945999999,
      "user": 3.24768322,
      "system": 0.21049785999999995,
      "min": 0.9838821456000001,
      "max": 1.0114351866,
      "times": [
        1.0100010196,
        1.0114351866,
        1.0064818526,
        1.0031705616,
        0.9848091026000001,
        1.0097636036,
        1.0049332275999998,
        0.9913113946000001,
        0.9856841446000001,
        0.9838821456000001
      ],
      "exit_codes": [
        0,
        0,
        0,
        0,
        0,
        0,
        0,
        0,
        0,
        0
      ],
      "parameters": {
        "VERSION": "3.0.5"
      }
    },
    {
      "command": "3.8.8",
      "mean": 1.1735101072999998,
      "stddev": 0.03521405336034054,
      "median": 1.1584516656,
      "user": 3.1891544200000004,
      "system": 0.20136916,
      "min": 1.1422126026,
      "max": 1.2509512286,
      "times": [
        1.1565622286,
        1.1598560195999998,
        1.2509512286,
        1.1464756865999999,
        1.1577831025999998,
        1.1591202286,
        1.1422126026,
        1.1989027695999999,
        1.2111853946,
        1.1520518116
      ],
      "exit_codes": [
        0,
        0,
        0,
        0,
        0,
        0,
        0,
        0,
        0,
        0
      ],
      "parameters": {
        "VERSION": "3.8.8"
      }
    },
    {
      "command": "3.9.4",
      "mean": 1.3620557781999998,
      "stddev": 0.0513615672506726,
      "median": 1.3515541661000001,
      "user": 3.6473432199999998,
      "system": 0.23274225999999998,
      "min": 1.3041409365999999,
      "max": 1.4611057286,
      "times": [
        1.3289591446,
        1.3041409365999999,
        1.3046588116,
        1.3248995196,
        1.3501507706,
        1.3529575616,
        1.4143783526,
        1.3769794365999999,
        1.4023275196,
        1.4611057286
      ],
      "exit_codes": [
        0,
        0,
        0,
        0,
        0,
        0,
        0,
        0,
        0,
        0
      ],
      "parameters": {
        "VERSION": "3.9.4"
      }
    },
    {
      "command": "4.0.0-alpha-7",
      "mean": 1.8723316616,
      "stddev": 0.02656134409524094,
      "median": 1.8620984781,
      "user": 5.07835282,
      "system": 0.44894006,
      "min": 1.8463152706000001,
      "max": 1.9234372276,
      "times": [
        1.8617404786,
        1.9142259366,
        1.9234372276,
        1.8845141446,
        1.8624564776,
        1.8595604366,
        1.8501357276,
        1.8627348955999998,
        1.8463152706000001,
        1.8581960206
      ],
      "exit_codes": [
        0,
        0,
        0,
        0,
        0,
        0,
        0,
        0,
        0,
        0
      ],
      "parameters": {
        "VERSION": "4.0.0-alpha-7"
      }
    }
  ]
}
