{
  "results": [
    {
      "command": "3.0.5",
      "mean": 6.642403672159999,
      "stddev": 0.07803198768808627,
      "median": 6.66500599936,
      "user": 23.7652853,
      "system": 1.3982734000000003,
      "min": 6.5278439423600005,
      "max": 6.73418200836,
      "times": [
        6.66877944436,
        6.5278439423600005,
        6.73418200836,
        6.727816417360001,
        6.55204098336,
        6.661232554360001,
        6.660599550360001,
        6.671242229360001,
        6.52799327736,
        6.692306314360001
      ],
      "exit_codes": [
        0,
        0,
        0,
        0,
        0,
        0,
        0,
        0,
        0,
        0
      ],
      "parameters": {
        "VERSION": "3.0.5"
      }
    },
    {
      "command": "3.1.1",
      "mean": 9.747448396460001,
      "stddev": 0.09682539091538535,
      "median": 9.76357449736,
      "user": 32.354880699999995,
      "system": 2.3787858,
      "min": 9.58780418236,
      "max": 9.882278957359999,
      "times": [
        9.76100623736,
        9.83073794436,
        9.85547743736,
        9.58780418236,
        9.63448190836,
        9.783198691359999,
        9.882278957359999,
        9.766142757359999,
        9.67817723436,
        9.69517861436
      ],
      "exit_codes": [
        0,
        0,
        0,
        0,
        0,
        0,
        0,
        0,
        0,
        0
      ],
      "parameters": {
        "VERSION": "3.1.1"
      }
    },
    {
      "command": "3.2.5",
      "mean": 10.063900993359997,
      "stddev": 0.10402251363826401,
      "median": 10.04617536286,
      "user": 33.96812609999999,
      "system": 2.4910855999999995,
      "min": 9.942626645359999,
      "max": 10.23481029736,
      "times": [
        10.04873776436,
        10.03748840336,
        10.23261960936,
        10.11736868936,
        9.956765105359999,
        10.05743765336,
        10.04361296136,
        10.23481029736,
        9.967542804359999,
        9.942626645359999
      ],
      "exit_codes": [
        0,
        0,
        0,
        0,
        0,
        0,
        0,
        0,
        0,
        0
      ],
      "parameters": {
        "VERSION": "3.2.5"
      }
    },
    {
      "command": "3.3.9",
      "mean": 10.22827057646,
      "stddev": 0.14765380475941606,
      "median": 10.208515838859999,
      "user": 34.4060018,
      "system": 2.4504477,
      "min": 9.94527336336,
      "max": 10.46209882736,
      "times": [
        10.46209882736,
        10.207034372359999,
        10.324471880359999,
        10.18767759436,
        10.20999730536,
        9.94527336336,
        10.16567019936,
        10.42166459536,
        10.13657556936,
        10.222242057359999
      ],
      "exit_codes": [
        0,
        0,
        0,
        0,
        0,
        0,
        0,
        0,
        0,
        0
      ],
      "parameters": {
        "VERSION": "3.3.9"
      }
    },
    {
      "command": "3.5.4",
      "mean": 9.39083303706,
      "stddev": 0.09119306413475382,
      "median": 9.38414280286,
      "user": 29.157002,
      "system": 2.8529890999999994,
      "min": 9.24216368836,
      "max": 9.54046718236,
      "times": [
        9.42468603036,
        9.38046263136,
        9.37085867836,
        9.511636746359999,
        9.41677945236,
        9.387822974359999,
        9.24216368836,
        9.35166002736,
        9.281792959359999,
        9.54046718236
      ],
      "exit_codes": [
        0,
        0,
        0,
        0,
        0,
        0,
        0,
        0,
        0,
        0
      ],
      "parameters": {
        "VERSION": "3.5.4"
      }
    },
    {
      "command": "3.6.3",
      "mean": 9.24942795256,
      "stddev": 0.23317131306197203,
      "median": 9.163117740859999,
      "user": 28.2201773,
      "system": 2.8545670999999997,
      "min": 9.00370299836,
      "max": 9.63341343936,
      "times": [
        9.57848292436,
        9.02669040136,
        9.14308434036,
        9.00370299836,
        9.10546936236,
        9.06400418136,
        9.27898505936,
        9.18315114136,
        9.63341343936,
        9.477295677359999
      ],
      "exit_codes": [
        0,
        0,
        0,
        0,
        0,
        0,
        0,
        0,
        0,
        0
      ],
      "parameters": {
        "VERSION": "3.6.3"
      }
    },
    {
      "command": "3.8.1",
      "mean": 9.22218288106,
      "stddev": 0.17858809759729125,
      "median": 9.18429490286,
      "user": 28.388921700000004,
      "system": 2.9265530999999996,
      "min": 9.00192299436,
      "max": 9.48057764236,
      "times": [
        9.45939866236,
        9.00192299436,
        9.38190665236,
        9.08223778336,
        9.04094884836,
        9.07795908836,
        9.22047526436,
        9.14811454136,
        9.328287333359999,
        9.48057764236
      ],
      "exit_codes": [
        0,
        0,
        0,
        0,
        0,
        0,
        0,
        0,
        0,
        0
      ],
      "parameters": {
        "VERSION": "3.8.1"
      }
    },
    {
      "command": "3.8.2",
      "mean": 8.234130509859998,
      "stddev": 0.05070539084092096,
      "median": 8.22912262186,
      "user": 27.462453399999998,
      "system": 1.5468056000000001,
      "min": 8.14436305536,
      "max": 8.30533523736,
      "times": [
        8.21636638236,
        8.14436305536,
        8.27285151536,
        8.24004830136,
        8.30533523736,
        8.30148659436,
        8.218196942359999,
        8.24622288536,
        8.18026400436,
        8.216170180359999
      ],
      "exit_codes": [
        0,
        0,
        0,
        0,
        0,
        0,
        0,
        0,
        0,
        0
      ],
      "parameters": {
        "VERSION": "3.8.2"
      }
    },
    {
      "command": "3.8.3",
      "mean": 5.54031958856,
      "stddev": 0.07647196601920425,
      "median": 5.52021148936,
      "user": 24.631157899999998,
      "system": 1.2374550999999998,
      "min": 5.450585619360001,
      "max": 5.67272170936,
      "times": [
        5.495067536360001,
        5.67272170936,
        5.467105597360001,
        5.594630467360001,
        5.450585619360001,
        5.5175441993600005,
        5.48426382636,
        5.653016835360001,
        5.54538131536,
        5.52287877936
      ],
      "exit_codes": [
        0,
        0,
        0,
        0,
        0,
        0,
        0,
        0,
        0,
        0
      ],
      "parameters": {
        "VERSION": "3.8.3"
      }
    },
    {
      "command": "3.8.4",
      "mean": 5.52872107616,
      "stddev": 0.08360708872820054,
      "median": 5.551394940360001,
      "user": 24.818601599999997,
      "system": 1.2287860999999998,
      "min": 5.37896294136,
      "max": 5.63051326136,
      "times": [
        5.549304908360001,
        5.557568815360001,
        5.37896294136,
        5.553484972360001,
        5.61712843036,
        5.486962521360001,
        5.63051326136,
        5.5288540493600005,
        5.40269436136,
        5.581736500360001
      ],
      "exit_codes": [
        0,
        0,
        0,
        0,
        0,
        0,
        0,
        0,
        0,
        0
      ],
      "parameters": {
        "VERSION": "3.8.4"
      }
    },
    {
      "command": "4.0.0-alpha-1",
      "mean": 6.13532704576,
      "stddev": 0.09939535782591266,
      "median": 6.112562881360001,
      "user": 28.744393300000002,
      "system": 1.3581396,
      "min": 6.031567363360001,
      "max": 6.29145007536,
      "times": [
        6.031567363360001,
        6.156405078360001,
        6.038271450360001,
        6.211567786360001,
        6.06385850936,
        6.072853339360001,
        6.283115217360001,
        6.05190921436,
        6.29145007536,
        6.15227242336
      ],
      "exit_codes": [
        0,
        0,
        0,
        0,
        0,
        0,
        0,
        0,
        0,
        0
      ],