{
  "results": [
    {
      "command": "3.0.5",
      "mean": 1.02673848412,
      "stddev": 0.010435255355547932,
      "median": 1.02593216312,
      "user": 3.1219686199999996,
      "system": 0.18846855999999998,
      "min": 1.00919491362,
      "max": 1.05034507962,
      "times": [
        1.05034507962,
        1.00919491362,
        1.02196937162,
        1.02116749662,
        1.02858170562,
        1.02759337162,
        1.02322382962,
        1.02827549662,
        1.02427095462,
        1.03276262162
      ],
      "exit_codes": [
        0,
        0,
        0,
        0,
        0,
        0,
        0,
        0,
        0,
        0
      ],
      "parameters": {
        "VERSION": "3.0.5"
      }
    },
    {
      "command": "3.8.8",
      "mean": 1.1654166675200002,
      "stddev": 0.011387055186435981,
      "median": 1.1668331426200003,
      "user": 3.20572672,
      "system": 0.17864506,
      "min": 1.14035541362,
      "max": 1.18293674662,
      "times": [
        1.16968357962,
        1.17484682962,
        1.1676684136200002,
        1.14035541362,
        1.15833245462,
        1.17096920562,
        1.1593857466200002,
        1.1659978716200001,
        1.18293674662,
        1.16399041362
      ],
      "exit_codes": [
        0,
        0,
        0,
        0,
        0,
        0,
        0,
        0,
        0,
        0
      ],
      "parameters": {
        "VERSION": "3.8.8"
      }
    },
    {
      "command": "3.9.4",
      "mean": 1.32558882982,
      "stddev": 0.012933157808443497,
      "median": 1.32361699662,
      "user": 3.49148702,
      "system": 0.18993675999999998,
      "min": 1.3079327466200001,
      "max": 1.3513704966200002,
      "times": [
        1.32231837162,
        1.3079327466200001,
        1.3513704966200002,
        1.3305742046200002,
        1.32491562162,
        1.32135324662,
        1.31702816262,
        1.33918353762,
        1.32975103862,
        1.31146087162
      ],
      "exit_codes": [
        0,
        0,
        0,
        0,
        0,
        0,
        0,
        0,
        0,
        0
      ],
      "parameters": {
        "VERSION": "3.9.4"
      }
    },
    {
      "command": "4.0.0-alpha-7",
      "mean": 1.8776683756200003,
      "stddev": 0.03220020508463148,
      "median": 1.8761322256200001,
      "user": 4.70451392,
      "system": 0.39572195999999993,
      "min": 1.8438880796200001,
      "max": 1.95523745462,
      "times": [
        1.8796164136200002,
        1.88446907962,
        1.84899703862,
        1.8438880796200001,
        1.8753476216200002,
        1.8532963296200002,
        1.95523745462,
        1.86081382962,
        1.8981010796200002,
        1.87691682962
      ],
      "exit_codes": [
        0,
        0,
        0,
        0,
        0,
        0,
        0,
        0,
        0,
        0
      ],
      "parameters": {
        "VERSION": "4.0.0-alpha-7"
      }
    }
  ]
}
