{
  "results": [
    {
      "command": "3.0.5",
      "mean": 12.712355890480001,
      "stddev": 0.1335353053272035,
      "median": 12.682095687380002,
      "user": 34.549792679999996,
      "system": 1.8695415399999997,
      "min": 12.561708663380001,
      "max": 13.01562215038,
      "times": [
        12.561708663380001,
        12.57774543538,
        12.618480488380001,
        12.677318299380001,
        12.686873075380001,
        12.81264500338,
        12.758320881380001,
        12.75636707538,
        12.658477832380001,
        13.01562215038
      ],
      "exit_codes": [
        0,
        0,
        0,
        0,
        0,
        0,
        0,
        0,
        0,
        0
      ],
      "parameters": {
        "VERSION": "3.0.5"
      }
    },
    {
      "command": "3.1.1",
      "mean": 20.61412053608,
      "stddev": 0.22852310507031223,
      "median": 20.61053960988,
      "user": 54.48398908,
      "system": 4.382781540000001,
      "min": 20.28629821738,
      "max": 21.06536514838,
      "times": [
        20.473355239380002,
        20.61011911238,
        20.33976661038,
        20.84213757338,
        20.69040878538,
        20.28629821738,
        20.61096010738,
        20.55672247338,
        21.06536514838,
        20.66607209338
      ],
      "exit_codes": [
        0,
        0,
        0,
        0,
        0,
        0,
        0,
        0,
        0,
        0
      ],
      "parameters": {
        "VERSION": "3.1.1"
      }
    },
    {
      "command": "3.2.5",
      "mean": 21.07076517568,
      "stddev": 0.2284865217832995,
      "median": 21.12961177188,
      "user": 55.24051377999999,
      "system": 4.53874924,
      "min": 20.64803896638,
      "max": 21.39104447338,
      "times": [
        21.23439450538,
        21.13730999838,
        21.13123504738,
        21.127988496380002,
        20.64803896638,
        21.39104447338,
        20.71594998438,
        21.06926543238,
        21.03029634338,
        21.22212850938
      ],
      "exit_codes": [
        0,
        0,
        0,
        0,
        0,
        0,
        0,
        0,
        0,
        0
      ],
      "parameters": {
        "VERSION": "3.2.5"
      }
    },
    {
      "command": "3.3.9",
      "mean": 21.056118216479994,
      "stddev": 0.13719004867587095,
      "median": 21.08926225838,
      "user": 55.58145198,
      "system": 4.6838377399999995,
      "min": 20.73557676338,
      "max": 21.20078111838,
      "times": [
        21.02512867138,
        20.73557676338,
        20.94837047138,
        21.20078111838,
        21.15937795938,
        21.020480700380002,
        21.13693138738,
        21.15601057638,
        21.12466680638,
        21.05385771038
      ],
      "exit_codes": [
        0,
        0,
        0,
        0,
        0,
        0,
        0,
        0,
        0,
        0
      ],
      "parameters": {
        "VERSION": "3.3.9"
      }
    },
    {
      "command": "3.5.4",
      "mean": 18.380649058379994,
      "stddev": 0.18199722523464165,
      "median": 18.39238512488,
      "user": 44.81162238,
      "system": 4.0752868399999995,
      "min": 17.98938808038,
      "max": 18.62051328538,
      "times": [
        18.62051328538,
        17.98938808038,
        18.41340250838,
        18.33922321638,
        18.33164960538,
        18.587281034380002,
        18.38322190638,
        18.50965845838,
        18.40154834338,
        18.23060414538
      ],
      "exit_codes": [
        0,
        0,
        0,
        0,
        0,
        0,
        0,
        0,
        0,
        0
      ],
      "parameters": {
        "VERSION": "3.5.4"
      }
    },
    {
      "command": "3.6.3",
      "mean": 17.93515269018,
      "stddev": 0.10741907468425409,
      "median": 17.95402039838,
      "user": 42.690092879999995,
      "system": 4.11095114,
      "min": 17.74880840938,
      "max": 18.13631933538,
      "times": [
        17.74880840938,
        18.13631933538,
        17.82749645638,
        17.93763308038,
        17.98140935038,
        17.84069997038,
        17.99534574438,
        17.95678089138,
        17.95125990538,
        17.97577375838
      ],
      "exit_codes": [
        0,
        0,
        0,
        0,
        0,
        0,
        0,
        0,
        0,
        0
      ],
      "parameters": {
        "VERSION": "3.6.3"
      }
    },
    {
      "command": "3.8.1",
      "mean": 17.98277449848,
      "stddev": 0.21792547264983397,
      "median": 17.98076297638,
      "user": 42.424210079999995,
      "system": 4.13788714,
      "min": 17.65646514738,
      "max": 18.31783401938,
      "times": [
        18.13789509638,
        17.65646514738,
        18.058209411380002,
        17.92258634338,
        17.85243974738,
        18.03893960938,
        17.78543659238,
        17.79237532538,
        18.26556369238,
        18.31783401938
      ],
      "exit_codes": [
        0,
        0,
        0,
        0,
        0,
        0,
        0,
        0,
        0,
        0
      ],
      "parameters": {
        "VERSION": "3.8.1"
      }
    },
    {
      "command": "3.8.2",
      "mean": 15.93949098248,
      "stddev": 0.16834614581040547,
      "median": 15.90704220788,
      "user": 40.42622748,
      "system": 1.80353434,
      "min": 15.70846851638,
      "max": 16.26390492438,
      "times": [
        16.161163364380002,
        15.87926740438,
        15.886020271380001,
        15.79149820838,
        15.94803778338,
        15.92806414438,
        16.26390492438,
        15.70846851638,
        15.82085375638,
        16.00763145138
      ],
      "exit_codes": [
        0,
        0,
        0,
        0,
        0,
        0,
        0,
        0,
        0,
        0
      ],
      "parameters": {
        "VERSION": "3.8.2"
      }
    },
    {
      "command": "3.8.3",
      "mean": 9.77710676408,
      "stddev": 0.09138824680676573,
      "median": 9.76405728088,
      "user": 34.69967048,
      "system": 1.7749794399999999,
      "min": 9.61582344638,
      "max": 9.94525365338,
      "times": [
        9.61582344638,
        9.71195887038,
        9.74540412138,
        9.94525365338,
        9.88305460438,
        9.73001010738,
        9.75386850338,
        9.806764770380001,
        9.80468350538,
        9.774246058380001
      ],
      "exit_codes": [
        0,
        0,
        0,
        0,
        0,
        0,
        0,
        0,
        0,
        0
      ],
      "parameters": {
        "VERSION": "3.8.3"
      }
    },
    {
      "command": "3.8.4",
      "mean": 9.72667263048,
      "stddev": 0.0984911899520225,
      "median": 9.719011547880001,
      "user": 34.12211038,
      "system": 1.7945856399999998,
      "min": 9.58149334938,
      "max": 9.91026954538,
      "times": [
        9.75607623138,
        9.706558578380001,
        9.731464517380001,
        9.70181030938,
        9.91026954538,
        9.58149334938,
        9.68497807338,
        9.75415757138,
        9.838334597380001,
        9.601583531380001
      ],
      "exit_codes": [
        0,
        0,
        0,
        0,
        0,
        0,
        0,
        0,
        0,
        0
      ],
      "parameters": {
        "VERSION": "3.8.4"
      }
    },
    {
      "command": "4.0.0-alpha-1",
      "mean": 10.38540543288,
      "stddev": 0.1567676953306608,
      "median": 10.34198829388,
      "user": 38.335026479999996,
      "system": 1.88660784,
      "min": 10.233891616380001,
      "max": 10.727156646380001,
      "times": [
        10.338227381380001,
        10.233891616380001,
        10.46853616338,
        10.28479074138,
        10.24230515238,
        10.253157658380001,
        10.52856277138,
        10.43167699138,
        10.34574920638,
        10.727156646380001
      ],
      "exit_codes": [
        0,
        0,
        0,
        0,
        0,
        0,
        0,
        0,
        0,
        0
      ],