{
  "results": [
    {
      "command": "3.0.5",
      "mean": 18.974339713080006,
      "stddev": 0.26574445064626145,
      "median": 18.95745010428,
      "user": 50.75875554,
      "system": 2.1376055999999997,
      "min": 18.52669016528,
      "max": 19.35508003628,
      "times": [
        19.27502433928,
        18.79572799328,
        19.08750735628,
        18.96698191328,
        19.201975057280002,
        18.65732791228,
        18.92916406228,
        18.52669016528,
        19.35508003628,
        18.94791829528
      ],
      "exit_codes": [
        0,
        0,
        0,
        0,
        0,
        0,
        0,
        0,
        0,
        0
      ],
      "parameters": {
        "VERSION": "3.0.5"
      }
    },
    {
      "command": "3.1.1",
      "mean": 32.226176059080004,
      "stddev": 0.36568782291530016,
      "median": 32.358220125779994,
      "user": 84.71879994000001,
      "system": 5.1580542,
      "min": 31.606132985280002,
      "max": 32.66604662428,
      "times": [
        32.52478204928,
        32.66604662428,
        31.606132985280002,
        32.44516925528,
        32.55304703628,
        31.87197806828,
        32.271270996279995,
        32.475778698279996,
        31.856846746280002,
        31.99070813128
      ],
      "exit_codes": [
        0,
        0,
        0,
        0,
        0,
        0,
        0,
        0,
        0,
        0
      ],
      "parameters": {
        "VERSION": "3.1.1"
      }
    },
    {
      "command": "3.2.5",
      "mean": 32.68146825708,
      "stddev": 0.2662905593795939,
      "median": 32.636692182779996,
      "user": 89.31556144,
      "system": 4.953754699999999,
      "min": 32.33057840428,
      "max": 33.183973656279996,
      "times": [
        32.33057840428,
        32.406200186279996,
        32.79108974628,
        32.96256898528,
        32.61758012328,
        33.183973656279996,
        32.50749122928,
        32.853966445279994,
        32.50542955228,
        32.65580424228
      ],
      "exit_codes": [
        0,
        0,
        0,
        0,
        0,
        0,
        0,
        0,
        0,
        0
      ],
      "parameters": {
        "VERSION": "3.2.5"
      }
    },
    {
      "command": "3.3.9",
      "mean": 32.75749402278,
      "stddev": 0.5192641534285384,
      "median": 32.78542847728,
      "user": 89.85797604,
      "system": 5.199426099999999,
      "min": 31.79454613528,
      "max": 33.58404532828,
      "times": [
        33.18914517428,
        31.79454613528,
        32.64313925028,
        33.177570288279995,
        32.967309963279995,
        32.25477428828,
        32.92771770428,
        33.58404532828,
        32.530354071279994,
        32.50633802428
      ],
      "exit_codes": [
        0,
        0,
        0,
        0,
        0,
        0,
        0,
        0,
        0,
        0
      ],
      "parameters": {
        "VERSION": "3.3.9"
      }
    },
    {
      "command": "3.5.4",
      "mean": 26.945004096679998,
      "stddev": 0.23734121241112083,
      "median": 27.02340642878,
      "user": 65.82168433999999,
      "system": 5.4954714,
      "min": 26.57845035128,
      "max": 27.251186627280003,
      "times": [
        26.70666559528,
        26.57845035128,
        27.251186627280003,
        26.87802233928,
        27.123870113280002,
        27.139943122280002,
        26.61673372828,
        27.00287607728,
        27.04393678028,
        27.108356232280002
      ],
      "exit_codes": [
        0,
        0,
        0,
        0,
        0,
        0,
        0,
        0,
        0,
        0
      ],
      "parameters": {
        "VERSION": "3.5.4"
      }
    },
    {
      "command": "3.6.3",
      "mean": 26.409760804180003,
      "stddev": 0.2118691350525459,
      "median": 26.40503239378,
      "user": 65.08568124,
      "system": 5.5372721999999985,
      "min": 25.90896009328,
      "max": 26.72608382228,
      "times": [
        25.90896009328,
        26.37305543828,
        26.38265586128,
        26.51890417928,
        26.72608382228,
        26.51061429128,
        26.35984265428,
        26.427408926280002,
        26.33623700228,
        26.553845773280003
      ],
      "exit_codes": [
        0,
        0,
        0,
        0,
        0,
        0,
        0,
        0,
        0,
        0
      ],
      "parameters": {
        "VERSION": "3.6.3"
      }
    },
    {
      "command": "3.8.1",
      "mean": 26.63010350388,
      "stddev": 0.26925069182846606,
      "median": 26.57963030878,
      "user": 64.95625384,
      "system": 5.4821122,
      "min": 26.30709048828,
      "max": 27.21314919428,
      "times": [
        26.57398406928,
        26.30709048828,
        27.21314919428,
        26.54849218928,
        26.43982317428,
        26.58527654828,
        26.810997284280003,
        26.688924458280002,
        26.32589747828,
        26.80740015428
      ],
      "exit_codes": [
        0,
        0,
        0,
        0,
        0,
        0,
        0,
        0,
        0,
        0
      ],
      "parameters": {
        "VERSION": "3.8.1"
      }
    },
    {
      "command": "3.8.2",
      "mean": 23.98187009728,
      "stddev": 0.24948508323703716,
      "median": 23.98666300828,
      "user": 58.86302124000001,
      "system": 2.5521757,
      "min": 23.63473966728,
      "max": 24.34897513028,
      "times": [
        24.34897513028,
        23.68265720528,
        24.04769053728,
        23.92563547928,
        24.257298037280002,
        24.04973872228,
        23.77903173728,
        23.84905785228,
        23.63473966728,
        24.24387660428
      ],
      "exit_codes": [
        0,
        0,
        0,
        0,
        0,
        0,
        0,
        0,
        0,
        0
      ],
      "parameters": {
        "VERSION": "3.8.2"
      }
    },
    {
      "command": "3.8.3",
      "mean": 13.511204341779997,
      "stddev": 0.1653551652085656,
      "median": 13.512585606279998,
      "user": 49.58576094,
      "system": 2.0027398,
      "min": 13.25963579428,
      "max": 13.834777449279999,
      "times": [
        13.553281307279999,
        13.343261303279998,
        13.42542464028,
        13.53106082828,
        13.25963579428,
        13.834777449279999,
        13.40665724728,
        13.63107713228,
        13.632757331279999,
        13.494110384279999
      ],
      "exit_codes": [
        0,
        0,
        0,
        0,
        0,
        0,
        0,
        0,
        0,
        0
      ],
      "parameters": {
        "VERSION": "3.8.3"
      }
    },
    {
      "command": "3.8.4",
      "mean": 13.46904869268,
      "stddev": 0.21396169176766194,
      "median": 13.520925008279999,
      "user": 50.15777973999999,
      "system": 2.0778516,
      "min": 13.08484413828,
      "max": 13.796906970279998,
      "times": [
        13.559225971279998,
        13.48212018928,
        13.21044256828,
        13.523001942279999,
        13.51884807428,
        13.29805971828,
        13.08484413828,
        13.544485823279999,
        13.67255153128,
        13.796906970279998
      ],
      "exit_codes": [
        0,
        0,
        0,
        0,
        0,
        0,
        0,
        0,
        0,
        0
      ],
      "parameters": {
        "VERSION": "3.8.4"
      }
    },
    {
      "command": "4.0.0-alpha-1",
      "mean": 15.14165859858,
      "stddev": 0.3009754826308404,
      "median": 15.053304073779998,
      "user": 52.70095693999999,
      "system": 2.297004,
      "min": 14.79814727428,
      "max": 15.844495072279999,
      "times": [
        14.79814727428,
        15.844495072279999,
        14.926813744279999,
        14.90906310928,
        15.042773840279999,
        15.28851585028,
        15.063834307279999,
        14.98446411328,
        15.240065590279999,
        15.31841308428
      ],