{
  "results": [
    {
      "command": "3.0.5",
      "mean": 3.23231002518,
      "stddev": 0.08614319358473717,
      "median": 3.22560208988,
      "user": 18.66423004,
      "system": 0.76535192,
      "min": 3.11746713938,
      "max": 3.36131725238,
      "times": [
        3.25841223738,
        3.17994150138,
        3.3050943303800002,
        3.2032233163800004,
        3.24798086338,
        3.13499912438,
        3.36131725238,
        3.16672455538,
        3.34793993138,
        3.11746713938
      ],
      "exit_codes": [
        0,
        0,
        0,
        0,
        0,
        0,
        0,
        0,
        0,
        0
      ],
      "parameters": {
        "VERSION": "3.0.5"
      }
    },
    {
      "command": "3.1.1",
      "mean": 3.7773961420799997,
      "stddev": 0.06998578255412509,
      "median": 3.74290929838,
      "user": 18.284414339999998,
      "system": 0.7792554199999999,
      "min": 3.7056743563800003,
      "max": 3.88643787838,
      "times": [
        3.7203230723800003,
        3.72677955338,
        3.81803877838,
        3.75124284438,
        3.73457575238,
        3.7056743563800003,
        3.8292191353800002,
        3.8823052923800003,
        3.88643787838,
        3.71936475738
      ],
      "exit_codes": [
        0,
        0,
        0,
        0,
        0,
        0,
        0,
        0,
        0,
        0
      ],
      "parameters": {
        "VERSION": "3.1.1"
      }
    },
    {
      "command": "3.2.5",
      "mean": 3.98943346368,
      "stddev": 0.08394043511511864,
      "median": 3.9871199398800004,
      "user": 20.771159539999996,
      "system": 0.83476032,
      "min": 3.8376257333800003,
      "max": 4.12089181638,
      "times": [
        3.99680727338,
        4.10233011338,
        4.12089181638,
        4.018548758380001,
        3.94827955438,
        3.92036486438,
        3.9774326063800003,
        3.9485568863800005,
        3.8376257333800003,
        4.02349703038
      ],
      "exit_codes": [
        0,
        0,
        0,
        0,
        0,
        0,
        0,
        0,
        0,
        0
      ],
      "parameters": {
        "VERSION": "3.2.5"
      }
    },
    {
      "command": "3.3.9",
      "mean": 4.057324937580001,
      "stddev": 0.09060596166697883,
      "median": 4.039349634880001,
      "user": 22.63245584,
      "system": 0.8741854200000001,
      "min": 3.9524124293800003,
      "max": 4.23755638938,
      "times": [
        4.1406235033800005,
        4.04528359938,
        4.13679861438,
        3.9524124293800003,
        3.99418776038,
        4.23755638938,
        4.03341567038,
        3.98424888638,
        4.07397964738,
        3.9747428753800005
      ],
      "exit_codes": [
        0,
        0,
        0,
        0,
        0,
        0,
        0,
        0,
        0,
        0
      ],
      "parameters": {
        "VERSION": "3.3.9"
      }
    },
    {
      "command": "3.5.4",
      "mean": 4.48249122988,
      "stddev": 0.0677098424467763,
      "median": 4.47427122588,
      "user": 23.01030184,
      "system": 1.5417176199999998,
      "min": 4.39218998038,
      "max": 4.60397444238,
      "times": [
        4.41668483338,
        4.46395347238,
        4.60397444238,
        4.48458897938,
        4.43770239738,
        4.49538737838,
        4.4345128453800005,
        4.39218998038,
        4.53029181138,
        4.565626158380001
      ],
      "exit_codes": [
        0,
        0,
        0,
        0,
        0,
        0,
        0,
        0,
        0,
        0
      ],
      "parameters": {
        "VERSION": "3.5.4"
      }
    },
    {
      "command": "3.6.3",
      "mean": 4.388984883880001,
      "stddev": 0.09246881876455317,
      "median": 4.37467543538,
      "user": 22.166029039999994,
      "system": 1.48461662,
      "min": 4.26498325838,
      "max": 4.51416771638,
      "times": [
        4.34356769638,
        4.39004347738,
        4.51416771638,
        4.33030769838,
        4.511099740380001,
        4.26498325838,
        4.47268392438,
        4.26569546938,
        4.35930739338,
        4.437992464380001
      ],
      "exit_codes": [
        0,
        0,
        0,
        0,
        0,
        0,
        0,
        0,
        0,
        0
      ],
      "parameters": {
        "VERSION": "3.6.3"
      }
    },
    {
      "command": "3.8.1",
      "mean": 4.42243010448,
      "stddev": 0.0883318857140353,
      "median": 4.40302871038,
      "user": 22.33473314,
      "system": 1.4956056199999999,
      "min": 4.32019710538,
      "max": 4.59318654638,
      "times": [
        4.43998261638,
        4.34218284738,
        4.37244568738,
        4.4942266253800005,
        4.43361173338,
        4.59318654638,
        4.36395385738,
        4.32019710538,
        4.35327974438,
        4.51123428138
      ],
      "exit_codes": [
        0,
        0,
        0,
        0,
        0,
        0,
        0,
        0,
        0,
        0
      ],
      "parameters": {
        "VERSION": "3.8.1"
      }
    },
    {
      "command": "3.8.2",
      "mean": 3.75253663478,
      "stddev": 0.10025628149959889,
      "median": 3.74637567788,
      "user": 21.29535014,
      "system": 0.7431349199999999,
      "min": 3.5957671813800003,
      "max": 3.92613709038,
      "times": [
        3.5957671813800003,
        3.65678425638,
        3.6707099593800003,
        3.92613709038,
        3.85131344438,
        3.7164252943800005,
        3.72614404838,
        3.8380207213800004,
        3.77745704438,
        3.76660730738
      ],
      "exit_codes": [
        0,
        0,
        0,
        0,
        0,
        0,
        0,
        0,
        0,
        0
      ],
      "parameters": {
        "VERSION": "3.8.2"
      }
    },
    {
      "command": "3.8.3",
      "mean": 3.41748944908,
      "stddev": 0.05514996522391672,
      "median": 3.40409206238,
      "user": 21.354717339999997,
      "system": 0.6891609200000001,
      "min": 3.3659993213800004,
      "max": 3.5257506053800003,
      "times": [
        3.5257506053800003,
        3.42116820238,
        3.36852570338,
        3.4407476853800003,
        3.3659993213800004,
        3.36641977838,
        3.44112482238,
        3.37574966938,
        3.48239278038,
        3.3870159223800003
      ],
      "exit_codes": [
        0,
        0,
        0,
        0,
        0,
        0,
        0,
        0,
        0,
        0
      ],
      "parameters": {
        "VERSION": "3.8.3"
      }
    },
    {
      "command": "3.8.4",
      "mean": 3.4529094738800006,
      "stddev": 0.10521618423199149,
      "median": 3.4312178808800002,
      "user": 20.61083264,
      "system": 0.71430372,
      "min": 3.33250712738,
      "max": 3.66676808438,
      "times": [
        3.36047794538,
        3.5236643943800003,
        3.53928241538,
        3.36036062938,
        3.4453650003800003,
        3.41707076138,
        3.37761917238,
        3.5059792083800003,
        3.33250712738,
        3.66676808438
      ],
      "exit_codes": [
        0,
        0,
        0,
        0,
        0,
        0,
        0,
        0,
        0,
        0
      ],
      "parameters": {
        "VERSION": "3.8.4"
      }
    },
    {
      "command": "4.0.0-alpha-1",
      "mean": 3.7731630954799997,
      "stddev": 0.0824959487040896,
      "median": 3.76617409888,
      "user": 22.404086439999997,
      "system": 0.76656662,
      "min": 3.67175317338,
      "max": 3.94943182738,
      "times": [
        3.7995763133800002,
        3.8112490933800003,
        3.7305386193800003,
        3.75633788438,
        3.83899724838,
        3.94943182738,
        3.7103957653800004,
        3.77601031338,
        3.67175317338,
        3.68734071638
      ],
      "exit_codes": [
        0,
        0,
        0,
        0,
        0,
        0,
        0,
        0,
        0,
        0
      ],