{
  "results": [
    {
      "command": "3.0.5",
      "mean": 12.689466026299996,
      "stddev": 0.09545140786659793,
      "median": 12.6901352531,
      "user": 36.541434779999996,
      "system": 1.8368764999999996,
      "min": 12.5352923326,
      "max": 12.8009001136,
      "times": [
        12.6888064906,
        12.6914640156,
        12.7817363836,
        12.781822845599999,
        12.765019664599999,
        12.5352923326,
        12.6206040126,
        12.5550275836,
        12.6739868206,
        12.8009001136
      ],
      "exit_codes": [
        0,
        0,
        0,
        0,
        0,
        0,
        0,
        0,
        0,
        0
      ],
      "parameters": {
        "VERSION": "3.0.5"
      }
    },
    {
      "command": "3.1.1",
      "mean": 20.5700531479,
      "stddev": 0.2624253937232595,
      "median": 20.5998649456,
      "user": 58.113254080000004,
      "system": 4.2490045,
      "min": 20.1593213236,
      "max": 20.865854174600003,
      "times": [
        20.3784238876,
        20.4577107206,
        20.756663631600002,
        20.7232467456,
        20.2311788586,
        20.1593213236,
        20.798062405600003,
        20.865854174600003,
        20.4764831456,
        20.853586585600002
      ],
      "exit_codes": [
        0,
        0,
        0,
        0,
        0,
        0,
        0,
        0,
        0,
        0
      ],
      "parameters": {
        "VERSION": "3.1.1"
      }
    },
    {
      "command": "3.2.5",
      "mean": 21.154925479000003,
      "stddev": 0.1463320260148952,
      "median": 21.1830267486,
      "user": 60.812467979999994,
      "system": 4.553391899999999,
      "min": 20.8660388266,
      "max": 21.3678821596,
      "times": [
        20.8660388266,
        21.302587601600003,
        21.3678821596,
        20.997684632600002,
        21.192597039600003,
        21.0990955816,
        21.1843251306,
        21.249852624600003,
        21.107462826600003,
        21.1817283666
      ],
      "exit_codes": [
        0,
        0,
        0,
        0,
        0,
        0,
        0,
        0,
        0,
        0
      ],
      "parameters": {
        "VERSION": "3.2.5"
      }
    },
    {
      "command": "3.3.9",
      "mean": 21.0290659025,
      "stddev": 0.13227652771462342,
      "median": 21.0286736231,
      "user": 61.23681617999999,
      "system": 4.493856599999999,
      "min": 20.8643618426,
      "max": 21.262405408600003,
      "times": [
        20.9528477696,
        20.893035438600002,
        21.062807207600002,
        20.8643618426,
        21.1517392806,
        21.262405408600003,
        20.8914340596,
        21.0102845766,
        21.154680771600002,
        21.047062669600002
      ],
      "exit_codes": [
        0,
        0,
        0,
        0,
        0,
        0,
        0,
        0,
        0,
        0
      ],
      "parameters": {
        "VERSION": "3.3.9"
      }
    },
    {
      "command": "3.5.4",
      "mean": 17.9946143138,
      "stddev": 0.14610005200351978,
      "median": 17.9963156401,
      "user": 46.058888679999995,
      "system": 4.156865699999999,
      "min": 17.8238825946,
      "max": 18.195984687600003,
      "times": [
        18.0822644636,
        17.931547358600003,
        18.1177913166,
        17.8579181266,
        18.0610839216,
        17.860044737600003,
        18.195984687600003,
        17.8434753866,
        18.1721505446,
        17.8238825946
      ],
      "exit_codes": [
        0,
        0,
        0,
        0,
        0,
        0,
        0,
        0,
        0,
        0
      ],
      "parameters": {
        "VERSION": "3.5.4"
      }
    },
    {
      "command": "3.6.3",
      "mean": 17.874276274900005,
      "stddev": 0.16621761819630565,
      "median": 17.869438582100003,
      "user": 43.95600428,
      "system": 4.1375879,
      "min": 17.589162317600003,
      "max": 18.1483765886,
      "times": [
        17.897803934600002,
        17.841073229600003,
        17.589162317600003,
        17.9765914376,
        17.771502055600003,
        18.1483765886,
        17.9889971676,
        17.834643897600003,
        18.0106468076,
        17.6839653126
      ],
      "exit_codes": [
        0,
        0,
        0,
        0,
        0,
        0,
        0,
        0,
        0,
        0
      ],
      "parameters": {
        "VERSION": "3.6.3"
      }
    },
    {
      "command": "3.8.1",
      "mean": 17.8749102572,
      "stddev": 0.12651364880315433,
      "median": 17.8881009371,
      "user": 44.28631037999999,
      "system": 4.1326637999999996,
      "min": 17.631597165600002,
      "max": 18.0643231526,
      "times": [
        17.7415136386,
        17.8913793376,
        18.0643231526,
        17.8848225366,
        18.0237099986,
        17.8363194786,
        17.8986263896,
        17.9443132936,
        17.832497580600002,
        17.631597165600002
      ],
      "exit_codes": [
        0,
        0,
        0,
        0,
        0,
        0,
        0,
        0,
        0,
        0
      ],
      "parameters": {
        "VERSION": "3.8.1"
      }
    },
    {
      "command": "3.8.2",
      "mean": 15.9842788588,
      "stddev": 0.18097274696374444,
      "median": 15.9738703021,
      "user": 43.30557527999999,
      "system": 1.8377979999999998,
      "min": 15.7860193936,
      "max": 16.3596608936,
      "times": [
        16.040879923600002,
        15.7887773316,
        15.8243613216,
        16.1038392626,
        15.9988227026,
        15.7860193936,
        15.8702089786,
        15.9489179016,
        16.1213008786,
        16.3596608936
      ],
      "exit_codes": [
        0,
        0,
        0,
        0,
        0,
        0,
        0,
        0,
        0,
        0
      ],
      "parameters": {
        "VERSION": "3.8.2"
      }
    },
    {
      "command": "3.8.3",
      "mean": 9.5973077988,
      "stddev": 0.09125530576718471,
      "median": 9.622177924599999,
      "user": 36.00998428,
      "system": 1.7852595999999998,
      "min": 9.442259010599999,
      "max": 9.7224807776,
      "times": [
        9.7224807776,
        9.4785940006,
        9.5897464026,
        9.442259010599999,
        9.643424594599999,
        9.600931254599999,
        9.6616726276,
        9.5148007186,
        9.6485758396,
        9.6705927616
      ],
      "exit_codes": [
        0,
        0,
        0,
        0,
        0,
        0,
        0,
        0,
        0,
        0
      ],
      "parameters": {
        "VERSION": "3.8.3"
      }
    },
    {
      "command": "3.8.4",
      "mean": 9.6180862372,
      "stddev": 0.13036286611754352,
      "median": 9.5915600121,
      "user": 36.93125378,
      "system": 1.8505156,
      "min": 9.4754533496,
      "max": 9.8706602706,
      "times": [
        9.7914744646,
        9.6559974496,
        9.5784766206,
        9.494213454599999,
        9.6604799566,
        9.5024796526,
        9.4754533496,
        9.604643403599999,
        9.546983749599999,
        9.8706602706
      ],
      "exit_codes": [
        0,
        0,
        0,
        0,
        0,
        0,
        0,
        0,
        0,
        0
      ],
      "parameters": {
        "VERSION": "3.8.4"
      }
    },
    {
      "command": "4.0.0-alpha-1",
      "mean": 10.245810066199999,
      "stddev": 0.17851746729175735,
      "median": 10.2243806596,
      "user": 38.61868938,
      "system": 1.8922681999999997,
      "min": 10.062051650599999,
      "max": 10.653053502599999,
      "times": [
        10.2054382646,
        10.653053502599999,
        10.3027941146,
        10.062051650599999,
        10.4016746406,
        10.2512084686,
        10.1120628076,
        10.063439321599999,
        10.2433230546,
        10.163054836599999
      ],
      "exit_codes": [
        0,
        0,
        0,
        0,
        0,
        0,
        0,
        0,
        0,
        0
      ],