{
  "results": [
    {
      "command": "3.0.5",
      "mean": 5.96637623912,
      "stddev": 0.08868138922361928,
      "median": 5.943988812820001,
      "user": 30.146010260000004,
      "system": 1.0934391799999998,
      "min": 5.84417440332,
      "max": 6.09842791032,
      "times": [
        5.93237440332,
        5.95073343932,
        6.09842791032,
        5.84417440332,
        5.894796636320001,
        6.03186854632,
        6.09359685432,
        5.87245581132,
        5.93724418632,
        6.00809020032
      ],
      "exit_codes": [
        0,
        0,
        0,
        0,
        0,
        0,
        0,
        0,
        0,
        0
      ],
      "parameters": {
        "VERSION": "3.0.5"
      }
    },
    {
      "command": "3.1.1",
      "mean": 9.08368551482,
      "stddev": 0.12074341400203252,
      "median": 9.10050853582,
      "user": 48.36424915999999,
      "system": 1.6588309799999998,
      "min": 8.888033479319999,
      "max": 9.22670636432,
      "times": [
        9.22670636432,
        9.21971856532,
        9.16583253232,
        9.059194094319999,
        9.06337913632,
        9.137637935319999,
        8.96588604232,
        8.93732643832,
        8.888033479319999,
        9.173140560319998
      ],
      "exit_codes": [
        0,
        0,
        0,
        0,
        0,
        0,
        0,
        0,
        0,
        0
      ],
      "parameters": {
        "VERSION": "3.1.1"
      }
    },
    {
      "command": "3.2.5",
      "mean": 9.34624425312,
      "stddev": 0.10844320461764588,
      "median": 9.31973169182,
      "user": 49.93099535999999,
      "system": 1.7778918799999996,
      "min": 9.212907723319999,
      "max": 9.529332286319999,
      "times": [
        9.26750159032,
        9.332021661319999,
        9.40664114532,
        9.212907723319999,
        9.369368011319999,
        9.50991586432,
        9.295426791319999,
        9.231885735319999,
        9.529332286319999,
        9.30744172232
      ],
      "exit_codes": [
        0,
        0,
        0,
        0,
        0,
        0,
        0,
        0,
        0,
        0
      ],
      "parameters": {
        "VERSION": "3.2.5"
      }
    },
    {
      "command": "3.3.9",
      "mean": 9.451517447719999,
      "stddev": 0.10577569631675633,
      "median": 9.437438818819999,
      "user": 51.03506675999999,
      "system": 1.76635328,
      "min": 9.30560111232,
      "max": 9.64631768632,
      "times": [
        9.64631768632,
        9.55626501432,
        9.42086240632,
        9.44112587732,
        9.474439366319999,
        9.43375176032,
        9.30560111232,
        9.535504055319999,
        9.32619765532,
        9.375109543319999
      ],
      "exit_codes": [
        0,
        0,
        0,
        0,
        0,
        0,
        0,
        0,
        0,
        0
      ],
      "parameters": {
        "VERSION": "3.3.9"
      }
    },
    {
      "command": "3.5.4",
      "mean": 8.280729633719998,
      "stddev": 0.0783559172893895,
      "median": 8.28018081282,
      "user": 32.21715476,
      "system": 2.63210288,
      "min": 8.16236684832,
      "max": 8.40933424032,
      "times": [
        8.16236684832,
        8.33189728432,
        8.40933424032,
        8.228209739319999,
        8.368946058319999,
        8.30046335532,
        8.242789047319999,
        8.190049327319999,
        8.31334216632,
        8.259898270319999
      ],
      "exit_codes": [
        0,
        0,
        0,
        0,
        0,
        0,
        0,
        0,
        0,
        0
      ],
      "parameters": {
        "VERSION": "3.5.4"
      }
    },
    {
      "command": "3.6.3",
      "mean": 8.23098273552,
      "stddev": 0.10872032727393284,
      "median": 8.20740103482,
      "user": 32.72800776,
      "system": 2.7229538800000004,
      "min": 8.08628280232,
      "max": 8.44225032932,
      "times": [
        8.235376920319998,
        8.23965232932,
        8.115928193319998,
        8.21083889532,
        8.18696140032,
        8.203764781319999,
        8.20396317432,
        8.08628280232,
        8.384808529319999,
        8.44225032932
      ],
      "exit_codes": [
        0,
        0,
        0,
        0,
        0,
        0,
        0,
        0,
        0,
        0
      ],
      "parameters": {
        "VERSION": "3.6.3"
      }
    },
    {
      "command": "3.8.1",
      "mean": 8.17728642472,
      "stddev": 0.10710612877853803,
      "median": 8.20704528832,
      "user": 32.24934806,
      "system": 2.68381968,
      "min": 8.011017129319999,
      "max": 8.332899273319999,
      "times": [
        8.011017129319999,
        8.166835769319999,
        8.20136973632,
        8.332899273319999,
        8.059377654319999,
        8.21272084032,
        8.21276378132,
        8.30604116532,
        8.05092235732,
        8.218916540319999
      ],
      "exit_codes": [
        0,
        0,
        0,
        0,
        0,
        0,
        0,
        0,
        0,
        0
      ],
      "parameters": {
        "VERSION": "3.8.1"
      }
    },
    {
      "command": "3.8.2",
      "mean": 7.038851100820001,
      "stddev": 0.07522027628958558,
      "median": 7.0382377938200005,
      "user": 30.226231959999996,
      "system": 1.2761829800000002,
      "min": 6.91644243332,
      "max": 7.19747894232,
      "times": [
        7.05302283632,
        7.01338824832,
        7.19747894232,
        6.91644243332,
        7.0262754883200005,
        7.04449904732,
        7.0319765403200005,
        7.076407559320001,
        7.074067347320001,
        6.95495256532
      ],
      "exit_codes": [
        0,
        0,
        0,
        0,
        0,
        0,
        0,
        0,
        0,
        0
      ],
      "parameters": {
        "VERSION": "3.8.2"
      }
    },
    {
      "command": "3.8.3",
      "mean": 4.98353204142,
      "stddev": 0.07092582226813304,
      "median": 5.00092033532,
      "user": 28.584921459999997,
      "system": 1.0223714799999999,
      "min": 4.8800710483200005,
      "max": 5.071711162320001,
      "times": [
        5.02886116032,
        5.071711162320001,
        4.94655406332,
        5.04018814632,
        4.9113498593200005,
        5.0224580453200005,
        4.97938262532,
        4.89569016332,
        4.8800710483200005,
        5.05905414032
      ],
      "exit_codes": [
        0,
        0,
        0,
        0,
        0,
        0,
        0,
        0,
        0,
        0
      ],
      "parameters": {
        "VERSION": "3.8.3"
      }
    },
    {
      "command": "3.8.4",
      "mean": 4.970074032219999,
      "stddev": 0.08956025820040787,
      "median": 4.94315366132,
      "user": 27.94668046,
      "system": 1.0173669799999998,
      "min": 4.882367582320001,
      "max": 5.15486168232,
      "times": [
        4.96498898232,
        4.99692063132,
        4.882367582320001,
        5.03130609132,
        5.05707151032,
        4.8936839903200005,
        5.15486168232,
        4.90006170132,
        4.92131834032,
        4.89815981032
      ],
      "exit_codes": [
        0,
        0,
        0,
        0,
        0,
        0,
        0,
        0,
        0,
        0
      ],
      "parameters": {
        "VERSION": "3.8.4"
      }
    },
    {
      "command": "4.0.0-alpha-1",
      "mean": 5.53320937072,
      "stddev": 0.06102315501966741,
      "median": 5.52990513432,
      "user": 30.594562659999998,
      "system": 1.0529578799999997,
      "min": 5.45533158032,
      "max": 5.66590109632,
      "times": [
        5.50221776732,
        5.59063601332,
        5.54242909332,
        5.54375110632,
        5.66590109632,
        5.528774207320001,
        5.46470468732,
        5.5073120943200005,
        5.53103606132,
        5.45533158032
      ],
      "exit_codes": [
        0,
        0,
        0,
        0,
        0,
        0,
        0,
        0,
        0,
        0
      ],