{
  "results": [
    {
      "command": "3.0.5",
      "mean": 57.45888190451999,
      "stddev": 0.9498563573950959,
      "median": 57.31029631852,
      "user": 92.01415156,
      "system": 3.65088746,
      "min": 55.90214168102,
      "max": 58.76195227202,
      "times": [
        57.458919629019995,
        58.76195227202,
        57.173619105019995,
        56.99375202302,
        55.90214168102,
        56.46791368402,
        57.22168058602,
        58.47846601502,
        57.39891205102,
        58.73146199902
      ],
      "exit_codes": [
        0,
        0,
        0,
        0,
        0,
        0,
        0,
        0,
        0,
        0
      ],
      "parameters": {
        "VERSION": "3.0.5"
      }
    },
    {
      "command": "3.1.1",
      "mean": 109.30127479132003,
      "stddev": 0.5866619145059763,
      "median": 109.26133964302001,
      "user": 356.36916306,
      "system": 12.20755376,
      "min": 108.39603219102,
      "max": 110.07686240102001,
      "times": [
        108.69083985202,
        109.96134198602,
        109.35352272702,
        108.74994363702001,
        109.84513350802,
        109.16915655902001,
        109.04269229602001,
        108.39603219102,
        109.72722275602,
        110.07686240102001
      ],
      "exit_codes": [
        0,
        0,
        0,
        0,
        0,
        0,
        0,
        0,
        0,
        0
      ],
      "parameters": {
        "VERSION": "3.1.1"
      }
    },
    {
      "command": "3.2.5",
      "mean": 110.94604038132002,
      "stddev": 1.0529814608551786,
      "median": 110.62385076452,
      "user": 364.68242896000004,
      "system": 12.508468160000001,
      "min": 109.15300979302,
      "max": 112.39969844802,
      "times": [
        110.71442394002,
        111.24894389002,
        112.39969844802,
        112.21772043302,
        110.40781870002,
        112.20039300402,
        110.31192738202,
        110.27319063402001,
        110.53327758902,
        109.15300979302
      ],
      "exit_codes": [
        0,
        0,
        0,
        0,
        0,
        0,
        0,
        0,
        0,
        0
      ],
      "parameters": {
        "VERSION": "3.2.5"
      }
    },
    {
      "command": "3.3.9",
      "mean": 109.73281920462,
      "stddev": 1.733459266324136,
      "median": 109.87150058451999,
      "user": 363.9123791600001,
      "system": 12.490128459999998,
      "min": 105.88350624602,
      "max": 111.69378478902,
      "times": [
        109.12327546802,
        110.61972570102,
        111.38001076202,
        111.69378478902,
        105.88350624602,
        110.81841099102,
        109.09622568302001,
        108.80735006302001,
        110.94612188002,
        108.95978046302001
      ],
      "exit_codes": [
        0,
        0,
        0,
        0,
        0,
        0,
        0,
        0,
        0,
        0
      ],
      "parameters": {
        "VERSION": "3.3.9"
      }
    },
    {
      "command": "3.5.4",
      "mean": 81.34562998702002,
      "stddev": 0.6828798656341714,
      "median": 81.31718172802,
      "user": 117.05337436000002,
      "system": 8.893394160000001,
      "min": 80.37069496902001,
      "max": 82.20878815402,
      "times": [
        80.56023943302,
        81.93120658702,
        80.87202217702,
        82.20878815402,
        81.91489976902001,
        80.37069496902001,
        81.64250830102,
        80.87263189502,
        82.09145343002001,
        80.99185515502
      ],
      "exit_codes": [
        0,
        0,
        0,
        0,
        0,
        0,
        0,
        0,
        0,
        0
      ],
      "parameters": {
        "VERSION": "3.5.4"
      }
    },
    {
      "command": "3.6.3",
      "mean": 80.89389903682002,
      "stddev": 0.5668138961132174,
      "median": 80.76577535952,
      "user": 118.60805506,
      "system": 8.97832566,
      "min": 80.22597028102001,
      "max": 81.77531891902001,
      "times": [
        80.37578059002,
        80.88188111902001,
        81.77531891902001,
        81.37076197202,
        80.39677415902,
        80.39719823702,
        81.57088130702,
        81.29475418402001,
        80.64966960002,
        80.22597028102001
      ],
      "exit_codes": [
        0,
        0,
        0,
        0,
        0,
        0,
        0,
        0,
        0,
        0
      ],
      "parameters": {
        "VERSION": "3.6.3"
      }
    },
    {
      "command": "3.8.1",
      "mean": 80.77606971042,
      "stddev": 0.6263184451342945,
      "median": 80.54936430052001,
      "user": 119.39183566000001,
      "system": 8.816014460000002,
      "min": 80.03175353302001,
      "max": 81.78376804502001,
      "times": [
        80.43502022102001,
        80.48752713302001,
        80.49008724602001,
        80.03175353302001,
        81.63497898702,
        80.60864135502,
        80.11690760202,
        81.78376804502001,
        80.70700820402,
        81.46500477802
      ],
      "exit_codes": [
        0,
        0,
        0,
        0,
        0,
        0,
        0,
        0,
        0,
        0
      ],
      "parameters": {
        "VERSION": "3.8.1"
      }
    },
    {
      "command": "3.8.2",
      "mean": 76.28498136602,
      "stddev": 0.7020310906220417,
      "median": 76.16641474902,
      "user": 115.11948405999999,
      "system": 3.67106596,
      "min": 75.38307173702,
      "max": 77.28972801502,
      "times": [
        76.48004194902,
        75.85278754902001,
        76.66806839902,
        75.70260078802,
        75.63017330202,
        75.75026967002,
        75.38307173702,
        77.28972801502,
        77.16334284902,
        76.92972940202
      ],
      "exit_codes": [
        0,
        0,
        0,
        0,
        0,
        0,
        0,
        0,
        0,
        0
      ],
      "parameters": {
        "VERSION": "3.8.2"
      }
    },
    {
      "command": "3.8.3",
      "mean": 36.97712464702,
      "stddev": 0.3775025784589274,
      "median": 36.95153182151999,
      "user": 76.12318275999999,
      "system": 3.6412818600000003,
      "min": 36.424043992019996,
      "max": 37.53490168402,
      "times": [
        36.925347539019995,
        37.03893728302,
        37.52607649902,
        36.823983642019996,
        37.270219308019996,
        36.424043992019996,
        36.97771610402,
        36.63887344002,
        37.53490168402,
        36.61114697902
      ],
      "exit_codes": [
        0,
        0,
        0,
        0,
        0,
        0,
        0,
        0,
        0,
        0
      ],
      "parameters": {
        "VERSION": "3.8.3"
      }
    },
    {
      "command": "3.8.4",
      "mean": 37.10471006762,
      "stddev": 0.3270485644104566,
      "median": 37.09583242952,
      "user": 75.47654196,
      "system": 3.6546297599999997,
      "min": 36.65776779502,
      "max": 37.590763580019996,
      "times": [
        37.04077125702,
        37.15812067802,
        36.65776779502,
        36.975210263019996,
        37.15089360202,
        36.88982772502,
        37.590763580019996,
        37.58520675902,
        36.68184978502,
        37.316689232019996
      ],
      "exit_codes": [
        0,
        0,
        0,
        0,
        0,
        0,
        0,
        0,
        0,
        0
      ],
      "parameters": {
        "VERSION": "3.8.4"
      }
    },
    {
      "command": "4.0.0-alpha-1",
      "mean": 40.434924036720005,
      "stddev": 0.5650804152933742,
      "median": 40.21902320101999,
      "user": 80.98213716000001,
      "system": 3.791694559999999,
      "min": 39.826093975019994,
      "max": 41.41879811402,
      "times": [
        40.345996186019995,
        40.77227121902,
        40.766403929019994,
        39.826093975019994,
        40.01770562102,
        41.41879811402,
        40.09205021602,
        39.92408963802,
        41.18497241902,
        40.00085905002
      ],