{
  "results": [
    {
      "command": "3.0.5",
      "mean": 1.03846882246,
      "stddev": 0.016681870661641847,
      "median": 1.03474305966,
      "user": 2.7606179999999996,
      "system": 0.1580557,
      "min": 1.00941449816,
      "max": 1.06523466416,
      "times": [
        1.00941449816,
        1.03122895516,
        1.02808374716,
        1.03588137216,
        1.03949533116,
        1.02882428916,
        1.03360474716,
        1.05401883116,
        1.05890178916,
        1.06523466416
      ],
      "exit_codes": [
        0,
        0,
        0,
        0,
        0,
        0,
        0,
        0,
        0,
        0
      ],
      "parameters": {
        "VERSION": "3.0.5"
      }
    },
    {
      "command": "3.8.8",
      "mean": 1.2309914140600002,
      "stddev": 0.012524276999372422,
      "median": 1.23675718466,
      "user": 3.4836979,
      "system": 0.1789652,
      "min": 1.20536287216,
      "max": 1.24285562216,
      "times": [
        1.22247458116,
        1.23958195516,
        1.23700008116,
        1.23482937216,
        1.24285562216,
        1.21448095616,
        1.23981433116,
        1.23690016416,
        1.23661420516,
        1.20536287216
      ],
      "exit_codes": [
        0,
        0,
        0,
        0,
        0,
        0,
        0,
        0,
        0,
        0
      ],
      "parameters": {
        "VERSION": "3.8.8"
      }
    },
    {
      "command": "3.9.4",
      "mean": 1.4814304557600002,
      "stddev": 0.21819380220879572,
      "median": 1.40272360116,
      "user": 3.9565299999999994,
      "system": 0.22167079999999997,
      "min": 1.36130133116,
      "max": 2.07515553916,
      "times": [
        1.38129816416,
        1.40513674716,
        1.3715951641600002,
        1.40273858016,
        1.3778182891600002,
        1.36130133116,
        2.07515553916,
        1.5806664561600001,
        1.40270862216,
        1.45588566416
      ],
      "exit_codes": [
        0,
        0,
        0,
        0,
        0,
        0,
        0,
        0,
        0,
        0
      ],
      "parameters": {
        "VERSION": "3.9.4"
      }
    },
    {
      "command": "4.0.0-alpha-7",
      "mean": 2.1799021100599996,
      "stddev": 0.12319007809608722,
      "median": 2.13951712216,
      "user": 5.7698447999999996,
      "system": 0.46518859999999995,
      "min": 2.0320665391599997,
      "max": 2.3767440391599997,
      "times": [
        2.1737407471599997,
        2.23565620616,
        2.0912012061599996,
        2.09680487216,
        2.0647757481599998,
        2.35970595616,
        2.3767440391599997,
        2.26303228916,
        2.10529349716,
        2.0320665391599997
      ],
      "exit_codes": [
        0,
        0,
        0,
        0,
        0,
        0,
        0,
        0,
        0,
        0
      ],
      "parameters": {
        "VERSION": "4.0.0-alpha-7"
      }
    }
  ]
}
