{
  "results": [
    {
      "command": "3.0.5",
      "mean": 1.3129038324800002,
      "stddev": 0.02433249204842417,
      "median": 1.30637390928,
      "user": 5.78505466,
      "system": 0.29976359999999996,
      "min": 1.2883472522800001,
      "max": 1.37070506128,
      "times": [
        1.2883472522800001,
        1.31611923028,
        1.30675232228,
        1.32685025228,
        1.29256805328,
        1.29908391628,
        1.30599549628,
        1.29574252228,
        1.32687421828,
        1.37070506128
      ],
      "exit_codes": [
        0,
        0,
        0,
        0,
        0,
        0,
        0,
        0,
        0,
        0
      ],
      "parameters": {
        "VERSION": "3.0.5"
      }
    },
    {
      "command": "3.1.1",
      "mean": 1.35491577398,
      "stddev": 0.04891553332177838,
      "median": 1.34395614528,
      "user": 5.70595876,
      "system": 0.31014869999999994,
      "min": 1.27576842228,
      "max": 1.45172835928,
      "times": [
        1.32553895928,
        1.39780371028,
        1.34216242028,
        1.27576842228,
        1.36290980528,
        1.34511511528,
        1.45172835928,
        1.38951543728,
        1.34279717528,
        1.3158183352800001
      ],
      "exit_codes": [
        0,
        0,
        0,
        0,
        0,
        0,
        0,
        0,
        0,
        0
      ],
      "parameters": {
        "VERSION": "3.1.1"
      }
    },
    {
      "command": "3.2.5",
      "mean": 1.45758808658,
      "stddev": 0.028250080859156205,
      "median": 1.46031793678,
      "user": 6.83080986,
      "system": 0.36640409999999995,
      "min": 1.41721004128,
      "max": 1.50332446928,
      "times": [
        1.42163228328,
        1.41721004128,
        1.47134602728,
        1.43823966328,
        1.48591272028,
        1.50332446928,
        1.44928984628,
        1.47211458228,
        1.44227433128,
        1.47453690128
      ],
      "exit_codes": [
        0,
        0,
        0,
        0,
        0,
        0,
        0,
        0,
        0,
        0
      ],
      "parameters": {
        "VERSION": "3.2.5"
      }
    },
    {
      "command": "3.3.9",
      "mean": 1.51697831718,
      "stddev": 0.05137694364171813,
      "median": 1.5078210997800001,
      "user": 6.42489186,
      "system": 0.3393287,
      "min": 1.44697830228,
      "max": 1.63518334028,
      "times": [
        1.50540508728,
        1.55629794828,
        1.50924995428,
        1.52299046228,
        1.48824208628,
        1.47158671428,
        1.63518334028,
        1.50639224528,
        1.52745703128,
        1.44697830228
      ],
      "exit_codes": [
        0,
        0,
        0,
        0,
        0,
        0,
        0,
        0,
        0,
        0
      ],
      "parameters": {
        "VERSION": "3.3.9"
      }
    },
    {
      "command": "3.5.4",
      "mean": 1.5511915997799999,
      "stddev": 0.025245299503723853,
      "median": 1.55981244578,
      "user": 6.520477159999999,
      "system": 0.38753989999999994,
      "min": 1.52022568628,
      "max": 1.58702595628,
      "times": [
        1.5619286702800002,
        1.53356933928,
        1.52022568628,
        1.55769622128,
        1.52058138128,
        1.5212644662800001,
        1.5682137602800001,
        1.56231299728,
        1.58702595628,
        1.57909751928
      ],
      "exit_codes": [
        0,
        0,
        0,
        0,
        0,
        0,
        0,
        0,
        0,
        0
      ],
      "parameters": {
        "VERSION": "3.5.4"
      }
    },
    {
      "command": "3.6.3",
      "mean": 1.53119755238,
      "stddev": 0.04348349593261105,
      "median": 1.52094197078,
      "user": 6.154360859999999,
      "system": 0.38685889999999995,
      "min": 1.45156685428,
      "max": 1.6009511462800001,
      "times": [
        1.55109740628,
        1.5166049642800001,
        1.51927372928,
        1.52261021228,
        1.5154524152800002,
        1.5343123652800001,
        1.6009511462800001,
        1.5948704362800001,
        1.45156685428,
        1.50523599428
      ],
      "exit_codes": [
        0,
        0,
        0,
        0,
        0,
        0,
        0,
        0,
        0,
        0
      ],
      "parameters": {
        "VERSION": "3.6.3"
      }
    },
    {
      "command": "3.8.1",
      "mean": 1.51946297258,
      "stddev": 0.02220250560891706,
      "median": 1.52314013428,
      "user": 6.18075226,
      "system": 0.3608534,
      "min": 1.48518855628,
      "max": 1.55729714928,
      "times": [
        1.55729714928,
        1.53700477328,
        1.52677564928,
        1.52038445928,
        1.48518855628,
        1.50038268928,
        1.49733422028,
        1.50547330328,
        1.52589580928,
        1.53889311628
      ],
      "exit_codes": [
        0,
        0,
        0,
        0,
        0,
        0,
        0,
        0,
        0,
        0
      ],
      "parameters": {
        "VERSION": "3.8.1"
      }
    },
    {
      "command": "3.8.2",
      "mean": 1.5275799297800001,
      "stddev": 0.049944296688610675,
      "median": 1.51752383428,
      "user": 5.85717506,
      "system": 0.35201829999999995,
      "min": 1.45885416028,
      "max": 1.61780288328,
      "times": [
        1.4803452212800001,
        1.5131195722800002,
        1.59880743428,
        1.45885416028,
        1.52813690428,
        1.61780288328,
        1.49192705528,
        1.55175839828,
        1.52022744828,
        1.51482022028
      ],
      "exit_codes": [
        0,
        0,
        0,
        0,
        0,
        0,
        0,
        0,
        0,
        0
      ],
      "parameters": {
        "VERSION": "3.8.2"
      }
    },
    {
      "command": "3.8.3",
      "mean": 1.48597050928,
      "stddev": 0.03496659219752333,
      "median": 1.49731280378,
      "user": 5.8311705599999994,
      "system": 0.3571491,
      "min": 1.42354525628,
      "max": 1.5257887802799999,
      "times": [
        1.51643363528,
        1.50549369128,
        1.42354525628,
        1.49818023728,
        1.47552296528,
        1.49436391028,
        1.5257887802799999,
        1.49717451528,
        1.4974510922800002,
        1.42575100928
      ],
      "exit_codes": [
        0,
        0,
        0,
        0,
        0,
        0,
        0,
        0,
        0,
        0
      ],
      "parameters": {
        "VERSION": "3.8.3"
      }
    },
    {
      "command": "3.8.4",
      "mean": 1.4823838586799998,
      "stddev": 0.022884414600573742,
      "median": 1.4812484647800002,
      "user": 5.84745506,
      "system": 0.3361239,
      "min": 1.44729073428,
      "max": 1.52977187428,
      "times": [
        1.48446457428,
        1.47514767028,
        1.52977187428,
        1.48670369728,
        1.50621674928,
        1.44729073428,
        1.46182385128,
        1.48371621228,
        1.46992250628,
        1.47878071728
      ],
      "exit_codes": [
        0,
        0,
        0,
        0,
        0,
        0,
        0,
        0,
        0,
        0
      ],
      "parameters": {
        "VERSION": "3.8.4"
      }
    },
    {
      "command": "4.0.0-alpha-1",
      "mean": 1.69590408018,
      "stddev": 0.03527841159798652,
      "median": 1.68322893978,
      "user": 6.441850359999999,
      "system": 0.37895949999999995,
      "min": 1.64644217028,
      "max": 1.7504540532800001,
      "times": [
        1.64644217028,
        1.7504540532800001,
        1.7281769392800002,
        1.67811224628,
        1.68019662028,
        1.71296261128,
        1.68626125928,
        1.6696383802800001,
        1.74205001228,
        1.66474650928
      ],
      "exit_codes": [
        0,
        0,
        0,
        0,
        0,
        0,
        0,
        0,
        0,
        0
      ],
      "parameters": {
        "VERSION": "4.0.0-alpha-1"
      }
    }
  ]
}
